Sample_Key	MD5_R1	File_R1	MD5_R2	File_R2
YF-4364-RE027-1A1-2-pool_S2_L001	dea28401943d65f434c65bf35ed8ab34	20260217_LH00217_0327_B23JJFLLT4	Sample_YF-4364-RE027-1A1-2-pool	YF-4364-RE027-1A1-2-pool_S2_L001_R1_001.fastq.gz	5aa288f8c6167ce771071175b3e822a6	20260217_LH00217_0327_B23JJFLLT4	Sample_YF-4364-RE027-1A1-2-pool	YF-4364-RE027-1A1-2-pool_S2_L001_R2_001.fastq.gz
YF-4364-RE034-2A_S9_L001	0d344ee6986345956e8957cf859d00d3	20260217_LH00217_0327_B23JJFLLT4	Sample_YF-4364-RE034-2A	YF-4364-RE034-2A_S9_L001_R1_001.fastq.gz	203fc00bad220bdeff8731a16fd32b43	20260217_LH00217_0327_B23JJFLLT4	Sample_YF-4364-RE034-2A	YF-4364-RE034-2A_S9_L001_R2_001.fastq.gz
YF-4364-RE067-1A_S41_L001	f180b267c6999906b47601b8af504b36	20260217_LH00217_0327_B23JJFLLT4	Sample_YF-4364-RE067-1A	YF-4364-RE067-1A_S41_L001_R1_001.fastq.gz	4317acf90aa975012b4c5c2167d4ca25	20260217_LH00217_0327_B23JJFLLT4	Sample_YF-4364-RE067-1A	YF-4364-RE067-1A_S41_L001_R2_001.fastq.gz
YF-4364-RE044-1A_S64_L002	2e8c2a481ff0c32b39f9bcaed3e2f56d	20260217_LH00217_0327_B23JJFLLT4	Sample_YF-4364-RE044-1A_1	YF-4364-RE044-1A_S64_L002_R1_001.fastq.gz	236c53740f02fd069ba3cab7cefbf64c	20260217_LH00217_0327_B23JJFLLT4	Sample_YF-4364-RE044-1A_1	YF-4364-RE044-1A_S64_L002_R2_001.fastq.gz
YF-4364-RE037-1A1-2-pool_S57_L002	14bf043937ce9af87e43e077d5bdc2b3	20260217_LH00217_0327_B23JJFLLT4	Sample_YF-4364-RE037-1A1-2-pool_1	YF-4364-RE037-1A1-2-pool_S57_L002_R1_001.fastq.gz	85a759eaa23d75bf44e9c1d0bc087cac	20260217_LH00217_0327_B23JJFLLT4	Sample_YF-4364-RE037-1A1-2-pool_1	YF-4364-RE037-1A1-2-pool_S57_L002_R2_001.fastq.gz
YF-4364-RE033-2A_S8_L001	909f11606a6c7ce0173fb461168c866f	20260217_LH00217_0327_B23JJFLLT4	Sample_YF-4364-RE033-2A	YF-4364-RE033-2A_S8_L001_R1_001.fastq.gz	090c30fed79b6490b29537843b6a4416	20260217_LH00217_0327_B23JJFLLT4	Sample_YF-4364-RE033-2A	YF-4364-RE033-2A_S8_L001_R2_001.fastq.gz
YF-4364-RE044-1A_S19_L001	18d8c8c410ef666ee7d87df76a167bc8	20260217_LH00217_0327_B23JJFLLT4	Sample_YF-4364-RE044-1A	YF-4364-RE044-1A_S19_L001_R1_001.fastq.gz	2a5be85655ca1d75d20eb07a0b7f16ee	20260217_LH00217_0327_B23JJFLLT4	Sample_YF-4364-RE044-1A	YF-4364-RE044-1A_S19_L001_R2_001.fastq.gz
YF-4364-RE040-1A_S60_L002	063aecff75145e60d4ed67aa044183c7	20260217_LH00217_0327_B23JJFLLT4	Sample_YF-4364-RE040-1A_1	YF-4364-RE040-1A_S60_L002_R1_001.fastq.gz	216ad994e63ad8a5ed875b3d87a40769	20260217_LH00217_0327_B23JJFLLT4	Sample_YF-4364-RE040-1A_1	YF-4364-RE040-1A_S60_L002_R2_001.fastq.gz
YF-4364-RE057-1A_S77_L002	425c643030da90060b1043facf62c4bf	20260217_LH00217_0327_B23JJFLLT4	Sample_YF-4364-RE057-1A_1	YF-4364-RE057-1A_S77_L002_R1_001.fastq.gz	23dcec2a4017fbd3d88c4cf800e6115a	20260217_LH00217_0327_B23JJFLLT4	Sample_YF-4364-RE057-1A_1	YF-4364-RE057-1A_S77_L002_R2_001.fastq.gz
YF-4364-RE055-1A_S75_L002	2614a9bfc609d32649cbbe137e7ebc5c	20260217_LH00217_0327_B23JJFLLT4	Sample_YF-4364-RE055-1A_1	YF-4364-RE055-1A_S75_L002_R1_001.fastq.gz	bb5da565232427be8c71f8120e558a3e	20260217_LH00217_0327_B23JJFLLT4	Sample_YF-4364-RE055-1A_1	YF-4364-RE055-1A_S75_L002_R2_001.fastq.gz
YF-4364-RE030-1A_S50_L002	50bd1877e05b53cb1a7855f2ec352fe9	20260217_LH00217_0327_B23JJFLLT4	Sample_YF-4364-RE030-1A_1	YF-4364-RE030-1A_S50_L002_R1_001.fastq.gz	c19b94b064d33a1c392e0f49cc17e34b	20260217_LH00217_0327_B23JJFLLT4	Sample_YF-4364-RE030-1A_1	YF-4364-RE030-1A_S50_L002_R2_001.fastq.gz
YF-4364-RE050-1A_S25_L001	a2fba7ee5946a0a89839bcfb4f2a201a	20260217_LH00217_0327_B23JJFLLT4	Sample_YF-4364-RE050-1A	YF-4364-RE050-1A_S25_L001_R1_001.fastq.gz	f4a79dcafe68a482c8b8d4d31562f96b	20260217_LH00217_0327_B23JJFLLT4	Sample_YF-4364-RE050-1A	YF-4364-RE050-1A_S25_L001_R2_001.fastq.gz
YF-4364-RE029-1A_S4_L001	3f2be2bffdc65e1870bd16f371ad0c16	20260217_LH00217_0327_B23JJFLLT4	Sample_YF-4364-RE029-1A	YF-4364-RE029-1A_S4_L001_R1_001.fastq.gz	8d53f8596c63e20cc9cba374399cdf24	20260217_LH00217_0327_B23JJFLLT4	Sample_YF-4364-RE029-1A	YF-4364-RE029-1A_S4_L001_R2_001.fastq.gz
YF-4364-RE028-1A_S3_L001	90df0cd62d392008e0d92986b6f1bfed	20260217_LH00217_0327_B23JJFLLT4	Sample_YF-4364-RE028-1A	YF-4364-RE028-1A_S3_L001_R1_001.fastq.gz	55996089a8080abaf51967e727d37e83	20260217_LH00217_0327_B23JJFLLT4	Sample_YF-4364-RE028-1A	YF-4364-RE028-1A_S3_L001_R2_001.fastq.gz
YF-4364-RE054-2A_S29_L001	d1aed9d7a2bf4f4f4249affa4adf53ea	20260217_LH00217_0327_B23JJFLLT4	Sample_YF-4364-RE054-2A	YF-4364-RE054-2A_S29_L001_R1_001.fastq.gz	f8c15aef94bf06988dda868d6735d38a	20260217_LH00217_0327_B23JJFLLT4	Sample_YF-4364-RE054-2A	YF-4364-RE054-2A_S29_L001_R2_001.fastq.gz
YF-4364-RE051-1A_S71_L002	e282930a07bc4c46818f753a0b5aa80c	20260217_LH00217_0327_B23JJFLLT4	Sample_YF-4364-RE051-1A_1	YF-4364-RE051-1A_S71_L002_R1_001.fastq.gz	aa7169961fe9276ad8777ce46f80a822	20260217_LH00217_0327_B23JJFLLT4	Sample_YF-4364-RE051-1A_1	YF-4364-RE051-1A_S71_L002_R2_001.fastq.gz
YF-4364-RE053-1A_S28_L001	23a38721caa307cab220281738eeabc4	20260217_LH00217_0327_B23JJFLLT4	Sample_YF-4364-RE053-1A	YF-4364-RE053-1A_S28_L001_R1_001.fastq.gz	785ce275bd7fd4ef4dfd96a9f097f80d	20260217_LH00217_0327_B23JJFLLT4	Sample_YF-4364-RE053-1A	YF-4364-RE053-1A_S28_L001_R2_001.fastq.gz
YF-4364-RE049-1A_S24_L001	1de64383ac95928964c796847c0221f7	20260217_LH00217_0327_B23JJFLLT4	Sample_YF-4364-RE049-1A	YF-4364-RE049-1A_S24_L001_R1_001.fastq.gz	1682b230215ee9883d0520c401712789	20260217_LH00217_0327_B23JJFLLT4	Sample_YF-4364-RE049-1A	YF-4364-RE049-1A_S24_L001_R2_001.fastq.gz
YF-4364-RE059-1A_S34_L001	59fc0967c1486f5a101f9d344d5be97f	20260217_LH00217_0327_B23JJFLLT4	Sample_YF-4364-RE059-1A	YF-4364-RE059-1A_S34_L001_R1_001.fastq.gz	76e8a92d6fe0d527d15b5f06a4ceb633	20260217_LH00217_0327_B23JJFLLT4	Sample_YF-4364-RE059-1A	YF-4364-RE059-1A_S34_L001_R2_001.fastq.gz
YF-4364-RE046-1A_S66_L002	cb79fc3c395b6c47fa7d424e746fdc55	20260217_LH00217_0327_B23JJFLLT4	Sample_YF-4364-RE046-1A_1	YF-4364-RE046-1A_S66_L002_R1_001.fastq.gz	613e1dc8f4f7b60bca5ae4ac954cfe7a	20260217_LH00217_0327_B23JJFLLT4	Sample_YF-4364-RE046-1A_1	YF-4364-RE046-1A_S66_L002_R2_001.fastq.gz
YF-4364-RE036-1A_S11_L001	f6fbde33170a44ba169596404e50261b	20260217_LH00217_0327_B23JJFLLT4	Sample_YF-4364-RE036-1A	YF-4364-RE036-1A_S11_L001_R1_001.fastq.gz	454c79f57941c23d08644df5d0b90fa8	20260217_LH00217_0327_B23JJFLLT4	Sample_YF-4364-RE036-1A	YF-4364-RE036-1A_S11_L001_R2_001.fastq.gz
YF-4364-RE042-1A2-4-pool_S62_L002	b4f20e0827387172cbf072fe35faa070	20260217_LH00217_0327_B23JJFLLT4	Sample_YF-4364-RE042-1A2-4-pool_1	YF-4364-RE042-1A2-4-pool_S62_L002_R1_001.fastq.gz	135256b718192f25c31df41f7a83a308	20260217_LH00217_0327_B23JJFLLT4	Sample_YF-4364-RE042-1A2-4-pool_1	YF-4364-RE042-1A2-4-pool_S62_L002_R2_001.fastq.gz
YF-4364-RE039-1A_S14_L001	fc8c0119ed19f85424592b35a9a4dabc	20260217_LH00217_0327_B23JJFLLT4	Sample_YF-4364-RE039-1A	YF-4364-RE039-1A_S14_L001_R1_001.fastq.gz	3a51e341c952108b554e5806d507746f	20260217_LH00217_0327_B23JJFLLT4	Sample_YF-4364-RE039-1A	YF-4364-RE039-1A_S14_L001_R2_001.fastq.gz
YF-4364-RE045-1A_S65_L002	5a98d3a1a66d06cb0c9500d0caebe6ff	20260217_LH00217_0327_B23JJFLLT4	Sample_YF-4364-RE045-1A_1	YF-4364-RE045-1A_S65_L002_R1_001.fastq.gz	6406d61978dc7c660b83994dc2f2d1ce	20260217_LH00217_0327_B23JJFLLT4	Sample_YF-4364-RE045-1A_1	YF-4364-RE045-1A_S65_L002_R2_001.fastq.gz
YF-4364-RE031-1A_S51_L002	9146ffecea5e881ab19e0807388f6fd3	20260217_LH00217_0327_B23JJFLLT4	Sample_YF-4364-RE031-1A_1	YF-4364-RE031-1A_S51_L002_R1_001.fastq.gz	d755335c34945e94e95abcd9e78fad48	20260217_LH00217_0327_B23JJFLLT4	Sample_YF-4364-RE031-1A_1	YF-4364-RE031-1A_S51_L002_R2_001.fastq.gz
YF-4364-RE069-1A_S88_L002	7f4e388b6ddd53385ecbb49d1851f0f9	20260217_LH00217_0327_B23JJFLLT4	Sample_YF-4364-RE069-1A_1	YF-4364-RE069-1A_S88_L002_R1_001.fastq.gz	ed7f69af42ac23d2dcb781885ed54295	20260217_LH00217_0327_B23JJFLLT4	Sample_YF-4364-RE069-1A_1	YF-4364-RE069-1A_S88_L002_R2_001.fastq.gz
YF-4364-RE047-1A_S67_L002	b2bc62d370b1aedc0885d96ef1fbf789	20260217_LH00217_0327_B23JJFLLT4	Sample_YF-4364-RE047-1A_1	YF-4364-RE047-1A_S67_L002_R1_001.fastq.gz	26312474af37b71ec1c683a97beb021a	20260217_LH00217_0327_B23JJFLLT4	Sample_YF-4364-RE047-1A_1	YF-4364-RE047-1A_S67_L002_R2_001.fastq.gz
YF-4364-RE052-1A_S72_L002	fd157e9e7d3a31c06e9d484127bed0d2	20260217_LH00217_0327_B23JJFLLT4	Sample_YF-4364-RE052-1A_1	YF-4364-RE052-1A_S72_L002_R1_001.fastq.gz	be5d7ca24e1b3bb5e1166a465dd4efc3	20260217_LH00217_0327_B23JJFLLT4	Sample_YF-4364-RE052-1A_1	YF-4364-RE052-1A_S72_L002_R2_001.fastq.gz
YF-4364-RE029-1A_S49_L002	78e62b401c6022d87fcdc0fef90c0921	20260217_LH00217_0327_B23JJFLLT4	Sample_YF-4364-RE029-1A_1	YF-4364-RE029-1A_S49_L002_R1_001.fastq.gz	5588f38318416127351346f2504334ec	20260217_LH00217_0327_B23JJFLLT4	Sample_YF-4364-RE029-1A_1	YF-4364-RE029-1A_S49_L002_R2_001.fastq.gz
YF-4364-RE056-1A_S76_L002	12faa4c76b69c8a18c4c043ec68efd83	20260217_LH00217_0327_B23JJFLLT4	Sample_YF-4364-RE056-1A_1	YF-4364-RE056-1A_S76_L002_R1_001.fastq.gz	dc06ddaf2a9f2cd42471da62a7453b0a	20260217_LH00217_0327_B23JJFLLT4	Sample_YF-4364-RE056-1A_1	YF-4364-RE056-1A_S76_L002_R2_001.fastq.gz
YF-4364-RE040-1A_S15_L001	b8a4ec439e33c4d14a8b4a3f3bdd5816	20260217_LH00217_0327_B23JJFLLT4	Sample_YF-4364-RE040-1A	YF-4364-RE040-1A_S15_L001_R1_001.fastq.gz	c594c24a58c224d266e606bbed132044	20260217_LH00217_0327_B23JJFLLT4	Sample_YF-4364-RE040-1A	YF-4364-RE040-1A_S15_L001_R2_001.fastq.gz
YF-4364-RE060-1A_S80_L002	24cfbcdfecb66df2004a25c556fa3510	20260217_LH00217_0327_B23JJFLLT4	Sample_YF-4364-RE060-1A_1	YF-4364-RE060-1A_S80_L002_R1_001.fastq.gz	38e3e97e2271a4331d03ca5c4c268c3f	20260217_LH00217_0327_B23JJFLLT4	Sample_YF-4364-RE060-1A_1	YF-4364-RE060-1A_S80_L002_R2_001.fastq.gz
YF-4364-RE026-1A_S1_L001	3b0517984a40cc44f395ad6c13840f29	20260217_LH00217_0327_B23JJFLLT4	Sample_YF-4364-RE026-1A	YF-4364-RE026-1A_S1_L001_R1_001.fastq.gz	6ad8251a87bbed98665f5d1641434740	20260217_LH00217_0327_B23JJFLLT4	Sample_YF-4364-RE026-1A	YF-4364-RE026-1A_S1_L001_R2_001.fastq.gz
YF-4364-RE049-1A_S69_L002	1547f4d90e5b92b7c05c1e835991cf9b	20260217_LH00217_0327_B23JJFLLT4	Sample_YF-4364-RE049-1A_1	YF-4364-RE049-1A_S69_L002_R1_001.fastq.gz	089603d58a2ca9f3f894a1ba177ecdcc	20260217_LH00217_0327_B23JJFLLT4	Sample_YF-4364-RE049-1A_1	YF-4364-RE049-1A_S69_L002_R2_001.fastq.gz
YF-4364-RE027-1A1-2-pool_S47_L002	85b8fd624a9046a48bf5bbd8c3ee8207	20260217_LH00217_0327_B23JJFLLT4	Sample_YF-4364-RE027-1A1-2-pool_1	YF-4364-RE027-1A1-2-pool_S47_L002_R1_001.fastq.gz	8653578316a6448709665aad08df6aa2	20260217_LH00217_0327_B23JJFLLT4	Sample_YF-4364-RE027-1A1-2-pool_1	YF-4364-RE027-1A1-2-pool_S47_L002_R2_001.fastq.gz
YF-4364-RE051-1A_S26_L001	e32ed6b1eddb135531df6d88e84b002f	20260217_LH00217_0327_B23JJFLLT4	Sample_YF-4364-RE051-1A	YF-4364-RE051-1A_S26_L001_R1_001.fastq.gz	119c18d2e09a27daba245e37c2ba62c6	20260217_LH00217_0327_B23JJFLLT4	Sample_YF-4364-RE051-1A	YF-4364-RE051-1A_S26_L001_R2_001.fastq.gz
YF-4364-RE067-1A_S86_L002	b9ff797fa5458464ceb342533cb85cc4	20260217_LH00217_0327_B23JJFLLT4	Sample_YF-4364-RE067-1A_1	YF-4364-RE067-1A_S86_L002_R1_001.fastq.gz	27ac9b3ebdc46ec6d84a84591cdbd2dd	20260217_LH00217_0327_B23JJFLLT4	Sample_YF-4364-RE067-1A_1	YF-4364-RE067-1A_S86_L002_R2_001.fastq.gz
YF-4364-RE041-2A_S61_L002	c9fd8cdcd6b94e91093496e32a2ea5a3	20260217_LH00217_0327_B23JJFLLT4	Sample_YF-4364-RE041-2A_1	YF-4364-RE041-2A_S61_L002_R1_001.fastq.gz	fa8023a876649865b0d711c0a75a6f84	20260217_LH00217_0327_B23JJFLLT4	Sample_YF-4364-RE041-2A_1	YF-4364-RE041-2A_S61_L002_R2_001.fastq.gz
YF-4364-RE061-1A_S81_L002	5e41fc0a5757542f45202c3199291e60	20260217_LH00217_0327_B23JJFLLT4	Sample_YF-4364-RE061-1A_1	YF-4364-RE061-1A_S81_L002_R1_001.fastq.gz	b140963f243bd96c8ff17cb6201319c2	20260217_LH00217_0327_B23JJFLLT4	Sample_YF-4364-RE061-1A_1	YF-4364-RE061-1A_S81_L002_R2_001.fastq.gz
YF-4364-RE035-1A_S55_L002	f0d3008501ed13d6114bcede70418487	20260217_LH00217_0327_B23JJFLLT4	Sample_YF-4364-RE035-1A_1	YF-4364-RE035-1A_S55_L002_R1_001.fastq.gz	b1d5b47c0f8fa8fab511d6d06a97b548	20260217_LH00217_0327_B23JJFLLT4	Sample_YF-4364-RE035-1A_1	YF-4364-RE035-1A_S55_L002_R2_001.fastq.gz
YF-4364-RE037-1A1-2-pool_S12_L001	1435c7c180bcbe3f4cf8f0886a8b8e62	20260217_LH00217_0327_B23JJFLLT4	Sample_YF-4364-RE037-1A1-2-pool	YF-4364-RE037-1A1-2-pool_S12_L001_R1_001.fastq.gz	c2fbc43205b879c800355c68bf3b8d91	20260217_LH00217_0327_B23JJFLLT4	Sample_YF-4364-RE037-1A1-2-pool	YF-4364-RE037-1A1-2-pool_S12_L001_R2_001.fastq.gz
YF-4364-RE060-1A_S35_L001	ba9786c0639668c97844bd443ac90cb0	20260217_LH00217_0327_B23JJFLLT4	Sample_YF-4364-RE060-1A	YF-4364-RE060-1A_S35_L001_R1_001.fastq.gz	dd51d814b48bc1c5d2b76c4aa989c3e6	20260217_LH00217_0327_B23JJFLLT4	Sample_YF-4364-RE060-1A	YF-4364-RE060-1A_S35_L001_R2_001.fastq.gz
YF-4364-RE035-1A_S10_L001	2c6b213ced8a649b9249fb8ee1e64d37	20260217_LH00217_0327_B23JJFLLT4	Sample_YF-4364-RE035-1A	YF-4364-RE035-1A_S10_L001_R1_001.fastq.gz	23ceffbbb28f910dc3c7c016e7b1b4c2	20260217_LH00217_0327_B23JJFLLT4	Sample_YF-4364-RE035-1A	YF-4364-RE035-1A_S10_L001_R2_001.fastq.gz
YF-4364-RE061-1A_S36_L001	e37c3b4b167c16dc2c2858ef239b598a	20260217_LH00217_0327_B23JJFLLT4	Sample_YF-4364-RE061-1A	YF-4364-RE061-1A_S36_L001_R1_001.fastq.gz	dc4e68760508d49372a15aeca0c8ed3b	20260217_LH00217_0327_B23JJFLLT4	Sample_YF-4364-RE061-1A	YF-4364-RE061-1A_S36_L001_R2_001.fastq.gz
YF-4364-RE065-1A_S84_L002	6ab1955b3ace53c81dfeef91b2b4393a	20260217_LH00217_0327_B23JJFLLT4	Sample_YF-4364-RE065-1A_1	YF-4364-RE065-1A_S84_L002_R1_001.fastq.gz	d10146b7f7b9682d54b11fb26e3240ea	20260217_LH00217_0327_B23JJFLLT4	Sample_YF-4364-RE065-1A_1	YF-4364-RE065-1A_S84_L002_R2_001.fastq.gz
YF-4364-RE046-1A_S21_L001	bcaab0e7897d6b388c80c598ecee99ca	20260217_LH00217_0327_B23JJFLLT4	Sample_YF-4364-RE046-1A	YF-4364-RE046-1A_S21_L001_R1_001.fastq.gz	2ecc6305c1fd37df31b141483d7dafc9	20260217_LH00217_0327_B23JJFLLT4	Sample_YF-4364-RE046-1A	YF-4364-RE046-1A_S21_L001_R2_001.fastq.gz
YF-4364-RE030-1A_S5_L001	22ceeb42f085facd08de7686b3b42f38	20260217_LH00217_0327_B23JJFLLT4	Sample_YF-4364-RE030-1A	YF-4364-RE030-1A_S5_L001_R1_001.fastq.gz	eee849c3db6c2e8212451b49e75dc128	20260217_LH00217_0327_B23JJFLLT4	Sample_YF-4364-RE030-1A	YF-4364-RE030-1A_S5_L001_R2_001.fastq.gz
YF-4364-RE033-2A_S53_L002	9652c8655a8acb281e9452cabc8162d0	20260217_LH00217_0327_B23JJFLLT4	Sample_YF-4364-RE033-2A_1	YF-4364-RE033-2A_S53_L002_R1_001.fastq.gz	4f6fe937914ba9b49012934999b63fc4	20260217_LH00217_0327_B23JJFLLT4	Sample_YF-4364-RE033-2A_1	YF-4364-RE033-2A_S53_L002_R2_001.fastq.gz
YF-4364-RE068-2A_S87_L002	e6874440bbeafcb22e01b170dd54105d	20260217_LH00217_0327_B23JJFLLT4	Sample_YF-4364-RE068-2A_1	YF-4364-RE068-2A_S87_L002_R1_001.fastq.gz	0c563999ad54c08db55f7951bf88d12e	20260217_LH00217_0327_B23JJFLLT4	Sample_YF-4364-RE068-2A_1	YF-4364-RE068-2A_S87_L002_R2_001.fastq.gz
YF-4364-RE038-1A_S13_L001	ebc6709ca30f2203540b3f61bc488596	20260217_LH00217_0327_B23JJFLLT4	Sample_YF-4364-RE038-1A	YF-4364-RE038-1A_S13_L001_R1_001.fastq.gz	dc27db1f796f09f61aa0fb7de3897473	20260217_LH00217_0327_B23JJFLLT4	Sample_YF-4364-RE038-1A	YF-4364-RE038-1A_S13_L001_R2_001.fastq.gz
YF-4364-RE066-1A1-2-pool_S85_L002	105cfb8f7e8d52e58d0844f686db020f	20260217_LH00217_0327_B23JJFLLT4	Sample_YF-4364-RE066-1A1-2-pool_1	YF-4364-RE066-1A1-2-pool_S85_L002_R1_001.fastq.gz	174c68e9887e3f77b891567f6ecf945f	20260217_LH00217_0327_B23JJFLLT4	Sample_YF-4364-RE066-1A1-2-pool_1	YF-4364-RE066-1A1-2-pool_S85_L002_R2_001.fastq.gz
YF-4364-RE043-1A_S63_L002	f43977d67f0a493bf011b71e2cfb57e8	20260217_LH00217_0327_B23JJFLLT4	Sample_YF-4364-RE043-1A_1	YF-4364-RE043-1A_S63_L002_R1_001.fastq.gz	39da7c23410c3e4b7f286c515a752807	20260217_LH00217_0327_B23JJFLLT4	Sample_YF-4364-RE043-1A_1	YF-4364-RE043-1A_S63_L002_R2_001.fastq.gz
YF-4364-RE034-2A_S54_L002	0f8158fec853dd168cbd8112783ed48f	20260217_LH00217_0327_B23JJFLLT4	Sample_YF-4364-RE034-2A_1	YF-4364-RE034-2A_S54_L002_R1_001.fastq.gz	6a21d8620583c11aeb574731afa649b2	20260217_LH00217_0327_B23JJFLLT4	Sample_YF-4364-RE034-2A_1	YF-4364-RE034-2A_S54_L002_R2_001.fastq.gz
YF-4364-RE047-1A_S22_L001	7cfa0ba3643895de216564b5b3f113ef	20260217_LH00217_0327_B23JJFLLT4	Sample_YF-4364-RE047-1A	YF-4364-RE047-1A_S22_L001_R1_001.fastq.gz	5916616eff5b667818f937009581bcfd	20260217_LH00217_0327_B23JJFLLT4	Sample_YF-4364-RE047-1A	YF-4364-RE047-1A_S22_L001_R2_001.fastq.gz
YF-4364-RE055-1A_S30_L001	38c98a6dec51095ab02aedb36f5ba4de	20260217_LH00217_0327_B23JJFLLT4	Sample_YF-4364-RE055-1A	YF-4364-RE055-1A_S30_L001_R1_001.fastq.gz	b5ec3f1276e3b18496b9ffd66c79ae49	20260217_LH00217_0327_B23JJFLLT4	Sample_YF-4364-RE055-1A	YF-4364-RE055-1A_S30_L001_R2_001.fastq.gz
YF-4364-RE042-1A2-4-pool_S17_L001	c05d2a21c5dcd856800b4e0e3518aa37	20260217_LH00217_0327_B23JJFLLT4	Sample_YF-4364-RE042-1A2-4-pool	YF-4364-RE042-1A2-4-pool_S17_L001_R1_001.fastq.gz	e0c0cd04529337f886811e6cb58f56d4	20260217_LH00217_0327_B23JJFLLT4	Sample_YF-4364-RE042-1A2-4-pool	YF-4364-RE042-1A2-4-pool_S17_L001_R2_001.fastq.gz
YF-4364-RE039-1A_S59_L002	4a3ed2413c70dd518cce0f44501cf737	20260217_LH00217_0327_B23JJFLLT4	Sample_YF-4364-RE039-1A_1	YF-4364-RE039-1A_S59_L002_R1_001.fastq.gz	7187c95be8e4a5b80f9123f4b1bccb8a	20260217_LH00217_0327_B23JJFLLT4	Sample_YF-4364-RE039-1A_1	YF-4364-RE039-1A_S59_L002_R2_001.fastq.gz
YF-4364-RE054-2A_S74_L002	e7a9c6f391362e9af66b8b965cc2d931	20260217_LH00217_0327_B23JJFLLT4	Sample_YF-4364-RE054-2A_1	YF-4364-RE054-2A_S74_L002_R1_001.fastq.gz	0f410c50d2224413b5ff43b587173533	20260217_LH00217_0327_B23JJFLLT4	Sample_YF-4364-RE054-2A_1	YF-4364-RE054-2A_S74_L002_R2_001.fastq.gz
YF-4364-RE068-2A_S42_L001	3ff058bdbbb7273b2dec6f12558e93a0	20260217_LH00217_0327_B23JJFLLT4	Sample_YF-4364-RE068-2A	YF-4364-RE068-2A_S42_L001_R1_001.fastq.gz	9f2ba5b4d56205a1a89529269594f27b	20260217_LH00217_0327_B23JJFLLT4	Sample_YF-4364-RE068-2A	YF-4364-RE068-2A_S42_L001_R2_001.fastq.gz
YF-4364-RE036-1A_S56_L002	bd0ef4268295e5270ba3fc6cdb1c7b67	20260217_LH00217_0327_B23JJFLLT4	Sample_YF-4364-RE036-1A_1	YF-4364-RE036-1A_S56_L002_R1_001.fastq.gz	46629bf4e5757c85bd9c827904b64a20	20260217_LH00217_0327_B23JJFLLT4	Sample_YF-4364-RE036-1A_1	YF-4364-RE036-1A_S56_L002_R2_001.fastq.gz
YF-4364-RE059-1A_S79_L002	6eee6571ef4160595d25faa390b1df53	20260217_LH00217_0327_B23JJFLLT4	Sample_YF-4364-RE059-1A_1	YF-4364-RE059-1A_S79_L002_R1_001.fastq.gz	9dc8fb30a384e27fca3b0edb13797c07	20260217_LH00217_0327_B23JJFLLT4	Sample_YF-4364-RE059-1A_1	YF-4364-RE059-1A_S79_L002_R2_001.fastq.gz
YF-4364-RE070-1A_S44_L001	300ce563e5c2409b0da67fdfb310b531	20260217_LH00217_0327_B23JJFLLT4	Sample_YF-4364-RE070-1A	YF-4364-RE070-1A_S44_L001_R1_001.fastq.gz	63abddb93784e4827967eb7dbab77418	20260217_LH00217_0327_B23JJFLLT4	Sample_YF-4364-RE070-1A	YF-4364-RE070-1A_S44_L001_R2_001.fastq.gz
YF-4364-RE062-1A_S82_L002	1d3479957ff8416d5501972c2ab1d8e2	20260217_LH00217_0327_B23JJFLLT4	Sample_YF-4364-RE062-1A_1	YF-4364-RE062-1A_S82_L002_R1_001.fastq.gz	9913c9811e33ac5511f79b0af55eea0e	20260217_LH00217_0327_B23JJFLLT4	Sample_YF-4364-RE062-1A_1	YF-4364-RE062-1A_S82_L002_R2_001.fastq.gz
YF-4364-RE057-1A_S32_L001	906cfa0d4958de56d12bde43a570c615	20260217_LH00217_0327_B23JJFLLT4	Sample_YF-4364-RE057-1A	YF-4364-RE057-1A_S32_L001_R1_001.fastq.gz	30a0a84eae971b04137f355fd8f0036f	20260217_LH00217_0327_B23JJFLLT4	Sample_YF-4364-RE057-1A	YF-4364-RE057-1A_S32_L001_R2_001.fastq.gz
YF-4364-RE053-1A_S73_L002	e3f48a2258cf49473420e64df33c2f21	20260217_LH00217_0327_B23JJFLLT4	Sample_YF-4364-RE053-1A_1	YF-4364-RE053-1A_S73_L002_R1_001.fastq.gz	79a95cff59ec6bb49a20cc5765ceaa7c	20260217_LH00217_0327_B23JJFLLT4	Sample_YF-4364-RE053-1A_1	YF-4364-RE053-1A_S73_L002_R2_001.fastq.gz
YF-4364-RE069-1A_S43_L001	955d1429d2ab46133d253bd85c16f12b	20260217_LH00217_0327_B23JJFLLT4	Sample_YF-4364-RE069-1A	YF-4364-RE069-1A_S43_L001_R1_001.fastq.gz	3d04ea0d643efb1daa40f4af93b9c571	20260217_LH00217_0327_B23JJFLLT4	Sample_YF-4364-RE069-1A	YF-4364-RE069-1A_S43_L001_R2_001.fastq.gz
YF-4364-RE026-1A_S46_L002	2fedd987cf7b434cc59a8de4d9046b7c	20260217_LH00217_0327_B23JJFLLT4	Sample_YF-4364-RE026-1A_1	YF-4364-RE026-1A_S46_L002_R1_001.fastq.gz	1391d9f08b387fd49185fedf36f13105	20260217_LH00217_0327_B23JJFLLT4	Sample_YF-4364-RE026-1A_1	YF-4364-RE026-1A_S46_L002_R2_001.fastq.gz
YF-4364-RE050-1A_S70_L002	a30cbeb9157f5b365e62ff7daebdf568	20260217_LH00217_0327_B23JJFLLT4	Sample_YF-4364-RE050-1A_1	YF-4364-RE050-1A_S70_L002_R1_001.fastq.gz	d5a4a6f3834d80eddc5b4bcb6f9bc97e	20260217_LH00217_0327_B23JJFLLT4	Sample_YF-4364-RE050-1A_1	YF-4364-RE050-1A_S70_L002_R2_001.fastq.gz
YF-4364-RE048-1A_S68_L002	43b497f04a50b68255a54a8a9677caac	20260217_LH00217_0327_B23JJFLLT4	Sample_YF-4364-RE048-1A_1	YF-4364-RE048-1A_S68_L002_R1_001.fastq.gz	8a9153a2b01d8322671f289ebb26de97	20260217_LH00217_0327_B23JJFLLT4	Sample_YF-4364-RE048-1A_1	YF-4364-RE048-1A_S68_L002_R2_001.fastq.gz
YF-4364-RE064-1A_S83_L002	67128792199e035c68d1b839f79b2324	20260217_LH00217_0327_B23JJFLLT4	Sample_YF-4364-RE064-1A_1	YF-4364-RE064-1A_S83_L002_R1_001.fastq.gz	9d277502b926122f494f813894ca0620	20260217_LH00217_0327_B23JJFLLT4	Sample_YF-4364-RE064-1A_1	YF-4364-RE064-1A_S83_L002_R2_001.fastq.gz
YF-4364-RE066-1A1-2-pool_S40_L001	5a4ae8199eebdc2c78b011f3e4a6c3b2	20260217_LH00217_0327_B23JJFLLT4	Sample_YF-4364-RE066-1A1-2-pool	YF-4364-RE066-1A1-2-pool_S40_L001_R1_001.fastq.gz	d84908b914cd2bec4b52df97ea87b527	20260217_LH00217_0327_B23JJFLLT4	Sample_YF-4364-RE066-1A1-2-pool	YF-4364-RE066-1A1-2-pool_S40_L001_R2_001.fastq.gz
YF-4364-RE031-1A_S6_L001	5463cf18b53dbbb0bf078e11a8709e6e	20260217_LH00217_0327_B23JJFLLT4	Sample_YF-4364-RE031-1A	YF-4364-RE031-1A_S6_L001_R1_001.fastq.gz	73c682dc2fdce195520ed678e584cc32	20260217_LH00217_0327_B23JJFLLT4	Sample_YF-4364-RE031-1A	YF-4364-RE031-1A_S6_L001_R2_001.fastq.gz
YF-4364-RE032-2A_S52_L002	83108c1853b8d81ac9fc0232e8a8f09d	20260217_LH00217_0327_B23JJFLLT4	Sample_YF-4364-RE032-2A_1	YF-4364-RE032-2A_S52_L002_R1_001.fastq.gz	a30824e1ebb5c5e6c8fa1b06c5992bbc	20260217_LH00217_0327_B23JJFLLT4	Sample_YF-4364-RE032-2A_1	YF-4364-RE032-2A_S52_L002_R2_001.fastq.gz
YF-4364-RE045-1A_S20_L001	e04f43f3cc10bbb855146cc91359ccad	20260217_LH00217_0327_B23JJFLLT4	Sample_YF-4364-RE045-1A	YF-4364-RE045-1A_S20_L001_R1_001.fastq.gz	6bdcfd977b99a91c7d50da069cf38ed2	20260217_LH00217_0327_B23JJFLLT4	Sample_YF-4364-RE045-1A	YF-4364-RE045-1A_S20_L001_R2_001.fastq.gz
YF-4364-RE048-1A_S23_L001	c17ec1a9164bf9ffc22e865ba477ac11	20260217_LH00217_0327_B23JJFLLT4	Sample_YF-4364-RE048-1A	YF-4364-RE048-1A_S23_L001_R1_001.fastq.gz	095411aad685b57ab1881bf576d141da	20260217_LH00217_0327_B23JJFLLT4	Sample_YF-4364-RE048-1A	YF-4364-RE048-1A_S23_L001_R2_001.fastq.gz
YF-4364-RE043-1A_S18_L001	748836eb9191d1f0a0f20835bbb02ece	20260217_LH00217_0327_B23JJFLLT4	Sample_YF-4364-RE043-1A	YF-4364-RE043-1A_S18_L001_R1_001.fastq.gz	d1bb245e8d50d45f8595941ac3d25888	20260217_LH00217_0327_B23JJFLLT4	Sample_YF-4364-RE043-1A	YF-4364-RE043-1A_S18_L001_R2_001.fastq.gz
YF-4364-RE058-1A_S78_L002	b5ebac8ca3e8bd83b5ef9f736ab65a9b	20260217_LH00217_0327_B23JJFLLT4	Sample_YF-4364-RE058-1A_1	YF-4364-RE058-1A_S78_L002_R1_001.fastq.gz	e59cbc528911094b4f18a50706f97779	20260217_LH00217_0327_B23JJFLLT4	Sample_YF-4364-RE058-1A_1	YF-4364-RE058-1A_S78_L002_R2_001.fastq.gz
YF-4364-RE064-1A_S38_L001	7b320b4db24f9467b4c8415ea7337851	20260217_LH00217_0327_B23JJFLLT4	Sample_YF-4364-RE064-1A	YF-4364-RE064-1A_S38_L001_R1_001.fastq.gz	3ed9c1870e07464282b33508c6620456	20260217_LH00217_0327_B23JJFLLT4	Sample_YF-4364-RE064-1A	YF-4364-RE064-1A_S38_L001_R2_001.fastq.gz
YF-4364-RE058-1A_S33_L001	f915c7aa99e7ba111bddce8b6062272e	20260217_LH00217_0327_B23JJFLLT4	Sample_YF-4364-RE058-1A	YF-4364-RE058-1A_S33_L001_R1_001.fastq.gz	6402f36bd02cef5e826b2092b12b0583	20260217_LH00217_0327_B23JJFLLT4	Sample_YF-4364-RE058-1A	YF-4364-RE058-1A_S33_L001_R2_001.fastq.gz
YF-4364-RE062-1A_S37_L001	64ba9ff41397198abcf7949d46552b68	20260217_LH00217_0327_B23JJFLLT4	Sample_YF-4364-RE062-1A	YF-4364-RE062-1A_S37_L001_R1_001.fastq.gz	69e8282d86e9a3b3682d4cc3c59f6f51	20260217_LH00217_0327_B23JJFLLT4	Sample_YF-4364-RE062-1A	YF-4364-RE062-1A_S37_L001_R2_001.fastq.gz
YF-4364-RE041-2A_S16_L001	52d92c6dc28850b0a2064576d4748d27	20260217_LH00217_0327_B23JJFLLT4	Sample_YF-4364-RE041-2A	YF-4364-RE041-2A_S16_L001_R1_001.fastq.gz	e9fbd5e0a9d6b66d05e675ffbec870ce	20260217_LH00217_0327_B23JJFLLT4	Sample_YF-4364-RE041-2A	YF-4364-RE041-2A_S16_L001_R2_001.fastq.gz
YF-4364-RE032-2A_S7_L001	bae1e41b3544791f8ee1c1bac2d24edc	20260217_LH00217_0327_B23JJFLLT4	Sample_YF-4364-RE032-2A	YF-4364-RE032-2A_S7_L001_R1_001.fastq.gz	363b7cf44de08e6c0d712d47e1548e60	20260217_LH00217_0327_B23JJFLLT4	Sample_YF-4364-RE032-2A	YF-4364-RE032-2A_S7_L001_R2_001.fastq.gz
YF-4364-RE070-1A_S89_L002	3ca3b31200afe76625415a5478a48669	20260217_LH00217_0327_B23JJFLLT4	Sample_YF-4364-RE070-1A_1	YF-4364-RE070-1A_S89_L002_R1_001.fastq.gz	15b1daac563074abf985b7940ca89453	20260217_LH00217_0327_B23JJFLLT4	Sample_YF-4364-RE070-1A_1	YF-4364-RE070-1A_S89_L002_R2_001.fastq.gz
YF-4364-RE052-1A_S27_L001	8cd75f2feef18eb9b4c6d622dbfd6354	20260217_LH00217_0327_B23JJFLLT4	Sample_YF-4364-RE052-1A	YF-4364-RE052-1A_S27_L001_R1_001.fastq.gz	08704a3aee77b35fef01e89ab1ec0b78	20260217_LH00217_0327_B23JJFLLT4	Sample_YF-4364-RE052-1A	YF-4364-RE052-1A_S27_L001_R2_001.fastq.gz
YF-4364-RE028-1A_S48_L002	8885f53269b473ea7bbe7355cebd323c	20260217_LH00217_0327_B23JJFLLT4	Sample_YF-4364-RE028-1A_1	YF-4364-RE028-1A_S48_L002_R1_001.fastq.gz	e9cccde862d36bec37007751acc7e429	20260217_LH00217_0327_B23JJFLLT4	Sample_YF-4364-RE028-1A_1	YF-4364-RE028-1A_S48_L002_R2_001.fastq.gz
YF-4364-RE065-1A_S39_L001	5fd4584efd4134180175ec0101a2c0ff	20260217_LH00217_0327_B23JJFLLT4	Sample_YF-4364-RE065-1A	YF-4364-RE065-1A_S39_L001_R1_001.fastq.gz	b2163763ad2b99e0f7f0a2d00e8aa14e	20260217_LH00217_0327_B23JJFLLT4	Sample_YF-4364-RE065-1A	YF-4364-RE065-1A_S39_L001_R2_001.fastq.gz
YF-4364-RE038-1A_S58_L002	02857061a419326a43e0909cae9b8e22	20260217_LH00217_0327_B23JJFLLT4	Sample_YF-4364-RE038-1A_1	YF-4364-RE038-1A_S58_L002_R1_001.fastq.gz	ee425e8104a375504003fa4f0d9814d7	20260217_LH00217_0327_B23JJFLLT4	Sample_YF-4364-RE038-1A_1	YF-4364-RE038-1A_S58_L002_R2_001.fastq.gz
YF-4364-RE056-1A_S31_L001	d089c1d087da592a93b24d2ea6ef8425	20260217_LH00217_0327_B23JJFLLT4	Sample_YF-4364-RE056-1A	YF-4364-RE056-1A_S31_L001_R1_001.fastq.gz	79211faebb6785642e89ad21b9e427f2	20260217_LH00217_0327_B23JJFLLT4	Sample_YF-4364-RE056-1A	YF-4364-RE056-1A_S31_L001_R2_001.fastq.gz
