CHROM	POS	REF	ALT	VARTYPE	GEN[*].GT	ANN[*].GENE	ANN[*].FEATUREID	EFF[*].RANK	ANN[*].HGVS_C	ANN[*].HGVS_P	ANN[*].EFFECT	EFF[*].IMPACT	AF	QUAL	DP
2019-nCoV	44	C	T	SNP	Homozygous	orf1ab	QHD43415.1	-1	c.-222C>T	.	upstream_gene_variant	MODIFIER	1.0	7775.23	106220
2019-nCoV	241	C	T	SNP	Homozygous	orf1ab	QHD43415.1	-1	c.-25C>T	.	upstream_gene_variant	MODIFIER	1.0	7881.6	1490
2019-nCoV	670	T	G	SNP	Heterozygous	orf1ab	QHD43415.1	1	c.405T>G	p.Ser135Arg	missense_variant	MODERATE	0.965	7428.89	73981
2019-nCoV	2789	AC	A	DEL	Heterozygous	orf1ab	QHD43415.1	1	c.2525delC	p.Thr842fs	frameshift_variant	HIGH	0.00251889	6641.98	47217
2019-nCoV	2790	C	T	SNP	Heterozygous	orf1ab	QHD43415.1	1	c.2525C>T	p.Thr842Ile	missense_variant	MODERATE	0.997481	6641.98	47217
2019-nCoV	3037	C	T	SNP	Homozygous	orf1ab	QHD43415.1	1	c.2772C>T	p.Phe924Phe	synonymous_variant	LOW	1.0	7378.39	45244
2019-nCoV	4184	G	A	SNP	Heterozygous	orf1ab	QHD43415.1	1	c.3919G>A	p.Gly1307Ser	missense_variant	MODERATE	0.9875	7762.52	17656
2019-nCoV	4321	C	T	SNP	Heterozygous	orf1ab	QHD43415.1	1	c.4056C>T	p.Ala1352Ala	synonymous_variant	LOW	0.926768	6834.38	49776
2019-nCoV	7600	C	T	SNP	Heterozygous	orf1ab	QHD43415.1	1	c.7335C>T	p.Cys2445Cys	synonymous_variant	LOW	0.155	521.061	29916
2019-nCoV	9344	C	T	SNP	Homozygous	orf1ab	QHD43415.1	1	c.9079C>T	p.Leu3027Phe	missense_variant	MODERATE	1.0	7604.66	9982
2019-nCoV	9424	A	G	SNP	Homozygous	orf1ab	QHD43415.1	1	c.9159A>G	p.Val3053Val	synonymous_variant	LOW	1.0	7952.87	8867
2019-nCoV	9534	C	T	SNP	Homozygous	orf1ab	QHD43415.1	1	c.9269C>T	p.Thr3090Ile	missense_variant	MODERATE	1.0	5606.78	282
2019-nCoV	9866	C	T	SNP	Homozygous	orf1ab	QHD43415.1	1	c.9601C>T	p.Leu3201Phe	missense_variant	MODERATE	1.0	7776.83	13923
2019-nCoV	10029	C	T	SNP	Homozygous	orf1ab	QHD43415.1	1	c.9764C>T	p.Thr3255Ile	missense_variant	MODERATE	0.9975	7915.64	23988
2019-nCoV	10198	C	T	SNP	Homozygous	orf1ab	QHD43415.1	1	c.9933C>T	p.Asp3311Asp	synonymous_variant	LOW	1.0	7948.14	23184
2019-nCoV	10447	GCC	ACA	MNP	Homozygous	orf1ab	QHD43415.1	1	c.10182_10184delGCCinsACA	p.Pro3395His	missense_variant	MODERATE	1.0	7915.93	5438
2019-nCoV	11287	GTCTGGTTTT	G	DEL	Homozygous	orf1ab	QHD43415.1	1	c.11023_11031delTCTGGTTTT	p.Ser3675_Phe3677del	conservative_inframe_deletion	MODERATE	1.0	7824.58	46629
2019-nCoV	12880	C	T	SNP	Homozygous	orf1ab	QHD43415.1	1	c.12615C>T	p.Ile4205Ile	synonymous_variant	LOW	1.0	7924.14	30218
2019-nCoV	14408	C	T	SNP	Homozygous	orf1ab	QHD43415.1	2	c.14144C>T	p.Pro4715Leu	missense_variant	MODERATE	0.992481	7831.81	7042
2019-nCoV	15714	C	T	SNP	Homozygous	orf1ab	QHD43415.1	2	c.15450C>T	p.Leu5150Leu	synonymous_variant	LOW	1.0	7897.1	79703
2019-nCoV	17410	C	T	SNP	Homozygous	orf1ab	QHD43415.1	2	c.17146C>T	p.Arg5716Cys	missense_variant	MODERATE	1.0	7989.91	68205
2019-nCoV	18163	A	G	SNP	Homozygous	orf1ab	QHD43415.1	2	c.17899A>G	p.Ile5967Val	missense_variant	MODERATE	0.9975	7953.89	19326
2019-nCoV	19955	C	T	SNP	Homozygous	orf1ab	QHD43415.1	2	c.19691C>T	p.Thr6564Ile	missense_variant	MODERATE	1.0	7936.02	45487
2019-nCoV	20055	A	G	SNP	Heterozygous	orf1ab	QHD43415.1	2	c.19791A>G	p.Glu6597Glu	synonymous_variant	LOW	0.977387	7541.81	32432
2019-nCoV	21618	C	T	SNP	Homozygous	S	QHD43416.1	1	c.56C>T	p.Thr19Ile	missense_variant	MODERATE	1.0	7997.26	16683
2019-nCoV	21632	TTACCCCCTG	T	DEL	Homozygous	S	QHD43416.1	1	c.71_79delTACCCCCTG	p.Leu24_Ala27delinsSer	disruptive_inframe_deletion	MODERATE	1.0	7846.13	16263
2019-nCoV	21987	G	A	SNP	Homozygous	S	QHD43416.1	1	c.425G>A	p.Gly142Asp	missense_variant	MODERATE	0.995	7836.86	25340
2019-nCoV	22200	T	G	SNP	Homozygous	S	QHD43416.1	1	c.638T>G	p.Val213Gly	missense_variant	MODERATE	0.997494	7915.9	15700
2019-nCoV	22578	G	A	SNP	Homozygous	S	QHD43416.1	1	c.1016G>A	p.Gly339Asp	missense_variant	MODERATE	1.0	7964.9	30676
2019-nCoV	22674	C	T	SNP	Homozygous	S	QHD43416.1	1	c.1112C>T	p.Ser371Phe	missense_variant	MODERATE	1.0	7790.97	2989
2019-nCoV	22679	T	C	SNP	Homozygous	S	QHD43416.1	1	c.1117T>C	p.Ser373Pro	missense_variant	MODERATE	0.9975	7872.44	2997
2019-nCoV	22686	CCA	TCG	MNP	Homozygous	S	QHD43416.1	1	c.1124_1126delCCAinsTCG	p.SerThr375PheAla	missense_variant	MODERATE	0.992188	7013.09	2273
2019-nCoV	22775	G	A	SNP	Homozygous	S	QHD43416.1	1	c.1213G>A	p.Asp405Asn	missense_variant	MODERATE	1.0	7968.62	2260
2019-nCoV	22786	A	C	SNP	Homozygous	S	QHD43416.1	1	c.1224A>C	p.Arg408Ser	missense_variant	MODERATE	1.0	7998.37	2215
2019-nCoV	22792	C	T	SNP	Heterozygous	S	QHD43416.1	1	c.1230C>T	p.Ile410Ile	synonymous_variant	LOW	0.565	3352.57	2206
2019-nCoV	22813	G	T	SNP	Homozygous	S	QHD43416.1	1	c.1251G>T	p.Lys417Asn	missense_variant	MODERATE	1.0	7998.3	11474
2019-nCoV	22882	T	G	SNP	Homozygous	S	QHD43416.1	1	c.1320T>G	p.Asn440Lys	missense_variant	MODERATE	0.997494	7936.53	46657
2019-nCoV	22992	GCAC	ACAA	MNP	Homozygous	S	QHD43416.1	1	c.1430_1433delGCACinsACAA	p.SerThr477AsnLys	missense_variant	MODERATE	1.0	7807.54	37461
2019-nCoV	23013	A	C	SNP	Homozygous	S	QHD43416.1	1	c.1451A>C	p.Glu484Ala	missense_variant	MODERATE	1.0	7981.67	40484
2019-nCoV	23040	A	G	SNP	Heterozygous	S	QHD43416.1	1	c.1478A>G	p.Gln493Arg	missense_variant	MODERATE	0.955145	6921.85	39494
2019-nCoV	23055	A	G	SNP	Homozygous	S	QHD43416.1	1	c.1493A>G	p.Gln498Arg	missense_variant	MODERATE	0.995	7846.75	3973
2019-nCoV	23063	A	T	SNP	Homozygous	S	QHD43416.1	1	c.1501A>T	p.Asn501Tyr	missense_variant	MODERATE	0.997494	7769.31	4041
2019-nCoV	23075	T	C	SNP	Homozygous	S	QHD43416.1	1	c.1513T>C	p.Tyr505His	missense_variant	MODERATE	0.997494	7839.93	4151
2019-nCoV	23403	A	G	SNP	Homozygous	S	QHD43416.1	1	c.1841A>G	p.Asp614Gly	missense_variant	MODERATE	0.997494	7894.26	50575
2019-nCoV	23525	C	T	SNP	Homozygous	S	QHD43416.1	1	c.1963C>T	p.His655Tyr	missense_variant	MODERATE	0.997494	7931.16	104238
2019-nCoV	23599	T	G	SNP	Homozygous	S	QHD43416.1	1	c.2037T>G	p.Asn679Lys	missense_variant	MODERATE	1.0	7982.48	159896
2019-nCoV	23604	C	A	SNP	Homozygous	S	QHD43416.1	1	c.2042C>A	p.Pro681His	missense_variant	MODERATE	1.0	8003.17	160006
2019-nCoV	23854	C	A	SNP	Homozygous	S	QHD43416.1	1	c.2292C>A	p.Asn764Lys	missense_variant	MODERATE	0.9975	7767.87	19936
2019-nCoV	23948	G	T	SNP	Homozygous	S	QHD43416.1	1	c.2386G>T	p.Asp796Tyr	missense_variant	MODERATE	1.0	7986.59	16567
2019-nCoV	24424	A	T	SNP	Heterozygous	S	QHD43416.1	1	c.2862A>T	p.Gln954His	missense_variant	MODERATE	0.982456	7683.21	41415
2019-nCoV	24469	T	A	SNP	Heterozygous	S	QHD43416.1	1	c.2907T>A	p.Asn969Lys	missense_variant	MODERATE	0.99	7500.0	71172
2019-nCoV	25000	C	T	SNP	Homozygous	S	QHD43416.1	1	c.3438C>T	p.Asp1146Asp	synonymous_variant	LOW	1.0	7988.68	31742
2019-nCoV	25584	C	T	SNP	Homozygous	ORF3a	QHD43417.1	1	c.192C>T	p.Thr64Thr	synonymous_variant	LOW	0.994987	7881.42	64759
2019-nCoV	25624	C	T	SNP	Heterozygous	ORF3a	QHD43417.1	1	c.232C>T	p.His78Tyr	missense_variant	MODERATE	0.17	586.685	35675
2019-nCoV	26060	C	T	SNP	Homozygous	ORF3a	QHD43417.1	1	c.668C>T	p.Thr223Ile	missense_variant	MODERATE	1.0	7980.14	50004
2019-nCoV	26270	C	T	SNP	Homozygous	E	QHD43418.1	1	c.26C>T	p.Thr9Ile	missense_variant	MODERATE	0.9975	7949.23	141272
2019-nCoV	26577	C	G	SNP	Homozygous	M	QHD43419.1	1	c.55C>G	p.Gln19Glu	missense_variant	MODERATE	1.0	7946.88	6159
2019-nCoV	26709	G	A	SNP	Homozygous	M	QHD43419.1	1	c.187G>A	p.Ala63Thr	missense_variant	MODERATE	1.0	7975.7	20120
2019-nCoV	26858	C	T	SNP	Homozygous	M	QHD43419.1	1	c.336C>T	p.Phe112Phe	synonymous_variant	LOW	1.0	7949.06	35112
2019-nCoV	27259	A	C	SNP	Homozygous	ORF6	QHD43420.1	1	c.58A>C	p.Arg20Arg	synonymous_variant	LOW	1.0	7847.8	16592
2019-nCoV	27382	GAT	CTC	MNP	Homozygous	ORF6	QHD43420.1	1	c.181_183delGATinsCTC	p.Asp61Leu	missense_variant	MODERATE	1.0	7837.19	2260
2019-nCoV	27481	C	T	SNP	Heterozygous	ORF7a	QHD43421.1	1	c.88C>T	p.Leu30Phe	missense_variant	MODERATE	0.329975	1529.02	1978
2019-nCoV	27807	C	T	SNP	Homozygous	ORF8	QHD43422.1	-1	c.-87C>T	.	upstream_gene_variant	MODIFIER	0.997494	7921.72	19899
2019-nCoV	28271	A	T	SNP	Heterozygous	N	QHD43423.2	-1	c.-3A>T	.	upstream_gene_variant	MODIFIER	0.96	7232.94	85559
2019-nCoV	28311	C	T	SNP	Heterozygous	N	QHD43423.2	1	c.38C>T	p.Pro13Leu	missense_variant	MODERATE	0.9875	7772.29	85301
2019-nCoV	28361	GGAGAACGCA	G	DEL	Homozygous	N	QHD43423.2	1	c.90_98delAGAACGCAG	p.Glu31_Ser33del	disruptive_inframe_deletion	MODERATE	1.0	7564.98	15384
2019-nCoV	28881	GGG	AAC	MNP	Homozygous	N	QHD43423.2	1	c.608_610delGGGinsAAC	p.ArgGly203LysArg	missense_variant	MODERATE	1.0	7816.93	19891
2019-nCoV	29510	A	C	SNP	Homozygous	N	QHD43423.2	1	c.1237A>C	p.Ser413Arg	missense_variant	MODERATE	0.9975	7904.84	4122
2019-nCoV	29733	CGAGGCCACGCGGAGTACGATCGAGTG	C	DEL	Homozygous	S	QHD43416.1	-1	c.*4350_*4375delGAGGCCACGCGGAGTACGATCGAGTG	.	downstream_gene_variant	MODIFIER	1.0	7705.0	2869
