CHROM	POS	REF	ALT	VARTYPE	GEN[*].GT	ANN[*].GENE	ANN[*].FEATUREID	EFF[*].RANK	ANN[*].HGVS_C	ANN[*].HGVS_P	ANN[*].EFFECT	EFF[*].IMPACT	AF	QUAL	DP
2019-nCoV	44	C	T	SNP	Homozygous	orf1ab	QHD43415.1	-1	c.-222C>T	.	upstream_gene_variant	MODIFIER	0.983992	31930.0	61661
2019-nCoV	224	T	C	SNP	Heterozygous	orf1ab	QHD43415.1	-1	c.-42T>C	.	upstream_gene_variant	MODIFIER	0.0225	23.7878	64298
2019-nCoV	241	C	T	SNP	Homozygous	orf1ab	QHD43415.1	-1	c.-25C>T	.	upstream_gene_variant	MODIFIER	1.0	33206.7	7383
2019-nCoV	593	C	T	SNP	Heterozygous	orf1ab	QHD43415.1	1	c.328C>T	p.His110Tyr	missense_variant	MODERATE	0.028014	51.8649	66538
2019-nCoV	670	T	G	SNP	Homozygous	orf1ab	QHD43415.1	1	c.405T>G	p.Ser135Arg	missense_variant	MODERATE	0.9955	33395.4	65845
2019-nCoV	683	C	T	SNP	Heterozygous	orf1ab	QHD43415.1	1	c.418C>T	p.Leu140Leu	synonymous_variant	LOW	0.084042	692.093	65822
2019-nCoV	835	C	T	SNP	Heterozygous	orf1ab	QHD43415.1	1	c.570C>T	p.Phe190Phe	synonymous_variant	LOW	0.0345345	97.4553	31283
2019-nCoV	1320	A	G	SNP	Heterozygous	orf1ab	QHD43415.1	1	c.1055A>G	p.Glu352Gly	missense_variant	MODERATE	0.0355178	55.2284	29046
2019-nCoV	1627	C	T	SNP	Heterozygous	orf1ab	QHD43415.1	1	c.1362C>T	p.Leu454Leu	synonymous_variant	LOW	0.455728	9550.67	38668
2019-nCoV	1779	C	T	SNP	Heterozygous	orf1ab	QHD43415.1	1	c.1514C>T	p.Ser505Phe	missense_variant	MODERATE	0.026	15.4346	26444
2019-nCoV	1931	C	A	SNP	Heterozygous	orf1ab	QHD43415.1	1	c.1666C>A	p.Gln556Lys	missense_variant	MODERATE	0.155276	1993.42	13308
2019-nCoV	2790	C	T	SNP	Homozygous	orf1ab	QHD43415.1	1	c.2525C>T	p.Thr842Ile	missense_variant	MODERATE	0.996988	30403.3	41644
2019-nCoV	2954	T	C	SNP	Heterozygous	orf1ab	QHD43415.1	1	c.2689T>C	p.Leu897Leu	synonymous_variant	LOW	0.261	4652.24	32725
2019-nCoV	3037	C	T	SNP	Homozygous	orf1ab	QHD43415.1	1	c.2772C>T	p.Phe924Phe	synonymous_variant	LOW	1.0	33845.8	32994
2019-nCoV	3130	C	T	SNP	Heterozygous	orf1ab	QHD43415.1	1	c.2865C>T	p.Tyr955Tyr	synonymous_variant	LOW	0.0345	95.8287	23625
2019-nCoV	3250	G	T	SNP	Heterozygous	orf1ab	QHD43415.1	1	c.2985G>T	p.Glu995Asp	missense_variant	MODERATE	0.07	490.081	18557
2019-nCoV	3796	C	T	SNP	Heterozygous	orf1ab	QHD43415.1	1	c.3531C>T	p.Val1177Val	synonymous_variant	LOW	0.0832915	647.375	15460
2019-nCoV	3828	C	T	SNP	Heterozygous	orf1ab	QHD43415.1	1	c.3563C>T	p.Ser1188Leu	missense_variant	MODERATE	0.0491721	235.891	3901
2019-nCoV	3871	G	T	SNP	Heterozygous	orf1ab	QHD43415.1	1	c.3606G>T	p.Lys1202Asn	missense_variant	MODERATE	0.0500751	155.571	3917
2019-nCoV	3927	C	T	SNP	Heterozygous	orf1ab	QHD43415.1	1	c.3662C>T	p.Ser1221Leu	missense_variant	MODERATE	0.039	128.565	8743
2019-nCoV	3992	C	T	SNP	Heterozygous	orf1ab	QHD43415.1	1	c.3727C>T	p.Leu1243Leu	synonymous_variant	LOW	0.0455228	193.792	4498
2019-nCoV	4184	GG	AA	MNP	Heterozygous	orf1ab	QHD43415.1	1	c.3919_3920delGGinsAA	p.Gly1307Asn	missense_variant	MODERATE	0.0511022	36096.9	15360
2019-nCoV	4184	G	A	SNP	Heterozygous	orf1ab	QHD43415.1	1	c.3919G>A	p.Gly1307Ser	missense_variant	MODERATE	0.946894	36096.9	15360
2019-nCoV	4321	C	T	SNP	Homozygous	orf1ab	QHD43415.1	1	c.4056C>T	p.Ala1352Ala	synonymous_variant	LOW	0.998494	32733.3	36349
2019-nCoV	4579	T	A	SNP	Heterozygous	orf1ab	QHD43415.1	1	c.4314T>A	p.Leu1438Leu	synonymous_variant	LOW	0.04	80.7346	47850
2019-nCoV	4586	C	T	SNP	Heterozygous	orf1ab	QHD43415.1	1	c.4321C>T	p.Leu1441Leu	synonymous_variant	LOW	0.038019	124.98	47799
2019-nCoV	4906	T	C	SNP	Heterozygous	orf1ab	QHD43415.1	1	c.4641T>C	p.Asp1547Asp	synonymous_variant	LOW	0.055	296.965	7800
2019-nCoV	5032	A	G	SNP	Heterozygous	orf1ab	QHD43415.1	1	c.4767A>G	p.Thr1589Thr	synonymous_variant	LOW	0.038	69.794	9313
2019-nCoV	5183	C	T	SNP	Heterozygous	orf1ab	QHD43415.1	1	c.4918C>T	p.Pro1640Ser	missense_variant	MODERATE	0.0805806	479.704	16948
2019-nCoV	5284	C	T	SNP	Heterozygous	orf1ab	QHD43415.1	1	c.5019C>T	p.Asn1673Asn	synonymous_variant	LOW	0.0560561	309.325	13120
2019-nCoV	5512	C	T	SNP	Heterozygous	orf1ab	QHD43415.1	1	c.5247C>T	p.Asn1749Asn	synonymous_variant	LOW	0.0275138	48.6319	15960
2019-nCoV	6443	G	A	SNP	Heterozygous	orf1ab	QHD43415.1	1	c.6178G>A	p.Asp2060Asn	missense_variant	MODERATE	0.0341709	90.9504	29065
2019-nCoV	6979	T	G	SNP	Heterozygous	orf1ab	QHD43415.1	1	c.6714T>G	p.Val2238Val	synonymous_variant	LOW	0.0810405	651.288	5473
2019-nCoV	7235	G	A	SNP	Heterozygous	orf1ab	QHD43415.1	1	c.6970G>A	p.Val2324Ile	missense_variant	MODERATE	0.0295148	59.9194	12789
2019-nCoV	7400	G	T	SNP	Heterozygous	orf1ab	QHD43415.1	1	c.7135G>T	p.Ala2379Ser	missense_variant	MODERATE	0.0205	16.5614	5399
2019-nCoV	7528	C	T	SNP	Heterozygous	orf1ab	QHD43415.1	1	c.7263C>T	p.Val2421Val	synonymous_variant	LOW	0.150075	1930.12	14715
2019-nCoV	7735	C	T	SNP	Heterozygous	orf1ab	QHD43415.1	1	c.7470C>T	p.Ile2490Ile	synonymous_variant	LOW	0.0455228	189.161	36739
2019-nCoV	8247	C	T	SNP	Heterozygous	orf1ab	QHD43415.1	1	c.7982C>T	p.Ser2661Phe	missense_variant	MODERATE	0.0225	24.2039	20389
2019-nCoV	8251	C	T	SNP	Heterozygous	orf1ab	QHD43415.1	1	c.7986C>T	p.Asp2662Asp	synonymous_variant	LOW	0.0225	23.7907	20409
2019-nCoV	8290	C	T	SNP	Heterozygous	orf1ab	QHD43415.1	1	c.8025C>T	p.Leu2675Leu	synonymous_variant	LOW	0.0275138	48.7401	20285
2019-nCoV	8524	T	A	SNP	Heterozygous	orf1ab	QHD43415.1	1	c.8259T>A	p.Val2753Val	synonymous_variant	LOW	0.0195293	13.4459	6929
2019-nCoV	8884	A	G	SNP	Heterozygous	orf1ab	QHD43415.1	1	c.8619A>G	p.Ile2873Met	missense_variant	MODERATE	0.047	129.439	9289
2019-nCoV	9344	C	T	SNP	Homozygous	orf1ab	QHD43415.1	1	c.9079C>T	p.Leu3027Phe	missense_variant	MODERATE	1.0	32384.3	13238
2019-nCoV	9424	A	G	SNP	Homozygous	orf1ab	QHD43415.1	1	c.9159A>G	p.Val3053Val	synonymous_variant	LOW	0.999499	36311.1	8279
2019-nCoV	9510	C	T	SNP	Heterozygous	orf1ab	QHD43415.1	1	c.9245C>T	p.Thr3082Ile	missense_variant	MODERATE	0.0363248	33.0966	936
2019-nCoV	9511	T	C	SNP	Heterozygous	orf1ab	QHD43415.1	1	c.9246T>C	p.Thr3082Thr	synonymous_variant	LOW	0.0320513	22.2939	936
2019-nCoV	9534	C	T	SNP	Homozygous	orf1ab	QHD43415.1	1	c.9269C>T	p.Thr3090Ile	missense_variant	MODERATE	1.0	16850.9	936
2019-nCoV	9738	G	A	SNP	Heterozygous	orf1ab	QHD43415.1	1	c.9473G>A	p.Ser3158Asn	missense_variant	MODERATE	0.0305	31.0898	6555
2019-nCoV	9866	C	T	SNP	Heterozygous	orf1ab	QHD43415.1	1	c.9601C>T	p.Leu3201Phe	missense_variant	MODERATE	0.112952	1076.74	15918
2019-nCoV	9967	C	T	SNP	Heterozygous	orf1ab	QHD43415.1	1	c.9702C>T	p.Leu3234Leu	synonymous_variant	LOW	0.0355	55.2784	25422
2019-nCoV	10029	C	T	SNP	Homozygous	orf1ab	QHD43415.1	1	c.9764C>T	p.Thr3255Ile	missense_variant	MODERATE	0.996997	33666.8	25173
2019-nCoV	10183	C	T	SNP	Heterozygous	orf1ab	QHD43415.1	1	c.9918C>T	p.Ile3306Ile	synonymous_variant	LOW	0.0275	48.9334	9870
2019-nCoV	10198	C	T	SNP	Homozygous	orf1ab	QHD43415.1	1	c.9933C>T	p.Asp3311Asp	synonymous_variant	LOW	0.9985	33819.8	17159
2019-nCoV	10447	GCC	ACA	MNP	Homozygous	orf1ab	QHD43415.1	1	c.10182_10184delGCCinsACA	p.Pro3395His	missense_variant	MODERATE	1.0	35686.5	7707
2019-nCoV	10582	C	T	SNP	Heterozygous	orf1ab	QHD43415.1	1	c.10317C>T	p.Asp3439Asp	synonymous_variant	LOW	0.0695348	337.947	7247
2019-nCoV	11095	C	G	SNP	Heterozygous	orf1ab	QHD43415.1	1	c.10830C>G	p.Ala3610Ala	synonymous_variant	LOW	0.0440661	108.979	16415
2019-nCoV	11146	G	T	SNP	Heterozygous	orf1ab	QHD43415.1	1	c.10881G>T	p.Met3627Ile	missense_variant	MODERATE	0.0241449	31.7727	6276
2019-nCoV	11200	C	T	SNP	Heterozygous	orf1ab	QHD43415.1	1	c.10935C>T	p.Ala3645Ala	synonymous_variant	LOW	0.0315158	73.2065	19381
2019-nCoV	11287	GTCTGGTTTT	G	DEL	Homozygous	orf1ab	QHD43415.1	1	c.11023_11031delTCTGGTTTT	p.Ser3675_Phe3677del	conservative_inframe_deletion	MODERATE	1.0	35730.0	25980
2019-nCoV	11742	A	T	SNP	Heterozygous	orf1ab	QHD43415.1	1	c.11477A>T	p.Gln3826Leu	missense_variant	MODERATE	0.0275413	48.2237	21260
2019-nCoV	11750	C	T	SNP	Heterozygous	orf1ab	QHD43415.1	1	c.11485C>T	p.Leu3829Phe	missense_variant	MODERATE	0.244622	4208.45	21095
2019-nCoV	11956	C	T	SNP	Heterozygous	orf1ab	QHD43415.1	1	c.11691C>T	p.Asp3897Asp	synonymous_variant	LOW	0.0285	54.3797	30960
2019-nCoV	12036	C	T	SNP	Heterozygous	orf1ab	QHD43415.1	1	c.11771C>T	p.Ala3924Val	missense_variant	MODERATE	0.048	219.27	6372
2019-nCoV	12160	G	A	SNP	Heterozygous	orf1ab	QHD43415.1	1	c.11895G>A	p.Glu3965Glu	synonymous_variant	LOW	0.9015	29978.8	11585
2019-nCoV	12310	G	A	SNP	Heterozygous	orf1ab	QHD43415.1	1	c.12045G>A	p.Gln4015Gln	synonymous_variant	LOW	0.172673	1995.06	21130
2019-nCoV	12312	C	T	SNP	Heterozygous	orf1ab	QHD43415.1	1	c.12047C>T	p.Ala4016Val	missense_variant	MODERATE	0.048024	215.084	21265
2019-nCoV	12444	A	G	SNP	Heterozygous	orf1ab	QHD43415.1	1	c.12179A>G	p.Asn4060Ser	missense_variant	MODERATE	0.083	677.181	20785
2019-nCoV	12751	T	G	SNP	Heterozygous	orf1ab	QHD43415.1	1	c.12486T>G	p.Ala4162Ala	synonymous_variant	LOW	0.0255255	37.4699	23128
2019-nCoV	12871	T	C	SNP	Heterozygous	orf1ab	QHD43415.1	1	c.12606T>C	p.Thr4202Thr	synonymous_variant	LOW	0.0225113	23.6438	22393
2019-nCoV	12880	C	T	SNP	Homozygous	orf1ab	QHD43415.1	1	c.12615C>T	p.Ile4205Ile	synonymous_variant	LOW	0.9995	36146.3	21820
2019-nCoV	13417	T	C	SNP	Heterozygous	orf1ab	QHD43415.1	1	c.13152T>C	p.Asp4384Asp	synonymous_variant	LOW	0.02	14.9677	72289
2019-nCoV	13792	C	T	SNP	Heterozygous	orf1ab	QHD43415.1	2	c.13528C>T	p.Arg4510Cys	missense_variant	MODERATE	0.0290145	57.7819	3182
2019-nCoV	13827	T	C	SNP	Heterozygous	orf1ab	QHD43415.1	2	c.13563T>C	p.Tyr4521Tyr	synonymous_variant	LOW	0.032	77.4601	13200
2019-nCoV	13860	C	T	SNP	Heterozygous	orf1ab	QHD43415.1	2	c.13596C>T	p.Asp4532Asp	synonymous_variant	LOW	0.0725	525.324	13977
2019-nCoV	14257	T	C	SNP	Heterozygous	orf1ab	QHD43415.1	2	c.13993T>C	p.Tyr4665His	missense_variant	MODERATE	0.198289	2992.19	18052
2019-nCoV	14313	T	C	SNP	Heterozygous	orf1ab	QHD43415.1	2	c.14049T>C	p.Asp4683Asp	synonymous_variant	LOW	0.02001	15.0009	18071
2019-nCoV	14407	CC	TT	MNP	Heterozygous	orf1ab	QHD43415.1	2	c.14143_14144delCCinsTT	p.Pro4715Phe	missense_variant	MODERATE	0.109485	33416.7	7271
2019-nCoV	14408	C	T	SNP	Heterozygous	orf1ab	QHD43415.1	2	c.14144C>T	p.Pro4715Leu	missense_variant	MODERATE	0.890515	33416.7	7271
2019-nCoV	15002	A	G	SNP	Heterozygous	orf1ab	QHD43415.1	2	c.14738A>G	p.Tyr4913Cys	missense_variant	MODERATE	0.0935	848.442	44190
2019-nCoV	15183	C	T	SNP	Heterozygous	orf1ab	QHD43415.1	2	c.14919C>T	p.Ala4973Ala	synonymous_variant	LOW	0.046023	197.342	33307
2019-nCoV	15451	G	A	SNP	Heterozygous	orf1ab	QHD43415.1	2	c.15187G>A	p.Gly5063Ser	missense_variant	MODERATE	0.130631	1510.28	65213
2019-nCoV	15654	C	T	SNP	Heterozygous	orf1ab	QHD43415.1	2	c.15390C>T	p.Asp5130Asp	synonymous_variant	LOW	0.0355	101.791	61754
2019-nCoV	15714	C	T	SNP	Homozygous	orf1ab	QHD43415.1	2	c.15450C>T	p.Leu5150Leu	synonymous_variant	LOW	1.0	36310.4	59327
2019-nCoV	15738	C	T	SNP	Heterozygous	orf1ab	QHD43415.1	2	c.15474C>T	p.Phe5158Phe	synonymous_variant	LOW	0.0651956	282.503	59122
2019-nCoV	15939	T	C	SNP	Heterozygous	orf1ab	QHD43415.1	2	c.15675T>C	p.Asp5225Asp	synonymous_variant	LOW	0.058029	329.432	41943
2019-nCoV	16342	T	C	SNP	Heterozygous	orf1ab	QHD43415.1	2	c.16078T>C	p.Ser5360Pro	missense_variant	MODERATE	0.0690345	474.267	45559
2019-nCoV	16457	C	T	SNP	Heterozygous	orf1ab	QHD43415.1	2	c.16193C>T	p.Ser5398Leu	missense_variant	MODERATE	0.025	35.0616	59578
2019-nCoV	16461	T	C	SNP	Heterozygous	orf1ab	QHD43415.1	2	c.16197T>C	p.His5399His	synonymous_variant	LOW	0.0485	145.547	59586
2019-nCoV	16616	C	A	SNP	Heterozygous	orf1ab	QHD43415.1	2	c.16352C>A	p.Thr5451Asn	missense_variant	MODERATE	0.145509	1816.36	12394
2019-nCoV	16935	G	A	SNP	Heterozygous	orf1ab	QHD43415.1	2	c.16671G>A	p.Met5557Ile	missense_variant	MODERATE	0.191596	2870.67	42341
2019-nCoV	17039	A	G	SNP	Heterozygous	orf1ab	QHD43415.1	2	c.16775A>G	p.Asn5592Ser	missense_variant	MODERATE	0.107	840.985	30140
2019-nCoV	17339	C	T	SNP	Heterozygous	orf1ab	QHD43415.1	2	c.17075C>T	p.Ala5692Val	missense_variant	MODERATE	0.02	14.916	27944
2019-nCoV	17402	C	T	SNP	Heterozygous	orf1ab	QHD43415.1	2	c.17138C>T	p.Ala5713Val	missense_variant	MODERATE	0.0365	110.196	39959
2019-nCoV	17410	C	T	SNP	Homozygous	orf1ab	QHD43415.1	2	c.17146C>T	p.Arg5716Cys	missense_variant	MODERATE	1.0	36398.8	39796
2019-nCoV	17859	T	C	SNP	Heterozygous	orf1ab	QHD43415.1	2	c.17595T>C	p.Tyr5865Tyr	synonymous_variant	LOW	0.033	84.3518	17033
2019-nCoV	18163	A	G	SNP	Homozygous	orf1ab	QHD43415.1	2	c.17899A>G	p.Ile5967Val	missense_variant	MODERATE	1.0	33813.3	15879
2019-nCoV	18409	T	C	SNP	Heterozygous	orf1ab	QHD43415.1	2	c.18145T>C	p.Tyr6049His	missense_variant	MODERATE	0.0255	38.0877	12254
2019-nCoV	18583	G	A	SNP	Heterozygous	orf1ab	QHD43415.1	2	c.18319G>A	p.Val6107Ile	missense_variant	MODERATE	0.0535	279.578	18244
2019-nCoV	18975	T	C	SNP	Heterozygous	orf1ab	QHD43415.1	2	c.18711T>C	p.Val6237Val	synonymous_variant	LOW	0.0285	23.3718	31844
2019-nCoV	19160	C	T	SNP	Heterozygous	orf1ab	QHD43415.1	2	c.18896C>T	p.Ser6299Phe	missense_variant	MODERATE	0.0515	257.164	10676
2019-nCoV	19326	A	G	SNP	Heterozygous	orf1ab	QHD43415.1	2	c.19062A>G	p.Pro6354Pro	synonymous_variant	LOW	0.072036	377.962	29727
2019-nCoV	19524	C	T	SNP	Heterozygous	orf1ab	QHD43415.1	2	c.19260C>T	p.Leu6420Leu	synonymous_variant	LOW	0.0795398	462.359	27096
2019-nCoV	19955	C	T	SNP	Homozygous	orf1ab	QHD43415.1	2	c.19691C>T	p.Thr6564Ile	missense_variant	MODERATE	1.0	33569.2	33952
2019-nCoV	20055	A	G	SNP	Homozygous	orf1ab	QHD43415.1	2	c.19791A>G	p.Glu6597Glu	synonymous_variant	LOW	0.981982	32415.8	24850
2019-nCoV	20235	C	T	SNP	Heterozygous	orf1ab	QHD43415.1	2	c.19971C>T	p.Pro6657Pro	synonymous_variant	LOW	0.026013	40.6379	7885
2019-nCoV	20409	T	C	SNP	Heterozygous	orf1ab	QHD43415.1	2	c.20145T>C	p.Phe6715Phe	synonymous_variant	LOW	0.0245368	33.193	40514
2019-nCoV	21077	C	T	SNP	Heterozygous	orf1ab	QHD43415.1	2	c.20813C>T	p.Thr6938Ile	missense_variant	MODERATE	0.0285571	54.7383	67593
2019-nCoV	21595	C	T	SNP	Heterozygous	S	QHD43416.1	1	c.33C>T	p.Val11Val	synonymous_variant	LOW	0.0565283	308.617	4950
2019-nCoV	21618	C	T	SNP	Homozygous	S	QHD43416.1	1	c.56C>T	p.Thr19Ile	missense_variant	MODERATE	0.9995	33870.6	14612
2019-nCoV	21632	TTACCCCCTG	T	DEL	Homozygous	S	QHD43416.1	1	c.71_79delTACCCCCTG	p.Leu24_Ala27delinsSer	disruptive_inframe_deletion	MODERATE	1.0	36124.4	14184
2019-nCoV	21764	ATACATG	A	DEL	Heterozygous	S	QHD43416.1	1	c.204_209delACATGT	p.His69_Val70del	disruptive_inframe_deletion	MODERATE	0.926359	30952.9	16571
2019-nCoV	21789	C	T	SNP	Heterozygous	S	QHD43416.1	1	c.227C>T	p.Thr76Ile	missense_variant	MODERATE	0.02	14.8962	16945
2019-nCoV	21987	G	A	SNP	Homozygous	S	QHD43416.1	1	c.425G>A	p.Gly142Asp	missense_variant	MODERATE	0.993497	33253.6	17591
2019-nCoV	21995	T	C	SNP	Heterozygous	S	QHD43416.1	1	c.433T>C	p.Tyr145His	missense_variant	MODERATE	0.024012	30.2395	17695
2019-nCoV	21997	C	T	SNP	Heterozygous	S	QHD43416.1	1	c.435C>T	p.Tyr145Tyr	synonymous_variant	LOW	0.0250376	35.6363	17684
2019-nCoV	22001	A	G	SNP	Heterozygous	S	QHD43416.1	1	c.439A>G	p.Lys147Glu	missense_variant	MODERATE	0.0490982	140.301	16792
2019-nCoV	22016	T	C	SNP	Heterozygous	S	QHD43416.1	1	c.454T>C	p.Trp152Arg	missense_variant	MODERATE	0.0455228	191.429	17748
2019-nCoV	22033	C	A	SNP	Heterozygous	S	QHD43416.1	1	c.471C>A	p.Phe157Leu	missense_variant	MODERATE	0.0285143	24.1166	31489
2019-nCoV	22193	A	T	SNP	Heterozygous	S	QHD43416.1	1	c.631A>T	p.Asn211Tyr	missense_variant	MODERATE	0.034	42.1397	9969
2019-nCoV	22200	T	A	SNP	Heterozygous	S	QHD43416.1	1	c.638T>A	p.Val213Glu	missense_variant	MODERATE	0.0265133	35473.7	9936
2019-nCoV	22200	T	G	SNP	Heterozygous	S	QHD43416.1	1	c.638T>G	p.Val213Gly	missense_variant	MODERATE	0.963482	35473.7	9936
2019-nCoV	22331	G	A	SNP	Heterozygous	S	QHD43416.1	1	c.769G>A	p.Gly257Ser	missense_variant	MODERATE	0.0605	250.783	12075
2019-nCoV	22577	GG	CA	MNP	Heterozygous	S	QHD43416.1	1	c.1015_1016delGGinsCA	p.Gly339His	missense_variant	MODERATE	0.0676379	34136.5	10757
2019-nCoV	22578	G	A	SNP	Heterozygous	S	QHD43416.1	1	c.1016G>A	p.Gly339Asp	missense_variant	MODERATE	0.931842	34136.5	10757
2019-nCoV	22599	G	C	SNP	Heterozygous	S	QHD43416.1	1	c.1037G>C	p.Arg346Thr	missense_variant	MODERATE	0.428643	9748.82	5536
2019-nCoV	22600	A	T	SNP	Heterozygous	S	QHD43416.1	1	c.1038A>T	p.Arg346Ser	missense_variant	MODERATE	0.0480526	215.293	5537
2019-nCoV	22664	C	A	SNP	Heterozygous	S	QHD43416.1	1	c.1102C>A	p.Leu368Ile	missense_variant	MODERATE	0.0345345	95.5082	7168
2019-nCoV	22674	C	T	SNP	Homozygous	S	QHD43416.1	1	c.1112C>T	p.Ser371Phe	missense_variant	MODERATE	0.9985	33338.3	6965
2019-nCoV	22679	T	C	SNP	Homozygous	S	QHD43416.1	1	c.1117T>C	p.Ser373Pro	missense_variant	MODERATE	0.996496	33322.8	6877
2019-nCoV	22686	CCA	TCG	MNP	Homozygous	S	QHD43416.1	1	c.1124_1126delCCAinsTCG	p.SerThr375PheAla	missense_variant	MODERATE	0.999341	25258.6	1890
2019-nCoV	22775	G	A	SNP	Homozygous	S	QHD43416.1	1	c.1213G>A	p.Asp405Asn	missense_variant	MODERATE	1.0	25456.3	1509
2019-nCoV	22786	A	C	SNP	Homozygous	S	QHD43416.1	1	c.1224A>C	p.Arg408Ser	missense_variant	MODERATE	1.0	26611.6	1479
2019-nCoV	22813	G	T	SNP	Homozygous	S	QHD43416.1	1	c.1251G>T	p.Lys417Asn	missense_variant	MODERATE	1.0	33954.3	25083
2019-nCoV	22882	T	G	SNP	Homozygous	S	QHD43416.1	1	c.1320T>G	p.Asn440Lys	missense_variant	MODERATE	1.0	33888.5	40517
2019-nCoV	22893	A	C	SNP	Heterozygous	S	QHD43416.1	1	c.1331A>C	p.Lys444Thr	missense_variant	MODERATE	0.163737	2740.21	40540
2019-nCoV	22898	G	A	SNP	Heterozygous	S	QHD43416.1	1	c.1336G>A	p.Gly446Ser	missense_variant	MODERATE	0.0782347	964.272	40489
2019-nCoV	22917	T	G	SNP	Heterozygous	S	QHD43416.1	1	c.1355T>G	p.Leu452Arg	missense_variant	MODERATE	0.916458	30915.5	39976
2019-nCoV	22942	T	A	SNP	Heterozygous	S	QHD43416.1	1	c.1380T>A	p.Asn460Lys	missense_variant	MODERATE	0.154274	4270.11	38961
2019-nCoV	22992	GCAC	ACAA	MNP	Homozygous	S	QHD43416.1	1	c.1430_1433delGCACinsACAA	p.SerThr477AsnLys	missense_variant	MODERATE	1.0	36115.0	15350
2019-nCoV	23013	A	C	SNP	Homozygous	S	QHD43416.1	1	c.1451A>C	p.Glu484Ala	missense_variant	MODERATE	0.996488	35932.3	26527
2019-nCoV	23018	T	G	SNP	Heterozygous	S	QHD43416.1	1	c.1456T>G	p.Phe486Val	missense_variant	MODERATE	0.916958	30980.7	26590
2019-nCoV	23019	T	C	SNP	Heterozygous	S	QHD43416.1	1	c.1457T>C	p.Phe486Ser	missense_variant	MODERATE	0.0570285	321.146	26590
2019-nCoV	23031	T	C	SNP	Heterozygous	S	QHD43416.1	1	c.1469T>C	p.Phe490Ser	missense_variant	MODERATE	0.025	35.1135	26632
2019-nCoV	23055	A	G	SNP	Homozygous	S	QHD43416.1	1	c.1493A>G	p.Gln498Arg	missense_variant	MODERATE	0.994975	35696.9	11422
2019-nCoV	23063	A	T	SNP	Homozygous	S	QHD43416.1	1	c.1501A>T	p.Asn501Tyr	missense_variant	MODERATE	0.994992	33255.3	11515
2019-nCoV	23075	T	C	SNP	Homozygous	S	QHD43416.1	1	c.1513T>C	p.Tyr505His	missense_variant	MODERATE	0.997996	19748.9	11682
2019-nCoV	23185	C	T	SNP	Heterozygous	S	QHD43416.1	1	c.1623C>T	p.Phe541Phe	synonymous_variant	LOW	0.0771543	437.026	22695
2019-nCoV	23403	A	G	SNP	Homozygous	S	QHD43416.1	1	c.1841A>G	p.Asp614Gly	missense_variant	MODERATE	0.996991	35689.0	49634
2019-nCoV	23525	C	T	SNP	Homozygous	S	QHD43416.1	1	c.1963C>T	p.His655Tyr	missense_variant	MODERATE	0.998998	33696.8	84718
2019-nCoV	23535	A	G	SNP	Heterozygous	S	QHD43416.1	1	c.1973A>G	p.Asn658Ser	missense_variant	MODERATE	0.02	14.4326	84689
2019-nCoV	23558	A	G	SNP	Heterozygous	S	QHD43416.1	1	c.1996A>G	p.Ile666Val	missense_variant	MODERATE	0.0390195	132.642	64827
2019-nCoV	23599	T	G	SNP	Homozygous	S	QHD43416.1	1	c.2037T>G	p.Asn679Lys	missense_variant	MODERATE	0.998499	33747.8	105240
2019-nCoV	23604	C	A	SNP	Homozygous	S	QHD43416.1	1	c.2042C>A	p.Pro681His	missense_variant	MODERATE	0.996495	36100.5	105297
2019-nCoV	23608	G	T	SNP	Heterozygous	S	QHD43416.1	1	c.2046G>T	p.Arg682Arg	synonymous_variant	LOW	0.0451581	186.353	105465
2019-nCoV	23854	C	A	SNP	Homozygous	S	QHD43416.1	1	c.2292C>A	p.Asn764Lys	missense_variant	MODERATE	0.995477	32881.2	19228
2019-nCoV	23948	GATTTTGG	TATTTGTGGT	MIXED	Heterozygous	S	QHD43416.1	1	c.2386_2393delGATTTTGGinsTATTTGTGGT	p.Asp796fs	frameshift_variant&missense_variant	HIGH	0.0671321	32483.5	19489
2019-nCoV	23948	G	T	SNP	Heterozygous	S	QHD43416.1	1	c.2386G>T	p.Asp796Tyr	missense_variant	MODERATE	0.890977	32483.5	19489
2019-nCoV	24130	C	T	SNP	Heterozygous	S	QHD43416.1	1	c.2568C>T	p.Asn856Asn	synonymous_variant	LOW	0.0265133	42.8856	22736
2019-nCoV	24326	T	G	SNP	Heterozygous	S	QHD43416.1	1	c.2764T>G	p.Leu922Val	missense_variant	MODERATE	0.0771543	592.799	26785
2019-nCoV	24424	A	T	SNP	Homozygous	S	QHD43416.1	1	c.2862A>T	p.Gln954His	missense_variant	MODERATE	0.994	35787.5	36744
2019-nCoV	24469	T	A	SNP	Homozygous	S	QHD43416.1	1	c.2907T>A	p.Asn969Lys	missense_variant	MODERATE	0.993964	31962.8	54112
2019-nCoV	24583	T	C	SNP	Heterozygous	S	QHD43416.1	1	c.3021T>C	p.Tyr1007Tyr	synonymous_variant	LOW	0.0465	203.559	19042
2019-nCoV	24620	G	T	SNP	Heterozygous	S	QHD43416.1	1	c.3058G>T	p.Ala1020Ser	missense_variant	MODERATE	0.0685686	469.323	33550
2019-nCoV	24904	C	T	SNP	Heterozygous	S	QHD43416.1	1	c.3342C>T	p.Ile1114Ile	synonymous_variant	LOW	0.0431294	165.797	23132
2019-nCoV	25000	C	T	SNP	Homozygous	S	QHD43416.1	1	c.3438C>T	p.Asp1146Asp	synonymous_variant	LOW	0.999495	33405.0	31072
2019-nCoV	25416	C	T	SNP	Heterozygous	ORF3a	QHD43417.1	1	c.24C>T	p.Phe8Phe	synonymous_variant	LOW	0.111167	1155.9	38436
2019-nCoV	25513	C	T	SNP	Heterozygous	ORF3a	QHD43417.1	1	c.121C>T	p.Leu41Phe	missense_variant	MODERATE	0.036	107.349	115670
2019-nCoV	25584	C	T	SNP	Homozygous	ORF3a	QHD43417.1	1	c.192C>T	p.Thr64Thr	synonymous_variant	LOW	0.993985	35844.9	94465
2019-nCoV	25991	G	T	SNP	Heterozygous	ORF3a	QHD43417.1	1	c.599G>T	p.Cys200Phe	missense_variant	MODERATE	0.02001	14.1698	40381
2019-nCoV	26031	G	A	SNP	Heterozygous	ORF3a	QHD43417.1	1	c.639G>A	p.Gln213Gln	synonymous_variant	LOW	0.0225	24.0725	40392
2019-nCoV	26060	C	T	SNP	Homozygous	ORF3a	QHD43417.1	1	c.668C>T	p.Thr223Ile	missense_variant	MODERATE	1.0	33884.5	36697
2019-nCoV	26078	C	T	SNP	Heterozygous	ORF3a	QHD43417.1	1	c.686C>T	p.Thr229Ile	missense_variant	MODERATE	0.022	22.1783	36670
2019-nCoV	26171	T	C	SNP	Heterozygous	ORF3a	QHD43417.1	1	c.779T>C	p.Met260Thr	missense_variant	MODERATE	0.0370185	114.623	84531
2019-nCoV	26270	C	T	SNP	Homozygous	E	QHD43418.1	1	c.26C>T	p.Thr9Ile	missense_variant	MODERATE	0.9995	33873.2	86394
2019-nCoV	26275	A	G	SNP	Heterozygous	E	QHD43418.1	1	c.31A>G	p.Thr11Ala	missense_variant	MODERATE	0.085	713.441	86117
2019-nCoV	26529	G	A	SNP	Heterozygous	M	QHD43419.1	1	c.7G>A	p.Asp3Asn	missense_variant	MODERATE	0.905	30239.2	13575
2019-nCoV	26577	C	G	SNP	Homozygous	M	QHD43419.1	1	c.55C>G	p.Gln19Glu	missense_variant	MODERATE	0.993471	35662.1	5271
2019-nCoV	26709	G	A	SNP	Homozygous	M	QHD43419.1	1	c.187G>A	p.Ala63Thr	missense_variant	MODERATE	1.0	36283.1	24266
2019-nCoV	26858	C	T	SNP	Heterozygous	M	QHD43419.1	1	c.336C>T	p.Phe112Phe	synonymous_variant	LOW	0.0525526	263.277	37761
2019-nCoV	27012	C	T	SNP	Heterozygous	M	QHD43419.1	1	c.490C>T	p.Leu164Leu	synonymous_variant	LOW	0.3095	5274.61	44907
2019-nCoV	27038	A	G	SNP	Heterozygous	M	QHD43419.1	1	c.516A>G	p.Thr172Thr	synonymous_variant	LOW	0.249	4323.5	6673
2019-nCoV	27259	A	C	SNP	Heterozygous	ORF6	QHD43420.1	1	c.58A>C	p.Arg20Arg	synonymous_variant	LOW	0.0776942	595.031	12466
2019-nCoV	27382	GAT	CTC	MNP	Heterozygous	ORF6	QHD43420.1	1	c.181_183delGATinsCTC	p.Asp61Leu	missense_variant	MODERATE	0.0875506	745.169	4828
2019-nCoV	27389	C	T	SNP	Heterozygous	ORF7a	QHD43421.1	-1	c.-5C>T	.	upstream_gene_variant	MODIFIER	0.02	14.9409	6454
2019-nCoV	27393	C	T	SNP	Heterozygous	ORF7a	QHD43421.1	-1	c.-1C>T	.	upstream_gene_variant	MODIFIER	0.055	293.555	6471
2019-nCoV	27432	T	C	SNP	Heterozygous	ORF7a	QHD43421.1	1	c.39T>C	p.Ala13Ala	synonymous_variant	LOW	0.0726453	522.699	26215
2019-nCoV	27438	T	C	SNP	Heterozygous	ORF7a	QHD43421.1	1	c.45T>C	p.Cys15Cys	synonymous_variant	LOW	0.0385193	70.4678	26245
2019-nCoV	27513	C	T	SNP	Heterozygous	ORF7a	QHD43421.1	1	c.120C>T	p.Tyr40Tyr	synonymous_variant	LOW	0.316792	6231.22	49771
2019-nCoV	27532	C	T	SNP	Heterozygous	ORF7a	QHD43421.1	1	c.139C>T	p.His47Tyr	missense_variant	MODERATE	0.046371	177.663	50031
2019-nCoV	27807	C	T	SNP	Homozygous	ORF8	QHD43422.1	-1	c.-87C>T	.	upstream_gene_variant	MODIFIER	0.997986	36028.5	32787
2019-nCoV	27841	G	A	SNP	Heterozygous	ORF8	QHD43422.1	-1	c.-53G>A	.	upstream_gene_variant	MODIFIER	0.0230576	26.0907	32974
2019-nCoV	27889	C	T	SNP	Heterozygous	ORF8	QHD43422.1	-1	c.-5C>T	.	upstream_gene_variant	MODIFIER	0.878758	28798.3	17766
2019-nCoV	27915	G	T	SNP	Heterozygous	ORF8	QHD43422.1	1	c.22G>T	p.Gly8*	stop_gained	HIGH	0.126126	1435.57	25854
2019-nCoV	27923	C	T	SNP	Heterozygous	ORF8	QHD43422.1	1	c.30C>T	p.Ile10Ile	synonymous_variant	LOW	0.04	79.836	8896
2019-nCoV	28271	A	T	SNP	Heterozygous	N	QHD43423.2	-1	c.-3A>T	.	upstream_gene_variant	MODIFIER	0.967451	31008.7	116548
2019-nCoV	28311	C	T	SNP	Heterozygous	N	QHD43423.2	1	c.38C>T	p.Pro13Leu	missense_variant	MODERATE	0.798897	36315.5	116934
2019-nCoV	28311	CC	TT	MNP	Heterozygous	N	QHD43423.2	1	c.38_39delCCinsTT	p.Pro13Leu	missense_variant	MODERATE	0.200602	36315.5	116934
2019-nCoV	28330	A	G	SNP	Heterozygous	N	QHD43423.2	1	c.57A>G	p.Gly19Gly	synonymous_variant	LOW	0.543086	13837.4	110535
2019-nCoV	28361	GGAGAACGCA	G	DEL	Heterozygous	N	QHD43423.2	1	c.90_98delAGAACGCAG	p.Glu31_Ser33del	disruptive_inframe_deletion	MODERATE	0.814508	34675.7	28541
2019-nCoV	28361	GGAGAACGCAG	TT	MIXED	Heterozygous	N	QHD43423.2	1	c.88_98delGGAGAACGCAGinsTT	p.Gly30_Ser33delinsPhe	missense_variant&disruptive_inframe_deletion	MODERATE	0.185492	34675.7	28541
2019-nCoV	28402	A	G	SNP	Heterozygous	N	QHD43423.2	1	c.129A>G	p.Gln43Gln	synonymous_variant	LOW	0.057	216.58	61217
2019-nCoV	28432	C	T	SNP	Heterozygous	N	QHD43423.2	1	c.159C>T	p.Phe53Phe	synonymous_variant	LOW	0.0285428	54.1917	62127
2019-nCoV	28681	G	T	SNP	Heterozygous	N	QHD43423.2	1	c.408G>T	p.Glu136Asp	missense_variant	MODERATE	0.238095	4019.0	141363
2019-nCoV	28697	C	T	SNP	Heterozygous	N	QHD43423.2	1	c.424C>T	p.Pro142Ser	missense_variant	MODERATE	0.0565283	313.274	142602
2019-nCoV	28881	GGG	AAC	MNP	Homozygous	N	QHD43423.2	1	c.608_610delGGGinsAAC	p.ArgGly203LysArg	missense_variant	MODERATE	1.0	33601.1	54309
2019-nCoV	28916	G	A	SNP	Heterozygous	N	QHD43423.2	1	c.643G>A	p.Gly215Ser	missense_variant	MODERATE	0.0650325	417.73	117759
2019-nCoV	29269	C	T	SNP	Heterozygous	N	QHD43423.2	1	c.996C>T	p.Thr332Thr	synonymous_variant	LOW	0.027	17.9028	28297
2019-nCoV	29510	A	C	SNP	Homozygous	N	QHD43423.2	1	c.1237A>C	p.Ser413Arg	missense_variant	MODERATE	1.0	33636.6	13254
2019-nCoV	29524	T	C	SNP	Heterozygous	N	QHD43423.2	1	c.1251T>C	p.Thr417Thr	synonymous_variant	LOW	0.062031	374.261	13154
2019-nCoV	29666	C	T	SNP	Heterozygous	ORF10	QHI42199.1	1	c.109C>T	p.Leu37Phe	missense_variant	MODERATE	0.083	679.312	12255
2019-nCoV	29724	C	T	SNP	Heterozygous	S	QHD43416.1	-1	c.*4340C>T	.	downstream_gene_variant	MODIFIER	0.0475	131.667	10966
2019-nCoV	29733	CGAGGCCACGCGGAGTACGATCGAGTG	C	DEL	Homozygous	S	QHD43416.1	-1	c.*4350_*4375delGAGGCCACGCGGAGTACGATCGAGTG	.	downstream_gene_variant	MODIFIER	1.0	35937.7	9692
2019-nCoV	29758	TG	CC	MNP	Homozygous	S	QHD43416.1	-1	c.*4374_*4375delTGinsCC	.	downstream_gene_variant	MODIFIER	1.0	34000.1	13
