CHROM	POS	REF	ALT	VARTYPE	GEN[*].GT	ANN[*].GENE	ANN[*].FEATUREID	EFF[*].RANK	ANN[*].HGVS_C	ANN[*].HGVS_P	ANN[*].EFFECT	EFF[*].IMPACT	AF	QUAL	DP
2019-nCoV	44	C	T	SNP	Homozygous	orf1ab	QHD43415.1	-1	c.-222C>T	.	upstream_gene_variant	MODIFIER	0.989489	32905.9	101195
2019-nCoV	241	C	T	SNP	Homozygous	orf1ab	QHD43415.1	-1	c.-25C>T	.	upstream_gene_variant	MODIFIER	0.999499	33626.0	11653
2019-nCoV	286	T	G	SNP	Heterozygous	orf1ab	QHD43415.1	1	c.21T>G	p.Gly7Gly	synonymous_variant	LOW	0.0423387	95.8782	26623
2019-nCoV	298	A	G	SNP	Heterozygous	orf1ab	QHD43415.1	1	c.33A>G	p.Lys11Lys	synonymous_variant	LOW	0.025113	36.516	26603
2019-nCoV	319	G	T	SNP	Heterozygous	orf1ab	QHD43415.1	1	c.54G>T	p.Leu18Phe	missense_variant	MODERATE	0.022011	23.063	85860
2019-nCoV	337	C	T	SNP	Heterozygous	orf1ab	QHD43415.1	1	c.72C>T	p.Arg24Arg	synonymous_variant	LOW	0.0335	45.2127	86825
2019-nCoV	366	C	T	SNP	Heterozygous	orf1ab	QHD43415.1	1	c.101C>T	p.Ser34Phe	missense_variant	MODERATE	0.026	15.659	86788
2019-nCoV	371	G	T	SNP	Heterozygous	orf1ab	QHD43415.1	1	c.106G>T	p.Glu36*	stop_gained	HIGH	0.028	22.0528	86773
2019-nCoV	391	A	G	SNP	Heterozygous	orf1ab	QHD43415.1	1	c.126A>G	p.Ala42Ala	synonymous_variant	LOW	0.021	18.218	86861
2019-nCoV	518	ATGGTTG	A	DEL	Heterozygous	orf1ab	QHD43415.1	1	c.254_259delTGGTTG	p.Met85_Glu87delinsLys	disruptive_inframe_deletion	MODERATE	0.0161209	5.23138	104839
2019-nCoV	572	A	G	SNP	Heterozygous	orf1ab	QHD43415.1	1	c.307A>G	p.Thr103Ala	missense_variant	MODERATE	0.0225	24.1483	50376
2019-nCoV	621	G	T	SNP	Heterozygous	orf1ab	QHD43415.1	1	c.356G>T	p.Arg119Leu	missense_variant	MODERATE	0.0215108	20.2477	77640
2019-nCoV	670	T	G	SNP	Heterozygous	orf1ab	QHD43415.1	1	c.405T>G	p.Ser135Arg	missense_variant	MODERATE	0.972986	31981.6	77261
2019-nCoV	772	TA	T	DEL	Heterozygous	orf1ab	QHD43415.1	1	c.508delA	p.Thr170fs	frameshift_variant	HIGH	0.0175351	6.67483	62035
2019-nCoV	798	A	G	SNP	Heterozygous	orf1ab	QHD43415.1	1	c.533A>G	p.Asn178Ser	missense_variant	MODERATE	0.116	1249.38	35387
2019-nCoV	832	C	T	SNP	Heterozygous	orf1ab	QHD43415.1	1	c.567C>T	p.Asn189Asn	synonymous_variant	LOW	0.0525789	268.735	35377
2019-nCoV	970	G	C	SNP	Heterozygous	orf1ab	QHD43415.1	1	c.705G>C	p.Glu235Asp	missense_variant	MODERATE	0.0720721	518.927	30290
2019-nCoV	1066	TG	T	DEL	Heterozygous	orf1ab	QHD43415.1	1	c.805delG	p.Glu269fs	frameshift_variant	HIGH	0.0486703	100.484	15641
2019-nCoV	1122	C	T	SNP	Heterozygous	orf1ab	QHD43415.1	1	c.857C>T	p.Pro286Leu	missense_variant	MODERATE	0.023	26.3065	15798
2019-nCoV	1148	G	T	SNP	Heterozygous	orf1ab	QHD43415.1	1	c.883G>T	p.Gly295Cys	missense_variant	MODERATE	0.028	22.0339	21696
2019-nCoV	1480	C	G	SNP	Heterozygous	orf1ab	QHD43415.1	1	c.1215C>G	p.Ala405Ala	synonymous_variant	LOW	0.0321932	332.12	92460
2019-nCoV	1516	T	C	SNP	Heterozygous	orf1ab	QHD43415.1	1	c.1251T>C	p.His417His	synonymous_variant	LOW	0.0195	13.3961	93336
2019-nCoV	1539	C	T	SNP	Heterozygous	orf1ab	QHD43415.1	1	c.1274C>T	p.Pro425Leu	missense_variant	MODERATE	0.0225451	25.0818	93179
2019-nCoV	1562	T	G	SNP	Heterozygous	orf1ab	QHD43415.1	1	c.1297T>G	p.Cys433Gly	missense_variant	MODERATE	0.022011	6.32075	92791
2019-nCoV	1627	C	T	SNP	Heterozygous	orf1ab	QHD43415.1	1	c.1362C>T	p.Leu454Leu	synonymous_variant	LOW	0.0305153	31.6169	63150
2019-nCoV	1811	G	T	SNP	Heterozygous	orf1ab	QHD43415.1	1	c.1546G>T	p.Ala516Ser	missense_variant	MODERATE	0.0521255	260.018	20647
2019-nCoV	1823	G	A	SNP	Heterozygous	orf1ab	QHD43415.1	1	c.1558G>A	p.Ala520Thr	missense_variant	MODERATE	0.023	26.309	20490
2019-nCoV	1966	A	G	SNP	Heterozygous	orf1ab	QHD43415.1	1	c.1701A>G	p.Ile567Met	missense_variant	MODERATE	0.0215	20.2271	30176
2019-nCoV	2078	G	T	SNP	Heterozygous	orf1ab	QHD43415.1	1	c.1813G>T	p.Val605Phe	missense_variant	MODERATE	0.0170085	7.4407	30290
2019-nCoV	2101	GCTAA	G	DEL	Heterozygous	orf1ab	QHD43415.1	1	c.1842_1845delTAAC	p.Asn615fs	frameshift_variant	HIGH	0.0598592	354.148	17155
2019-nCoV	2144	G	T	SNP	Heterozygous	orf1ab	QHD43415.1	1	c.1879G>T	p.Val627Phe	missense_variant	MODERATE	0.112056	1172.52	48014
2019-nCoV	2155	G	T	SNP	Heterozygous	orf1ab	QHD43415.1	1	c.1890G>T	p.Trp630Cys	missense_variant	MODERATE	0.0335335	45.2058	47908
2019-nCoV	2203	G	T	SNP	Heterozygous	orf1ab	QHD43415.1	1	c.1938G>T	p.Trp646Cys	missense_variant	MODERATE	0.0515258	257.325	31991
2019-nCoV	2291	C	T	SNP	Heterozygous	orf1ab	QHD43415.1	1	c.2026C>T	p.Gln676*	stop_gained	HIGH	0.044022	177.678	35205
2019-nCoV	2558	C	T	SNP	Heterozygous	orf1ab	QHD43415.1	1	c.2293C>T	p.Pro765Ser	missense_variant	MODERATE	0.026	40.6562	24221
2019-nCoV	2726	A	G	SNP	Heterozygous	orf1ab	QHD43415.1	1	c.2461A>G	p.Thr821Ala	missense_variant	MODERATE	0.0230346	123.509	52093
2019-nCoV	2782	G	A	SNP	Heterozygous	orf1ab	QHD43415.1	1	c.2517G>A	p.Val839Val	synonymous_variant	LOW	0.03	29.5485	52579
2019-nCoV	3003	A	G	SNP	Heterozygous	orf1ab	QHD43415.1	1	c.2738A>G	p.Glu913Gly	missense_variant	MODERATE	0.02001	14.9958	71785
2019-nCoV	3036	TC	T	DEL	Heterozygous	orf1ab	QHD43415.1	1	c.2772delC	p.Tyr925fs	frameshift_variant	HIGH	0.0552178	35810.9	70529
2019-nCoV	3037	C	T	SNP	Heterozygous	orf1ab	QHD43415.1	1	c.2772C>T	p.Phe924Phe	synonymous_variant	LOW	0.944276	35810.9	70529
2019-nCoV	3104	T	AA	MIXED	Heterozygous	orf1ab	QHD43415.1	1	c.2839delTinsAA	p.Tyr947fs	frameshift_variant&stop_gained&missense_variant	HIGH	0.0190572	9.7874	36390
2019-nCoV	3201	G	T	SNP	Heterozygous	orf1ab	QHD43415.1	1	c.2936G>T	p.Trp979Leu	missense_variant	MODERATE	0.0505	158.566	21771
2019-nCoV	3217	T	C	SNP	Heterozygous	orf1ab	QHD43415.1	1	c.2952T>C	p.Ser984Ser	synonymous_variant	LOW	0.044	178.705	21711
2019-nCoV	3247	T	C	SNP	Heterozygous	orf1ab	QHD43415.1	1	c.2982T>C	p.Ser994Ser	synonymous_variant	LOW	0.0295	27.57	28140
2019-nCoV	3472	A	G	SNP	Heterozygous	orf1ab	QHD43415.1	1	c.3207A>G	p.Gly1069Gly	synonymous_variant	LOW	0.0325163	81.4689	8513
2019-nCoV	3648	T	C	SNP	Heterozygous	orf1ab	QHD43415.1	1	c.3383T>C	p.Ile1128Thr	missense_variant	MODERATE	0.030015	64.1788	59648
2019-nCoV	3718	TG	T	DEL	Heterozygous	orf1ab	QHD43415.1	1	c.3455delG	p.Gly1152fs	frameshift_variant	HIGH	0.0602712	194.508	30751
2019-nCoV	3756	T	C	SNP	Heterozygous	orf1ab	QHD43415.1	1	c.3491T>C	p.Val1164Ala	missense_variant	MODERATE	0.0446115	184.918	39049
2019-nCoV	3939	G	A	SNP	Heterozygous	orf1ab	QHD43415.1	1	c.3674G>A	p.Arg1225Lys	missense_variant	MODERATE	0.0207385	119.697	19770
2019-nCoV	4054	T	C	SNP	Heterozygous	orf1ab	QHD43415.1	1	c.3789T>C	p.Leu1263Leu	synonymous_variant	LOW	0.026	15.6076	20419
2019-nCoV	4084	C	T	SNP	Heterozygous	orf1ab	QHD43415.1	1	c.3819C>T	p.Asp1273Asp	synonymous_variant	LOW	0.0355178	103.737	20472
2019-nCoV	4123	A	G	SNP	Heterozygous	orf1ab	QHD43415.1	1	c.3858A>G	p.Ile1286Met	missense_variant	MODERATE	0.0350175	99.7368	9021
2019-nCoV	4157	G	T	SNP	Heterozygous	orf1ab	QHD43415.1	1	c.3892G>T	p.Ala1298Ser	missense_variant	MODERATE	0.0581162	335.476	9038
2019-nCoV	4168	A	G	SNP	Heterozygous	orf1ab	QHD43415.1	1	c.3903A>G	p.Ile1301Met	missense_variant	MODERATE	0.058	332.965	32769
2019-nCoV	4184	G	A	SNP	Homozygous	orf1ab	QHD43415.1	1	c.3919G>A	p.Gly1307Ser	missense_variant	MODERATE	0.997495	36134.0	33057
2019-nCoV	4321	C	T	SNP	Heterozygous	orf1ab	QHD43415.1	1	c.4056C>T	p.Ala1352Ala	synonymous_variant	LOW	0.970322	31317.8	80117
2019-nCoV	4386	A	G	SNP	Heterozygous	orf1ab	QHD43415.1	1	c.4121A>G	p.Asn1374Ser	missense_variant	MODERATE	0.086043	728.549	78708
2019-nCoV	4510	G	C	SNP	Heterozygous	orf1ab	QHD43415.1	1	c.4245G>C	p.Val1415Val	synonymous_variant	LOW	0.0425852	99.4467	44880
2019-nCoV	4538	T	C	SNP	Heterozygous	orf1ab	QHD43415.1	1	c.4273T>C	p.Tyr1425His	missense_variant	MODERATE	0.022579	8.18021	79040
2019-nCoV	4555	T	C	SNP	Heterozygous	orf1ab	QHD43415.1	1	c.4290T>C	p.Thr1430Thr	synonymous_variant	LOW	0.0210738	19.5707	79329
2019-nCoV	4586	C	T	SNP	Heterozygous	orf1ab	QHD43415.1	1	c.4321C>T	p.Leu1441Leu	synonymous_variant	LOW	0.044	178.384	79302
2019-nCoV	4633	C	T	SNP	Heterozygous	orf1ab	QHD43415.1	1	c.4368C>T	p.Gly1456Gly	synonymous_variant	LOW	0.019019	11.9682	78682
2019-nCoV	4705	TG	T	DEL	Heterozygous	orf1ab	QHD43415.1	1	c.4441delG	p.Asp1481fs	frameshift_variant	HIGH	0.0235589	28.0826	100159
2019-nCoV	4853	A	T	SNP	Heterozygous	orf1ab	QHD43415.1	1	c.4588A>T	p.Arg1530*	stop_gained	HIGH	0.0295739	27.8225	79327
2019-nCoV	4975	G	A	SNP	Heterozygous	orf1ab	QHD43415.1	1	c.4710G>A	p.Val1570Val	synonymous_variant	LOW	0.0195098	13.4107	35061
2019-nCoV	4981	A	G	SNP	Heterozygous	orf1ab	QHD43415.1	1	c.4716A>G	p.Thr1572Thr	synonymous_variant	LOW	0.017	6.93554	34997
2019-nCoV	5196	G	A	SNP	Heterozygous	orf1ab	QHD43415.1	1	c.4931G>A	p.Gly1644Asp	missense_variant	MODERATE	0.0205	16.6385	26580
2019-nCoV	5365	C	T	SNP	Heterozygous	orf1ab	QHD43415.1	1	c.5100C>T	p.Tyr1700Tyr	synonymous_variant	LOW	0.03	29.4687	30786
2019-nCoV	5371	A	G	SNP	Heterozygous	orf1ab	QHD43415.1	1	c.5106A>G	p.Ala1702Ala	synonymous_variant	LOW	0.245123	3641.74	30716
2019-nCoV	5440	A	G	SNP	Heterozygous	orf1ab	QHD43415.1	1	c.5175A>G	p.Leu1725Leu	synonymous_variant	LOW	0.0175	8.03987	11386
2019-nCoV	5469	T	C	SNP	Heterozygous	orf1ab	QHD43415.1	1	c.5204T>C	p.Leu1735Ser	missense_variant	MODERATE	0.018	9.23785	22322
2019-nCoV	5594	G	T	SNP	Heterozygous	orf1ab	QHD43415.1	1	c.5329G>T	p.Glu1777*	stop_gained	HIGH	0.0205205	16.1662	60754
2019-nCoV	5724	C	T	SNP	Heterozygous	orf1ab	QHD43415.1	1	c.5459C>T	p.Thr1820Ile	missense_variant	MODERATE	0.028014	51.8675	56475
2019-nCoV	6000	T	C	SNP	Heterozygous	orf1ab	QHD43415.1	1	c.5735T>C	p.Ile1912Thr	missense_variant	MODERATE	0.027	18.7132	26273
2019-nCoV	6063	A	T	SNP	Heterozygous	orf1ab	QHD43415.1	1	c.5798A>T	p.Asp1933Val	missense_variant	MODERATE	0.026026	40.7519	66005
2019-nCoV	6287	T	C	SNP	Heterozygous	orf1ab	QHD43415.1	1	c.6022T>C	p.Trp2008Arg	missense_variant	MODERATE	0.0445669	185.498	37606
2019-nCoV	6317	C	T	SNP	Heterozygous	orf1ab	QHD43415.1	1	c.6052C>T	p.Pro2018Ser	missense_variant	MODERATE	0.0165913	6.58489	87468
2019-nCoV	6342	A	G	SNP	Heterozygous	orf1ab	QHD43415.1	1	c.6077A>G	p.Asp2026Gly	missense_variant	MODERATE	0.0230115	26.3325	50475
2019-nCoV	6507	A	G	SNP	Heterozygous	orf1ab	QHD43415.1	1	c.6242A>G	p.Asn2081Ser	missense_variant	MODERATE	0.0260913	40.2352	110559
2019-nCoV	6606	C	T	SNP	Heterozygous	orf1ab	QHD43415.1	1	c.6341C>T	p.Ser2114Phe	missense_variant	MODERATE	0.0275275	48.3013	6936
2019-nCoV	6816	G	A	SNP	Heterozygous	orf1ab	QHD43415.1	1	c.6551G>A	p.Arg2184Lys	missense_variant	MODERATE	0.023	25.6523	63780
2019-nCoV	6877	G	T	SNP	Heterozygous	orf1ab	QHD43415.1	1	c.6612G>T	p.Lys2204Asn	missense_variant	MODERATE	0.0395	79.0218	7833
2019-nCoV	7017	G	T	SNP	Heterozygous	orf1ab	QHD43415.1	1	c.6752G>T	p.Gly2251Val	missense_variant	MODERATE	0.032016	38.1744	13820
2019-nCoV	7205	T	C	SNP	Heterozygous	orf1ab	QHD43415.1	1	c.6940T>C	p.Phe2314Leu	missense_variant	MODERATE	0.0251636	38.1331	27178
2019-nCoV	7307	C	G	SNP	Heterozygous	orf1ab	QHD43415.1	1	c.7042C>G	p.Gln2348Glu	missense_variant	MODERATE	0.0225	24.1757	15124
2019-nCoV	7309	A	T	SNP	Heterozygous	orf1ab	QHD43415.1	1	c.7044A>T	p.Gln2348His	missense_variant	MODERATE	0.0443102	104.872	15082
2019-nCoV	7343	A	T	SNP	Heterozygous	orf1ab	QHD43415.1	1	c.7078A>T	p.Ser2360Cys	missense_variant	MODERATE	0.021021	4.61386	26222
2019-nCoV	7344	G	C	SNP	Heterozygous	orf1ab	QHD43415.1	1	c.7079G>C	p.Ser2360Thr	missense_variant	MODERATE	0.0205	4.00222	26175
2019-nCoV	7400	G	A	SNP	Heterozygous	orf1ab	QHD43415.1	1	c.7135G>A	p.Ala2379Thr	missense_variant	MODERATE	0.0695	483.019	11415
2019-nCoV	7618	TTG	T	DEL	Heterozygous	orf1ab	QHD43415.1	1	c.7357_7358delGT	p.Val2453fs	frameshift_variant	HIGH	0.0227158	26.4425	43801
2019-nCoV	7702	A	G	SNP	Heterozygous	orf1ab	QHD43415.1	1	c.7437A>G	p.Arg2479Arg	synonymous_variant	LOW	0.0565	315.019	53023
2019-nCoV	7751	G	T	SNP	Heterozygous	orf1ab	QHD43415.1	1	c.7486G>T	p.Val2496Leu	missense_variant	MODERATE	0.0215215	5.49886	52712
2019-nCoV	7825	T	A	SNP	Heterozygous	orf1ab	QHD43415.1	1	c.7560T>A	p.His2520Gln	missense_variant	MODERATE	0.029708	27.7298	41328
2019-nCoV	7940	GT	G	DEL	Heterozygous	orf1ab	QHD43415.1	1	c.7678delT	p.Tyr2560fs	frameshift_variant	HIGH	0.0336008	30.2869	12486
2019-nCoV	8021	G	T	SNP	Heterozygous	orf1ab	QHD43415.1	1	c.7756G>T	p.Val2586Phe	missense_variant	MODERATE	0.055	200.099	41914
2019-nCoV	8053	T	C	SNP	Heterozygous	orf1ab	QHD43415.1	1	c.7788T>C	p.Asn2596Asn	synonymous_variant	LOW	0.0405405	85.6099	42082
2019-nCoV	8075	G	A	SNP	Heterozygous	orf1ab	QHD43415.1	1	c.7810G>A	p.Val2604Ile	missense_variant	MODERATE	0.0365	111.722	42232
2019-nCoV	8625	T	C	SNP	Heterozygous	orf1ab	QHD43415.1	1	c.8360T>C	p.Phe2787Ser	missense_variant	MODERATE	0.0417295	94.4768	38289
2019-nCoV	8651	A	G	SNP	Heterozygous	orf1ab	QHD43415.1	1	c.8386A>G	p.Met2796Val	missense_variant	MODERATE	0.018	9.23491	38513
2019-nCoV	8664	C	T	SNP	Heterozygous	orf1ab	QHD43415.1	1	c.8399C>T	p.Thr2800Ile	missense_variant	MODERATE	0.0335	88.3848	38568
2019-nCoV	8678	G	C	SNP	Heterozygous	orf1ab	QHD43415.1	1	c.8413G>C	p.Glu2805Gln	missense_variant	MODERATE	0.0220884	6.68139	38432
2019-nCoV	8702	G	T	SNP	Heterozygous	orf1ab	QHD43415.1	1	c.8437G>T	p.Asp2813Tyr	missense_variant	MODERATE	0.0880881	751.49	11873
2019-nCoV	8765	T	C	SNP	Heterozygous	orf1ab	QHD43415.1	1	c.8500T>C	p.Phe2834Leu	missense_variant	MODERATE	0.0221217	22.8155	3903
2019-nCoV	8942	G	A	SNP	Heterozygous	orf1ab	QHD43415.1	1	c.8677G>A	p.Gly2893Ser	missense_variant	MODERATE	0.0395198	79.3047	32246
2019-nCoV	8991	C	T	SNP	Heterozygous	orf1ab	QHD43415.1	1	c.8726C>T	p.Ala2909Val	missense_variant	MODERATE	0.0435	106.046	32005
2019-nCoV	9165	C	T	SNP	Heterozygous	orf1ab	QHD43415.1	1	c.8900C>T	p.Thr2967Ile	missense_variant	MODERATE	0.0655328	429.075	13311
2019-nCoV	9344	C	T	SNP	Homozygous	orf1ab	QHD43415.1	1	c.9079C>T	p.Leu3027Phe	missense_variant	MODERATE	1.0	33575.2	22983
2019-nCoV	9424	A	G	SNP	Homozygous	orf1ab	QHD43415.1	1	c.9159A>G	p.Val3053Val	synonymous_variant	LOW	0.9995	36409.5	14532
2019-nCoV	9534	C	T	SNP	Homozygous	orf1ab	QHD43415.1	1	c.9269C>T	p.Thr3090Ile	missense_variant	MODERATE	0.997373	34337.4	1900
2019-nCoV	9651	T	G	SNP	Heterozygous	orf1ab	QHD43415.1	1	c.9386T>G	p.Met3129Arg	missense_variant	MODERATE	0.0320481	79.3846	5299
2019-nCoV	9686	A	G	SNP	Heterozygous	orf1ab	QHD43415.1	1	c.9421A>G	p.Thr3141Ala	missense_variant	MODERATE	0.022	22.1752	5421
2019-nCoV	9763	C	T	SNP	Heterozygous	orf1ab	QHD43415.1	1	c.9498C>T	p.Val3166Val	synonymous_variant	LOW	0.0206134	16.1781	17350
2019-nCoV	9787	T	C	SNP	Heterozygous	orf1ab	QHD43415.1	1	c.9522T>C	p.Thr3174Thr	synonymous_variant	LOW	0.0411647	89.5735	12201
2019-nCoV	9866	C	T	SNP	Heterozygous	orf1ab	QHD43415.1	1	c.9601C>T	p.Leu3201Phe	missense_variant	MODERATE	0.940882	32327.4	41772
2019-nCoV	10029	C	T	SNP	Homozygous	orf1ab	QHD43415.1	1	c.9764C>T	p.Thr3255Ile	missense_variant	MODERATE	0.992496	35822.8	49127
2019-nCoV	10182	T	C	SNP	Heterozygous	orf1ab	QHD43415.1	1	c.9917T>C	p.Ile3306Thr	missense_variant	MODERATE	0.0505	246.108	16423
2019-nCoV	10198	C	T	SNP	Homozygous	orf1ab	QHD43415.1	1	c.9933C>T	p.Asp3311Asp	synonymous_variant	LOW	0.997998	36251.0	39541
2019-nCoV	10447	GCC	ACA	MNP	Homozygous	orf1ab	QHD43415.1	1	c.10182_10184delGCCinsACA	p.Pro3395His	missense_variant	MODERATE	1.0	35951.8	12331
2019-nCoV	10502	T	C	SNP	Heterozygous	orf1ab	QHD43415.1	1	c.10237T>C	p.Phe3413Leu	missense_variant	MODERATE	0.0636911	400.186	12196
2019-nCoV	10699	A	G	SNP	Heterozygous	orf1ab	QHD43415.1	1	c.10434A>G	p.Gly3478Gly	synonymous_variant	LOW	0.0255	38.0862	24185
2019-nCoV	10727	A	G	SNP	Heterozygous	orf1ab	QHD43415.1	1	c.10462A>G	p.Thr3488Ala	missense_variant	MODERATE	0.0165	5.92422	68591
2019-nCoV	10755	C	T	SNP	Heterozygous	orf1ab	QHD43415.1	1	c.10490C>T	p.Ala3497Val	missense_variant	MODERATE	0.0225	24.1492	68636
2019-nCoV	10796	G	A	SNP	Heterozygous	orf1ab	QHD43415.1	1	c.10531G>A	p.Asp3511Asn	missense_variant	MODERATE	0.02001	14.9958	68888
2019-nCoV	10834	C	T	SNP	Heterozygous	orf1ab	QHD43415.1	1	c.10569C>T	p.Ala3523Ala	synonymous_variant	LOW	0.0245123	32.6694	68787
2019-nCoV	10946	A	G	SNP	Heterozygous	orf1ab	QHD43415.1	1	c.10681A>G	p.Arg3561Gly	missense_variant	MODERATE	0.025	35.527	68747
2019-nCoV	10987	A	G	SNP	Heterozygous	orf1ab	QHD43415.1	1	c.10722A>G	p.Arg3574Arg	synonymous_variant	LOW	0.0275	19.6683	25891
2019-nCoV	11200	C	T	SNP	Heterozygous	orf1ab	QHD43415.1	1	c.10935C>T	p.Ala3645Ala	synonymous_variant	LOW	0.027	46.1075	66971
2019-nCoV	11287	GTCTGGTTTT	G	DEL	Homozygous	orf1ab	QHD43415.1	1	c.11023_11031delTCTGGTTTT	p.Ser3675_Phe3677del	conservative_inframe_deletion	MODERATE	1.0	36237.1	66332
2019-nCoV	11318	T	C	SNP	Heterozygous	orf1ab	QHD43415.1	1	c.11053T>C	p.Tyr3685His	missense_variant	MODERATE	0.029	57.8527	67309
2019-nCoV	11400	T	C	SNP	Heterozygous	orf1ab	QHD43415.1	1	c.11135T>C	p.Met3712Thr	missense_variant	MODERATE	0.041	150.456	35105
2019-nCoV	11552	G	A	SNP	Heterozygous	orf1ab	QHD43415.1	1	c.11287G>A	p.Val3763Ile	missense_variant	MODERATE	0.0165165	5.94579	50223
2019-nCoV	11657	TG	CT	MNP	Heterozygous	orf1ab	QHD43415.1	1	c.11392_11393delTGinsCT	p.Cys3798Leu	missense_variant	MODERATE	0.0460293	123.328	36379
2019-nCoV	11674	C	T	SNP	Heterozygous	orf1ab	QHD43415.1	1	c.11409C>T	p.Tyr3803Tyr	synonymous_variant	LOW	0.208104	3261.69	36396
2019-nCoV	11983	AG	A	DEL	Heterozygous	orf1ab	QHD43415.1	1	c.11719delG	p.Ala3907fs	frameshift_variant	HIGH	0.0332494	86.1842	62526
2019-nCoV	12018	T	G	SNP	Heterozygous	orf1ab	QHD43415.1	1	c.11753T>G	p.Leu3918Trp	missense_variant	MODERATE	0.0366466	62.5	10926
2019-nCoV	12080	G	T	SNP	Heterozygous	orf1ab	QHD43415.1	1	c.11815G>T	p.Ala3939Ser	missense_variant	MODERATE	0.0241692	32.4464	17276
2019-nCoV	12160	G	A	SNP	Heterozygous	orf1ab	QHD43415.1	1	c.11895G>A	p.Glu3965Glu	synonymous_variant	LOW	0.168168	2326.3	17619
2019-nCoV	12371	ATGC	A	DEL	Heterozygous	orf1ab	QHD43415.1	1	c.12108_12110delGCT	p.Met4036_Leu4037delinsIle	disruptive_inframe_deletion	MODERATE	0.0227273	24.5043	53839
2019-nCoV	12439	C	T	SNP	Heterozygous	orf1ab	QHD43415.1	1	c.12174C>T	p.Pro4058Pro	synonymous_variant	LOW	0.0286288	22.357	52142
2019-nCoV	12559	C	T	SNP	Heterozygous	orf1ab	QHD43415.1	1	c.12294C>T	p.Ile4098Ile	synonymous_variant	LOW	0.0465	128.279	30018
2019-nCoV	12756	C	T	SNP	Heterozygous	orf1ab	QHD43415.1	1	c.12491C>T	p.Thr4164Ile	missense_variant	MODERATE	0.1015	771.8	66821
2019-nCoV	12769	G	A	SNP	Heterozygous	orf1ab	QHD43415.1	1	c.12504G>A	p.Ala4168Ala	synonymous_variant	LOW	0.0405203	146.028	66648
2019-nCoV	12834	A	G	SNP	Heterozygous	orf1ab	QHD43415.1	1	c.12569A>G	p.Asp4190Gly	missense_variant	MODERATE	0.0602712	353.816	22211
2019-nCoV	12835	T	C	SNP	Heterozygous	orf1ab	QHD43415.1	1	c.12570T>C	p.Asp4190Asp	synonymous_variant	LOW	0.024	30.7381	53359
2019-nCoV	12880	C	T	SNP	Homozygous	orf1ab	QHD43415.1	1	c.12615C>T	p.Ile4205Ile	synonymous_variant	LOW	0.9995	36397.4	55121
2019-nCoV	13114	T	C	SNP	Heterozygous	orf1ab	QHD43415.1	1	c.12849T>C	p.Tyr4283Tyr	synonymous_variant	LOW	0.0215	20.2237	78587
2019-nCoV	13127	G	A	SNP	Heterozygous	orf1ab	QHD43415.1	1	c.12862G>A	p.Gly4288Arg	missense_variant	MODERATE	0.0257836	40.9924	78682
2019-nCoV	13156	G	T	SNP	Heterozygous	orf1ab	QHD43415.1	1	c.12891G>T	p.Met4297Ile	missense_variant	MODERATE	0.0215	20.2275	80318
2019-nCoV	13274	C	T	SNP	Heterozygous	orf1ab	QHD43415.1	1	c.13009C>T	p.Pro4337Ser	missense_variant	MODERATE	0.0335168	45.294	58902
2019-nCoV	13393	G	A	SNP	Heterozygous	orf1ab	QHD43415.1	1	c.13128G>A	p.Trp4376*	stop_gained	HIGH	0.0266332	17.4935	76714
2019-nCoV	13451	GCA	G	DEL	Heterozygous	orf1ab	QHD43415.1	1	c.13189_13190delCA	p.Gln4397fs	frameshift_variant	HIGH	0.0546914	286.798	29486
2019-nCoV	13521	T	C	SNP	Heterozygous	orf1ab	QHD43415.1	2	c.13257T>C	p.Ser4419Ser	synonymous_variant	LOW	0.034017	92.2076	28208
2019-nCoV	13569	TG	T	DEL	Heterozygous	orf1ab	QHD43415.1	2	c.13307delG	p.Gly4436fs	frameshift_variant	HIGH	0.0294267	22.5302	36353
2019-nCoV	13726	G	T	SNP	Heterozygous	orf1ab	QHD43415.1	2	c.13462G>T	p.Val4488Phe	missense_variant	MODERATE	0.056338	311.6	8535
2019-nCoV	13776	A	G	SNP	Heterozygous	orf1ab	QHD43415.1	2	c.13512A>G	p.Pro4504Pro	synonymous_variant	LOW	0.025	35.5286	12150
2019-nCoV	13856	G	T	SNP	Heterozygous	orf1ab	QHD43415.1	2	c.13592G>T	p.Cys4531Phe	missense_variant	MODERATE	0.0355355	103.444	33749
2019-nCoV	14048	G	A	SNP	Heterozygous	orf1ab	QHD43415.1	2	c.13784G>A	p.Gly4595Asp	missense_variant	MODERATE	0.0495	235.076	17295
2019-nCoV	14219	A	G	SNP	Heterozygous	orf1ab	QHD43415.1	2	c.13955A>G	p.Asp4652Gly	missense_variant	MODERATE	0.085	538.218	17637
2019-nCoV	14400	G	T	SNP	Heterozygous	orf1ab	QHD43415.1	2	c.14136G>T	p.Val4712Val	synonymous_variant	LOW	0.0411647	145.016	15919
2019-nCoV	14408	C	T	SNP	Homozygous	orf1ab	QHD43415.1	2	c.14144C>T	p.Pro4715Leu	missense_variant	MODERATE	0.997499	33706.3	15680
2019-nCoV	14502	A	G	SNP	Heterozygous	orf1ab	QHD43415.1	2	c.14238A>G	p.Val4746Val	synonymous_variant	LOW	0.026013	40.7348	31731
2019-nCoV	14701	G	A	SNP	Heterozygous	orf1ab	QHD43415.1	2	c.14437G>A	p.Asp4813Asn	missense_variant	MODERATE	0.0205	16.636	47092
2019-nCoV	14771	A	G	SNP	Heterozygous	orf1ab	QHD43415.1	2	c.14507A>G	p.Gln4836Arg	missense_variant	MODERATE	0.0230115	26.355	27128
2019-nCoV	14790	C	T	SNP	Heterozygous	orf1ab	QHD43415.1	2	c.14526C>T	p.Ile4842Ile	synonymous_variant	LOW	0.0195098	13.4611	39152
2019-nCoV	14858	T	C	SNP	Heterozygous	orf1ab	QHD43415.1	2	c.14594T>C	p.Val4865Ala	missense_variant	MODERATE	0.029	57.8471	39966
2019-nCoV	14912	A	G	SNP	Heterozygous	orf1ab	QHD43415.1	2	c.14648A>G	p.Asn4883Ser	missense_variant	MODERATE	0.031	70.7535	13599
2019-nCoV	14925	C	T	SNP	Heterozygous	orf1ab	QHD43415.1	2	c.14661C>T	p.Val4887Val	synonymous_variant	LOW	0.0408266	148.14	42971
2019-nCoV	14937	C	T	SNP	Heterozygous	orf1ab	QHD43415.1	2	c.14673C>T	p.Asp4891Asp	synonymous_variant	LOW	0.0487682	222.365	45058
2019-nCoV	15009	T	C	SNP	Heterozygous	orf1ab	QHD43415.1	2	c.14745T>C	p.Asp4915Asp	synonymous_variant	LOW	0.3845	7404.24	40646
2019-nCoV	15384	G	A	SNP	Heterozygous	orf1ab	QHD43415.1	2	c.15120G>A	p.Leu5040Leu	synonymous_variant	LOW	0.038	123.903	70024
2019-nCoV	15493	G	T	SNP	Heterozygous	orf1ab	QHD43415.1	2	c.15229G>T	p.Ala5077Ser	missense_variant	MODERATE	0.0405405	146.157	98163
2019-nCoV	15629	G	A	SNP	Heterozygous	orf1ab	QHD43415.1	2	c.15365G>A	p.Cys5122Tyr	missense_variant	MODERATE	0.036	58.3019	68836
2019-nCoV	15654	C	T	SNP	Heterozygous	orf1ab	QHD43415.1	2	c.15390C>T	p.Asp5130Asp	synonymous_variant	LOW	0.0335	88.3864	67499
2019-nCoV	15714	C	T	SNP	Homozygous	orf1ab	QHD43415.1	2	c.15450C>T	p.Leu5150Leu	synonymous_variant	LOW	1.0	36085.9	65799
2019-nCoV	15738	C	T	SNP	Heterozygous	orf1ab	QHD43415.1	2	c.15474C>T	p.Phe5158Phe	synonymous_variant	LOW	0.0371859	65.3768	65097
2019-nCoV	16014	G	A	SNP	Heterozygous	orf1ab	QHD43415.1	2	c.15750G>A	p.Arg5250Arg	synonymous_variant	LOW	0.032	77.6087	17134
2019-nCoV	16030	A	G	SNP	Heterozygous	orf1ab	QHD43415.1	2	c.15766A>G	p.Ile5256Val	missense_variant	MODERATE	0.052	262.734	17161
2019-nCoV	16075	G	T	SNP	Heterozygous	orf1ab	QHD43415.1	2	c.15811G>T	p.Asp5271Tyr	missense_variant	MODERATE	0.0426065	164.971	26758
2019-nCoV	16173	C	T	SNP	Heterozygous	orf1ab	QHD43415.1	2	c.15909C>T	p.Asn5303Asn	synonymous_variant	LOW	0.0335	88.4584	41026
2019-nCoV	16235	A	G	SNP	Heterozygous	orf1ab	QHD43415.1	2	c.15971A>G	p.Gln5324Arg	missense_variant	MODERATE	0.02	14.9707	41298
2019-nCoV	16407	C	T	SNP	Heterozygous	orf1ab	QHD43415.1	2	c.16143C>T	p.Val5381Val	synonymous_variant	LOW	0.0525263	268.536	80588
2019-nCoV	16414	G	T	SNP	Heterozygous	orf1ab	QHD43415.1	2	c.16150G>T	p.Val5384Leu	missense_variant	MODERATE	0.04002	140.459	80664
2019-nCoV	16424	T	C	SNP	Heterozygous	orf1ab	QHD43415.1	2	c.16160T>C	p.Leu5387Pro	missense_variant	MODERATE	0.0215	5.48668	80278
2019-nCoV	16443	C	T	SNP	Heterozygous	orf1ab	QHD43415.1	2	c.16179C>T	p.Ser5393Ser	synonymous_variant	LOW	0.089	776.869	80711
2019-nCoV	16718	G	A	SNP	Heterozygous	orf1ab	QHD43415.1	2	c.16454G>A	p.Arg5485Lys	missense_variant	MODERATE	0.0255	38.0908	48894
2019-nCoV	16741	G	A	SNP	Heterozygous	orf1ab	QHD43415.1	2	c.16477G>A	p.Val5493Ile	missense_variant	MODERATE	0.239152	4034.1	17666
2019-nCoV	16755	A	G	SNP	Heterozygous	orf1ab	QHD43415.1	2	c.16491A>G	p.Arg5497Arg	synonymous_variant	LOW	0.032	38.1089	17620
2019-nCoV	16852	G	A	SNP	Heterozygous	orf1ab	QHD43415.1	2	c.16588G>A	p.Gly5530Ser	missense_variant	MODERATE	0.0165083	5.91426	27004
2019-nCoV	16887	C	T	SNP	Heterozygous	orf1ab	QHD43415.1	2	c.16623C>T	p.Tyr5541Tyr	synonymous_variant	LOW	0.0455	120.501	75197
2019-nCoV	17154	TAC	G	MIXED	Heterozygous	orf1ab	QHD43415.1	2	c.16890_16892delTACinsG	p.Tyr5630fs	frameshift_variant&stop_gained	HIGH	0.0241327	31.0209	94824
2019-nCoV	17166	T	C	SNP	Heterozygous	orf1ab	QHD43415.1	2	c.16902T>C	p.Ser5634Ser	synonymous_variant	LOW	0.061	370.384	95051
2019-nCoV	17254	G	T	SNP	Heterozygous	orf1ab	QHD43415.1	2	c.16990G>T	p.Val5664Leu	missense_variant	MODERATE	0.0495248	237.045	55092
2019-nCoV	17410	C	T	SNP	Homozygous	orf1ab	QHD43415.1	2	c.17146C>T	p.Arg5716Cys	missense_variant	MODERATE	0.998998	33834.6	62023
2019-nCoV	17455	G	C	SNP	Heterozygous	orf1ab	QHD43415.1	2	c.17191G>C	p.Ala5731Pro	missense_variant	MODERATE	0.0225564	24.3746	22329
2019-nCoV	17537	C	T	SNP	Heterozygous	orf1ab	QHD43415.1	2	c.17273C>T	p.Pro5758Leu	missense_variant	MODERATE	0.0205308	23.2624	64850
2019-nCoV	17619	T	C	SNP	Heterozygous	orf1ab	QHD43415.1	2	c.17355T>C	p.Leu5785Leu	synonymous_variant	LOW	0.0381143	125.348	43402
2019-nCoV	17848	G	T	SNP	Heterozygous	orf1ab	QHD43415.1	2	c.17584G>T	p.Gly5862Cys	missense_variant	MODERATE	0.0251004	38.923	31500
2019-nCoV	17919	T	C	SNP	Heterozygous	orf1ab	QHD43415.1	2	c.17655T>C	p.Phe5885Phe	synonymous_variant	LOW	0.0175703	8.19914	32959
2019-nCoV	18001	A	G	SNP	Heterozygous	orf1ab	QHD43415.1	2	c.17737A>G	p.Ser5913Gly	missense_variant	MODERATE	0.022	6.30736	9914
2019-nCoV	18163	A	G	SNP	Homozygous	orf1ab	QHD43415.1	2	c.17899A>G	p.Ile5967Val	missense_variant	MODERATE	0.997499	33613.6	33312
2019-nCoV	18175	C	T	SNP	Heterozygous	orf1ab	QHD43415.1	2	c.17911C>T	p.Pro5971Ser	missense_variant	MODERATE	0.0195098	13.4229	59425
2019-nCoV	18290	G	A	SNP	Heterozygous	orf1ab	QHD43415.1	2	c.18026G>A	p.Arg6009His	missense_variant	MODERATE	0.0195	13.4167	49297
2019-nCoV	18568	C	T	SNP	Heterozygous	orf1ab	QHD43415.1	2	c.18304C>T	p.Leu6102Phe	missense_variant	MODERATE	0.0320481	77.7348	38684
2019-nCoV	18988	G	T	SNP	Heterozygous	orf1ab	QHD43415.1	2	c.18724G>T	p.Val6242Phe	missense_variant	MODERATE	0.0315315	72.7515	70134
2019-nCoV	19048	G	T	SNP	Heterozygous	orf1ab	QHD43415.1	2	c.18784G>T	p.Ala6262Ser	missense_variant	MODERATE	0.0473075	210.989	19302
2019-nCoV	19196	A	G	SNP	Heterozygous	orf1ab	QHD43415.1	2	c.18932A>G	p.Asn6311Ser	missense_variant	MODERATE	0.019	11.8534	51152
2019-nCoV	19792	T	C	SNP	Heterozygous	orf1ab	QHD43415.1	2	c.19528T>C	p.Trp6510Arg	missense_variant	MODERATE	0.0246479	34.8652	24429
2019-nCoV	19800	G	A	SNP	Heterozygous	orf1ab	QHD43415.1	2	c.19536G>A	p.Lys6512Lys	synonymous_variant	LOW	0.045	182.748	16674
2019-nCoV	19846	G	A	SNP	Heterozygous	orf1ab	QHD43415.1	2	c.19582G>A	p.Gly6528Ser	missense_variant	MODERATE	0.0435	173.912	16999
2019-nCoV	19935	T	C	SNP	Heterozygous	orf1ab	QHD43415.1	2	c.19671T>C	p.Thr6557Thr	synonymous_variant	LOW	0.0770385	589.783	57308
2019-nCoV	19955	C	T	SNP	Homozygous	orf1ab	QHD43415.1	2	c.19691C>T	p.Thr6564Ile	missense_variant	MODERATE	0.986493	35304.9	55664
2019-nCoV	20055	A	G	SNP	Homozygous	orf1ab	QHD43415.1	2	c.19791A>G	p.Glu6597Glu	synonymous_variant	LOW	1.0	33644.4	43064
2019-nCoV	20112	A	G	SNP	Heterozygous	orf1ab	QHD43415.1	2	c.19848A>G	p.Gly6616Gly	synonymous_variant	LOW	0.0205	16.6363	3355
2019-nCoV	20141	C	T	SNP	Heterozygous	orf1ab	QHD43415.1	2	c.19877C>T	p.Thr6626Ile	missense_variant	MODERATE	0.0376884	117.404	34336
2019-nCoV	20160	G	A	SNP	Heterozygous	orf1ab	QHD43415.1	2	c.19896G>A	p.Lys6632Lys	synonymous_variant	LOW	0.0291165	54.184	34346
2019-nCoV	20376	TG	T	DEL	Heterozygous	orf1ab	QHD43415.1	2	c.20114delG	p.Gly6705fs	frameshift_variant	HIGH	0.090636	592.251	31697
2019-nCoV	20507	A	G	SNP	Heterozygous	orf1ab	QHD43415.1	2	c.20243A>G	p.Asp6748Gly	missense_variant	MODERATE	0.017	6.92918	74938
2019-nCoV	20527	G	T	SNP	Heterozygous	orf1ab	QHD43415.1	2	c.20263G>T	p.Val6755Phe	missense_variant	MODERATE	0.027163	76.148	75121
2019-nCoV	20798	A	G	SNP	Heterozygous	orf1ab	QHD43415.1	2	c.20534A>G	p.Tyr6845Cys	missense_variant	MODERATE	0.0195	13.3993	46617
2019-nCoV	20809	TG	T	DEL	Heterozygous	orf1ab	QHD43415.1	2	c.20546delG	p.Cys6849fs	frameshift_variant	HIGH	0.0399595	190.875	46445
2019-nCoV	20880	T	G	SNP	Heterozygous	orf1ab	QHD43415.1	2	c.20616T>G	p.Ser6872Ser	synonymous_variant	LOW	0.0235118	28.5159	9659
2019-nCoV	21031	G	C	SNP	Heterozygous	orf1ab	QHD43415.1	2	c.20767G>C	p.Asp6923His	missense_variant	MODERATE	0.0280561	52.0853	72772
2019-nCoV	21119	G	T	SNP	Heterozygous	orf1ab	QHD43415.1	2	c.20855G>T	p.Cys6952Phe	missense_variant	MODERATE	0.0190955	13.0183	107926
2019-nCoV	21306	CG	C	DEL	Heterozygous	orf1ab	QHD43415.1	2	c.21043delG	p.Glu7015fs	frameshift_variant	HIGH	0.0572577	311.985	28587
2019-nCoV	21538	GTTC	G	DEL	Heterozygous	orf1ab	QHD43415.1	2	c.21277_21279delCTT	p.Leu7093del	conservative_inframe_deletion	MODERATE	0.0868687	732.682	7219
2019-nCoV	21618	C	T	SNP	Homozygous	S	QHD43416.1	1	c.56C>T	p.Thr19Ile	missense_variant	MODERATE	0.998498	33791.1	29206
2019-nCoV	21632	TTACCCCCTG	T	DEL	Homozygous	S	QHD43416.1	1	c.71_79delTACCCCCTG	p.Leu24_Ala27delinsSer	disruptive_inframe_deletion	MODERATE	1.0	36164.8	28634
2019-nCoV	21721	C	T	SNP	Heterozygous	S	QHD43416.1	1	c.159C>T	p.Asp53Asp	synonymous_variant	LOW	0.364092	7641.08	21454
2019-nCoV	21764	ATACATG	A	DEL	Heterozygous	S	QHD43416.1	1	c.204_209delACATGT	p.His69_Val70del	disruptive_inframe_deletion	MODERATE	0.160202	2133.3	34057
2019-nCoV	21983	T	C	SNP	Heterozygous	S	QHD43416.1	1	c.421T>C	p.Leu141Leu	synonymous_variant	LOW	0.0268354	46.1206	47155
2019-nCoV	21987	G	A	SNP	Homozygous	S	QHD43416.1	1	c.425G>A	p.Gly142Asp	missense_variant	MODERATE	1.0	33629.2	47199
2019-nCoV	22088	C	T	SNP	Heterozygous	S	QHD43416.1	1	c.526C>T	p.Leu176Phe	missense_variant	MODERATE	0.0364188	155.28	25778
2019-nCoV	22112	G	A	SNP	Heterozygous	S	QHD43416.1	1	c.550G>A	p.Gly184Ser	missense_variant	MODERATE	0.0485	224.544	61622
2019-nCoV	22158	G	T	SNP	Heterozygous	S	QHD43416.1	1	c.596G>T	p.Gly199Val	missense_variant	MODERATE	0.0225	7.57078	62800
2019-nCoV	22165	T	C	SNP	Heterozygous	S	QHD43416.1	1	c.603T>C	p.Phe201Phe	synonymous_variant	LOW	0.020603	21.1944	62955
2019-nCoV	22200	T	G	SNP	Heterozygous	S	QHD43416.1	1	c.638T>G	p.Val213Gly	missense_variant	MODERATE	0.983992	35164.1	36931
2019-nCoV	22208	C	G	SNP	Heterozygous	S	QHD43416.1	1	c.646C>G	p.Leu216Val	missense_variant	MODERATE	0.0389085	129.233	37303
2019-nCoV	22297	TAG	C	MIXED	Heterozygous	S	QHD43416.1	1	c.735_737delTAGinsC	p.Arg246fs	frameshift_variant&synonymous_variant	HIGH	0.018593	55.0929	53415
2019-nCoV	22305	A	C	SNP	Heterozygous	S	QHD43416.1	1	c.743A>C	p.Tyr248Ser	missense_variant	MODERATE	0.0205	16.6033	53327
2019-nCoV	22388	CT	C	DEL	Heterozygous	S	QHD43416.1	1	c.827delT	p.Leu276fs	frameshift_variant	HIGH	0.0216843	16.2954	59443
2019-nCoV	22481	A	T	SNP	Heterozygous	S	QHD43416.1	1	c.919A>T	p.Thr307Ser	missense_variant	MODERATE	0.0265398	17.1587	46241
2019-nCoV	22573	T	C	SNP	Heterozygous	S	QHD43416.1	1	c.1011T>C	p.Pro337Pro	synonymous_variant	LOW	0.0261833	14.7329	50087
2019-nCoV	22578	G	A	SNP	Homozygous	S	QHD43416.1	1	c.1016G>A	p.Gly339Asp	missense_variant	MODERATE	0.998497	36265.0	50032
2019-nCoV	22599	G	C	SNP	Heterozygous	S	QHD43416.1	1	c.1037G>C	p.Arg346Thr	missense_variant	MODERATE	0.0285	54.7542	6041
2019-nCoV	22674	C	T	SNP	Homozygous	S	QHD43416.1	1	c.1112C>T	p.Ser371Phe	missense_variant	MODERATE	0.995498	33491.2	12730
2019-nCoV	22679	T	C	SNP	Homozygous	S	QHD43416.1	1	c.1117T>C	p.Ser373Pro	missense_variant	MODERATE	0.996498	33511.4	12702
2019-nCoV	22686	CCA	TCG	MNP	Homozygous	S	QHD43416.1	1	c.1124_1126delCCAinsTCG	p.SerThr375PheAla	missense_variant	MODERATE	1.0	33358.6	6761
2019-nCoV	22717	T	A	SNP	Heterozygous	S	QHD43416.1	1	c.1155T>A	p.Thr385Thr	synonymous_variant	LOW	0.0305305	31.118	6757
2019-nCoV	22775	G	A	SNP	Homozygous	S	QHD43416.1	1	c.1213G>A	p.Asp405Asn	missense_variant	MODERATE	0.9995	33810.7	6567
2019-nCoV	22786	A	C	SNP	Homozygous	S	QHD43416.1	1	c.1224A>C	p.Arg408Ser	missense_variant	MODERATE	0.999497	36139.2	6525
2019-nCoV	22792	C	T	SNP	Heterozygous	S	QHD43416.1	1	c.1230C>T	p.Ile410Ile	synonymous_variant	LOW	0.194597	2938.63	6544
2019-nCoV	22812	AG	CT	MNP	Heterozygous	S	QHD43416.1	1	c.1250_1251delAGinsCT	p.Lys417Thr	missense_variant	MODERATE	0.0547464	33722.7	31492
2019-nCoV	22813	G	T	SNP	Heterozygous	S	QHD43416.1	1	c.1251G>T	p.Lys417Asn	missense_variant	MODERATE	0.945254	33722.7	31492
2019-nCoV	22882	T	G	SNP	Homozygous	S	QHD43416.1	1	c.1320T>G	p.Asn440Lys	missense_variant	MODERATE	0.999499	33853.0	70856
2019-nCoV	22907	T	C	SNP	Heterozygous	S	QHD43416.1	1	c.1345T>C	p.Tyr449His	missense_variant	MODERATE	0.016016	5.02331	72821
2019-nCoV	22916	C	A	SNP	Heterozygous	S	QHD43416.1	1	c.1354C>A	p.Leu452Met	missense_variant	MODERATE	0.0825826	673.682	72539
2019-nCoV	22917	T	A	SNP	Heterozygous	S	QHD43416.1	1	c.1355T>A	p.Leu452Gln	missense_variant	MODERATE	0.276	13450.9	72615
2019-nCoV	22971	C	T	SNP	Heterozygous	S	QHD43416.1	1	c.1409C>T	p.Thr470Ile	missense_variant	MODERATE	0.0221998	23.7056	46335
2019-nCoV	22992	GCAC	ACAA	MNP	Homozygous	S	QHD43416.1	1	c.1430_1433delGCACinsACAA	p.SerThr477AsnLys	missense_variant	MODERATE	1.0	36295.4	44390
2019-nCoV	23013	A	C	SNP	Homozygous	S	QHD43416.1	1	c.1451A>C	p.Glu484Ala	missense_variant	MODERATE	0.994489	35911.6	57787
2019-nCoV	23018	T	G	SNP	Heterozygous	S	QHD43416.1	1	c.1456T>G	p.Phe486Val	missense_variant	MODERATE	0.247495	4731.74	57744
2019-nCoV	23040	A	G	SNP	Heterozygous	S	QHD43416.1	1	c.1478A>G	p.Gln493Arg	missense_variant	MODERATE	0.744489	22343.5	57150
2019-nCoV	23055	A	G	SNP	Homozygous	S	QHD43416.1	1	c.1493A>G	p.Gln498Arg	missense_variant	MODERATE	0.996994	36114.1	14400
2019-nCoV	23063	A	T	SNP	Homozygous	S	QHD43416.1	1	c.1501A>T	p.Asn501Tyr	missense_variant	MODERATE	0.993477	33234.6	14502
2019-nCoV	23075	T	C	SNP	Homozygous	S	QHD43416.1	1	c.1513T>C	p.Tyr505His	missense_variant	MODERATE	0.993994	33378.4	14737
2019-nCoV	23403	A	G	SNP	Homozygous	S	QHD43416.1	1	c.1841A>G	p.Asp614Gly	missense_variant	MODERATE	1.0	33723.8	77192
2019-nCoV	23467	T	C	SNP	Heterozygous	S	QHD43416.1	1	c.1905T>C	p.Val635Val	synonymous_variant	LOW	0.0292044	57.3405	48403
2019-nCoV	23525	C	T	SNP	Homozygous	S	QHD43416.1	1	c.1963C>T	p.His655Tyr	missense_variant	MODERATE	0.998497	33746.4	107868
2019-nCoV	23599	T	G	SNP	Homozygous	S	QHD43416.1	1	c.2037T>G	p.Asn679Lys	missense_variant	MODERATE	0.997997	33631.8	127351
2019-nCoV	23604	C	A	SNP	Homozygous	S	QHD43416.1	1	c.2042C>A	p.Pro681His	missense_variant	MODERATE	0.996489	36050.2	127379
2019-nCoV	23664	C	T	SNP	Heterozygous	S	QHD43416.1	1	c.2102C>T	p.Ala701Val	missense_variant	MODERATE	0.031	33.8298	67556
2019-nCoV	23673	C	T	SNP	Heterozygous	S	QHD43416.1	1	c.2111C>T	p.Ser704Leu	missense_variant	MODERATE	0.212318	3372.62	67654
2019-nCoV	23854	C	A	SNP	Heterozygous	S	QHD43416.1	1	c.2292C>A	p.Asn764Lys	missense_variant	MODERATE	0.965812	33465.0	33327
2019-nCoV	23854	CCG	ACT	MNP	Heterozygous	S	QHD43416.1	1	c.2292_2294delCCGinsACT	p.AsnArg764LysLeu	missense_variant	MODERATE	0.034188	33465.0	33327
2019-nCoV	23948	GATTTTGGT	TATTTTGG	MIXED	Heterozygous	S	QHD43416.1	1	c.2386_2394delGATTTTGGTinsTATTTTGG	p.Asp796fs	frameshift_variant&missense_variant	HIGH	0.0430571	32978.3	23491
2019-nCoV	23948	G	T	SNP	Heterozygous	S	QHD43416.1	1	c.2386G>T	p.Asp796Tyr	missense_variant	MODERATE	0.915501	32978.3	23491
2019-nCoV	24381	C	T	SNP	Heterozygous	S	QHD43416.1	1	c.2819C>T	p.Ser940Phe	missense_variant	MODERATE	0.0495744	153.874	21066
2019-nCoV	24424	A	T	SNP	Homozygous	S	QHD43416.1	1	c.2862A>T	p.Gln954His	missense_variant	MODERATE	0.995996	36064.1	33106
2019-nCoV	24469	T	A	SNP	Homozygous	S	QHD43416.1	1	c.2907T>A	p.Asn969Lys	missense_variant	MODERATE	0.993936	32577.7	78088
2019-nCoV	24686	T	A	SNP	Heterozygous	S	QHD43416.1	1	c.3124T>A	p.Phe1042Ile	missense_variant	MODERATE	0.0531328	282.344	10251
2019-nCoV	24765	T	C	SNP	Heterozygous	S	QHD43416.1	1	c.3203T>C	p.Val1068Ala	missense_variant	MODERATE	0.0460691	120.281	14595
2019-nCoV	24992	G	A	SNP	Heterozygous	S	QHD43416.1	1	c.3430G>A	p.Glu1144Lys	missense_variant	MODERATE	0.0325	81.0941	45262
2019-nCoV	25000	C	T	SNP	Homozygous	S	QHD43416.1	1	c.3438C>T	p.Asp1146Asp	synonymous_variant	LOW	0.9985	36322.8	45297
2019-nCoV	25089	TTG	T	DEL	Heterozygous	S	QHD43416.1	1	c.3529_3530delGT	p.Val1177fs	frameshift_variant	HIGH	0.0361809	107.579	27497
2019-nCoV	25100	C	T	SNP	Heterozygous	S	QHD43416.1	1	c.3538C>T	p.Gln1180*	stop_gained	HIGH	0.0353893	103.564	27436
2019-nCoV	25204	G	C	SNP	Heterozygous	S	QHD43416.1	1	c.3642G>C	p.Trp1214Cys	missense_variant	MODERATE	0.018009	9.2559	56924
2019-nCoV	25387	G	T	SNP	Heterozygous	ORF3a	QHD43417.1	-1	c.-6G>T	.	upstream_gene_variant	MODIFIER	0.023023	26.3779	30731
2019-nCoV	25416	C	T	SNP	Heterozygous	ORF3a	QHD43417.1	1	c.24C>T	p.Phe8Phe	synonymous_variant	LOW	0.285929	5334.13	30378
2019-nCoV	25459	G	A	SNP	Heterozygous	ORF3a	QHD43417.1	1	c.67G>A	p.Ala23Thr	missense_variant	MODERATE	0.149	2210.01	29360
2019-nCoV	25481	G	T	SNP	Heterozygous	ORF3a	QHD43417.1	1	c.89G>T	p.Arg30Leu	missense_variant	MODERATE	0.06	248.435	17491
2019-nCoV	25543	G	A	SNP	Heterozygous	ORF3a	QHD43417.1	1	c.151G>A	p.Ala51Thr	missense_variant	MODERATE	0.018009	9.35286	98824
2019-nCoV	25584	C	T	SNP	Homozygous	ORF3a	QHD43417.1	1	c.192C>T	p.Thr64Thr	synonymous_variant	LOW	0.993471	35712.5	82865
2019-nCoV	25624	C	T	SNP	Heterozygous	ORF3a	QHD43417.1	1	c.232C>T	p.His78Tyr	missense_variant	MODERATE	0.1375	1355.7	39416
2019-nCoV	25889	C	T	SNP	Heterozygous	ORF3a	QHD43417.1	1	c.497C>T	p.Ser166Leu	missense_variant	MODERATE	0.0565283	314.022	4618
2019-nCoV	25963	G	A	SNP	Heterozygous	ORF3a	QHD43417.1	1	c.571G>A	p.Glu191Lys	missense_variant	MODERATE	0.0316265	72.2086	52278
2019-nCoV	25979	G	A	SNP	Heterozygous	ORF3a	QHD43417.1	1	c.587G>A	p.Gly196Glu	missense_variant	MODERATE	0.0355	55.5099	53059
2019-nCoV	26060	C	T	SNP	Homozygous	ORF3a	QHD43417.1	1	c.668C>T	p.Thr223Ile	missense_variant	MODERATE	0.999499	36370.0	48274
2019-nCoV	26068	G	C	SNP	Heterozygous	ORF3a	QHD43417.1	1	c.676G>C	p.Glu226Gln	missense_variant	MODERATE	0.0365548	61.3353	48314
2019-nCoV	26111	CT	C	DEL	Heterozygous	ORF3a	QHD43417.1	1	c.720delT	p.Glu241fs	frameshift_variant	HIGH	0.0200803	15.04	84690
2019-nCoV	26270	C	T	SNP	Homozygous	E	QHD43418.1	1	c.26C>T	p.Thr9Ile	missense_variant	MODERATE	0.999499	33839.0	127666
2019-nCoV	26529	G	A	SNP	Heterozygous	M	QHD43419.1	1	c.7G>A	p.Asp3Asn	missense_variant	MODERATE	0.1405	1724.9	17503
2019-nCoV	26530	A	G	SNP	Heterozygous	M	QHD43419.1	1	c.8A>G	p.Asp3Gly	missense_variant	MODERATE	0.062031	385.417	17521
2019-nCoV	26577	C	G	SNP	Homozygous	M	QHD43419.1	1	c.55C>G	p.Gln19Glu	missense_variant	MODERATE	1.0	33892.7	12219
2019-nCoV	26608	TTACA	T	DEL	Heterozygous	M	QHD43419.1	1	c.88_91delACAT	p.Thr30fs	frameshift_variant	HIGH	0.0385591	123.231	14526
2019-nCoV	26625	C	T	SNP	Heterozygous	M	QHD43419.1	1	c.103C>T	p.Leu35Leu	synonymous_variant	LOW	0.0285	54.3945	14847
2019-nCoV	26709	G	A	SNP	Homozygous	M	QHD43419.1	1	c.187G>A	p.Ala63Thr	missense_variant	MODERATE	0.999499	36363.0	43238
2019-nCoV	26719	TG	T	DEL	Heterozygous	M	QHD43419.1	1	c.198delG	p.Ala68fs	frameshift_variant	HIGH	0.0190763	10.1697	43464
2019-nCoV	26797	G	A	SNP	Heterozygous	M	QHD43419.1	1	c.275G>A	p.Trp92*	stop_gained	HIGH	0.024	30.774	27455
2019-nCoV	26858	C	T	SNP	Heterozygous	M	QHD43419.1	1	c.336C>T	p.Phe112Phe	synonymous_variant	LOW	0.84034	26797.2	37157
2019-nCoV	27038	A	G	SNP	Heterozygous	M	QHD43419.1	1	c.516A>G	p.Thr172Thr	synonymous_variant	LOW	0.0295148	61.0438	6016
2019-nCoV	27223	C	T	SNP	Heterozygous	ORF6	QHD43420.1	1	c.22C>T	p.Gln8*	stop_gained	HIGH	0.0356207	274.605	23227
2019-nCoV	27259	A	C	SNP	Heterozygous	ORF6	QHD43420.1	1	c.58A>C	p.Arg20Arg	synonymous_variant	LOW	0.893734	29566.0	28576
2019-nCoV	27323	C	G	SNP	Heterozygous	ORF6	QHD43420.1	1	c.122C>G	p.Ser41Cys	missense_variant	MODERATE	0.0265133	43.3594	29433
2019-nCoV	27330	A	G	SNP	Heterozygous	ORF6	QHD43420.1	1	c.129A>G	p.Ser43Ser	synonymous_variant	LOW	0.0645	293.593	29317
2019-nCoV	27371	C	T	SNP	Heterozygous	ORF6	QHD43420.1	1	c.170C>T	p.Pro57Leu	missense_variant	MODERATE	0.0925	833.935	5469
2019-nCoV	27382	GAT	CTC	MNP	Heterozygous	ORF6	QHD43420.1	1	c.181_183delGATinsCTC	p.Asp61Leu	missense_variant	MODERATE	0.859098	27469.1	5421
2019-nCoV	27418	C	A	SNP	Heterozygous	ORF7a	QHD43421.1	1	c.25C>A	p.Leu9Met	missense_variant	MODERATE	0.0180361	9.46755	17346
2019-nCoV	27438	T	C	SNP	Heterozygous	ORF7a	QHD43421.1	1	c.45T>C	p.Cys15Cys	synonymous_variant	LOW	0.603802	14725.5	17388
2019-nCoV	27515	A	G	SNP	Heterozygous	ORF7a	QHD43421.1	1	c.122A>G	p.Glu41Gly	missense_variant	MODERATE	0.0175263	8.01379	49213
2019-nCoV	27567	C	T	SNP	Heterozygous	ORF7a	QHD43421.1	1	c.174C>T	p.Cys58Cys	synonymous_variant	LOW	0.020141	15.8193	49906
2019-nCoV	27653	TC	T	DEL	Heterozygous	ORF7a	QHD43421.1	1	c.261delC	p.Phe87fs	frameshift_variant	HIGH	0.0180995	8.95837	58176
2019-nCoV	27707	C	T	SNP	Heterozygous	ORF7a	QHD43421.1	1	c.314C>T	p.Ala105Val	missense_variant	MODERATE	0.043	102.378	17296
2019-nCoV	27724	A	G	SNP	Heterozygous	ORF7a	QHD43421.1	1	c.331A>G	p.Thr111Ala	missense_variant	MODERATE	0.0195	13.3979	17310
2019-nCoV	27762	G	T	SNP	Heterozygous	ORF8	QHD43422.1	-1	c.-132G>T	.	upstream_gene_variant	MODIFIER	0.028014	47.695	52999
2019-nCoV	27807	C	T	SNP	Homozygous	ORF8	QHD43422.1	-1	c.-87C>T	.	upstream_gene_variant	MODIFIER	0.999499	36318.2	54913
2019-nCoV	27867	A	G	SNP	Heterozygous	ORF8	QHD43422.1	-1	c.-27A>G	.	upstream_gene_variant	MODIFIER	0.027	46.0524	38257
2019-nCoV	27889	C	T	SNP	Heterozygous	ORF8	QHD43422.1	-1	c.-5C>T	.	upstream_gene_variant	MODIFIER	0.2085	3283.51	38121
2019-nCoV	27944	C	T	SNP	Heterozygous	ORF8	QHD43422.1	1	c.51C>T	p.His17His	synonymous_variant	LOW	0.0305	67.5879	74945
2019-nCoV	27984	T	C	SNP	Heterozygous	ORF8	QHD43422.1	1	c.91T>C	p.Tyr31His	missense_variant	MODERATE	0.02	14.9655	123306
2019-nCoV	28001	G	T	SNP	Heterozygous	ORF8	QHD43422.1	1	c.108G>T	p.Pro36Pro	synonymous_variant	LOW	0.051	251.598	123198
2019-nCoV	28057	C	T	SNP	Heterozygous	ORF8	QHD43422.1	1	c.164C>T	p.Ala55Val	missense_variant	MODERATE	0.0175	8.03786	123014
2019-nCoV	28090	GTTC	G	DEL	Heterozygous	ORF8	QHD43422.1	1	c.199_201delTCT	p.Ser67del	conservative_inframe_deletion	MODERATE	0.0500759	238.871	47785
2019-nCoV	28121	C	A	SNP	Heterozygous	ORF8	QHD43422.1	1	c.228C>A	p.Ile76Ile	synonymous_variant	LOW	0.045	188.591	47852
2019-nCoV	28271	A	T	SNP	Homozygous	N	QHD43423.2	-1	c.-3A>T	.	upstream_gene_variant	MODIFIER	1.0	33590.0	95122
2019-nCoV	28300	G	A	SNP	Heterozygous	N	QHD43423.2	1	c.27G>A	p.Gln9Gln	synonymous_variant	LOW	0.02001	15.7234	95361
2019-nCoV	28311	C	T	SNP	Homozygous	N	QHD43423.2	1	c.38C>T	p.Pro13Leu	missense_variant	MODERATE	0.9965	36114.0	95167
2019-nCoV	28330	A	G	SNP	Heterozygous	N	QHD43423.2	1	c.57A>G	p.Gly19Gly	synonymous_variant	LOW	0.0341023	94.2057	93953
2019-nCoV	28361	GGAGAACGCA	G	DEL	Heterozygous	N	QHD43423.2	1	c.90_98delAGAACGCAG	p.Glu31_Ser33del	disruptive_inframe_deletion	MODERATE	0.950076	36007.7	20828
2019-nCoV	28362	GAGAACGCAG	A	MIXED	Heterozygous	N	QHD43423.2	1	c.89_98delGAGAACGCAGinsA	p.Gly30_Ser33delinsAsp	missense_variant&disruptive_inframe_deletion	MODERATE	0.0499244	36007.7	20828
2019-nCoV	28432	C	T	SNP	Heterozygous	N	QHD43423.2	1	c.159C>T	p.Phe53Phe	synonymous_variant	LOW	0.036018	107.199	71080
2019-nCoV	28724	C	T	SNP	Heterozygous	N	QHD43423.2	1	c.451C>T	p.Pro151Ser	missense_variant	MODERATE	0.023	8.18986	111927
2019-nCoV	28763	G	A	SNP	Heterozygous	N	QHD43423.2	1	c.490G>A	p.Gly164Arg	missense_variant	MODERATE	0.0845846	532.228	73890
2019-nCoV	28871	G	A	SNP	Heterozygous	N	QHD43423.2	1	c.598G>A	p.Gly200Ser	missense_variant	MODERATE	0.0410205	88.541	32870
2019-nCoV	28881	GGG	AAC	MNP	Homozygous	N	QHD43423.2	1	c.608_610delGGGinsAAC	p.ArgGly203LysArg	missense_variant	MODERATE	1.0	33440.6	32662
2019-nCoV	28936	G	A	SNP	Heterozygous	N	QHD43423.2	1	c.663G>A	p.Leu221Leu	synonymous_variant	LOW	0.0517848	257.875	68630
2019-nCoV	28969	CAA	C	DEL	Heterozygous	N	QHD43423.2	1	c.699_700delAA	p.Lys233fs	frameshift_variant	HIGH	0.0285858	21.0576	32437
2019-nCoV	29025	CTG	C	DEL	Heterozygous	N	QHD43423.2	1	c.753_754delTG	p.Ala252fs	frameshift_variant	HIGH	0.0393939	133.647	8580
2019-nCoV	29047	T	A	SNP	Heterozygous	N	QHD43423.2	1	c.774T>A	p.Pro258Pro	synonymous_variant	LOW	0.12006	1324.62	19452
2019-nCoV	29095	C	T	SNP	Heterozygous	N	QHD43423.2	1	c.822C>T	p.Phe274Phe	synonymous_variant	LOW	0.026	184.605	19643
2019-nCoV	29203	C	T	SNP	Heterozygous	N	QHD43423.2	1	c.930C>T	p.Ser310Ser	synonymous_variant	LOW	0.0571142	316.47	15076
2019-nCoV	29253	C	T	SNP	Heterozygous	N	QHD43423.2	1	c.980C>T	p.Ser327Leu	missense_variant	MODERATE	0.0570285	218.328	19718
2019-nCoV	29465	G	T	SNP	Heterozygous	N	QHD43423.2	1	c.1192G>T	p.Ala398Ser	missense_variant	MODERATE	0.028028	51.8707	21655
2019-nCoV	29510	A	C	SNP	Homozygous	N	QHD43423.2	1	c.1237A>C	p.Ser413Arg	missense_variant	MODERATE	0.997492	33552.4	21508
2019-nCoV	29632	C	T	SNP	Heterozygous	ORF10	QHI42199.1	1	c.75C>T	p.Asn25Asn	synonymous_variant	LOW	0.0585	339.007	6611
2019-nCoV	29645	G	T	SNP	Heterozygous	ORF10	QHI42199.1	1	c.88G>T	p.Val30Leu	missense_variant	MODERATE	0.0570856	321.686	6586
2019-nCoV	29666	C	T	SNP	Heterozygous	ORF10	QHI42199.1	1	c.109C>T	p.Leu37Phe	missense_variant	MODERATE	0.324	6439.25	6578
2019-nCoV	29700	A	G	SNP	Heterozygous	S	QHD43416.1	-1	c.*4316A>G	.	downstream_gene_variant	MODIFIER	0.0495248	227.136	6534
2019-nCoV	29733	CGAGGCCACGCGGAGTACGATCGAGTG	C	DEL	Homozygous	S	QHD43416.1	-1	c.*4350_*4375delGAGGCCACGCGGAGTACGATCGAGTG	.	downstream_gene_variant	MODIFIER	1.0	36015.9	4963
2019-nCoV	29769	C	T	SNP	Heterozygous	S	QHD43416.1	-1	c.*4385C>T	.	downstream_gene_variant	MODIFIER	0.0535268	186.975	5182
