CHROM	POS	REF	ALT	VARTYPE	GEN[*].GT	ANN[*].GENE	ANN[*].FEATUREID	EFF[*].RANK	ANN[*].HGVS_C	ANN[*].HGVS_P	ANN[*].EFFECT	EFF[*].IMPACT	AF	QUAL	DP
2019-nCoV	44	C	T	SNP	Homozygous	orf1ab	QHD43415.1	-1	c.-222C>T	.	upstream_gene_variant	MODIFIER	0.990991	32221.0	143342
2019-nCoV	241	C	T	SNP	Homozygous	orf1ab	QHD43415.1	-1	c.-25C>T	.	upstream_gene_variant	MODIFIER	0.980461	33425.2	4011
2019-nCoV	396	A	T	SNP	Heterozygous	orf1ab	QHD43415.1	1	c.131A>T	p.Gln44Leu	missense_variant	MODERATE	0.0710711	504.524	73190
2019-nCoV	670	T	G	SNP	Homozygous	orf1ab	QHD43415.1	1	c.405T>G	p.Ser135Arg	missense_variant	MODERATE	0.992996	33344.5	89082
2019-nCoV	674	G	A	SNP	Heterozygous	orf1ab	QHD43415.1	1	c.409G>A	p.Gly137Ser	missense_variant	MODERATE	0.10055	970.053	88933
2019-nCoV	815	C	T	SNP	Heterozygous	orf1ab	QHD43415.1	1	c.550C>T	p.Arg184Cys	missense_variant	MODERATE	0.035	97.191	15097
2019-nCoV	1314	C	T	SNP	Heterozygous	orf1ab	QHD43415.1	1	c.1049C>T	p.Thr350Ile	missense_variant	MODERATE	0.0290145	25.7504	26154
2019-nCoV	1627	C	T	SNP	Heterozygous	orf1ab	QHD43415.1	1	c.1362C>T	p.Leu454Leu	synonymous_variant	LOW	0.5245	11864.7	37491
2019-nCoV	1931	C	A	SNP	Heterozygous	orf1ab	QHD43415.1	1	c.1666C>A	p.Gln556Lys	missense_variant	MODERATE	0.0590591	338.039	9714
2019-nCoV	2527	G	A	SNP	Heterozygous	orf1ab	QHD43415.1	1	c.2262G>A	p.Glu754Glu	synonymous_variant	LOW	0.0265133	17.4661	12547
2019-nCoV	2695	C	T	SNP	Heterozygous	orf1ab	QHD43415.1	1	c.2430C>T	p.Asn810Asn	synonymous_variant	LOW	0.047	131.831	43224
2019-nCoV	2710	C	T	SNP	Heterozygous	orf1ab	QHD43415.1	1	c.2445C>T	p.Leu815Leu	synonymous_variant	LOW	0.0305	31.208	44121
2019-nCoV	2790	C	T	SNP	Homozygous	orf1ab	QHD43415.1	1	c.2525C>T	p.Thr842Ile	missense_variant	MODERATE	0.998492	18362.7	66777
2019-nCoV	2954	T	C	SNP	Heterozygous	orf1ab	QHD43415.1	1	c.2689T>C	p.Leu897Leu	synonymous_variant	LOW	0.0515258	256.664	98599
2019-nCoV	3037	C	T	SNP	Homozygous	orf1ab	QHD43415.1	1	c.2772C>T	p.Phe924Phe	synonymous_variant	LOW	1.0	34749.3	88409
2019-nCoV	3227	G	T	SNP	Heterozygous	orf1ab	QHD43415.1	1	c.2962G>T	p.Val988Phe	missense_variant	MODERATE	0.055	296.946	15140
2019-nCoV	4084	C	T	SNP	Heterozygous	orf1ab	QHD43415.1	1	c.3819C>T	p.Asp1273Asp	synonymous_variant	LOW	0.03	60.6403	6600
2019-nCoV	4184	G	A	SNP	Homozygous	orf1ab	QHD43415.1	1	c.3919G>A	p.Gly1307Ser	missense_variant	MODERATE	0.996493	33539.5	9564
2019-nCoV	4321	C	T	SNP	Homozygous	orf1ab	QHD43415.1	1	c.4056C>T	p.Ala1352Ala	synonymous_variant	LOW	1.0	32581.5	31845
2019-nCoV	5284	C	T	SNP	Heterozygous	orf1ab	QHD43415.1	1	c.5019C>T	p.Asn1673Asn	synonymous_variant	LOW	0.0335168	88.3787	15976
2019-nCoV	6077	G	T	SNP	Heterozygous	orf1ab	QHD43415.1	1	c.5812G>T	p.Ala1938Ser	missense_variant	MODERATE	0.030015	64.6258	9341
2019-nCoV	6285	C	T	SNP	Heterozygous	orf1ab	QHD43415.1	1	c.6020C>T	p.Thr2007Ile	missense_variant	MODERATE	0.066033	309.488	12336
2019-nCoV	6979	T	G	SNP	Heterozygous	orf1ab	QHD43415.1	1	c.6714T>G	p.Val2238Val	synonymous_variant	LOW	0.228114	3777.92	2379
2019-nCoV	7027	G	T	SNP	Heterozygous	orf1ab	QHD43415.1	1	c.6762G>T	p.Met2254Ile	missense_variant	MODERATE	0.0209497	10.9589	715
2019-nCoV	7043	C	T	SNP	Heterozygous	orf1ab	QHD43415.1	1	c.6778C>T	p.Pro2260Ser	missense_variant	MODERATE	0.0281294	24.5521	708
2019-nCoV	7945	C	T	SNP	Heterozygous	orf1ab	QHD43415.1	1	c.7680C>T	p.Tyr2560Tyr	synonymous_variant	LOW	0.0215	20.1416	20490
2019-nCoV	9344	C	T	SNP	Homozygous	orf1ab	QHD43415.1	1	c.9079C>T	p.Leu3027Phe	missense_variant	MODERATE	1.0	32299.9	11614
2019-nCoV	9424	A	G	SNP	Homozygous	orf1ab	QHD43415.1	1	c.9159A>G	p.Val3053Val	synonymous_variant	LOW	1.0	36333.5	9392
2019-nCoV	9534	C	T	SNP	Homozygous	orf1ab	QHD43415.1	1	c.9269C>T	p.Thr3090Ile	missense_variant	MODERATE	0.999155	21449.6	1181
2019-nCoV	10029	C	T	SNP	Homozygous	orf1ab	QHD43415.1	1	c.9764C>T	p.Thr3255Ile	missense_variant	MODERATE	0.995	35975.3	24112
2019-nCoV	10198	C	T	SNP	Homozygous	orf1ab	QHD43415.1	1	c.9933C>T	p.Asp3311Asp	synonymous_variant	LOW	1.0	33941.2	19153
2019-nCoV	10252	C	T	SNP	Heterozygous	orf1ab	QHD43415.1	1	c.9987C>T	p.Phe3329Phe	synonymous_variant	LOW	0.0195783	14.4381	18852
2019-nCoV	10447	GCC	ACA	MNP	Homozygous	orf1ab	QHD43415.1	1	c.10182_10184delGCCinsACA	p.Pro3395His	missense_variant	MODERATE	1.0	35411.3	4149
2019-nCoV	11287	GTCTGGTTTT	G	DEL	Homozygous	orf1ab	QHD43415.1	1	c.11023_11031delTCTGGTTTT	p.Ser3675_Phe3677del	conservative_inframe_deletion	MODERATE	1.0	35459.2	53206
2019-nCoV	11514	C	T	SNP	Heterozygous	orf1ab	QHD43415.1	1	c.11249C>T	p.Thr3750Ile	missense_variant	MODERATE	0.029	25.2742	4505
2019-nCoV	11750	C	T	SNP	Heterozygous	orf1ab	QHD43415.1	1	c.11485C>T	p.Leu3829Phe	missense_variant	MODERATE	0.0495744	238.446	26148
2019-nCoV	11781	A	G	SNP	Heterozygous	orf1ab	QHD43415.1	1	c.11516A>G	p.Lys3839Arg	missense_variant	MODERATE	0.0365	111.645	58461
2019-nCoV	12160	G	A	SNP	Homozygous	orf1ab	QHD43415.1	1	c.11895G>A	p.Glu3965Glu	synonymous_variant	LOW	0.989495	35341.4	7027
2019-nCoV	12191	G	A	SNP	Heterozygous	orf1ab	QHD43415.1	1	c.11926G>A	p.Val3976Ile	missense_variant	MODERATE	0.0295148	25.6108	3145
2019-nCoV	12310	G	A	SNP	Heterozygous	orf1ab	QHD43415.1	1	c.12045G>A	p.Gln4015Gln	synonymous_variant	LOW	0.245236	3455.85	24231
2019-nCoV	12721	G	T	SNP	Heterozygous	orf1ab	QHD43415.1	1	c.12456G>T	p.Met4152Ile	missense_variant	MODERATE	0.022033	22.2913	34969
2019-nCoV	12880	C	T	SNP	Homozygous	orf1ab	QHD43415.1	1	c.12615C>T	p.Ile4205Ile	synonymous_variant	LOW	1.0	36159.9	31505
2019-nCoV	13255	C	T	SNP	Heterozygous	orf1ab	QHD43415.1	1	c.12990C>T	p.Cys4330Cys	synonymous_variant	LOW	0.048024	136.779	45530
2019-nCoV	14408	C	T	SNP	Homozygous	orf1ab	QHD43415.1	2	c.14144C>T	p.Pro4715Leu	missense_variant	MODERATE	0.99	33003.7	2703
2019-nCoV	15714	C	T	SNP	Homozygous	orf1ab	QHD43415.1	2	c.15450C>T	p.Leu5150Leu	synonymous_variant	LOW	0.9995	36283.8	117114
2019-nCoV	16323	C	T	SNP	Heterozygous	orf1ab	QHD43415.1	2	c.16059C>T	p.Cys5353Cys	synonymous_variant	LOW	0.058	326.621	153505
2019-nCoV	16616	C	A	SNP	Heterozygous	orf1ab	QHD43415.1	2	c.16352C>A	p.Thr5451Asn	missense_variant	MODERATE	0.165078	2244.83	22420
2019-nCoV	16935	G	A	SNP	Heterozygous	orf1ab	QHD43415.1	2	c.16671G>A	p.Met5557Ile	missense_variant	MODERATE	0.0665	438.096	103203
2019-nCoV	17278	G	T	SNP	Heterozygous	orf1ab	QHD43415.1	2	c.17014G>T	p.Val5672Leu	missense_variant	MODERATE	0.0705353	495.966	215494
2019-nCoV	17285	C	T	SNP	Heterozygous	orf1ab	QHD43415.1	2	c.17021C>T	p.Ser5674Leu	missense_variant	MODERATE	0.0231505	26.8194	214254
2019-nCoV	17410	C	T	SNP	Homozygous	orf1ab	QHD43415.1	2	c.17146C>T	p.Arg5716Cys	missense_variant	MODERATE	0.9995	36413.0	84946
2019-nCoV	18163	A	G	SNP	Homozygous	orf1ab	QHD43415.1	2	c.17899A>G	p.Ile5967Val	missense_variant	MODERATE	0.996493	35962.4	15890
2019-nCoV	19269	C	T	SNP	Heterozygous	orf1ab	QHD43415.1	2	c.19005C>T	p.Asn6335Asn	synonymous_variant	LOW	0.0365365	60.5752	16569
2019-nCoV	19656	G	A	SNP	Heterozygous	orf1ab	QHD43415.1	2	c.19392G>A	p.Lys6464Lys	synonymous_variant	LOW	0.0445223	107.232	18595
2019-nCoV	19955	C	T	SNP	Homozygous	orf1ab	QHD43415.1	2	c.19691C>T	p.Thr6564Ile	missense_variant	MODERATE	0.999499	33735.3	47593
2019-nCoV	20055	A	G	SNP	Heterozygous	orf1ab	QHD43415.1	2	c.19791A>G	p.Glu6597Glu	synonymous_variant	LOW	0.969864	31442.7	30777
2019-nCoV	20102	G	T	SNP	Heterozygous	orf1ab	QHD43415.1	2	c.19838G>T	p.Ser6613Ile	missense_variant	MODERATE	0.033393	76.1213	1675
2019-nCoV	20578	G	T	SNP	Heterozygous	orf1ab	QHD43415.1	2	c.20314G>T	p.Val6772Leu	missense_variant	MODERATE	0.0785393	608.466	39803
2019-nCoV	21618	C	T	SNP	Homozygous	S	QHD43416.1	1	c.56C>T	p.Thr19Ile	missense_variant	MODERATE	1.0	33865.1	18371
2019-nCoV	21632	TTACCCCCTG	T	DEL	Homozygous	S	QHD43416.1	1	c.71_79delTACCCCCTG	p.Leu24_Ala27delinsSer	disruptive_inframe_deletion	MODERATE	1.0	36060.8	17800
2019-nCoV	21763	TATACATG	CA	MIXED	Heterozygous	S	QHD43416.1	1	c.201_208delTATACATGinsCA	p.His69_Val70del	disruptive_inframe_deletion&synonymous_variant	MODERATE	0.0242424	35748.6	19900
2019-nCoV	21764	ATACATG	A	DEL	Heterozygous	S	QHD43416.1	1	c.204_209delACATGT	p.His69_Val70del	disruptive_inframe_deletion	MODERATE	0.973232	35748.6	19900
2019-nCoV	21987	G	A	SNP	Homozygous	S	QHD43416.1	1	c.425G>A	p.Gly142Asp	missense_variant	MODERATE	0.982	32573.4	18290
2019-nCoV	21997	C	T	SNP	Heterozygous	S	QHD43416.1	1	c.435C>T	p.Tyr145Tyr	synonymous_variant	LOW	0.0235	28.4759	18261
2019-nCoV	22116	A	T	SNP	Heterozygous	S	QHD43416.1	1	c.554A>T	p.Asn185Ile	missense_variant	MODERATE	0.0310155	33.4328	40493
2019-nCoV	22189	T	C	SNP	Heterozygous	S	QHD43416.1	1	c.627T>C	p.Pro209Pro	synonymous_variant	LOW	0.022	22.1661	6379
2019-nCoV	22200	T	G	SNP	Heterozygous	S	QHD43416.1	1	c.638T>G	p.Val213Gly	missense_variant	MODERATE	0.921	31101.4	6199
2019-nCoV	22578	G	A	SNP	Homozygous	S	QHD43416.1	1	c.1016G>A	p.Gly339Asp	missense_variant	MODERATE	1.0	33789.8	13441
2019-nCoV	22599	G	C	SNP	Heterozygous	S	QHD43416.1	1	c.1037G>C	p.Arg346Thr	missense_variant	MODERATE	0.0288316	56.1679	3224
2019-nCoV	22674	C	T	SNP	Homozygous	S	QHD43416.1	1	c.1112C>T	p.Ser371Phe	missense_variant	MODERATE	0.9985	33452.0	4081
2019-nCoV	22679	T	C	SNP	Homozygous	S	QHD43416.1	1	c.1117T>C	p.Ser373Pro	missense_variant	MODERATE	0.993997	33076.7	4009
2019-nCoV	22686	CCA	TCG	MNP	Heterozygous	S	QHD43416.1	1	c.1124_1126delCCAinsTCG	p.SerThr375PheAla	missense_variant	MODERATE	0.979622	10624.0	808
2019-nCoV	22775	G	A	SNP	Homozygous	S	QHD43416.1	1	c.1213G>A	p.Asp405Asn	missense_variant	MODERATE	1.0	10667.3	627
2019-nCoV	22786	ACA	CC	MIXED	Homozygous	S	QHD43416.1	1	c.1224_1226delACAinsCC	p.Arg408fs	frameshift_variant&missense_variant	HIGH	0.981848	10722.4	608
2019-nCoV	22813	G	T	SNP	Homozygous	S	QHD43416.1	1	c.1251G>T	p.Lys417Asn	missense_variant	MODERATE	0.999498	33810.8	48484
2019-nCoV	22882	T	G	SNP	Homozygous	S	QHD43416.1	1	c.1320T>G	p.Asn440Lys	missense_variant	MODERATE	0.993994	33450.6	71089
2019-nCoV	22917	T	G	SNP	Homozygous	S	QHD43416.1	1	c.1355T>G	p.Leu452Arg	missense_variant	MODERATE	0.996997	36059.6	69890
2019-nCoV	22992	GCAC	ACAA	MNP	Homozygous	S	QHD43416.1	1	c.1430_1433delGCACinsACAA	p.SerThr477AsnLys	missense_variant	MODERATE	1.0	36104.1	18060
2019-nCoV	23013	A	C	SNP	Homozygous	S	QHD43416.1	1	c.1451A>C	p.Glu484Ala	missense_variant	MODERATE	0.997485	35915.7	28875
2019-nCoV	23018	T	G	SNP	Homozygous	S	QHD43416.1	1	c.1456T>G	p.Phe486Val	missense_variant	MODERATE	0.987994	35437.1	28955
2019-nCoV	23055	A	G	SNP	Homozygous	S	QHD43416.1	1	c.1493A>G	p.Gln498Arg	missense_variant	MODERATE	0.994444	35433.8	11325
2019-nCoV	23063	A	T	SNP	Homozygous	S	QHD43416.1	1	c.1501A>T	p.Asn501Tyr	missense_variant	MODERATE	0.994492	32918.1	11574
2019-nCoV	23075	T	C	SNP	Homozygous	S	QHD43416.1	1	c.1513T>C	p.Tyr505His	missense_variant	MODERATE	0.997496	36058.5	11870
2019-nCoV	23403	A	G	SNP	Homozygous	S	QHD43416.1	1	c.1841A>G	p.Asp614Gly	missense_variant	MODERATE	0.9995	35781.3	78105
2019-nCoV	23525	C	T	SNP	Homozygous	S	QHD43416.1	1	c.1963C>T	p.His655Tyr	missense_variant	MODERATE	0.997997	33642.7	197512
2019-nCoV	23599	TTCTCC	GTCTCA	MNP	Heterozygous	S	QHD43416.1	1	c.2037_2042delTTCTCCinsGTCTCA	p.AsnSerPro679LysSerHis	missense_variant	MODERATE	0.963563	35821.8	313053
2019-nCoV	23599	TTCTCC	GTTTCA	MNP	Heterozygous	S	QHD43416.1	1	c.2037_2042delTTCTCCinsGTTTCA	p.AsnSerPro679LysPheHis	missense_variant	MODERATE	0.0364372	35821.8	313053
2019-nCoV	23629	T	G	SNP	Heterozygous	S	QHD43416.1	1	c.2067T>G	p.Ser689Arg	missense_variant	MODERATE	0.0290727	26.709	314095
2019-nCoV	23834	A	G	SNP	Heterozygous	S	QHD43416.1	1	c.2272A>G	p.Ser758Gly	missense_variant	MODERATE	0.0491474	237.367	25927
2019-nCoV	23854	C	A	SNP	Homozygous	S	QHD43416.1	1	c.2292C>A	p.Asn764Lys	missense_variant	MODERATE	0.999498	33384.2	24983
2019-nCoV	23887	C	T	SNP	Heterozygous	S	QHD43416.1	1	c.2325C>T	p.Asp775Asp	synonymous_variant	LOW	0.030015	63.5891	23811
2019-nCoV	23948	GATTTTG	TATTT	MIXED	Heterozygous	S	QHD43416.1	1	c.2386_2392delGATTTTGinsTATTT	p.Asp796fs	frameshift_variant&missense_variant	HIGH	0.0873511	29089.6	18201
2019-nCoV	23948	G	T	SNP	Heterozygous	S	QHD43416.1	1	c.2386G>T	p.Asp796Tyr	missense_variant	MODERATE	0.912649	29089.6	18201
2019-nCoV	24424	AAA	TAAT	MIXED	Homozygous	S	QHD43416.1	1	c.2862_2864delAAAinsTAAT	p.Gln954fs	frameshift_variant&missense_variant	HIGH	0.996967	19530.7	71885
2019-nCoV	24469	T	A	SNP	Homozygous	S	QHD43416.1	1	c.2907T>A	p.Asn969Lys	missense_variant	MODERATE	0.991496	31859.9	87275
2019-nCoV	24872	G	T	SNP	Heterozygous	S	QHD43416.1	1	c.3310G>T	p.Val1104Leu	missense_variant	MODERATE	0.0464412	183.848	21724
2019-nCoV	25000	C	T	SNP	Homozygous	S	QHD43416.1	1	c.3438C>T	p.Asp1146Asp	synonymous_variant	LOW	0.9995	33690.4	33841
2019-nCoV	25584	C	T	SNP	Homozygous	ORF3a	QHD43417.1	1	c.192C>T	p.Thr64Thr	synonymous_variant	LOW	0.991968	35540.9	258109
2019-nCoV	25896	C	T	SNP	Heterozygous	ORF3a	QHD43417.1	1	c.504C>T	p.Val168Val	synonymous_variant	LOW	0.02	14.6505	5138
2019-nCoV	26060	C	T	SNP	Homozygous	ORF3a	QHD43417.1	1	c.668C>T	p.Thr223Ile	missense_variant	MODERATE	1.0	33946.0	73302
2019-nCoV	26270	C	T	SNP	Homozygous	E	QHD43418.1	1	c.26C>T	p.Thr9Ile	missense_variant	MODERATE	1.0	33787.6	154354
2019-nCoV	26529	G	A	SNP	Heterozygous	M	QHD43419.1	1	c.7G>A	p.Asp3Asn	missense_variant	MODERATE	0.932	31787.9	6762
2019-nCoV	26577	C	G	SNP	Homozygous	M	QHD43419.1	1	c.55C>G	p.Gln19Glu	missense_variant	MODERATE	1.0	33546.9	3610
2019-nCoV	26709	G	A	SNP	Homozygous	M	QHD43419.1	1	c.187G>A	p.Ala63Thr	missense_variant	MODERATE	1.0	36336.9	16023
2019-nCoV	26858	C	T	SNP	Heterozygous	M	QHD43419.1	1	c.336C>T	p.Phe112Phe	synonymous_variant	LOW	0.0585293	334.981	67938
2019-nCoV	27012	C	T	SNP	Heterozygous	M	QHD43419.1	1	c.490C>T	p.Leu164Leu	synonymous_variant	LOW	0.232	3313.53	72937
2019-nCoV	27038	A	G	SNP	Heterozygous	M	QHD43419.1	1	c.516A>G	p.Thr172Thr	synonymous_variant	LOW	0.23023	3825.14	4095
2019-nCoV	27218	A	G	SNP	Heterozygous	ORF6	QHD43420.1	1	c.17A>G	p.Asp6Gly	missense_variant	MODERATE	0.037	111.652	16908
2019-nCoV	27259	A	C	SNP	Heterozygous	ORF6	QHD43420.1	1	c.58A>C	p.Arg20Arg	synonymous_variant	LOW	0.0506266	242.139	22758
2019-nCoV	27382	GAT	CTC	MNP	Heterozygous	ORF6	QHD43420.1	1	c.181_183delGATinsCTC	p.Asp61Leu	missense_variant	MODERATE	0.0452489	190.287	5449
2019-nCoV	27438	T	C	SNP	Heterozygous	ORF7a	QHD43421.1	1	c.45T>C	p.Cys15Cys	synonymous_variant	LOW	0.353353	6413.33	42982
2019-nCoV	27513	C	T	SNP	Heterozygous	ORF7a	QHD43421.1	1	c.120C>T	p.Tyr40Tyr	synonymous_variant	LOW	0.258388	4571.87	46008
2019-nCoV	27696	T	C	SNP	Heterozygous	ORF7a	QHD43421.1	1	c.303T>C	p.Phe101Phe	synonymous_variant	LOW	0.0275	19.4974	19087
2019-nCoV	27807	C	T	SNP	Homozygous	ORF8	QHD43422.1	-1	c.-87C>T	.	upstream_gene_variant	MODIFIER	0.997	36197.9	29949
2019-nCoV	27889	C	T	SNP	Heterozygous	ORF8	QHD43422.1	-1	c.-5C>T	.	upstream_gene_variant	MODIFIER	0.955455	30850.6	23793
2019-nCoV	28028	G	T	SNP	Heterozygous	ORF8	QHD43422.1	1	c.135G>T	p.Trp45Cys	missense_variant	MODERATE	0.049	145.731	35762
2019-nCoV	28271	A	T	SNP	Heterozygous	N	QHD43423.2	-1	c.-3A>T	.	upstream_gene_variant	MODIFIER	0.961404	30597.0	157878
2019-nCoV	28310	CC	TT	MNP	Heterozygous	N	QHD43423.2	1	c.37_38delCCinsTT	p.Pro13Phe	missense_variant	MODERATE	0.0331658	36108.8	157907
2019-nCoV	28311	C	T	SNP	Heterozygous	N	QHD43423.2	1	c.38C>T	p.Pro13Leu	missense_variant	MODERATE	0.966834	36108.8	157907
2019-nCoV	28330	A	G	SNP	Heterozygous	N	QHD43423.2	1	c.57A>G	p.Gly19Gly	synonymous_variant	LOW	0.502253	12302.1	149445
2019-nCoV	28361	GGAGAACGCA	G	DEL	Homozygous	N	QHD43423.2	1	c.90_98delAGAACGCAG	p.Glu31_Ser33del	disruptive_inframe_deletion	MODERATE	1.0	34806.0	22710
2019-nCoV	28462	C	T	SNP	Heterozygous	N	QHD43423.2	1	c.189C>T	p.Asp63Asp	synonymous_variant	LOW	0.034	91.092	24330
2019-nCoV	28681	G	T	SNP	Heterozygous	N	QHD43423.2	1	c.408G>T	p.Glu136Asp	missense_variant	MODERATE	0.057	315.763	150950
2019-nCoV	28881	GGG	AAC	MNP	Homozygous	N	QHD43423.2	1	c.608_610delGGGinsAAC	p.ArgGly203LysArg	missense_variant	MODERATE	1.0	33112.9	35426
2019-nCoV	28904	G	T	SNP	Heterozygous	N	QHD43423.2	1	c.631G>T	p.Ala211Ser	missense_variant	MODERATE	0.0275275	48.9723	158335
2019-nCoV	29140	G	T	SNP	Heterozygous	N	QHD43423.2	1	c.867G>T	p.Gln289His	missense_variant	MODERATE	0.0806209	644.491	5067
2019-nCoV	29200	C	T	SNP	Heterozygous	N	QHD43423.2	1	c.927C>T	p.Pro309Pro	synonymous_variant	LOW	0.0408678	148.0	3960
2019-nCoV	29510	A	C	SNP	Homozygous	N	QHD43423.2	1	c.1237A>C	p.Ser413Arg	missense_variant	MODERATE	1.0	33295.9	6597
2019-nCoV	29614	C	T	SNP	Heterozygous	ORF10	QHI42199.1	1	c.57C>T	p.Cys19Cys	synonymous_variant	LOW	0.0245	33.3264	20057
2019-nCoV	29666	C	T	SNP	Heterozygous	ORF10	QHI42199.1	1	c.109C>T	p.Leu37Phe	missense_variant	MODERATE	0.3655	7698.41	20106
2019-nCoV	29733	CGAGGCCACGCGGAGTACGATCGAGTG	C	DEL	Homozygous	S	QHD43416.1	-1	c.*4350_*4375delGAGGCCACGCGGAGTACGATCGAGTG	.	downstream_gene_variant	MODIFIER	1.0	35869.8	15244
2019-nCoV	29758	TG	CC	MNP	Homozygous	S	QHD43416.1	-1	c.*4374_*4375delTGinsCC	.	downstream_gene_variant	MODIFIER	0.998987	19352.8	41
2019-nCoV	29774	C	T	SNP	Heterozygous	S	QHD43416.1	-1	c.*4390C>T	.	downstream_gene_variant	MODIFIER	0.0233859	30.1688	15862
2019-nCoV	29781	G	T	SNP	Heterozygous	S	QHD43416.1	-1	c.*4397G>T	.	downstream_gene_variant	MODIFIER	0.026	15.1818	15888
