CHROM	POS	REF	ALT	VARTYPE	GEN[*].GT	ANN[*].GENE	ANN[*].FEATUREID	EFF[*].RANK	ANN[*].HGVS_C	ANN[*].HGVS_P	ANN[*].EFFECT	EFF[*].IMPACT	AF	QUAL	DP
2019-nCoV	44	C	T	SNP	Homozygous	orf1ab	QHD43415.1	-1	c.-222C>T	.	upstream_gene_variant	MODIFIER	0.9865	32567.4	83210
2019-nCoV	105	G	T	SNP	Heterozygous	orf1ab	QHD43415.1	-1	c.-161G>T	.	upstream_gene_variant	MODIFIER	0.0917753	815.92	87745
2019-nCoV	241	C	T	SNP	Homozygous	orf1ab	QHD43415.1	-1	c.-25C>T	.	upstream_gene_variant	MODIFIER	0.998492	33336.3	4319
2019-nCoV	249	T	G	SNP	Heterozygous	orf1ab	QHD43415.1	-1	c.-17T>G	.	upstream_gene_variant	MODIFIER	0.0171285	6.38359	4287
2019-nCoV	509	GGTCATGTTA	G	DEL	Heterozygous	orf1ab	QHD43415.1	1	c.245_253delGTCATGTTA	p.Gly82_Met85delinsVal	disruptive_inframe_deletion	MODERATE	0.0508906	246.609	47316
2019-nCoV	670	T	G	SNP	Homozygous	orf1ab	QHD43415.1	1	c.405T>G	p.Ser135Arg	missense_variant	MODERATE	0.993988	33381.5	76812
2019-nCoV	701	G	A	SNP	Heterozygous	orf1ab	QHD43415.1	1	c.436G>A	p.Gly146Ser	missense_variant	MODERATE	0.0270135	18.7396	25894
2019-nCoV	823	C	T	SNP	Heterozygous	orf1ab	QHD43415.1	1	c.558C>T	p.Val186Val	synonymous_variant	LOW	0.0845	529.351	35272
2019-nCoV	923	G	A	SNP	Heterozygous	orf1ab	QHD43415.1	1	c.658G>A	p.Asp220Asn	missense_variant	MODERATE	0.0225	7.49053	59059
2019-nCoV	1078	A	T	SNP	Heterozygous	orf1ab	QHD43415.1	1	c.813A>T	p.Pro271Pro	synonymous_variant	LOW	0.208918	3268.43	14569
2019-nCoV	1314	C	T	SNP	Heterozygous	orf1ab	QHD43415.1	1	c.1049C>T	p.Thr350Ile	missense_variant	MODERATE	0.068	332.361	30714
2019-nCoV	1627	C	T	SNP	Heterozygous	orf1ab	QHD43415.1	1	c.1362C>T	p.Leu454Leu	synonymous_variant	LOW	0.327327	5740.78	60142
2019-nCoV	1747	G	A	SNP	Heterozygous	orf1ab	QHD43415.1	1	c.1482G>A	p.Leu494Leu	synonymous_variant	LOW	0.0192016	12.4868	40289
2019-nCoV	1880	G	A	SNP	Heterozygous	orf1ab	QHD43415.1	1	c.1615G>A	p.Glu539Lys	missense_variant	MODERATE	0.058	333.077	54951
2019-nCoV	2789	AC	A	DEL	Heterozygous	orf1ab	QHD43415.1	1	c.2525delC	p.Thr842fs	frameshift_variant	HIGH	0.0115404	30628.2	61221
2019-nCoV	2790	C	T	SNP	Heterozygous	orf1ab	QHD43415.1	1	c.2525C>T	p.Thr842Ile	missense_variant	MODERATE	0.98846	30628.2	61221
2019-nCoV	2954	T	C	SNP	Heterozygous	orf1ab	QHD43415.1	1	c.2689T>C	p.Leu897Leu	synonymous_variant	LOW	0.0225451	24.5205	49469
2019-nCoV	3037	C	T	SNP	Homozygous	orf1ab	QHD43415.1	1	c.2772C>T	p.Phe924Phe	synonymous_variant	LOW	0.998986	35261.6	15018
2019-nCoV	3235	A	C	SNP	Heterozygous	orf1ab	QHD43415.1	1	c.2970A>C	p.Gln990His	missense_variant	MODERATE	0.173521	2015.52	29056
2019-nCoV	4184	G	A	SNP	Homozygous	orf1ab	QHD43415.1	1	c.3919G>A	p.Gly1307Ser	missense_variant	MODERATE	1.0	33802.9	30704
2019-nCoV	4321	C	T	SNP	Homozygous	orf1ab	QHD43415.1	1	c.4056C>T	p.Ala1352Ala	synonymous_variant	LOW	0.997479	33038.5	68715
2019-nCoV	5239	C	T	SNP	Heterozygous	orf1ab	QHD43415.1	1	c.4974C>T	p.Tyr1658Tyr	synonymous_variant	LOW	0.0185	10.5043	25155
2019-nCoV	5347	T	G	SNP	Heterozygous	orf1ab	QHD43415.1	1	c.5082T>G	p.Ala1694Ala	synonymous_variant	LOW	0.0540811	190.82	30424
2019-nCoV	5512	C	T	SNP	Heterozygous	orf1ab	QHD43415.1	1	c.5247C>T	p.Asn1749Asn	synonymous_variant	LOW	0.019221	11.9509	22578
2019-nCoV	5526	C	T	SNP	Heterozygous	orf1ab	QHD43415.1	1	c.5261C>T	p.Thr1754Ile	missense_variant	MODERATE	0.0724346	362.693	22537
2019-nCoV	6979	T	G	SNP	Heterozygous	orf1ab	QHD43415.1	1	c.6714T>G	p.Val2238Val	synonymous_variant	LOW	0.169092	2341.86	12147
2019-nCoV	7105	C	T	SNP	Heterozygous	orf1ab	QHD43415.1	1	c.6840C>T	p.Thr2280Thr	synonymous_variant	LOW	0.078	450.458	18951
2019-nCoV	7124	C	T	SNP	Heterozygous	orf1ab	QHD43415.1	1	c.6859C>T	p.Pro2287Ser	missense_variant	MODERATE	0.0230115	8.23209	19224
2019-nCoV	8099	C	A	SNP	Heterozygous	orf1ab	QHD43415.1	1	c.7834C>A	p.Leu2612Ile	missense_variant	MODERATE	0.0746119	545.043	33131
2019-nCoV	8266	C	T	SNP	Heterozygous	orf1ab	QHD43415.1	1	c.8001C>T	p.Gly2667Gly	synonymous_variant	LOW	0.042021	159.676	37187
2019-nCoV	9073	C	T	SNP	Heterozygous	orf1ab	QHD43415.1	1	c.8808C>T	p.Thr2936Thr	synonymous_variant	LOW	0.157	2082.41	49834
2019-nCoV	9344	C	T	SNP	Homozygous	orf1ab	QHD43415.1	1	c.9079C>T	p.Leu3027Phe	missense_variant	MODERATE	1.0	33436.0	23673
2019-nCoV	9424	A	G	SNP	Homozygous	orf1ab	QHD43415.1	1	c.9159A>G	p.Val3053Val	synonymous_variant	LOW	1.0	36418.4	15622
2019-nCoV	9489	G	T	SNP	Heterozygous	orf1ab	QHD43415.1	1	c.9224G>T	p.Ser3075Ile	missense_variant	MODERATE	0.0573427	87.5105	714
2019-nCoV	9534	C	T	SNP	Homozygous	orf1ab	QHD43415.1	1	c.9269C>T	p.Thr3090Ile	missense_variant	MODERATE	0.997207	12887.2	715
2019-nCoV	9967	C	T	SNP	Heterozygous	orf1ab	QHD43415.1	1	c.9702C>T	p.Leu3234Leu	synonymous_variant	LOW	0.123062	1112.48	42390
2019-nCoV	10029	C	T	SNP	Homozygous	orf1ab	QHD43415.1	1	c.9764C>T	p.Thr3255Ile	missense_variant	MODERATE	0.999497	36063.8	42389
2019-nCoV	10198	C	T	SNP	Homozygous	orf1ab	QHD43415.1	1	c.9933C>T	p.Asp3311Asp	synonymous_variant	LOW	0.998999	33864.4	44814
2019-nCoV	10447	GCC	ACA	MNP	Homozygous	orf1ab	QHD43415.1	1	c.10182_10184delGCCinsACA	p.Pro3395His	missense_variant	MODERATE	1.0	35666.0	9803
2019-nCoV	10507	C	T	SNP	Heterozygous	orf1ab	QHD43415.1	1	c.10242C>T	p.Asn3414Asn	synonymous_variant	LOW	0.186687	2753.06	9356
2019-nCoV	10604	C	T	SNP	Heterozygous	orf1ab	QHD43415.1	1	c.10339C>T	p.Pro3447Ser	missense_variant	MODERATE	0.0481481	39.6581	270
2019-nCoV	11287	GTCTGGTTTT	G	DEL	Homozygous	orf1ab	QHD43415.1	1	c.11023_11031delTCTGGTTTT	p.Ser3675_Phe3677del	conservative_inframe_deletion	MODERATE	1.0	36180.6	64087
2019-nCoV	11514	C	T	SNP	Heterozygous	orf1ab	QHD43415.1	1	c.11249C>T	p.Thr3750Ile	missense_variant	MODERATE	0.0220884	6.56032	14929
2019-nCoV	11750	C	T	SNP	Heterozygous	orf1ab	QHD43415.1	1	c.11485C>T	p.Leu3829Phe	missense_variant	MODERATE	0.0235118	28.2504	34834
2019-nCoV	12160	G	A	SNP	Homozygous	orf1ab	QHD43415.1	1	c.11895G>A	p.Glu3965Glu	synonymous_variant	LOW	0.998995	36213.8	16512
2019-nCoV	12310	G	A	SNP	Heterozygous	orf1ab	QHD43415.1	1	c.12045G>A	p.Gln4015Gln	synonymous_variant	LOW	0.154	1653.12	35329
2019-nCoV	12554	G	A	SNP	Heterozygous	orf1ab	QHD43415.1	1	c.12289G>A	p.Glu4097Lys	missense_variant	MODERATE	0.0574018	219.233	25389
2019-nCoV	12829	A	G	SNP	Heterozygous	orf1ab	QHD43415.1	1	c.12564A>G	p.Leu4188Leu	synonymous_variant	LOW	0.10015	936.661	21152
2019-nCoV	12880	C	T	SNP	Homozygous	orf1ab	QHD43415.1	1	c.12615C>T	p.Ile4205Ile	synonymous_variant	LOW	1.0	36334.2	41511
2019-nCoV	13517	C	T	SNP	Heterozygous	orf1ab	QHD43415.1	2	c.13253C>T	p.Thr4418Ile	missense_variant	MODERATE	0.0465233	125.927	17958
2019-nCoV	14191	T	C	SNP	Heterozygous	orf1ab	QHD43415.1	2	c.13927T>C	p.Leu4643Leu	synonymous_variant	LOW	0.0182834	8.96493	40341
2019-nCoV	14408	C	T	SNP	Homozygous	orf1ab	QHD43415.1	2	c.14144C>T	p.Pro4715Leu	missense_variant	MODERATE	0.998496	33626.1	8712
2019-nCoV	15366	T	C	SNP	Heterozygous	orf1ab	QHD43415.1	2	c.15102T>C	p.His5034His	synonymous_variant	LOW	0.0230115	8.17893	66251
2019-nCoV	15451	G	A	SNP	Heterozygous	orf1ab	QHD43415.1	2	c.15187G>A	p.Gly5063Ser	missense_variant	MODERATE	0.188471	2780.25	104216
2019-nCoV	15714	C	T	SNP	Homozygous	orf1ab	QHD43415.1	2	c.15450C>T	p.Leu5150Leu	synonymous_variant	LOW	1.0	35888.2	73261
2019-nCoV	16323	C	T	SNP	Heterozygous	orf1ab	QHD43415.1	2	c.16059C>T	p.Cys5353Cys	synonymous_variant	LOW	0.0225	23.7427	70141
2019-nCoV	16428	C	T	SNP	Heterozygous	orf1ab	QHD43415.1	2	c.16164C>T	p.Tyr5388Tyr	synonymous_variant	LOW	0.05	153.306	100676
2019-nCoV	16616	C	A	SNP	Heterozygous	orf1ab	QHD43415.1	2	c.16352C>A	p.Thr5451Asn	missense_variant	MODERATE	0.170671	2383.31	27790
2019-nCoV	16935	G	A	SNP	Heterozygous	orf1ab	QHD43415.1	2	c.16671G>A	p.Met5557Ile	missense_variant	MODERATE	0.0170085	7.13812	80918
2019-nCoV	17247	T	C	SNP	Heterozygous	orf1ab	QHD43415.1	2	c.16983T>C	p.Arg5661Arg	synonymous_variant	LOW	0.024	10.394	71798
2019-nCoV	17410	C	T	SNP	Homozygous	orf1ab	QHD43415.1	2	c.17146C>T	p.Arg5716Cys	missense_variant	MODERATE	0.998498	36296.4	78967
2019-nCoV	17750	C	T	SNP	Heterozygous	orf1ab	QHD43415.1	2	c.17486C>T	p.Ala5829Val	missense_variant	MODERATE	0.053	274.074	8294
2019-nCoV	18163	A	G	SNP	Homozygous	orf1ab	QHD43415.1	2	c.17899A>G	p.Ile5967Val	missense_variant	MODERATE	0.998995	36031.1	26355
2019-nCoV	18647	C	T	SNP	Heterozygous	orf1ab	QHD43415.1	2	c.18383C>T	p.Pro6128Leu	missense_variant	MODERATE	0.0522351	174.305	32834
2019-nCoV	18803	G	T	SNP	Heterozygous	orf1ab	QHD43415.1	2	c.18539G>T	p.Ser6180Ile	missense_variant	MODERATE	0.0272727	45.8646	3013
2019-nCoV	19174	G	A	SNP	Heterozygous	orf1ab	QHD43415.1	2	c.18910G>A	p.Asp6304Asn	missense_variant	MODERATE	0.1745	2444.44	30003
2019-nCoV	19283	A	G	SNP	Heterozygous	orf1ab	QHD43415.1	2	c.19019A>G	p.Asp6340Gly	missense_variant	MODERATE	0.0775	441.268	22028
2019-nCoV	19524	C	T	SNP	Heterozygous	orf1ab	QHD43415.1	2	c.19260C>T	p.Leu6420Leu	synonymous_variant	LOW	0.0835836	524.141	42447
2019-nCoV	19955	C	T	SNP	Homozygous	orf1ab	QHD43415.1	2	c.19691C>T	p.Thr6564Ile	missense_variant	MODERATE	0.999499	33804.7	64738
2019-nCoV	20014	G	A	SNP	Heterozygous	orf1ab	QHD43415.1	2	c.19750G>A	p.Asp6584Asn	missense_variant	MODERATE	0.1705	2364.6	44357
2019-nCoV	20055	A	G	SNP	Homozygous	orf1ab	QHD43415.1	2	c.19791A>G	p.Glu6597Glu	synonymous_variant	LOW	1.0	33653.1	43893
2019-nCoV	20133	C	T	SNP	Heterozygous	orf1ab	QHD43415.1	2	c.19869C>T	p.Ala6623Ala	synonymous_variant	LOW	0.091138	616.46	28820
2019-nCoV	21302	CACG	TAAA	MNP	Heterozygous	orf1ab	QHD43415.1	2	c.21038_21041delCACGinsTAAA	p.ProArg7013LeuAsn	missense_variant	MODERATE	0.0515152	166.628	45343
2019-nCoV	21618	C	T	SNP	Homozygous	S	QHD43416.1	1	c.56C>T	p.Thr19Ile	missense_variant	MODERATE	0.999499	33820.0	25998
2019-nCoV	21632	TTACCCCCTG	T	DEL	Homozygous	S	QHD43416.1	1	c.71_79delTACCCCCTG	p.Leu24_Ala27delinsSer	disruptive_inframe_deletion	MODERATE	1.0	36109.2	25122
2019-nCoV	21764	ATACATG	A	DEL	Homozygous	S	QHD43416.1	1	c.204_209delACATGT	p.His69_Val70del	disruptive_inframe_deletion	MODERATE	1.0	36015.6	31131
2019-nCoV	21898	G	A	SNP	Heterozygous	S	QHD43416.1	1	c.336G>A	p.Ser112Ser	synonymous_variant	LOW	0.052026	259.63	42959
2019-nCoV	21987	G	A	SNP	Homozygous	S	QHD43416.1	1	c.425G>A	p.Gly142Asp	missense_variant	MODERATE	1.0	33558.6	30350
2019-nCoV	22070	T	C	SNP	Heterozygous	S	QHD43416.1	1	c.508T>C	p.Tyr170His	missense_variant	MODERATE	0.147533	1536.7	25799
2019-nCoV	22187	C	T	SNP	Heterozygous	S	QHD43416.1	1	c.625C>T	p.Pro209Ser	missense_variant	MODERATE	0.0335	88.3897	50527
2019-nCoV	22200	T	G	SNP	Homozygous	S	QHD43416.1	1	c.638T>G	p.Val213Gly	missense_variant	MODERATE	0.997	36154.3	22445
2019-nCoV	22231	A	G	SNP	Heterozygous	S	QHD43416.1	1	c.669A>G	p.Leu223Leu	synonymous_variant	LOW	0.059769	350.196	23582
2019-nCoV	22578	G	A	SNP	Homozygous	S	QHD43416.1	1	c.1016G>A	p.Gly339Asp	missense_variant	MODERATE	1.0	33767.4	23949
2019-nCoV	22599	G	C	SNP	Heterozygous	S	QHD43416.1	1	c.1037G>C	p.Arg346Thr	missense_variant	MODERATE	0.0245	33.1332	5796
2019-nCoV	22674	C	T	SNP	Homozygous	S	QHD43416.1	1	c.1112C>T	p.Ser371Phe	missense_variant	MODERATE	1.0	33830.3	8164
2019-nCoV	22679	T	C	SNP	Homozygous	S	QHD43416.1	1	c.1117T>C	p.Ser373Pro	missense_variant	MODERATE	0.993	35662.6	7991
2019-nCoV	22686	CCA	TCG	MNP	Homozygous	S	QHD43416.1	1	c.1124_1126delCCAinsTCG	p.SerThr375PheAla	missense_variant	MODERATE	0.999489	32941.1	2921
2019-nCoV	22775	G	A	SNP	Homozygous	S	QHD43416.1	1	c.1213G>A	p.Asp405Asn	missense_variant	MODERATE	1.0	33731.0	2284
2019-nCoV	22786	A	C	SNP	Homozygous	S	QHD43416.1	1	c.1224A>C	p.Arg408Ser	missense_variant	MODERATE	0.998993	35967.2	2237
2019-nCoV	22813	G	T	SNP	Homozygous	S	QHD43416.1	1	c.1251G>T	p.Lys417Asn	missense_variant	MODERATE	1.0	33736.6	37803
2019-nCoV	22882	T	G	SNP	Homozygous	S	QHD43416.1	1	c.1320T>G	p.Asn440Lys	missense_variant	MODERATE	0.997497	33723.3	65277
2019-nCoV	22917	T	G	SNP	Homozygous	S	QHD43416.1	1	c.1355T>G	p.Leu452Arg	missense_variant	MODERATE	0.999499	33899.9	64535
2019-nCoV	22992	GCAC	ACAA	MNP	Homozygous	S	QHD43416.1	1	c.1430_1433delGCACinsACAA	p.SerThr477AsnLys	missense_variant	MODERATE	1.0	36245.0	26425
2019-nCoV	23013	A	C	SNP	Homozygous	S	QHD43416.1	1	c.1451A>C	p.Glu484Ala	missense_variant	MODERATE	0.993451	35587.0	42265
2019-nCoV	23018	T	G	SNP	Homozygous	S	QHD43416.1	1	c.1456T>G	p.Phe486Val	missense_variant	MODERATE	0.995992	36021.4	42397
2019-nCoV	23055	A	G	SNP	Homozygous	S	QHD43416.1	1	c.1493A>G	p.Gln498Arg	missense_variant	MODERATE	0.998486	33356.3	16838
2019-nCoV	23063	A	T	SNP	Homozygous	S	QHD43416.1	1	c.1501A>T	p.Asn501Tyr	missense_variant	MODERATE	0.993493	33182.9	17078
2019-nCoV	23075	T	C	SNP	Homozygous	S	QHD43416.1	1	c.1513T>C	p.Tyr505His	missense_variant	MODERATE	0.994492	33328.8	17414
2019-nCoV	23119	T	C	SNP	Heterozygous	S	QHD43416.1	1	c.1557T>C	p.His519His	synonymous_variant	LOW	0.0575	222.59	37975
2019-nCoV	23400	AGGA	CAGGG	MIXED	Heterozygous	S	QHD43416.1	1	c.1838_1841delAGGAinsCAGGG	p.Gln613fs	frameshift_variant&missense_variant	HIGH	0.594174	36000.6	75499
2019-nCoV	23403	A	G	SNP	Heterozygous	S	QHD43416.1	1	c.1841A>G	p.Asp614Gly	missense_variant	MODERATE	0.404822	36000.6	75499
2019-nCoV	23520	C	T	SNP	Heterozygous	S	QHD43416.1	1	c.1958C>T	p.Ala653Val	missense_variant	MODERATE	0.0266734	44.269	118585
2019-nCoV	23525	C	T	SNP	Homozygous	S	QHD43416.1	1	c.1963C>T	p.His655Tyr	missense_variant	MODERATE	0.998492	33551.7	118191
2019-nCoV	23599	T	G	SNP	Homozygous	S	QHD43416.1	1	c.2037T>G	p.Asn679Lys	missense_variant	MODERATE	0.997494	33672.1	146073
2019-nCoV	23604	C	A	SNP	Homozygous	S	QHD43416.1	1	c.2042C>A	p.Pro681His	missense_variant	MODERATE	0.998997	36241.9	146214
2019-nCoV	23638	C	T	SNP	Heterozygous	S	QHD43416.1	1	c.2076C>T	p.Ile692Ile	synonymous_variant	LOW	0.0655	303.293	146636
2019-nCoV	23854	C	A	SNP	Homozygous	S	QHD43416.1	1	c.2292C>A	p.Asn764Lys	missense_variant	MODERATE	1.0	33260.2	31888
2019-nCoV	23948	GATTTTG	TATTT	MIXED	Heterozygous	S	QHD43416.1	1	c.2386_2392delGATTTTGinsTATTT	p.Asp796fs	frameshift_variant&missense_variant	HIGH	0.0554985	32342.3	29849
2019-nCoV	23948	G	T	SNP	Heterozygous	S	QHD43416.1	1	c.2386G>T	p.Asp796Tyr	missense_variant	MODERATE	0.890031	32342.3	29849
2019-nCoV	24424	A	T	SNP	Homozygous	S	QHD43416.1	1	c.2862A>T	p.Gln954His	missense_variant	MODERATE	0.998483	35927.0	49212
2019-nCoV	24469	T	A	SNP	Homozygous	S	QHD43416.1	1	c.2907T>A	p.Asn969Lys	missense_variant	MODERATE	1.0	33548.6	78955
2019-nCoV	24620	G	T	SNP	Heterozygous	S	QHD43416.1	1	c.3058G>T	p.Ala1020Ser	missense_variant	MODERATE	0.0945	867.361	50036
2019-nCoV	25000	C	T	SNP	Homozygous	S	QHD43416.1	1	c.3438C>T	p.Asp1146Asp	synonymous_variant	LOW	1.0	33639.1	57669
2019-nCoV	25083	C	T	SNP	Heterozygous	S	QHD43416.1	1	c.3521C>T	p.Ala1174Val	missense_variant	MODERATE	0.0490245	229.756	26624
2019-nCoV	25350	C	A	SNP	Heterozygous	S	QHD43416.1	1	c.3788C>A	p.Pro1263Gln	missense_variant	MODERATE	0.0793173	460.661	8640
2019-nCoV	25584	C	T	SNP	Homozygous	ORF3a	QHD43417.1	1	c.192C>T	p.Thr64Thr	synonymous_variant	LOW	0.995477	35801.4	75314
2019-nCoV	25785	G	T	SNP	Heterozygous	ORF3a	QHD43417.1	1	c.393G>T	p.Trp131Cys	missense_variant	MODERATE	0.0460922	198.606	68557
2019-nCoV	25850	G	A	SNP	Heterozygous	ORF3a	QHD43417.1	1	c.458G>A	p.Cys153Tyr	missense_variant	MODERATE	0.0805	642.917	25741
2019-nCoV	25889	C	T	SNP	Heterozygous	ORF3a	QHD43417.1	1	c.497C>T	p.Ser166Leu	missense_variant	MODERATE	0.0450676	189.548	3180
2019-nCoV	26060	C	T	SNP	Homozygous	ORF3a	QHD43417.1	1	c.668C>T	p.Thr223Ile	missense_variant	MODERATE	1.0	33898.9	46755
2019-nCoV	26270	C	T	SNP	Homozygous	E	QHD43418.1	1	c.26C>T	p.Thr9Ile	missense_variant	MODERATE	0.998996	33571.3	115868
2019-nCoV	26528	AG	A	DEL	Heterozygous	M	QHD43419.1	1	c.7delG	p.Asp3fs	frameshift_variant	HIGH	0.936468	36276.3	24629
2019-nCoV	26529	G	A	SNP	Heterozygous	M	QHD43419.1	1	c.7G>A	p.Asp3Asn	missense_variant	MODERATE	0.0615308	36276.3	24629
2019-nCoV	26577	C	G	SNP	Homozygous	M	QHD43419.1	1	c.55C>G	p.Gln19Glu	missense_variant	MODERATE	1.0	33887.8	13587
2019-nCoV	26709	G	A	SNP	Homozygous	M	QHD43419.1	1	c.187G>A	p.Ala63Thr	missense_variant	MODERATE	0.998495	36232.2	47063
2019-nCoV	26995	G	A	SNP	Heterozygous	M	QHD43419.1	1	c.473G>A	p.Arg158His	missense_variant	MODERATE	0.059	238.486	47386
2019-nCoV	27012	C	T	SNP	Heterozygous	M	QHD43419.1	1	c.490C>T	p.Leu164Leu	synonymous_variant	LOW	0.1185	1037.34	47080
2019-nCoV	27038	A	G	SNP	Heterozygous	M	QHD43419.1	1	c.516A>G	p.Thr172Thr	synonymous_variant	LOW	0.231732	3868.56	8126
2019-nCoV	27218	A	G	SNP	Heterozygous	ORF6	QHD43420.1	1	c.17A>G	p.Asp6Gly	missense_variant	MODERATE	0.017	6.81205	22609
2019-nCoV	27389	C	T	SNP	Heterozygous	ORF7a	QHD43421.1	-1	c.-5C>T	.	upstream_gene_variant	MODIFIER	0.192192	2831.54	9118
2019-nCoV	27438	T	C	SNP	Heterozygous	ORF7a	QHD43421.1	1	c.45T>C	p.Cys15Cys	synonymous_variant	LOW	0.52782	11835.0	42538
2019-nCoV	27513	C	T	SNP	Heterozygous	ORF7a	QHD43421.1	1	c.120C>T	p.Tyr40Tyr	synonymous_variant	LOW	0.179	2575.93	62852
2019-nCoV	27532	C	T	SNP	Heterozygous	ORF7a	QHD43421.1	1	c.139C>T	p.His47Tyr	missense_variant	MODERATE	0.122049	1343.99	64861
2019-nCoV	27600	C	T	SNP	Heterozygous	ORF7a	QHD43421.1	1	c.207C>T	p.Asp69Asp	synonymous_variant	LOW	0.0210105	18.3975	34783
2019-nCoV	27807	C	T	SNP	Homozygous	ORF8	QHD43422.1	-1	c.-87C>T	.	upstream_gene_variant	MODIFIER	0.998998	36285.5	71822
2019-nCoV	27889	C	T	SNP	Homozygous	ORF8	QHD43422.1	-1	c.-5C>T	.	upstream_gene_variant	MODIFIER	0.997499	36131.7	50931
2019-nCoV	27937	C	T	SNP	Heterozygous	ORF8	QHD43422.1	1	c.44C>T	p.Ala15Val	missense_variant	MODERATE	0.0294118	31.2099	816
2019-nCoV	28271	A	T	SNP	Homozygous	N	QHD43423.2	-1	c.-3A>T	.	upstream_gene_variant	MODIFIER	1.0	33403.6	116143
2019-nCoV	28311	C	T	SNP	Homozygous	N	QHD43423.2	1	c.38C>T	p.Pro13Leu	missense_variant	MODERATE	0.9925	35784.2	116600
2019-nCoV	28330	A	G	SNP	Heterozygous	N	QHD43423.2	1	c.57A>G	p.Gly19Gly	synonymous_variant	LOW	0.296296	5548.0	112294
2019-nCoV	28361	GGAGAACGCA	G	DEL	Homozygous	N	QHD43423.2	1	c.90_98delAGAACGCAG	p.Glu31_Ser33del	disruptive_inframe_deletion	MODERATE	1.0	35566.5	25726
2019-nCoV	28402	A	G	SNP	Heterozygous	N	QHD43423.2	1	c.129A>G	p.Gln43Gln	synonymous_variant	LOW	0.0705353	361.253	78220
2019-nCoV	28405	T	C	SNP	Heterozygous	N	QHD43423.2	1	c.132T>C	p.Gly44Gly	synonymous_variant	LOW	0.0227964	7.73638	78221
2019-nCoV	28462	C	T	SNP	Heterozygous	N	QHD43423.2	1	c.189C>T	p.Asp63Asp	synonymous_variant	LOW	0.0465	203.658	57954
2019-nCoV	28510	T	C	SNP	Heterozygous	N	QHD43423.2	1	c.237T>C	p.Ser79Ser	synonymous_variant	LOW	0.0600901	347.677	59275
2019-nCoV	28881	GGG	AAC	MNP	Homozygous	N	QHD43423.2	1	c.608_610delGGGinsAAC	p.ArgGly203LysArg	missense_variant	MODERATE	1.0	33611.3	44194
2019-nCoV	29253	C	T	SNP	Heterozygous	N	QHD43423.2	1	c.980C>T	p.Ser327Leu	missense_variant	MODERATE	0.0225904	7.01402	22069
2019-nCoV	29284	C	T	SNP	Heterozygous	N	QHD43423.2	1	c.1011C>T	p.Ile337Ile	synonymous_variant	LOW	0.21425	3372.75	22124
2019-nCoV	29416	C	A	SNP	Heterozygous	N	QHD43423.2	1	c.1143C>A	p.Ala381Ala	synonymous_variant	LOW	0.208813	3284.69	33514
2019-nCoV	29510	A	C	SNP	Homozygous	N	QHD43423.2	1	c.1237A>C	p.Ser413Arg	missense_variant	MODERATE	0.996489	33375.6	12491
2019-nCoV	29608	C	T	SNP	Heterozygous	ORF10	QHI42199.1	1	c.51C>T	p.Leu17Leu	synonymous_variant	LOW	0.027027	46.1442	5442
2019-nCoV	29614	C	T	SNP	Heterozygous	ORF10	QHI42199.1	1	c.57C>T	p.Cys19Cys	synonymous_variant	LOW	0.027027	46.3263	5517
2019-nCoV	29666	C	T	SNP	Heterozygous	ORF10	QHI42199.1	1	c.109C>T	p.Leu37Phe	missense_variant	MODERATE	0.65998	18980.1	5602
2019-nCoV	29733	CGAGGCCACGCGGAGTACGATCGAGTG	C	DEL	Homozygous	S	QHD43416.1	-1	c.*4350_*4375delGAGGCCACGCGGAGTACGATCGAGTG	.	downstream_gene_variant	MODIFIER	0.993357	35652.8	4251
