CHROM	POS	REF	ALT	VARTYPE	GEN[*].GT	ANN[*].GENE	ANN[*].FEATUREID	EFF[*].RANK	ANN[*].HGVS_C	ANN[*].HGVS_P	ANN[*].EFFECT	EFF[*].IMPACT	AF	QUAL	DP
2019-nCoV	44	C	T	SNP	Homozygous	orf1ab	QHD43415.1	-1	c.-222C>T	.	upstream_gene_variant	MODIFIER	0.990486	32810.8	132749
2019-nCoV	105	G	T	SNP	Heterozygous	orf1ab	QHD43415.1	-1	c.-161G>T	.	upstream_gene_variant	MODIFIER	0.024024	29.6317	141828
2019-nCoV	210	G	T	SNP	Heterozygous	orf1ab	QHD43415.1	-1	c.-56G>T	.	upstream_gene_variant	MODIFIER	0.017	6.93429	134221
2019-nCoV	241	C	T	SNP	Homozygous	orf1ab	QHD43415.1	-1	c.-25C>T	.	upstream_gene_variant	MODIFIER	1.0	33520.8	6268
2019-nCoV	445	T	C	SNP	Heterozygous	orf1ab	QHD43415.1	1	c.180T>C	p.Val60Val	synonymous_variant	LOW	0.0166583	33.246	134316
2019-nCoV	540	T	C	SNP	Heterozygous	orf1ab	QHD43415.1	1	c.275T>C	p.Leu92Pro	missense_variant	MODERATE	0.018009	8.8281	88360
2019-nCoV	643	C	T	SNP	Heterozygous	orf1ab	QHD43415.1	1	c.378C>T	p.Asn126Asn	synonymous_variant	LOW	0.03	64.1045	135148
2019-nCoV	670	T	G	SNP	Homozygous	orf1ab	QHD43415.1	1	c.405T>G	p.Ser135Arg	missense_variant	MODERATE	0.994489	33437.5	134102
2019-nCoV	685	AAAGTCATTT	A	DEL	Heterozygous	orf1ab	QHD43415.1	1	c.421_429delAAGTCATTT	p.Lys141_Phe143del	conservative_inframe_deletion	MODERATE	0.0956215	1111.34	132840
2019-nCoV	738	AAG	A	DEL	Heterozygous	orf1ab	QHD43415.1	1	c.475_476delGA	p.Glu159fs	frameshift_variant	HIGH	0.0171891	7.673	77715
2019-nCoV	942	G	A	SNP	Heterozygous	orf1ab	QHD43415.1	1	c.677G>A	p.Arg226Lys	missense_variant	MODERATE	0.0206757	4.65374	72999
2019-nCoV	1040	T	G	SNP	Heterozygous	orf1ab	QHD43415.1	1	c.775T>G	p.Leu259Val	missense_variant	MODERATE	0.0423174	158.83	57069
2019-nCoV	1044	C	T	SNP	Heterozygous	orf1ab	QHD43415.1	1	c.779C>T	p.Ala260Val	missense_variant	MODERATE	0.0275966	48.689	56419
2019-nCoV	1406	G	T	SNP	Heterozygous	orf1ab	QHD43415.1	1	c.1141G>T	p.Glu381*	stop_gained	HIGH	0.0185	10.5318	93172
2019-nCoV	1420	C	T	SNP	Heterozygous	orf1ab	QHD43415.1	1	c.1155C>T	p.Ala385Ala	synonymous_variant	LOW	0.0345	95.8951	44724
2019-nCoV	1594	C	T	SNP	Heterozygous	orf1ab	QHD43415.1	1	c.1329C>T	p.Ser443Ser	synonymous_variant	LOW	0.0210315	18.4757	67958
2019-nCoV	1627	C	T	SNP	Heterozygous	orf1ab	QHD43415.1	1	c.1362C>T	p.Leu454Leu	synonymous_variant	LOW	0.475213	10221.2	93142
2019-nCoV	1684	C	T	SNP	Heterozygous	orf1ab	QHD43415.1	1	c.1419C>T	p.Ile473Ile	synonymous_variant	LOW	0.0575758	214.253	16250
2019-nCoV	1931	C	A	SNP	Heterozygous	orf1ab	QHD43415.1	1	c.1666C>A	p.Gln556Lys	missense_variant	MODERATE	0.0717871	497.703	18239
2019-nCoV	2122	TG	T	DEL	Heterozygous	orf1ab	QHD43415.1	1	c.1858delG	p.Val620fs	frameshift_variant	HIGH	0.0175351	7.33417	25279
2019-nCoV	2130	A	G	SNP	Heterozygous	orf1ab	QHD43415.1	1	c.1865A>G	p.Glu622Gly	missense_variant	MODERATE	0.0291311	23.6002	24748
2019-nCoV	2183	G	T	SNP	Heterozygous	orf1ab	QHD43415.1	1	c.1918G>T	p.Glu640*	stop_gained	HIGH	0.0195098	13.3696	43414
2019-nCoV	2394	T	C	SNP	Heterozygous	orf1ab	QHD43415.1	1	c.2129T>C	p.Val710Ala	missense_variant	MODERATE	0.052026	172.716	4023
2019-nCoV	2402	T	C	SNP	Heterozygous	orf1ab	QHD43415.1	1	c.2137T>C	p.Ser713Pro	missense_variant	MODERATE	0.0190095	11.9418	28726
2019-nCoV	2441	G	A	SNP	Heterozygous	orf1ab	QHD43415.1	1	c.2176G>A	p.Glu726Lys	missense_variant	MODERATE	0.0165829	6.58566	25684
2019-nCoV	2611	A	G	SNP	Heterozygous	orf1ab	QHD43415.1	1	c.2346A>G	p.Pro782Pro	synonymous_variant	LOW	0.021	18.3865	34702
2019-nCoV	2691	C	T	SNP	Heterozygous	orf1ab	QHD43415.1	1	c.2426C>T	p.Thr809Ile	missense_variant	MODERATE	0.021	18.3884	43059
2019-nCoV	2790	C	T	SNP	Homozygous	orf1ab	QHD43415.1	1	c.2525C>T	p.Thr842Ile	missense_variant	MODERATE	1.0	31759.5	98931
2019-nCoV	3037	C	T	SNP	Homozygous	orf1ab	QHD43415.1	1	c.2772C>T	p.Phe924Phe	synonymous_variant	LOW	0.999497	35361.8	16964
2019-nCoV	3210	A	G	SNP	Heterozygous	orf1ab	QHD43415.1	1	c.2945A>G	p.Asp982Gly	missense_variant	MODERATE	0.018	9.23966	29704
2019-nCoV	3251	G	T	SNP	Heterozygous	orf1ab	QHD43415.1	1	c.2986G>T	p.Asp996Tyr	missense_variant	MODERATE	0.02001	14.9577	34437
2019-nCoV	3746	T	C	SNP	Heterozygous	orf1ab	QHD43415.1	1	c.3481T>C	p.Ser1161Pro	missense_variant	MODERATE	0.0225	7.36159	44007
2019-nCoV	3787	C	T	SNP	Heterozygous	orf1ab	QHD43415.1	1	c.3522C>T	p.Tyr1174Tyr	synonymous_variant	LOW	0.0335503	45.6385	54232
2019-nCoV	3796	C	T	SNP	Heterozygous	orf1ab	QHD43415.1	1	c.3531C>T	p.Val1177Val	synonymous_variant	LOW	0.0416249	150.221	53665
2019-nCoV	3886	T	C	SNP	Heterozygous	orf1ab	QHD43415.1	1	c.3621T>C	p.Pro1207Pro	synonymous_variant	LOW	0.0887663	763.768	11745
2019-nCoV	3902	C	T	SNP	Heterozygous	orf1ab	QHD43415.1	1	c.3637C>T	p.Pro1213Ser	missense_variant	MODERATE	0.041	88.2735	34917
2019-nCoV	3927	C	T	SNP	Heterozygous	orf1ab	QHD43415.1	1	c.3662C>T	p.Ser1221Leu	missense_variant	MODERATE	0.0415415	155.245	34936
2019-nCoV	3930	T	C	SNP	Heterozygous	orf1ab	QHD43415.1	1	c.3665T>C	p.Val1222Ala	missense_variant	MODERATE	0.0185	10.4594	34806
2019-nCoV	3978	A	G	SNP	Heterozygous	orf1ab	QHD43415.1	1	c.3713A>G	p.Glu1238Gly	missense_variant	MODERATE	0.0225	7.21691	23058
2019-nCoV	4002	C	T	SNP	Heterozygous	orf1ab	QHD43415.1	1	c.3737C>T	p.Thr1246Ile	missense_variant	MODERATE	0.0331992	83.9689	22595
2019-nCoV	4024	G	T	SNP	Heterozygous	orf1ab	QHD43415.1	1	c.3759G>T	p.Leu1253Phe	missense_variant	MODERATE	0.0185	9.45936	31272
2019-nCoV	4077	T	C	SNP	Heterozygous	orf1ab	QHD43415.1	1	c.3812T>C	p.Val1271Ala	missense_variant	MODERATE	0.0210105	18.4214	31663
2019-nCoV	4184	G	A	SNP	Homozygous	orf1ab	QHD43415.1	1	c.3919G>A	p.Gly1307Ser	missense_variant	MODERATE	1.0	33897.3	26327
2019-nCoV	4202	CT	C	DEL	Heterozygous	orf1ab	QHD43415.1	1	c.3938delT	p.Leu1313fs	frameshift_variant	HIGH	0.0215539	19.7714	27118
2019-nCoV	4246	C	T	SNP	Heterozygous	orf1ab	QHD43415.1	1	c.3981C>T	p.Thr1327Thr	synonymous_variant	LOW	0.023	26.1633	17957
2019-nCoV	4280	G	T	SNP	Heterozygous	orf1ab	QHD43415.1	1	c.4015G>T	p.Val1339Leu	missense_variant	MODERATE	0.0205103	15.8441	67018
2019-nCoV	4321	C	T	SNP	Homozygous	orf1ab	QHD43415.1	1	c.4056C>T	p.Ala1352Ala	synonymous_variant	LOW	0.998994	33408.0	66340
2019-nCoV	4331	C	T	SNP	Heterozygous	orf1ab	QHD43415.1	1	c.4066C>T	p.Leu1356Leu	synonymous_variant	LOW	0.0775	593.232	66035
2019-nCoV	4377	T	C	SNP	Heterozygous	orf1ab	QHD43415.1	1	c.4112T>C	p.Val1371Ala	missense_variant	MODERATE	0.022	21.5476	61204
2019-nCoV	4410	CAGA	C	DEL	Heterozygous	orf1ab	QHD43415.1	1	c.4150_4152delGAA	p.Glu1384del	conservative_inframe_deletion	MODERATE	0.0236776	29.8111	46620
2019-nCoV	4412	G	T	SNP	Heterozygous	orf1ab	QHD43415.1	1	c.4147G>T	p.Glu1383*	stop_gained	HIGH	0.0235118	28.528	46627
2019-nCoV	4586	C	T	SNP	Heterozygous	orf1ab	QHD43415.1	1	c.4321C>T	p.Leu1441Leu	synonymous_variant	LOW	0.044	178.755	85562
2019-nCoV	4891	C	T	SNP	Heterozygous	orf1ab	QHD43415.1	1	c.4626C>T	p.Thr1542Thr	synonymous_variant	LOW	0.0705	497.13	17982
2019-nCoV	4908	G	A	SNP	Heterozygous	orf1ab	QHD43415.1	1	c.4643G>A	p.Gly1548Asp	missense_variant	MODERATE	0.0185093	10.4524	17823
2019-nCoV	5102	C	T	SNP	Heterozygous	orf1ab	QHD43415.1	1	c.4837C>T	p.His1613Tyr	missense_variant	MODERATE	0.027	45.7067	33110
2019-nCoV	5127	T	C	SNP	Heterozygous	orf1ab	QHD43415.1	1	c.4862T>C	p.Leu1621Ser	missense_variant	MODERATE	0.021148	19.3688	30087
2019-nCoV	5183	C	T	SNP	Heterozygous	orf1ab	QHD43415.1	1	c.4918C>T	p.Pro1640Ser	missense_variant	MODERATE	0.044	108.25	46403
2019-nCoV	5365	C	T	SNP	Heterozygous	orf1ab	QHD43415.1	1	c.5100C>T	p.Tyr1700Tyr	synonymous_variant	LOW	0.0215108	5.46472	55066
2019-nCoV	5650	A	G	SNP	Heterozygous	orf1ab	QHD43415.1	1	c.5385A>G	p.Lys1795Lys	synonymous_variant	LOW	0.0361446	58.1524	83121
2019-nCoV	5833	C	T	SNP	Heterozygous	orf1ab	QHD43415.1	1	c.5568C>T	p.Ser1856Ser	synonymous_variant	LOW	0.042021	95.0686	11273
2019-nCoV	5946	C	T	SNP	Heterozygous	orf1ab	QHD43415.1	1	c.5681C>T	p.Pro1894Leu	missense_variant	MODERATE	0.0382872	71.1166	26754
2019-nCoV	6027	C	T	SNP	Heterozygous	orf1ab	QHD43415.1	1	c.5762C>T	p.Pro1921Leu	missense_variant	MODERATE	0.035	99.6396	25474
2019-nCoV	6226	T	C	SNP	Heterozygous	orf1ab	QHD43415.1	1	c.5961T>C	p.His1987His	synonymous_variant	LOW	0.0541625	285.686	95342
2019-nCoV	6543	C	T	SNP	Heterozygous	orf1ab	QHD43415.1	1	c.6278C>T	p.Thr2093Ile	missense_variant	MODERATE	0.0756892	416.322	57157
2019-nCoV	6651	C	T	SNP	Heterozygous	orf1ab	QHD43415.1	1	c.6386C>T	p.Ala2129Val	missense_variant	MODERATE	0.0175	8.07143	63852
2019-nCoV	6843	CTA	C	DEL	Heterozygous	orf1ab	QHD43415.1	1	c.6580_6581delAT	p.Met2194fs	frameshift_variant	HIGH	0.0321447	78.3358	7188
2019-nCoV	6865	G	A	SNP	Heterozygous	orf1ab	QHD43415.1	1	c.6600G>A	p.Lys2200Lys	synonymous_variant	LOW	0.016608	7.18982	7194
2019-nCoV	6979	T	G	SNP	Heterozygous	orf1ab	QHD43415.1	1	c.6714T>G	p.Val2238Val	synonymous_variant	LOW	0.0650202	415.234	11165
2019-nCoV	7404	T	C	SNP	Heterozygous	orf1ab	QHD43415.1	1	c.7139T>C	p.Met2380Thr	missense_variant	MODERATE	0.026	15.67	20303
2019-nCoV	7528	C	T	SNP	Heterozygous	orf1ab	QHD43415.1	1	c.7263C>T	p.Val2421Val	synonymous_variant	LOW	0.1555	2049.41	45054
2019-nCoV	7590	A	C	SNP	Heterozygous	orf1ab	QHD43415.1	1	c.7325A>C	p.Lys2442Thr	missense_variant	MODERATE	0.0230769	26.6948	22861
2019-nCoV	7672	TG	T	DEL	Heterozygous	orf1ab	QHD43415.1	1	c.7408delG	p.Ala2470fs	frameshift_variant	HIGH	0.0201309	14.2072	35223
2019-nCoV	7773	T	C	SNP	Heterozygous	orf1ab	QHD43415.1	1	c.7508T>C	p.Leu2503Pro	missense_variant	MODERATE	0.0275413	20.0704	26005
2019-nCoV	8095	A	C	SNP	Heterozygous	orf1ab	QHD43415.1	1	c.7830A>C	p.Lys2610Asn	missense_variant	MODERATE	0.018621	10.9687	48720
2019-nCoV	8140	C	T	SNP	Heterozygous	orf1ab	QHD43415.1	1	c.7875C>T	p.Ser2625Ser	synonymous_variant	LOW	0.0335	44.9691	75274
2019-nCoV	8306	G	A	SNP	Heterozygous	orf1ab	QHD43415.1	1	c.8041G>A	p.Glu2681Lys	missense_variant	MODERATE	0.02476	34.7066	47048
2019-nCoV	8320	C	T	SNP	Heterozygous	orf1ab	QHD43415.1	1	c.8055C>T	p.Pro2685Pro	synonymous_variant	LOW	0.0170683	44.0042	46475
2019-nCoV	8548	G	A	SNP	Heterozygous	orf1ab	QHD43415.1	1	c.8283G>A	p.Lys2761Lys	synonymous_variant	LOW	0.0231388	8.15303	28877
2019-nCoV	8704	T	C	SNP	Heterozygous	orf1ab	QHD43415.1	1	c.8439T>C	p.Asp2813Asp	synonymous_variant	LOW	0.0355178	55.4679	25526
2019-nCoV	8836	C	T	SNP	Heterozygous	orf1ab	QHD43415.1	1	c.8571C>T	p.Val2857Val	synonymous_variant	LOW	0.0625313	389.781	25940
2019-nCoV	8882	A	G	SNP	Heterozygous	orf1ab	QHD43415.1	1	c.8617A>G	p.Ile2873Val	missense_variant	MODERATE	0.02001	15.0188	18197
2019-nCoV	9132	T	C	SNP	Heterozygous	orf1ab	QHD43415.1	1	c.8867T>C	p.Leu2956Pro	missense_variant	MODERATE	0.029	57.3611	29132
2019-nCoV	9200	T	C	SNP	Heterozygous	orf1ab	QHD43415.1	1	c.8935T>C	p.Phe2979Leu	missense_variant	MODERATE	0.0195	13.398	10126
2019-nCoV	9216	G	T	SNP	Heterozygous	orf1ab	QHD43415.1	1	c.8951G>T	p.Cys2984Phe	missense_variant	MODERATE	0.030015	61.4454	10141
2019-nCoV	9241	A	G	SNP	Heterozygous	orf1ab	QHD43415.1	1	c.8976A>G	p.Ser2992Ser	synonymous_variant	LOW	0.023	26.3073	10196
2019-nCoV	9344	C	T	SNP	Homozygous	orf1ab	QHD43415.1	1	c.9079C>T	p.Leu3027Phe	missense_variant	MODERATE	0.998988	33127.0	27789
2019-nCoV	9424	A	G	SNP	Homozygous	orf1ab	QHD43415.1	1	c.9159A>G	p.Val3053Val	synonymous_variant	LOW	1.0	36451.1	18224
2019-nCoV	9488	AG	T	MIXED	Heterozygous	orf1ab	QHD43415.1	1	c.9223_9224delAGinsT	p.Ser3075fs	frameshift_variant&missense_variant	HIGH	0.0361938	95.1297	1726
2019-nCoV	9534	C	T	SNP	Homozygous	orf1ab	QHD43415.1	1	c.9269C>T	p.Thr3090Ile	missense_variant	MODERATE	1.0	31639.1	1746
2019-nCoV	9574	T	C	SNP	Heterozygous	orf1ab	QHD43415.1	1	c.9309T>C	p.Gly3103Gly	synonymous_variant	LOW	0.0215	5.46434	9139
2019-nCoV	9652	GGTTA	G	DEL	Heterozygous	orf1ab	QHD43415.1	1	c.9388_9391delGTTA	p.Val3130fs	frameshift_variant	HIGH	0.0241206	31.0895	8082
2019-nCoV	9747	T	C	SNP	Heterozygous	orf1ab	QHD43415.1	1	c.9482T>C	p.Leu3161Pro	missense_variant	MODERATE	0.0150527	30.4282	21120
2019-nCoV	9806	T	C	SNP	Heterozygous	orf1ab	QHD43415.1	1	c.9541T>C	p.Cys3181Arg	missense_variant	MODERATE	0.0205	17.0284	12946
2019-nCoV	9855	T	A	SNP	Heterozygous	orf1ab	QHD43415.1	1	c.9590T>A	p.Val3197Glu	missense_variant	MODERATE	0.017017	6.91829	12988
2019-nCoV	9866	C	T	SNP	Heterozygous	orf1ab	QHD43415.1	1	c.9601C>T	p.Leu3201Phe	missense_variant	MODERATE	0.0386546	124.736	33372
2019-nCoV	9967	C	T	SNP	Heterozygous	orf1ab	QHD43415.1	1	c.9702C>T	p.Leu3234Leu	synonymous_variant	LOW	0.047	132.126	46690
2019-nCoV	9979	C	T	SNP	Heterozygous	orf1ab	QHD43415.1	1	c.9714C>T	p.Leu3238Leu	synonymous_variant	LOW	0.063	395.978	46815
2019-nCoV	10029	C	T	SNP	Homozygous	orf1ab	QHD43415.1	1	c.9764C>T	p.Thr3255Ile	missense_variant	MODERATE	0.997487	35865.4	46329
2019-nCoV	10198	C	T	SNP	Homozygous	orf1ab	QHD43415.1	1	c.9933C>T	p.Asp3311Asp	synonymous_variant	LOW	0.998999	36364.8	38656
2019-nCoV	10252	C	T	SNP	Heterozygous	orf1ab	QHD43415.1	1	c.9987C>T	p.Phe3329Phe	synonymous_variant	LOW	0.0236062	24.6486	38825
2019-nCoV	10318	G	T	SNP	Heterozygous	orf1ab	QHD43415.1	1	c.10053G>T	p.Lys3351Asn	missense_variant	MODERATE	0.0195098	13.4191	37238
2019-nCoV	10447	GCC	ACA	MNP	Homozygous	orf1ab	QHD43415.1	1	c.10182_10184delGCCinsACA	p.Pro3395His	missense_variant	MODERATE	0.999492	35702.0	8607
2019-nCoV	10476	TTAA	CT	MIXED	Heterozygous	orf1ab	QHD43415.1	1	c.10211_10214delTTAAinsCT	p.Leu3404fs	frameshift_variant&missense_variant	HIGH	0.0295591	61.3647	8603
2019-nCoV	10597	T	C	SNP	Heterozygous	orf1ab	QHD43415.1	1	c.10332T>C	p.Phe3444Phe	synonymous_variant	LOW	0.0241449	133.605	7550
2019-nCoV	11020	C	T	SNP	Heterozygous	orf1ab	QHD43415.1	1	c.10755C>T	p.Leu3585Leu	synonymous_variant	LOW	0.0505	160.578	49030
2019-nCoV	11114	G	T	SNP	Heterozygous	orf1ab	QHD43415.1	1	c.10849G>T	p.Gly3617Cys	missense_variant	MODERATE	0.0165913	6.40333	17800
2019-nCoV	11200	C	T	SNP	Heterozygous	orf1ab	QHD43415.1	1	c.10935C>T	p.Ala3645Ala	synonymous_variant	LOW	0.0265	42.1891	68249
2019-nCoV	11287	GTCTGGTTTT	G	DEL	Homozygous	orf1ab	QHD43415.1	1	c.11023_11031delTCTGGTTTT	p.Ser3675_Phe3677del	conservative_inframe_deletion	MODERATE	1.0	35777.2	85843
2019-nCoV	11501	G	A	SNP	Heterozygous	orf1ab	QHD43415.1	1	c.11236G>A	p.Gly3746Ser	missense_variant	MODERATE	0.0265133	17.2449	18283
2019-nCoV	11521	G	T	SNP	Heterozygous	orf1ab	QHD43415.1	1	c.11256G>T	p.Met3752Ile	missense_variant	MODERATE	0.0202429	12.3603	18177
2019-nCoV	11674	C	T	SNP	Heterozygous	orf1ab	QHD43415.1	1	c.11409C>T	p.Tyr3803Tyr	synonymous_variant	LOW	0.0190285	12.2207	23720
2019-nCoV	11936	T	C	SNP	Heterozygous	orf1ab	QHD43415.1	1	c.11671T>C	p.Cys3891Arg	missense_variant	MODERATE	0.0185	10.5305	69661
2019-nCoV	11957	A	G	SNP	Heterozygous	orf1ab	QHD43415.1	1	c.11692A>G	p.Ile3898Val	missense_variant	MODERATE	0.0175351	8.15549	85305
2019-nCoV	12030	A	G	SNP	Heterozygous	orf1ab	QHD43415.1	1	c.11765A>G	p.Gln3922Arg	missense_variant	MODERATE	0.0246231	33.9001	15926
2019-nCoV	12068	C	T	SNP	Heterozygous	orf1ab	QHD43415.1	1	c.11803C>T	p.Leu3935Leu	synonymous_variant	LOW	0.031	33.7096	20718
2019-nCoV	12160	G	A	SNP	Heterozygous	orf1ab	QHD43415.1	1	c.11895G>A	p.Glu3965Glu	synonymous_variant	LOW	0.934369	32811.1	20734
2019-nCoV	12310	G	A	SNP	Heterozygous	orf1ab	QHD43415.1	1	c.12045G>A	p.Gln4015Gln	synonymous_variant	LOW	0.218327	2985.83	40813
2019-nCoV	12459	C	T	SNP	Heterozygous	orf1ab	QHD43415.1	1	c.12194C>T	p.Thr4065Ile	missense_variant	MODERATE	0.0518369	260.478	15791
2019-nCoV	12560	C	T	SNP	Heterozygous	orf1ab	QHD43415.1	1	c.12295C>T	p.Gln4099*	stop_gained	HIGH	0.022011	22.1985	38106
2019-nCoV	12880	C	T	SNP	Homozygous	orf1ab	QHD43415.1	1	c.12615C>T	p.Ile4205Ile	synonymous_variant	LOW	1.0	36357.8	49528
2019-nCoV	13034	GCAA	G	DEL	Heterozygous	orf1ab	QHD43415.1	1	c.12772_12774delACA	p.Thr4258del	conservative_inframe_deletion	MODERATE	0.0246231	33.0493	19514
2019-nCoV	13048	T	C	SNP	Heterozygous	orf1ab	QHD43415.1	1	c.12783T>C	p.Pro4261Pro	synonymous_variant	LOW	0.0235235	28.56	69390
2019-nCoV	13197	C	T	SNP	Heterozygous	orf1ab	QHD43415.1	1	c.12932C>T	p.Thr4311Ile	missense_variant	MODERATE	0.029	57.7525	84198
2019-nCoV	13356	C	T	SNP	Heterozygous	orf1ab	QHD43415.1	1	c.13091C>T	p.Thr4364Ile	missense_variant	MODERATE	0.0305	67.4219	49634
2019-nCoV	13426	C	T	SNP	Heterozygous	orf1ab	QHD43415.1	1	c.13161C>T	p.Arg4387Arg	synonymous_variant	LOW	0.0415208	92.2028	73341
2019-nCoV	13665	C	T	SNP	Heterozygous	orf1ab	QHD43415.1	2	c.13401C>T	p.His4467His	synonymous_variant	LOW	0.0168024	7.0057	38065
2019-nCoV	13710	T	C	SNP	Heterozygous	orf1ab	QHD43415.1	2	c.13446T>C	p.Leu4482Leu	synonymous_variant	LOW	0.016	5.00124	16626
2019-nCoV	13730	C	T	SNP	Heterozygous	orf1ab	QHD43415.1	2	c.13466C>T	p.Ala4489Val	missense_variant	MODERATE	0.0190095	11.9438	16538
2019-nCoV	14405	CACC	TACT	MNP	Heterozygous	orf1ab	QHD43415.1	2	c.14141_14144delCACCinsTACT	p.ProPro4714LeuLeu	missense_variant	MODERATE	0.014691	33052.4	8825
2019-nCoV	14408	C	T	SNP	Heterozygous	orf1ab	QHD43415.1	2	c.14144C>T	p.Pro4715Leu	missense_variant	MODERATE	0.973151	33052.4	8825
2019-nCoV	14625	C	T	SNP	Heterozygous	orf1ab	QHD43415.1	2	c.14361C>T	p.Cys4787Cys	synonymous_variant	LOW	0.0286288	53.4773	21897
2019-nCoV	14879	T	C	SNP	Heterozygous	orf1ab	QHD43415.1	2	c.14615T>C	p.Phe4872Ser	missense_variant	MODERATE	0.0295739	59.9695	11666
2019-nCoV	15009	T	C	SNP	Heterozygous	orf1ab	QHD43415.1	2	c.14745T>C	p.Asp4915Asp	synonymous_variant	LOW	0.022	6.31035	42608
2019-nCoV	15026	C	T	SNP	Heterozygous	orf1ab	QHD43415.1	2	c.14762C>T	p.Ala4921Val	missense_variant	MODERATE	0.0215	5.47338	42487
2019-nCoV	15451	G	A	SNP	Heterozygous	orf1ab	QHD43415.1	2	c.15187G>A	p.Gly5063Ser	missense_variant	MODERATE	0.0705706	493.431	121362
2019-nCoV	15654	C	T	SNP	Heterozygous	orf1ab	QHD43415.1	2	c.15390C>T	p.Asp5130Asp	synonymous_variant	LOW	0.0555	302.99	99687
2019-nCoV	15714	C	T	SNP	Homozygous	orf1ab	QHD43415.1	2	c.15450C>T	p.Leu5150Leu	synonymous_variant	LOW	1.0	36131.2	96528
2019-nCoV	15954	A	G	SNP	Heterozygous	orf1ab	QHD43415.1	2	c.15690A>G	p.Leu5230Leu	synonymous_variant	LOW	0.0150527	20.1012	52596
2019-nCoV	16242	T	A	SNP	Heterozygous	orf1ab	QHD43415.1	2	c.15978T>A	p.Val5326Val	synonymous_variant	LOW	0.0167854	8.4976	86439
2019-nCoV	16279	A	G	SNP	Heterozygous	orf1ab	QHD43415.1	2	c.16015A>G	p.Arg5339Gly	missense_variant	MODERATE	0.0245	11.5369	32771
2019-nCoV	16323	C	T	SNP	Heterozygous	orf1ab	QHD43415.1	2	c.16059C>T	p.Cys5353Cys	synonymous_variant	LOW	0.0915	817.357	96577
2019-nCoV	16332	C	T	SNP	Heterozygous	orf1ab	QHD43415.1	2	c.16068C>T	p.Asp5356Asp	synonymous_variant	LOW	0.0255128	14.2422	96564
2019-nCoV	16376	C	T	SNP	Heterozygous	orf1ab	QHD43415.1	2	c.16112C>T	p.Pro5371Leu	missense_variant	MODERATE	0.0215	20.2254	130414
2019-nCoV	16580	C	T	SNP	Heterozygous	orf1ab	QHD43415.1	2	c.16316C>T	p.Thr5439Ile	missense_variant	MODERATE	0.022011	5.87026	33515
2019-nCoV	16616	C	A	SNP	Heterozygous	orf1ab	QHD43415.1	2	c.16352C>A	p.Thr5451Asn	missense_variant	MODERATE	0.18678	2742.56	34401
2019-nCoV	16768	C	T	SNP	Heterozygous	orf1ab	QHD43415.1	2	c.16504C>T	p.Arg5502*	stop_gained	HIGH	0.0165083	5.93848	35180
2019-nCoV	16814	T	C	SNP	Heterozygous	orf1ab	QHD43415.1	2	c.16550T>C	p.Val5517Ala	missense_variant	MODERATE	0.039	132.112	55232
2019-nCoV	16887	C	T	SNP	Heterozygous	orf1ab	QHD43415.1	2	c.16623C>T	p.Tyr5541Tyr	synonymous_variant	LOW	0.0217172	5.78235	119052
2019-nCoV	16935	G	A	SNP	Heterozygous	orf1ab	QHD43415.1	2	c.16671G>A	p.Met5557Ile	missense_variant	MODERATE	0.0635636	404.652	124259
2019-nCoV	17126	T	C	SNP	Heterozygous	orf1ab	QHD43415.1	2	c.16862T>C	p.Leu5621Pro	missense_variant	MODERATE	0.07	489.613	59725
2019-nCoV	17278	G	T	SNP	Heterozygous	orf1ab	QHD43415.1	2	c.17014G>T	p.Val5672Leu	missense_variant	MODERATE	0.0215108	20.255	175331
2019-nCoV	17410	C	T	SNP	Homozygous	orf1ab	QHD43415.1	2	c.17146C>T	p.Arg5716Cys	missense_variant	MODERATE	1.0	36443.5	74582
2019-nCoV	17750	C	T	SNP	Heterozygous	orf1ab	QHD43415.1	2	c.17486C>T	p.Ala5829Val	missense_variant	MODERATE	0.041604	155.326	14406
2019-nCoV	17836	GATTCATCACAGGGCTCAGAATATGACTATGTCAT	G	DEL	Heterozygous	orf1ab	QHD43415.1	2	c.17578_17611delTCACAGGGCTCAGAATATGACTATGTCATATTCA	p.Ser5860fs	frameshift_variant	HIGH	0.0201863	163.52	22273
2019-nCoV	17898	C	T	SNP	Heterozygous	orf1ab	QHD43415.1	2	c.17634C>T	p.His5878His	synonymous_variant	LOW	0.0365	60.1392	23055
2019-nCoV	17958	C	T	SNP	Heterozygous	orf1ab	QHD43415.1	2	c.17694C>T	p.Cys5898Cys	synonymous_variant	LOW	0.0205103	16.6927	37165
2019-nCoV	18163	A	G	SNP	Homozygous	orf1ab	QHD43415.1	2	c.17899A>G	p.Ile5967Val	missense_variant	MODERATE	0.997495	33637.9	22697
2019-nCoV	18406	G	T	SNP	Heterozygous	orf1ab	QHD43415.1	2	c.18142G>T	p.Gly6048Cys	missense_variant	MODERATE	0.0210105	18.3753	17788
2019-nCoV	18421	C	T	SNP	Heterozygous	orf1ab	QHD43415.1	2	c.18157C>T	p.Pro6053Ser	missense_variant	MODERATE	0.0585293	341.078	17805
2019-nCoV	18441	C	T	SNP	Heterozygous	orf1ab	QHD43415.1	2	c.18177C>T	p.Ser6059Ser	synonymous_variant	LOW	0.018009	9.25897	17760
2019-nCoV	18493	C	T	SNP	Heterozygous	orf1ab	QHD43415.1	2	c.18229C>T	p.Leu6077Phe	missense_variant	MODERATE	0.0210315	17.8071	19305
2019-nCoV	18527	G	T	SNP	Heterozygous	orf1ab	QHD43415.1	2	c.18263G>T	p.Arg6088Leu	missense_variant	MODERATE	0.0226017	24.4766	21321
2019-nCoV	18583	G	A	SNP	Heterozygous	orf1ab	QHD43415.1	2	c.18319G>A	p.Val6107Ile	missense_variant	MODERATE	0.0295	60.9887	32414
2019-nCoV	19723	G	T	SNP	Heterozygous	orf1ab	QHD43415.1	2	c.19459G>T	p.Val6487Phe	missense_variant	MODERATE	0.0329448	82.1718	4035
2019-nCoV	19955	C	T	SNP	Homozygous	orf1ab	QHD43415.1	2	c.19691C>T	p.Thr6564Ile	missense_variant	MODERATE	1.0	33881.3	72287
2019-nCoV	19977	C	T	SNP	Heterozygous	orf1ab	QHD43415.1	2	c.19713C>T	p.Leu6571Leu	synonymous_variant	LOW	0.0445445	183.984	47113
2019-nCoV	20055	A	G	SNP	Homozygous	orf1ab	QHD43415.1	2	c.19791A>G	p.Glu6597Glu	synonymous_variant	LOW	1.0	33534.8	51100
2019-nCoV	20274	G	T	SNP	Heterozygous	orf1ab	QHD43415.1	2	c.20010G>T	p.Met6670Ile	missense_variant	MODERATE	0.022	6.30734	19401
2019-nCoV	20404	C	T	SNP	Heterozygous	orf1ab	QHD43415.1	2	c.20140C>T	p.Pro6714Ser	missense_variant	MODERATE	0.0291165	43.1325	101843
2019-nCoV	20409	T	C	SNP	Heterozygous	orf1ab	QHD43415.1	2	c.20145T>C	p.Phe6715Phe	synonymous_variant	LOW	0.0710355	503.803	101583
2019-nCoV	20436	C	T	SNP	Heterozygous	orf1ab	QHD43415.1	2	c.20172C>T	p.Asp6724Asp	synonymous_variant	LOW	0.0305	31.5799	102531
2019-nCoV	20594	C	T	SNP	Heterozygous	orf1ab	QHD43415.1	2	c.20330C>T	p.Thr6777Ile	missense_variant	MODERATE	0.023	26.3059	83138
2019-nCoV	20719	C	T	SNP	Heterozygous	orf1ab	QHD43415.1	2	c.20455C>T	p.Leu6819Leu	synonymous_variant	LOW	0.038	124.075	35404
2019-nCoV	20897	C	T	SNP	Heterozygous	orf1ab	QHD43415.1	2	c.20633C>T	p.Pro6878Leu	missense_variant	MODERATE	0.0175351	8.1192	20015
2019-nCoV	21137	A	G	SNP	Heterozygous	orf1ab	QHD43415.1	2	c.20873A>G	p.Lys6958Arg	missense_variant	MODERATE	0.0758725	414.013	146488
2019-nCoV	21545	T	C	SNP	Heterozygous	orf1ab	QHD43415.1	2	c.21281T>C	p.Val7094Ala	missense_variant	MODERATE	0.0230115	26.3421	16449
2019-nCoV	21595	C	T	SNP	Heterozygous	S	QHD43416.1	1	c.33C>T	p.Val11Val	synonymous_variant	LOW	0.0195	13.4052	15383
2019-nCoV	21618	C	T	SNP	Homozygous	S	QHD43416.1	1	c.56C>T	p.Thr19Ile	missense_variant	MODERATE	0.998999	33846.0	33802
2019-nCoV	21632	TTACCCCCTG	T	DEL	Homozygous	S	QHD43416.1	1	c.71_79delTACCCCCTG	p.Leu24_Ala27delinsSer	disruptive_inframe_deletion	MODERATE	1.0	35815.8	32369
2019-nCoV	21764	ATACATG	A	DEL	Heterozygous	S	QHD43416.1	1	c.204_209delACATGT	p.His69_Val70del	disruptive_inframe_deletion	MODERATE	0.960506	33123.4	42497
2019-nCoV	21987	G	A	SNP	Homozygous	S	QHD43416.1	1	c.425G>A	p.Gly142Asp	missense_variant	MODERATE	0.998488	33400.0	45079
2019-nCoV	22200	T	G	SNP	Homozygous	S	QHD43416.1	1	c.638T>G	p.Val213Gly	missense_variant	MODERATE	0.999499	36297.0	24223
2019-nCoV	22304	T	C	SNP	Heterozygous	S	QHD43416.1	1	c.742T>C	p.Tyr248His	missense_variant	MODERATE	0.054027	285.632	51267
2019-nCoV	22331	G	A	SNP	Heterozygous	S	QHD43416.1	1	c.769G>A	p.Gly257Ser	missense_variant	MODERATE	0.055	200.354	25990
2019-nCoV	22527	C	T	SNP	Heterozygous	S	QHD43416.1	1	c.965C>T	p.Pro322Leu	missense_variant	MODERATE	0.0195	13.402	34287
2019-nCoV	22576	TGG	GA	MIXED	Heterozygous	S	QHD43416.1	1	c.1014_1016delTGGinsGA	p.Phe338fs	frameshift_variant&missense_variant	HIGH	0.967105	35526.8	33426
2019-nCoV	22577	GG	CA	MNP	Heterozygous	S	QHD43416.1	1	c.1015_1016delGGinsCA	p.Gly339His	missense_variant	MODERATE	0.0323887	35526.8	33426
2019-nCoV	22599	G	C	SNP	Heterozygous	S	QHD43416.1	1	c.1037G>C	p.Arg346Thr	missense_variant	MODERATE	0.098	926.625	15088
2019-nCoV	22674	C	T	SNP	Homozygous	S	QHD43416.1	1	c.1112C>T	p.Ser371Phe	missense_variant	MODERATE	1.0	33886.4	16998
2019-nCoV	22679	T	C	SNP	Homozygous	S	QHD43416.1	1	c.1117T>C	p.Ser373Pro	missense_variant	MODERATE	0.9945	33265.6	16652
2019-nCoV	22686	CCA	TCG	MNP	Homozygous	S	QHD43416.1	1	c.1124_1126delCCAinsTCG	p.SerThr375PheAla	missense_variant	MODERATE	1.0	32954.0	2504
2019-nCoV	22775	G	A	SNP	Homozygous	S	QHD43416.1	1	c.1213G>A	p.Asp405Asn	missense_variant	MODERATE	1.0	33840.5	2002
2019-nCoV	22786	A	C	SNP	Homozygous	S	QHD43416.1	1	c.1224A>C	p.Arg408Ser	missense_variant	MODERATE	1.0	36011.8	1982
2019-nCoV	22813	G	T	SNP	Homozygous	S	QHD43416.1	1	c.1251G>T	p.Lys417Asn	missense_variant	MODERATE	0.993467	36206.4	58588
2019-nCoV	22882	T	G	SNP	Homozygous	S	QHD43416.1	1	c.1320T>G	p.Asn440Lys	missense_variant	MODERATE	0.997497	33721.9	87066
2019-nCoV	22893	A	T	SNP	Heterozygous	S	QHD43416.1	1	c.1331A>T	p.Lys444Met	missense_variant	MODERATE	0.042	338.925	87526
2019-nCoV	22898	G	A	SNP	Heterozygous	S	QHD43416.1	1	c.1336G>A	p.Gly446Ser	missense_variant	MODERATE	0.0427996	165.874	86612
2019-nCoV	22917	T	G	SNP	Heterozygous	S	QHD43416.1	1	c.1355T>G	p.Leu452Arg	missense_variant	MODERATE	0.92042	32919.1	86393
2019-nCoV	22942	T	G	SNP	Heterozygous	S	QHD43416.1	1	c.1380T>G	p.Asn460Lys	missense_variant	MODERATE	0.039039	133.945	85410
2019-nCoV	22992	GCAC	ACAA	MNP	Homozygous	S	QHD43416.1	1	c.1430_1433delGCACinsACAA	p.SerThr477AsnLys	missense_variant	MODERATE	1.0	36270.7	27126
2019-nCoV	23013	A	C	SNP	Homozygous	S	QHD43416.1	1	c.1451A>C	p.Glu484Ala	missense_variant	MODERATE	0.997491	36060.6	59101
2019-nCoV	23018	T	G	SNP	Heterozygous	S	QHD43416.1	1	c.1456T>G	p.Phe486Val	missense_variant	MODERATE	0.928893	31643.7	59369
2019-nCoV	23040	A	G	SNP	Heterozygous	S	QHD43416.1	1	c.1478A>G	p.Gln493Arg	missense_variant	MODERATE	0.0236419	29.9116	59397
2019-nCoV	23055	A	G	SNP	Homozygous	S	QHD43416.1	1	c.1493A>G	p.Gln498Arg	missense_variant	MODERATE	0.998989	35685.1	33367
2019-nCoV	23063	A	T	SNP	Homozygous	S	QHD43416.1	1	c.1501A>T	p.Asn501Tyr	missense_variant	MODERATE	0.991479	33035.1	33852
2019-nCoV	23075	T	C	SNP	Heterozygous	S	QHD43416.1	1	c.1513T>C	p.Tyr505His	missense_variant	MODERATE	0.976919	36218.6	34432
2019-nCoV	23075	TAC	CAT	MNP	Heterozygous	S	QHD43416.1	1	c.1513_1515delTACinsCAT	p.Tyr505His	missense_variant	MODERATE	0.0220773	36218.6	34432
2019-nCoV	23111	C	T	SNP	Heterozygous	S	QHD43416.1	1	c.1549C>T	p.Leu517Phe	missense_variant	MODERATE	0.021	4.05051	63643
2019-nCoV	23114	C	T	SNP	Heterozygous	S	QHD43416.1	1	c.1552C>T	p.Leu518Leu	synonymous_variant	LOW	0.0245	31.2664	63730
2019-nCoV	23403	A	G	SNP	Homozygous	S	QHD43416.1	1	c.1841A>G	p.Asp614Gly	missense_variant	MODERATE	0.998996	36127.5	130930
2019-nCoV	23502	C	T	SNP	Heterozygous	S	QHD43416.1	1	c.1940C>T	p.Ala647Val	missense_variant	MODERATE	0.019	11.9215	170875
2019-nCoV	23525	C	T	SNP	Homozygous	S	QHD43416.1	1	c.1963C>T	p.His655Tyr	missense_variant	MODERATE	0.997986	33511.1	169984
2019-nCoV	23599	T	G	SNP	Homozygous	S	QHD43416.1	1	c.2037T>G	p.Asn679Lys	missense_variant	MODERATE	0.996991	33591.0	199316
2019-nCoV	23604	C	A	SNP	Homozygous	S	QHD43416.1	1	c.2042C>A	p.Pro681His	missense_variant	MODERATE	0.99749	36095.6	199472
2019-nCoV	23665	AG	A	DEL	Heterozygous	S	QHD43416.1	1	c.2104delG	p.Glu702fs	frameshift_variant	HIGH	0.0165913	6.26752	82972
2019-nCoV	23673	C	T	SNP	Heterozygous	S	QHD43416.1	1	c.2111C>T	p.Ser704Leu	missense_variant	MODERATE	0.0255	38.0899	83273
2019-nCoV	23854	C	A	SNP	Homozygous	S	QHD43416.1	1	c.2292C>A	p.Asn764Lys	missense_variant	MODERATE	1.0	33671.0	36116
2019-nCoV	23912	CAAG	C	DEL	Heterozygous	S	QHD43416.1	1	c.2351_2353delAAG	p.Gln784_Val785delinsLeu	disruptive_inframe_deletion	MODERATE	0.018593	10.926	10900
2019-nCoV	23948	GATTTTGGTGGTTTTAATT	TATTTGTGGTTGATTTTA	MIXED	Heterozygous	S	QHD43416.1	1	c.2386_2404delGATTTTGGTGGTTTTAATTinsTATTTGTGGTTGATTTTA	p.Asp796fs	frameshift_variant&missense_variant	HIGH	0.0519126	31832.9	28041
2019-nCoV	23948	G	T	SNP	Heterozygous	S	QHD43416.1	1	c.2386G>T	p.Asp796Tyr	missense_variant	MODERATE	0.927869	31832.9	28041
2019-nCoV	24004	G	A	SNP	Heterozygous	S	QHD43416.1	1	c.2442G>A	p.Lys814Lys	synonymous_variant	LOW	0.0165	5.92705	17165
2019-nCoV	24098	G	T	SNP	Heterozygous	S	QHD43416.1	1	c.2536G>T	p.Ala846Ser	missense_variant	MODERATE	0.0195195	13.4586	50983
2019-nCoV	24319	C	T	SNP	Heterozygous	S	QHD43416.1	1	c.2757C>T	p.Asn919Asn	synonymous_variant	LOW	0.0445445	184.222	31615
2019-nCoV	24390	G	T	SNP	Heterozygous	S	QHD43416.1	1	c.2828G>T	p.Ser943Ile	missense_variant	MODERATE	0.0330165	84.7147	13775
2019-nCoV	24424	A	T	SNP	Homozygous	S	QHD43416.1	1	c.2862A>T	p.Gln954His	missense_variant	MODERATE	0.999494	35925.0	58207
2019-nCoV	24460	T	C	SNP	Heterozygous	S	QHD43416.1	1	c.2898T>C	p.Leu966Leu	synonymous_variant	LOW	0.07	490.146	58709
2019-nCoV	24463	C	T	SNP	Heterozygous	S	QHD43416.1	1	c.2901C>T	p.Ser967Ser	synonymous_variant	LOW	0.033	84.7083	58699
2019-nCoV	24469	T	A	SNP	Homozygous	S	QHD43416.1	1	c.2907T>A	p.Asn969Lys	missense_variant	MODERATE	0.99548	32637.6	86760
2019-nCoV	24705	A	T	SNP	Heterozygous	S	QHD43416.1	1	c.3143A>T	p.His1048Leu	missense_variant	MODERATE	0.0185371	10.6541	30381
2019-nCoV	24887	T	A	SNP	Heterozygous	S	QHD43416.1	1	c.3325T>A	p.Phe1109Ile	missense_variant	MODERATE	0.0230461	25.63	46794
2019-nCoV	24904	CA	C	DEL	Heterozygous	S	QHD43416.1	1	c.3343delA	p.Ile1115fs	frameshift_variant	HIGH	0.0170597	5.54142	47076
2019-nCoV	24979	T	C	SNP	Heterozygous	S	QHD43416.1	1	c.3417T>C	p.Asp1139Asp	synonymous_variant	LOW	0.02	14.9609	43845
2019-nCoV	25000	C	T	SNP	Homozygous	S	QHD43416.1	1	c.3438C>T	p.Asp1146Asp	synonymous_variant	LOW	0.999498	33675.6	57320
2019-nCoV	25047	C	T	SNP	Heterozygous	S	QHD43416.1	1	c.3485C>T	p.Pro1162Leu	missense_variant	MODERATE	0.0415	154.918	57122
2019-nCoV	25207	C	T	SNP	Heterozygous	S	QHD43416.1	1	c.3645C>T	p.Tyr1215Tyr	synonymous_variant	LOW	0.0205	16.4916	84753
2019-nCoV	25217	G	T	SNP	Heterozygous	S	QHD43416.1	1	c.3655G>T	p.Gly1219Cys	missense_variant	MODERATE	0.016	5.00425	72970
2019-nCoV	25264	T	C	SNP	Heterozygous	S	QHD43416.1	1	c.3702T>C	p.Leu1234Leu	synonymous_variant	LOW	0.0215	20.2247	81836
2019-nCoV	25416	C	T	SNP	Heterozygous	ORF3a	QHD43417.1	1	c.24C>T	p.Phe8Phe	synonymous_variant	LOW	0.0435218	173.08	65441
2019-nCoV	25455	G	T	SNP	Heterozygous	ORF3a	QHD43417.1	1	c.63G>T	p.Lys21Asn	missense_variant	MODERATE	0.0205	4.01155	64276
2019-nCoV	25584	C	T	SNP	Homozygous	ORF3a	QHD43417.1	1	c.192C>T	p.Thr64Thr	synonymous_variant	LOW	0.993461	35688.8	65764
2019-nCoV	25644	G	T	SNP	Heterozygous	ORF3a	QHD43417.1	1	c.252G>T	p.Leu84Leu	synonymous_variant	LOW	0.0180723	9.45387	69266
2019-nCoV	26060	C	T	SNP	Homozygous	ORF3a	QHD43417.1	1	c.668C>T	p.Thr223Ile	missense_variant	MODERATE	0.9995	36371.1	53218
2019-nCoV	26105	A	G	SNP	Heterozygous	ORF3a	QHD43417.1	1	c.713A>G	p.Asp238Gly	missense_variant	MODERATE	0.0255	38.0669	116117
2019-nCoV	26270	C	T	SNP	Homozygous	E	QHD43418.1	1	c.26C>T	p.Thr9Ile	missense_variant	MODERATE	0.997999	33711.8	170811
2019-nCoV	26275	A	G	SNP	Heterozygous	E	QHD43418.1	1	c.31A>G	p.Thr11Ala	missense_variant	MODERATE	0.0425	164.387	170234
2019-nCoV	26529	G	A	SNP	Heterozygous	M	QHD43419.1	1	c.7G>A	p.Asp3Asn	missense_variant	MODERATE	0.849	27263.4	22040
2019-nCoV	26577	C	G	SNP	Homozygous	M	QHD43419.1	1	c.55C>G	p.Gln19Glu	missense_variant	MODERATE	1.0	33667.0	10983
2019-nCoV	26625	C	T	SNP	Heterozygous	M	QHD43419.1	1	c.103C>T	p.Leu35Leu	synonymous_variant	LOW	0.028028	52.949	25877
2019-nCoV	26709	G	A	SNP	Homozygous	M	QHD43419.1	1	c.187G>A	p.Ala63Thr	missense_variant	MODERATE	0.999499	36343.0	51118
2019-nCoV	26768	C	T	SNP	Heterozygous	M	QHD43419.1	1	c.246C>T	p.Ile82Ile	synonymous_variant	LOW	0.0315473	73.7081	51278
2019-nCoV	26858	C	T	SNP	Heterozygous	M	QHD43419.1	1	c.336C>T	p.Phe112Phe	synonymous_variant	LOW	0.125502	1414.32	58828
2019-nCoV	26936	C	T	SNP	Heterozygous	M	QHD43419.1	1	c.414C>T	p.Leu138Leu	synonymous_variant	LOW	0.024	10.3822	67429
2019-nCoV	27008	G	C	SNP	Heterozygous	M	QHD43419.1	1	c.486G>C	p.Lys162Asn	missense_variant	MODERATE	0.031031	70.8322	67393
2019-nCoV	27012	C	T	SNP	Heterozygous	M	QHD43419.1	1	c.490C>T	p.Leu164Leu	synonymous_variant	LOW	0.181591	2216.01	67362
2019-nCoV	27038	A	G	SNP	Heterozygous	M	QHD43419.1	1	c.516A>G	p.Thr172Thr	synonymous_variant	LOW	0.2001	3077.72	7600
2019-nCoV	27075	C	T	SNP	Heterozygous	M	QHD43419.1	1	c.553C>T	p.Gln185*	stop_gained	HIGH	0.0215108	20.1806	7517
2019-nCoV	27218	A	G	SNP	Heterozygous	ORF6	QHD43420.1	1	c.17A>G	p.Asp6Gly	missense_variant	MODERATE	0.139121	2092.22	24064
2019-nCoV	27259	A	C	SNP	Heterozygous	ORF6	QHD43420.1	1	c.58A>C	p.Arg20Arg	synonymous_variant	LOW	0.113842	1204.84	36961
2019-nCoV	27381	T	C	SNP	Heterozygous	ORF6	QHD43420.1	1	c.180T>C	p.Ile60Ile	synonymous_variant	LOW	0.021	4.69871	13420
2019-nCoV	27382	GAT	CTC	MNP	Heterozygous	ORF6	QHD43420.1	1	c.181_183delGATinsCTC	p.Asp61Leu	missense_variant	MODERATE	0.126268	1423.73	13405
2019-nCoV	27438	T	C	SNP	Heterozygous	ORF7a	QHD43421.1	1	c.45T>C	p.Cys15Cys	synonymous_variant	LOW	0.32998	6166.56	41867
2019-nCoV	27513	C	T	SNP	Heterozygous	ORF7a	QHD43421.1	1	c.120C>T	p.Tyr40Tyr	synonymous_variant	LOW	0.181591	2634.7	77829
2019-nCoV	27600	C	T	SNP	Heterozygous	ORF7a	QHD43421.1	1	c.207C>T	p.Asp69Asp	synonymous_variant	LOW	0.0260085	400.44	51723
2019-nCoV	27745	AG	A	DEL	Heterozygous	ORF7a	QHD43421.1	1	c.353delG	p.Arg118fs	frameshift_variant	HIGH	0.0266393	36.0997	14159
2019-nCoV	27788	G	T	SNP	Heterozygous	ORF8	QHD43422.1	-1	c.-106G>T	.	upstream_gene_variant	MODIFIER	0.0201715	18.2775	75495
2019-nCoV	27791	CTT	C	DEL	Heterozygous	ORF8	QHD43422.1	-1	c.-102_-101delTT	.	upstream_gene_variant	MODIFIER	0.0422748	95.5185	75965
2019-nCoV	27807	C	T	SNP	Homozygous	ORF8	QHD43422.1	-1	c.-87C>T	.	upstream_gene_variant	MODIFIER	0.997497	36208.5	76921
2019-nCoV	27879	C	T	SNP	Heterozygous	ORF8	QHD43422.1	-1	c.-15C>T	.	upstream_gene_variant	MODIFIER	0.0225	24.1056	64124
2019-nCoV	27889	C	T	SNP	Heterozygous	ORF8	QHD43422.1	-1	c.-5C>T	.	upstream_gene_variant	MODIFIER	0.883149	29575.2	63589
2019-nCoV	27991	T	C	SNP	Heterozygous	ORF8	QHD43422.1	1	c.98T>C	p.Val33Ala	missense_variant	MODERATE	0.016	5.0049	73251
2019-nCoV	28112	C	T	SNP	Heterozygous	ORF8	QHD43422.1	1	c.219C>T	p.Tyr73Tyr	synonymous_variant	LOW	0.0575	327.481	63596
2019-nCoV	28233	G	T	SNP	Heterozygous	ORF8	QHD43422.1	1	c.340G>T	p.Val114Phe	missense_variant	MODERATE	0.0237614	9.4698	65922
2019-nCoV	28271	A	T	SNP	Homozygous	N	QHD43423.2	-1	c.-3A>T	.	upstream_gene_variant	MODIFIER	1.0	33375.7	119233
2019-nCoV	28311	C	T	SNP	Homozygous	N	QHD43423.2	1	c.38C>T	p.Pro13Leu	missense_variant	MODERATE	0.994995	33509.1	119351
2019-nCoV	28330	A	G	SNP	Heterozygous	N	QHD43423.2	1	c.57A>G	p.Gly19Gly	synonymous_variant	LOW	0.495233	12095.5	112555
2019-nCoV	28361	GGAGAACGCA	G	DEL	Heterozygous	N	QHD43423.2	1	c.90_98delAGAACGCAG	p.Glu31_Ser33del	disruptive_inframe_deletion	MODERATE	0.907164	35958.7	32228
2019-nCoV	28361	GGAGAACGCAG	TT	MIXED	Heterozygous	N	QHD43423.2	1	c.88_98delGGAGAACGCAGinsTT	p.Gly30_Ser33delinsPhe	missense_variant&disruptive_inframe_deletion	MODERATE	0.0928355	35958.7	32228
2019-nCoV	28681	G	T	SNP	Heterozygous	N	QHD43423.2	1	c.408G>T	p.Glu136Asp	missense_variant	MODERATE	0.110887	1143.91	179096
2019-nCoV	28750	A	G	SNP	Heterozygous	N	QHD43423.2	1	c.477A>G	p.Leu159Leu	synonymous_variant	LOW	0.0165	5.92049	103597
2019-nCoV	28881	GGG	AAC	MNP	Homozygous	N	QHD43423.2	1	c.608_610delGGGinsAAC	p.ArgGly203LysArg	missense_variant	MODERATE	1.0	33469.7	62012
2019-nCoV	28979	G	A	SNP	Heterozygous	N	QHD43423.2	1	c.706G>A	p.Gly236Ser	missense_variant	MODERATE	0.0440882	179.211	56853
2019-nCoV	29081	G	A	SNP	Heterozygous	N	QHD43423.2	1	c.808G>A	p.Val270Ile	missense_variant	MODERATE	0.0530303	282.863	30734
2019-nCoV	29417	T	C	SNP	Heterozygous	N	QHD43423.2	1	c.1144T>C	p.Leu382Leu	synonymous_variant	LOW	0.024024	9.63287	43377
2019-nCoV	29469	A	G	SNP	Heterozygous	N	QHD43423.2	1	c.1196A>G	p.Asp399Gly	missense_variant	MODERATE	0.0225904	22.2296	26420
2019-nCoV	29510	A	C	SNP	Homozygous	N	QHD43423.2	1	c.1237A>C	p.Ser413Arg	missense_variant	MODERATE	0.998495	33495.3	25987
2019-nCoV	29518	C	T	SNP	Heterozygous	N	QHD43423.2	1	c.1245C>T	p.Asp415Asp	synonymous_variant	LOW	0.0225451	159.159	25998
2019-nCoV	29614	C	T	SNP	Heterozygous	ORF10	QHI42199.1	1	c.57C>T	p.Cys19Cys	synonymous_variant	LOW	0.0625	389.338	9195
2019-nCoV	29615	AG	A	DEL	Heterozygous	ORF10	QHI42199.1	1	c.59delG	p.Arg20fs	frameshift_variant	HIGH	0.0195391	13.5829	9187
2019-nCoV	29639	G	C	SNP	Heterozygous	ORF10	QHI42199.1	1	c.82G>C	p.Ala28Pro	missense_variant	MODERATE	0.0325325	81.2358	9245
2019-nCoV	29640	C	T	SNP	Heterozygous	ORF10	QHI42199.1	1	c.83C>T	p.Ala28Val	missense_variant	MODERATE	0.0615	376.878	9245
2019-nCoV	29666	C	T	SNP	Heterozygous	ORF10	QHI42199.1	1	c.109C>T	p.Leu37Phe	missense_variant	MODERATE	0.426	9632.5	9162
2019-nCoV	29688	G	T	SNP	Heterozygous	S	QHD43416.1	-1	c.*4304G>T	.	downstream_gene_variant	MODIFIER	0.03	29.4268	9123
2019-nCoV	29692	G	T	SNP	Heterozygous	S	QHD43416.1	-1	c.*4308G>T	.	downstream_gene_variant	MODIFIER	0.0335168	89.4051	9116
2019-nCoV	29710	TG	T	DEL	Heterozygous	S	QHD43416.1	-1	c.*4327delG	.	downstream_gene_variant	MODIFIER	0.0261965	38.8604	8760
2019-nCoV	29733	CGAGGCCACGCGGAGTACGATCGAGTG	C	DEL	Homozygous	S	QHD43416.1	-1	c.*4350_*4375delGAGGCCACGCGGAGTACGATCGAGTG	.	downstream_gene_variant	MODIFIER	1.0	35832.5	6733
2019-nCoV	29769	C	T	SNP	Heterozygous	S	QHD43416.1	-1	c.*4385C>T	.	downstream_gene_variant	MODIFIER	0.064032	289.859	7072
