CHROM	POS	REF	ALT	VARTYPE	GEN[*].GT	ANN[*].GENE	ANN[*].FEATUREID	EFF[*].RANK	ANN[*].HGVS_C	ANN[*].HGVS_P	ANN[*].EFFECT	EFF[*].IMPACT	AF	QUAL	DP
2019-nCoV	210	G	T	SNP	Heterozygous	orf1ab	QHD43415.1	-1	c.-56G>T	.	upstream_gene_variant	MODIFIER	0.555	3228.54	76055
2019-nCoV	241	C	T	SNP	Homozygous	orf1ab	QHD43415.1	-1	c.-25C>T	.	upstream_gene_variant	MODIFIER	1.0	7868.39	14449
2019-nCoV	2832	A	G	SNP	Heterozygous	orf1ab	QHD43415.1	1	c.2567A>G	p.Lys856Arg	missense_variant	MODERATE	0.498747	2795.29	36485
2019-nCoV	3037	C	T	SNP	Homozygous	orf1ab	QHD43415.1	1	c.2772C>T	p.Phe924Phe	synonymous_variant	LOW	1.0	7207.79	27563
2019-nCoV	4181	G	T	SNP	Heterozygous	orf1ab	QHD43415.1	1	c.3916G>T	p.Ala1306Ser	missense_variant	MODERATE	0.474874	2601.98	17339
2019-nCoV	5386	T	G	SNP	Heterozygous	orf1ab	QHD43415.1	1	c.5121T>G	p.Ala1707Ala	synonymous_variant	LOW	0.482412	2630.18	23326
2019-nCoV	6402	C	T	SNP	Heterozygous	orf1ab	QHD43415.1	1	c.6137C>T	p.Pro2046Leu	missense_variant	MODERATE	0.631579	3922.09	37102
2019-nCoV	6512	AGTT	A	DEL	Heterozygous	orf1ab	QHD43415.1	1	c.6248_6250delGTT	p.Ser2083_Leu2084delinsIle	disruptive_inframe_deletion	MODERATE	0.432161	2202.05	30871
2019-nCoV	7124	C	T	SNP	Heterozygous	orf1ab	QHD43415.1	1	c.6859C>T	p.Pro2287Ser	missense_variant	MODERATE	0.4325	2298.58	16390
2019-nCoV	8393	G	A	SNP	Heterozygous	orf1ab	QHD43415.1	1	c.8128G>A	p.Ala2710Thr	missense_variant	MODERATE	0.567839	3362.47	22081
2019-nCoV	8986	C	T	SNP	Heterozygous	orf1ab	QHD43415.1	1	c.8721C>T	p.Asp2907Asp	synonymous_variant	LOW	0.540404	3032.37	20248
2019-nCoV	9053	G	T	SNP	Heterozygous	orf1ab	QHD43415.1	1	c.8788G>T	p.Val2930Leu	missense_variant	MODERATE	0.639098	3956.71	13377
2019-nCoV	10029	C	T	SNP	Heterozygous	orf1ab	QHD43415.1	1	c.9764C>T	p.Thr3255Ile	missense_variant	MODERATE	0.985	7754.09	23453
2019-nCoV	10449	C	A	SNP	Heterozygous	orf1ab	QHD43415.1	1	c.10184C>A	p.Pro3395His	missense_variant	MODERATE	0.515	2942.0	8212
2019-nCoV	11201	A	G	SNP	Heterozygous	orf1ab	QHD43415.1	1	c.10936A>G	p.Thr3646Ala	missense_variant	MODERATE	0.475	2617.9	33033
2019-nCoV	11282	AGTTTGTCTG	A	DEL	Heterozygous	orf1ab	QHD43415.1	1	c.11022_11030delGTCTGGTTT	p.Leu3674_Gly3676del	disruptive_inframe_deletion	MODERATE	0.524297	2892.28	32676
2019-nCoV	11332	A	G	SNP	Heterozygous	orf1ab	QHD43415.1	1	c.11067A>G	p.Val3689Val	synonymous_variant	LOW	0.44	2349.96	33359
2019-nCoV	11537	A	G	SNP	Heterozygous	orf1ab	QHD43415.1	1	c.11272A>G	p.Ile3758Val	missense_variant	MODERATE	0.53	3044.78	26766
2019-nCoV	11782	A	G	SNP	Heterozygous	orf1ab	QHD43415.1	1	c.11517A>G	p.Lys3839Lys	synonymous_variant	LOW	0.18797	686.187	56926
2019-nCoV	13195	T	C	SNP	Heterozygous	orf1ab	QHD43415.1	1	c.12930T>C	p.Val4310Val	synonymous_variant	LOW	0.2675	1158.5	50361
2019-nCoV	14408	C	T	SNP	Homozygous	orf1ab	QHD43415.1	2	c.14144C>T	p.Pro4715Leu	missense_variant	MODERATE	0.995	7901.2	5177
2019-nCoV	15240	C	T	SNP	Heterozygous	orf1ab	QHD43415.1	2	c.14976C>T	p.Asn4992Asn	synonymous_variant	LOW	0.501253	2815.09	46833
2019-nCoV	15451	G	A	SNP	Heterozygous	orf1ab	QHD43415.1	2	c.15187G>A	p.Gly5063Ser	missense_variant	MODERATE	0.515	2926.57	63187
2019-nCoV	15535	G	T	SNP	Heterozygous	orf1ab	QHD43415.1	2	c.15271G>T	p.Ala5091Ser	missense_variant	MODERATE	0.2125	832.319	37620
2019-nCoV	15952	C	A	SNP	Heterozygous	orf1ab	QHD43415.1	2	c.15688C>A	p.Leu5230Ile	missense_variant	MODERATE	0.185	678.456	32675
2019-nCoV	16466	C	T	SNP	Heterozygous	orf1ab	QHD43415.1	2	c.16202C>T	p.Pro5401Leu	missense_variant	MODERATE	0.5175	2955.84	20721
2019-nCoV	18163	A	G	SNP	Heterozygous	orf1ab	QHD43415.1	2	c.17899A>G	p.Ile5967Val	missense_variant	MODERATE	0.6425	4013.07	18269
2019-nCoV	19220	C	T	SNP	Heterozygous	orf1ab	QHD43415.1	2	c.18956C>T	p.Ala6319Val	missense_variant	MODERATE	0.4525	2437.05	31449
2019-nCoV	19368	AT	A	DEL	Heterozygous	orf1ab	QHD43415.1	2	c.19109delT	p.Phe6370fs	frameshift_variant	HIGH	0.298995	202.151	36423
2019-nCoV	21137	A	G	SNP	Heterozygous	orf1ab	QHD43415.1	2	c.20873A>G	p.Lys6958Arg	missense_variant	MODERATE	0.1775	625.259	113522
2019-nCoV	21618	C	G	SNP	Heterozygous	S	QHD43416.1	1	c.56C>G	p.Thr19Arg	missense_variant	MODERATE	0.489529	2613.01	13742
2019-nCoV	21762	CTATACATG	TTA	MIXED	Heterozygous	S	QHD43416.1	1	c.200_208delCTATACATGinsTTA	p.Ala67_Val70delinsValIle	missense_variant&disruptive_inframe_deletion	MODERATE	0.443878	2337.34	7871
2019-nCoV	21987	G	A	SNP	Heterozygous	S	QHD43416.1	1	c.425G>A	p.Gly142Asp	missense_variant	MODERATE	0.987469	7746.35	4681
2019-nCoV	22028	GAGTTCA	G	DEL	Heterozygous	S	QHD43416.1	1	c.467_472delAGTTCA	p.Glu156_Arg158delinsGly	disruptive_inframe_deletion	MODERATE	0.869674	6243.22	14407
2019-nCoV	22193	AATT	A	DEL	Heterozygous	S	QHD43416.1	1	c.632_634delATT	p.Asn211_Leu212delinsIle	disruptive_inframe_deletion	MODERATE	0.278894	1205.84	20496
2019-nCoV	22204	T	TGAGCCAGAA	INS	Heterozygous	S	QHD43416.1	1	c.644_645insGCCAGAAGA	p.Arg214_Asp215insGluProGlu	disruptive_inframe_insertion	MODERATE	0.276382	1205.66	20759
2019-nCoV	22578	G	A	SNP	Heterozygous	S	QHD43416.1	1	c.1016G>A	p.Gly339Asp	missense_variant	MODERATE	0.344221	1642.55	18485
2019-nCoV	22673	TC	CT	MNP	Heterozygous	S	QHD43416.1	1	c.1111_1112delTCinsCT	p.Ser371Leu	missense_variant	MODERATE	0.263158	1118.57	6594
2019-nCoV	22679	T	C	SNP	Heterozygous	S	QHD43416.1	1	c.1117T>C	p.Ser373Pro	missense_variant	MODERATE	0.3425	1635.09	6522
2019-nCoV	22686	C	T	SNP	Heterozygous	S	QHD43416.1	1	c.1124C>T	p.Ser375Phe	missense_variant	MODERATE	0.331646	1358.95	2220
2019-nCoV	22792	C	T	SNP	Heterozygous	S	QHD43416.1	1	c.1230C>T	p.Ile410Ile	synonymous_variant	LOW	0.2275	902.231	2478
2019-nCoV	22813	G	T	SNP	Heterozygous	S	QHD43416.1	1	c.1251G>T	p.Lys417Asn	missense_variant	MODERATE	0.66416	4214.7	43599
2019-nCoV	22882	T	G	SNP	Heterozygous	S	QHD43416.1	1	c.1320T>G	p.Asn440Lys	missense_variant	MODERATE	0.471178	2587.89	65014
2019-nCoV	22898	G	A	SNP	Heterozygous	S	QHD43416.1	1	c.1336G>A	p.Gly446Ser	missense_variant	MODERATE	0.5275	3039.13	65042
2019-nCoV	22917	T	G	SNP	Heterozygous	S	QHD43416.1	1	c.1355T>G	p.Leu452Arg	missense_variant	MODERATE	0.471178	2587.51	65320
2019-nCoV	22992	GCAC	ACAA	MNP	Heterozygous	S	QHD43416.1	1	c.1430_1433delGCACinsACAA	p.SerThr477AsnLys	missense_variant	MODERATE	0.279597	7854.12	21935
2019-nCoV	22995	C	A	SNP	Heterozygous	S	QHD43416.1	1	c.1433C>A	p.Thr478Lys	missense_variant	MODERATE	0.720403	7854.12	21935
2019-nCoV	23012	G	C	SNP	Heterozygous	S	QHD43416.1	1	c.1450G>C	p.Glu484Gln	missense_variant	MODERATE	0.1825	662.987	21731
2019-nCoV	23013	A	C	SNP	Heterozygous	S	QHD43416.1	1	c.1451A>C	p.Glu484Ala	missense_variant	MODERATE	0.2575	1098.4	21731
2019-nCoV	23040	A	G	SNP	Heterozygous	S	QHD43416.1	1	c.1478A>G	p.Gln493Arg	missense_variant	MODERATE	0.256997	1078.06	19827
2019-nCoV	23202	C	A	SNP	Heterozygous	S	QHD43416.1	1	c.1640C>A	p.Thr547Lys	missense_variant	MODERATE	0.320802	1497.39	14699
2019-nCoV	23403	A	G	SNP	Homozygous	S	QHD43416.1	1	c.1841A>G	p.Asp614Gly	missense_variant	MODERATE	0.9975	7869.48	81404
2019-nCoV	23525	C	T	SNP	Heterozygous	S	QHD43416.1	1	c.1963C>T	p.His655Tyr	missense_variant	MODERATE	0.446115	2391.03	117099
2019-nCoV	23599	T	G	SNP	Heterozygous	S	QHD43416.1	1	c.2037T>G	p.Asn679Lys	missense_variant	MODERATE	0.435	2317.46	118786
2019-nCoV	23604	C	A	SNP	Heterozygous	S	QHD43416.1	1	c.2042C>A	p.Pro681His	missense_variant	MODERATE	0.47	7952.28	118902
2019-nCoV	23604	C	G	SNP	Heterozygous	S	QHD43416.1	1	c.2042C>G	p.Pro681Arg	missense_variant	MODERATE	0.5275	7952.28	118902
2019-nCoV	23854	C	A	SNP	Heterozygous	S	QHD43416.1	1	c.2292C>A	p.Asn764Lys	missense_variant	MODERATE	0.475	2599.44	20900
2019-nCoV	23948	G	T	SNP	Heterozygous	S	QHD43416.1	1	c.2386G>T	p.Asp796Tyr	missense_variant	MODERATE	0.508772	2850.84	11057
2019-nCoV	24110	A	C	SNP	Heterozygous	S	QHD43416.1	1	c.2548A>C	p.Ile850Leu	missense_variant	MODERATE	0.23	929.839	20557
2019-nCoV	24130	C	A	SNP	Heterozygous	S	QHD43416.1	1	c.2568C>A	p.Asn856Lys	missense_variant	MODERATE	0.552764	3198.04	19043
2019-nCoV	24410	G	A	SNP	Heterozygous	S	QHD43416.1	1	c.2848G>A	p.Asp950Asn	missense_variant	MODERATE	0.4575	2425.04	16106
2019-nCoV	24424	A	T	SNP	Heterozygous	S	QHD43416.1	1	c.2862A>T	p.Gln954His	missense_variant	MODERATE	0.6025	3648.0	12494
2019-nCoV	24469	T	A	SNP	Heterozygous	S	QHD43416.1	1	c.2907T>A	p.Asn969Lys	missense_variant	MODERATE	0.575	3326.56	35348
2019-nCoV	24503	C	T	SNP	Heterozygous	S	QHD43416.1	1	c.2941C>T	p.Leu981Phe	missense_variant	MODERATE	0.54	3122.76	37277
2019-nCoV	25000	C	T	SNP	Heterozygous	S	QHD43416.1	1	c.3438C>T	p.Asp1146Asp	synonymous_variant	LOW	0.2875	1268.66	41444
2019-nCoV	25439	A	C	SNP	Heterozygous	ORF3a	QHD43417.1	1	c.47A>C	p.Lys16Thr	missense_variant	MODERATE	0.256281	1084.09	32989
2019-nCoV	25469	C	T	SNP	Heterozygous	ORF3a	QHD43417.1	1	c.77C>T	p.Ser26Leu	missense_variant	MODERATE	0.721805	4532.15	30340
2019-nCoV	25584	C	T	SNP	Heterozygous	ORF3a	QHD43417.1	1	c.192C>T	p.Thr64Thr	synonymous_variant	LOW	0.411028	2133.75	61792
2019-nCoV	26270	C	T	SNP	Heterozygous	E	QHD43418.1	1	c.26C>T	p.Thr9Ile	missense_variant	MODERATE	0.443609	2371.41	94857
2019-nCoV	26530	A	G	SNP	Heterozygous	M	QHD43419.1	1	c.8A>G	p.Asp3Gly	missense_variant	MODERATE	0.4325	2298.41	21747
2019-nCoV	26577	C	G	SNP	Heterozygous	M	QHD43419.1	1	c.55C>G	p.Gln19Glu	missense_variant	MODERATE	0.517588	2949.9	13192
2019-nCoV	26709	G	A	SNP	Heterozygous	M	QHD43419.1	1	c.187G>A	p.Ala63Thr	missense_variant	MODERATE	0.348371	1687.93	41176
2019-nCoV	26767	T	C	SNP	Heterozygous	M	QHD43419.1	1	c.245T>C	p.Ile82Thr	missense_variant	MODERATE	0.6475	4074.21	41124
2019-nCoV	27259	A	C	SNP	Heterozygous	ORF6	QHD43420.1	1	c.58A>C	p.Arg20Arg	synonymous_variant	LOW	0.4475	2402.42	36693
2019-nCoV	27638	T	C	SNP	Heterozygous	ORF7a	QHD43421.1	1	c.245T>C	p.Val82Ala	missense_variant	MODERATE	0.54386	3169.24	35931
2019-nCoV	27752	C	T	SNP	Heterozygous	ORF7a	QHD43421.1	1	c.359C>T	p.Thr120Ile	missense_variant	MODERATE	0.542714	3127.19	43543
2019-nCoV	27807	C	T	SNP	Heterozygous	ORF8	QHD43422.1	-1	c.-87C>T	.	upstream_gene_variant	MODIFIER	0.4225	2223.77	45646
2019-nCoV	27874	C	T	SNP	Heterozygous	ORF8	QHD43422.1	-1	c.-20C>T	.	upstream_gene_variant	MODIFIER	0.4425	2278.9	35339
2019-nCoV	28247	AGATTTC	A	DEL	Heterozygous	ORF8	QHD43422.1	1	c.355_360delGATTTC	p.Asp119_Phe120del	conservative_inframe_deletion	MODERATE	0.388747	1925.72	66073
2019-nCoV	28270	TA	T	DEL	Heterozygous	N	QHD43423.2	-1	c.-3delA	.	upstream_gene_variant	MODIFIER	0.523077	5941.37	112742
2019-nCoV	28271	A	T	SNP	Heterozygous	N	QHD43423.2	-1	c.-3A>T	.	upstream_gene_variant	MODIFIER	0.476923	5941.37	112742
2019-nCoV	28311	C	T	SNP	Heterozygous	N	QHD43423.2	1	c.38C>T	p.Pro13Leu	missense_variant	MODERATE	0.51	2901.38	113652
2019-nCoV	28361	GGAGAACGCA	G	DEL	Heterozygous	N	QHD43423.2	1	c.90_98delAGAACGCAG	p.Glu31_Ser33del	disruptive_inframe_deletion	MODERATE	0.450135	2249.4	28270
2019-nCoV	28461	A	G	SNP	Heterozygous	N	QHD43423.2	1	c.188A>G	p.Asp63Gly	missense_variant	MODERATE	0.774436	5218.54	22901
2019-nCoV	28881	GGG	AAC	MNP	Heterozygous	N	QHD43423.2	1	c.608_610delGGGinsAAC	p.ArgGly203LysArg	missense_variant	MODERATE	0.44697	7751.37	42455
2019-nCoV	28881	G	T	SNP	Heterozygous	N	QHD43423.2	1	c.608G>T	p.Arg203Met	missense_variant	MODERATE	0.54798	7751.37	42455
2019-nCoV	28916	G	T	SNP	Heterozygous	N	QHD43423.2	1	c.643G>T	p.Gly215Cys	missense_variant	MODERATE	0.415	2164.02	102240
2019-nCoV	29179	G	T	SNP	Heterozygous	N	QHD43423.2	1	c.906G>T	p.Pro302Pro	synonymous_variant	LOW	0.1775	637.966	27761
2019-nCoV	29402	G	T	SNP	Heterozygous	N	QHD43423.2	1	c.1129G>T	p.Asp377Tyr	missense_variant	MODERATE	0.496203	2728.47	37921
2019-nCoV	29742	G	T	SNP	Heterozygous	S	QHD43416.1	-1	c.*4358G>T	.	downstream_gene_variant	MODIFIER	0.423559	2225.82	7704
