CHROM	POS	REF	ALT	VARTYPE	GEN[*].GT	ANN[*].GENE	ANN[*].FEATUREID	EFF[*].RANK	ANN[*].HGVS_C	ANN[*].HGVS_P	ANN[*].EFFECT	EFF[*].IMPACT	AF	QUAL	DP
2019-nCoV	210	G	T	SNP	Homozygous	orf1ab	QHD43415.1	-1	c.-56G>T	.	upstream_gene_variant	MODIFIER	1.0	2974.35	43590
2019-nCoV	228	C	T	SNP	Heterozygous	orf1ab	QHD43415.1	-1	c.-38C>T	.	upstream_gene_variant	MODIFIER	0.255	40.5622	42588
2019-nCoV	241	C	T	SNP	Homozygous	orf1ab	QHD43415.1	-1	c.-25C>T	.	upstream_gene_variant	MODIFIER	1.0	2887.98	6046
2019-nCoV	3037	C	T	SNP	Homozygous	orf1ab	QHD43415.1	1	c.2772C>T	p.Phe924Phe	synonymous_variant	LOW	1.0	2911.58	24938
2019-nCoV	4181	G	T	SNP	Homozygous	orf1ab	QHD43415.1	1	c.3916G>T	p.Ala1306Ser	missense_variant	MODERATE	1.0	2935.11	11203
2019-nCoV	5422	T	G	SNP	Heterozygous	orf1ab	QHD43415.1	1	c.5157T>G	p.Asn1719Lys	missense_variant	MODERATE	0.24	29.1241	7926
2019-nCoV	6310	C	T	SNP	Heterozygous	orf1ab	QHD43415.1	1	c.6045C>T	p.Ser2015Ser	synonymous_variant	LOW	0.340852	140.507	26633
2019-nCoV	6402	C	T	SNP	Homozygous	orf1ab	QHD43415.1	1	c.6137C>T	p.Pro2046Leu	missense_variant	MODERATE	0.985	2789.9	28774
2019-nCoV	7124	C	T	SNP	Homozygous	orf1ab	QHD43415.1	1	c.6859C>T	p.Pro2287Ser	missense_variant	MODERATE	0.9925	2872.55	8158
2019-nCoV	7851	C	T	SNP	Heterozygous	orf1ab	QHD43415.1	1	c.7586C>T	p.Ala2529Val	missense_variant	MODERATE	0.223058	18.1596	20641
2019-nCoV	8986	C	T	SNP	Homozygous	orf1ab	QHD43415.1	1	c.8721C>T	p.Asp2907Asp	synonymous_variant	LOW	1.0	2919.64	21670
2019-nCoV	9053	G	T	SNP	Homozygous	orf1ab	QHD43415.1	1	c.8788G>T	p.Val2930Leu	missense_variant	MODERATE	1.0	2924.85	15010
2019-nCoV	10029	C	T	SNP	Homozygous	orf1ab	QHD43415.1	1	c.9764C>T	p.Thr3255Ile	missense_variant	MODERATE	1.0	2953.54	19170
2019-nCoV	10977	C	T	SNP	Heterozygous	orf1ab	QHD43415.1	1	c.10712C>T	p.Ala3571Val	missense_variant	MODERATE	0.4675	391.536	16050
2019-nCoV	11201	A	G	SNP	Homozygous	orf1ab	QHD43415.1	1	c.10936A>G	p.Thr3646Ala	missense_variant	MODERATE	1.0	2927.01	20318
2019-nCoV	11332	A	G	SNP	Homozygous	orf1ab	QHD43415.1	1	c.11067A>G	p.Val3689Val	synonymous_variant	LOW	1.0	2942.02	28314
2019-nCoV	14408	C	T	SNP	Homozygous	orf1ab	QHD43415.1	2	c.14144C>T	p.Pro4715Leu	missense_variant	MODERATE	0.9925	2855.22	10256
2019-nCoV	15451	G	A	SNP	Homozygous	orf1ab	QHD43415.1	2	c.15187G>A	p.Gly5063Ser	missense_variant	MODERATE	1.0	2972.79	64062
2019-nCoV	15952	C	A	SNP	Heterozygous	orf1ab	QHD43415.1	2	c.15688C>A	p.Leu5230Ile	missense_variant	MODERATE	0.310777	99.7354	33832
2019-nCoV	16466	C	T	SNP	Homozygous	orf1ab	QHD43415.1	2	c.16202C>T	p.Pro5401Leu	missense_variant	MODERATE	1.0	2946.37	54871
2019-nCoV	18744	C	T	SNP	Heterozygous	orf1ab	QHD43415.1	2	c.18480C>T	p.Tyr6160Tyr	synonymous_variant	LOW	0.22	17.2025	17271
2019-nCoV	19220	C	T	SNP	Homozygous	orf1ab	QHD43415.1	2	c.18956C>T	p.Ala6319Val	missense_variant	MODERATE	1.0	2979.79	46232
2019-nCoV	21137	A	G	SNP	Heterozygous	orf1ab	QHD43415.1	2	c.20873A>G	p.Lys6958Arg	missense_variant	MODERATE	0.3	81.1257	107021
2019-nCoV	21618	C	G	SNP	Homozygous	S	QHD43416.1	1	c.56C>G	p.Thr19Arg	missense_variant	MODERATE	0.997494	2939.31	15512
2019-nCoV	21987	G	A	SNP	Homozygous	S	QHD43416.1	1	c.425G>A	p.Gly142Asp	missense_variant	MODERATE	0.9975	2889.24	17409
2019-nCoV	22028	GAGTTCA	G	DEL	Homozygous	S	QHD43416.1	1	c.467_472delAGTTCA	p.Glu156_Arg158delinsGly	disruptive_inframe_deletion	MODERATE	1.0	2957.96	31917
2019-nCoV	22225	G	T	SNP	Heterozygous	S	QHD43416.1	1	c.663G>T	p.Ser221Ser	synonymous_variant	LOW	0.2725	55.6811	10764
2019-nCoV	22917	T	G	SNP	Homozygous	S	QHD43416.1	1	c.1355T>G	p.Leu452Arg	missense_variant	MODERATE	1.0	2974.8	28637
2019-nCoV	22995	C	A	SNP	Homozygous	S	QHD43416.1	1	c.1433C>A	p.Thr478Lys	missense_variant	MODERATE	1.0	2977.54	13070
2019-nCoV	23403	A	G	SNP	Homozygous	S	QHD43416.1	1	c.1841A>G	p.Asp614Gly	missense_variant	MODERATE	1.0	2944.39	42055
2019-nCoV	23604	C	G	SNP	Homozygous	S	QHD43416.1	1	c.2042C>G	p.Pro681Arg	missense_variant	MODERATE	0.995	2904.35	48393
2019-nCoV	23997	C	T	SNP	Heterozygous	S	QHD43416.1	1	c.2435C>T	p.Pro812Leu	missense_variant	MODERATE	0.3025	90.0339	2930
2019-nCoV	24410	G	A	SNP	Homozygous	S	QHD43416.1	1	c.2848G>A	p.Asp950Asn	missense_variant	MODERATE	1.0	2951.44	9572
2019-nCoV	25469	C	T	SNP	Homozygous	ORF3a	QHD43417.1	1	c.77C>T	p.Ser26Leu	missense_variant	MODERATE	1.0	2897.92	21385
2019-nCoV	26767	T	C	SNP	Homozygous	M	QHD43419.1	1	c.245T>C	p.Ile82Thr	missense_variant	MODERATE	1.0	2974.03	37209
2019-nCoV	27638	T	C	SNP	Homozygous	ORF7a	QHD43421.1	1	c.245T>C	p.Val82Ala	missense_variant	MODERATE	0.9975	2802.45	28073
2019-nCoV	27752	C	T	SNP	Homozygous	ORF7a	QHD43421.1	1	c.359C>T	p.Thr120Ile	missense_variant	MODERATE	1.0	2921.7	32981
2019-nCoV	27874	C	T	SNP	Homozygous	ORF8	QHD43422.1	-1	c.-20C>T	.	upstream_gene_variant	MODIFIER	1.0	2942.16	29366
2019-nCoV	28247	AGATTTC	A	DEL	Homozygous	ORF8	QHD43422.1	1	c.355_360delGATTTC	p.Asp119_Phe120del	conservative_inframe_deletion	MODERATE	1.0	2846.76	45831
2019-nCoV	28270	TA	T	DEL	Homozygous	N	QHD43423.2	-1	c.-3delA	.	upstream_gene_variant	MODIFIER	1.0	1959.01	92560
2019-nCoV	28299	A	T	SNP	Heterozygous	N	QHD43423.2	1	c.26A>T	p.Gln9Leu	missense_variant	MODERATE	0.255	38.6632	94613
2019-nCoV	28461	A	G	SNP	Homozygous	N	QHD43423.2	1	c.188A>G	p.Asp63Gly	missense_variant	MODERATE	1.0	2941.18	38531
2019-nCoV	28881	G	T	SNP	Homozygous	N	QHD43423.2	1	c.608G>T	p.Arg203Met	missense_variant	MODERATE	1.0	2777.11	28153
2019-nCoV	28916	G	T	SNP	Homozygous	N	QHD43423.2	1	c.643G>T	p.Gly215Cys	missense_variant	MODERATE	1.0	2897.08	83791
2019-nCoV	29402	G	T	SNP	Homozygous	N	QHD43423.2	1	c.1129G>T	p.Asp377Tyr	missense_variant	MODERATE	1.0	2941.72	13292
2019-nCoV	29742	G	T	SNP	Homozygous	S	QHD43416.1	-1	c.*4358G>T	.	downstream_gene_variant	MODIFIER	1.0	2960.48	5344
