CHROM	POS	REF	ALT	VARTYPE	GEN[*].GT	ANN[*].GENE	ANN[*].FEATUREID	EFF[*].RANK	ANN[*].HGVS_C	ANN[*].HGVS_P	ANN[*].EFFECT	EFF[*].IMPACT	AF	QUAL	DP
2019-nCoV	44	C	T	SNP	Homozygous	orf1ab	QHD43415.1	-1	c.-222C>T	.	upstream_gene_variant	MODIFIER	0.986486	32153.9	68025
2019-nCoV	140	C	T	SNP	Heterozygous	orf1ab	QHD43415.1	-1	c.-126C>T	.	upstream_gene_variant	MODIFIER	0.0405812	146.325	78019
2019-nCoV	241	C	T	SNP	Homozygous	orf1ab	QHD43415.1	-1	c.-25C>T	.	upstream_gene_variant	MODIFIER	0.998999	33343.7	10229
2019-nCoV	370	G	T	SNP	Heterozygous	orf1ab	QHD43415.1	1	c.105G>T	p.Val35Val	synonymous_variant	LOW	0.0675676	328.101	92080
2019-nCoV	405	A	G	SNP	Heterozygous	orf1ab	QHD43415.1	1	c.140A>G	p.Lys47Arg	missense_variant	MODERATE	0.0490736	230.25	91793
2019-nCoV	593	C	T	SNP	Heterozygous	orf1ab	QHD43415.1	1	c.328C>T	p.His110Tyr	missense_variant	MODERATE	0.0265531	40.9757	77612
2019-nCoV	625	G	T	SNP	Heterozygous	orf1ab	QHD43415.1	1	c.360G>T	p.Lys120Asn	missense_variant	MODERATE	0.0550275	296.183	77643
2019-nCoV	670	T	G	SNP	Homozygous	orf1ab	QHD43415.1	1	c.405T>G	p.Ser135Arg	missense_variant	MODERATE	0.993991	33356.5	76866
2019-nCoV	872	G	A	SNP	Heterozygous	orf1ab	QHD43415.1	1	c.607G>A	p.Asp203Asn	missense_variant	MODERATE	0.0316424	71.3669	42854
2019-nCoV	1385	C	T	SNP	Heterozygous	orf1ab	QHD43415.1	1	c.1120C>T	p.His374Tyr	missense_variant	MODERATE	0.026	39.6498	54894
2019-nCoV	1618	T	C	SNP	Heterozygous	orf1ab	QHD43415.1	1	c.1353T>C	p.Leu451Leu	synonymous_variant	LOW	0.027	18.1322	40685
2019-nCoV	1627	C	T	SNP	Heterozygous	orf1ab	QHD43415.1	1	c.1362C>T	p.Leu454Leu	synonymous_variant	LOW	0.130653	1224.1	40817
2019-nCoV	1912	C	T	SNP	Heterozygous	orf1ab	QHD43415.1	1	c.1647C>T	p.Ser549Ser	synonymous_variant	LOW	0.02	14.9677	15621
2019-nCoV	1931	C	A	SNP	Heterozygous	orf1ab	QHD43415.1	1	c.1666C>A	p.Gln556Lys	missense_variant	MODERATE	0.66801	18245.3	15587
2019-nCoV	2142	C	T	SNP	Heterozygous	orf1ab	QHD43415.1	1	c.1877C>T	p.Pro626Leu	missense_variant	MODERATE	0.0245	32.2484	32066
2019-nCoV	2164	G	A	SNP	Heterozygous	orf1ab	QHD43415.1	1	c.1899G>A	p.Glu633Glu	synonymous_variant	LOW	0.04002	137.25	22566
2019-nCoV	2790	C	T	SNP	Homozygous	orf1ab	QHD43415.1	1	c.2525C>T	p.Thr842Ile	missense_variant	MODERATE	0.999496	19195.7	39616
2019-nCoV	2872	T	C	SNP	Heterozygous	orf1ab	QHD43415.1	1	c.2607T>C	p.Asn869Asn	synonymous_variant	LOW	0.027	46.0985	22147
2019-nCoV	2954	T	C	SNP	Heterozygous	orf1ab	QHD43415.1	1	c.2689T>C	p.Leu897Leu	synonymous_variant	LOW	0.627	17206.4	30619
2019-nCoV	3037	C	T	SNP	Homozygous	orf1ab	QHD43415.1	1	c.2772C>T	p.Phe924Phe	synonymous_variant	LOW	0.999	33252.4	26669
2019-nCoV	3170	C	T	SNP	Heterozygous	orf1ab	QHD43415.1	1	c.2905C>T	p.Leu969Phe	missense_variant	MODERATE	0.0210105	18.4509	22981
2019-nCoV	3339	T	C	SNP	Heterozygous	orf1ab	QHD43415.1	1	c.3074T>C	p.Val1025Ala	missense_variant	MODERATE	0.0415208	156.36	5575
2019-nCoV	3604	C	T	SNP	Heterozygous	orf1ab	QHD43415.1	1	c.3339C>T	p.His1113His	synonymous_variant	LOW	0.0285	52.5806	37481
2019-nCoV	3796	C	T	SNP	Heterozygous	orf1ab	QHD43415.1	1	c.3531C>T	p.Val1177Val	synonymous_variant	LOW	0.0908635	787.246	28387
2019-nCoV	3927	C	T	SNP	Heterozygous	orf1ab	QHD43415.1	1	c.3662C>T	p.Ser1221Leu	missense_variant	MODERATE	0.0930931	835.799	18931
2019-nCoV	4184	G	A	SNP	Homozygous	orf1ab	QHD43415.1	1	c.3919G>A	p.Gly1307Ser	missense_variant	MODERATE	0.997499	33730.6	22652
2019-nCoV	4321	C	T	SNP	Homozygous	orf1ab	QHD43415.1	1	c.4056C>T	p.Ala1352Ala	synonymous_variant	LOW	0.999496	32829.3	39034
2019-nCoV	4586	C	T	SNP	Heterozygous	orf1ab	QHD43415.1	1	c.4321C>T	p.Leu1441Leu	synonymous_variant	LOW	0.0915	807.174	51858
2019-nCoV	4870	A	G	SNP	Heterozygous	orf1ab	QHD43415.1	1	c.4605A>G	p.Val1535Val	synonymous_variant	LOW	0.0325163	81.0491	38637
2019-nCoV	5183	C	T	SNP	Heterozygous	orf1ab	QHD43415.1	1	c.4918C>T	p.Pro1640Ser	missense_variant	MODERATE	0.104552	809.284	25253
2019-nCoV	6070	C	T	SNP	Heterozygous	orf1ab	QHD43415.1	1	c.5805C>T	p.Ile1935Ile	synonymous_variant	LOW	0.0420842	160.083	34383
2019-nCoV	6317	C	T	SNP	Heterozygous	orf1ab	QHD43415.1	1	c.6052C>T	p.Pro2018Ser	missense_variant	MODERATE	0.0435218	174.001	47106
2019-nCoV	6371	A	G	SNP	Heterozygous	orf1ab	QHD43415.1	1	c.6106A>G	p.Met2036Val	missense_variant	MODERATE	0.0255	36.8426	24407
2019-nCoV	6808	T	C	SNP	Heterozygous	orf1ab	QHD43415.1	1	c.6543T>C	p.Thr2181Thr	synonymous_variant	LOW	0.0336345	43.7049	34882
2019-nCoV	6968	C	T	SNP	Heterozygous	orf1ab	QHD43415.1	1	c.6703C>T	p.Leu2235Leu	synonymous_variant	LOW	0.022022	21.6102	14853
2019-nCoV	7528	C	T	SNP	Heterozygous	orf1ab	QHD43415.1	1	c.7263C>T	p.Val2421Val	synonymous_variant	LOW	0.0675338	455.972	21832
2019-nCoV	8695	G	A	SNP	Heterozygous	orf1ab	QHD43415.1	1	c.8430G>A	p.Lys2810Lys	synonymous_variant	LOW	0.0370185	62.8494	19443
2019-nCoV	8743	T	C	SNP	Heterozygous	orf1ab	QHD43415.1	1	c.8478T>C	p.Cys2826Cys	synonymous_variant	LOW	0.0312815	73.2965	20546
2019-nCoV	9344	C	T	SNP	Homozygous	orf1ab	QHD43415.1	1	c.9079C>T	p.Leu3027Phe	missense_variant	MODERATE	1.0	32111.1	16730
2019-nCoV	9424	A	G	SNP	Homozygous	orf1ab	QHD43415.1	1	c.9159A>G	p.Val3053Val	synonymous_variant	LOW	1.0	36442.3	10711
2019-nCoV	9534	C	T	SNP	Homozygous	orf1ab	QHD43415.1	1	c.9269C>T	p.Thr3090Ile	missense_variant	MODERATE	0.998307	17581.8	1768
2019-nCoV	9854	G	A	SNP	Heterozygous	orf1ab	QHD43415.1	1	c.9589G>A	p.Val3197Met	missense_variant	MODERATE	0.0755	418.844	10240
2019-nCoV	9866	C	T	SNP	Heterozygous	orf1ab	QHD43415.1	1	c.9601C>T	p.Leu3201Phe	missense_variant	MODERATE	0.179127	2396.01	33097
2019-nCoV	10029	C	T	SNP	Homozygous	orf1ab	QHD43415.1	1	c.9764C>T	p.Thr3255Ile	missense_variant	MODERATE	0.995498	33564.6	39197
2019-nCoV	10198	C	T	SNP	Homozygous	orf1ab	QHD43415.1	1	c.9933C>T	p.Asp3311Asp	synonymous_variant	LOW	0.998999	36344.2	33084
2019-nCoV	10447	GCC	ACA	MNP	Homozygous	orf1ab	QHD43415.1	1	c.10182_10184delGCCinsACA	p.Pro3395His	missense_variant	MODERATE	1.0	35886.1	18165
2019-nCoV	10843	T	C	SNP	Heterozygous	orf1ab	QHD43415.1	1	c.10578T>C	p.Asp3526Asp	synonymous_variant	LOW	0.054	185.44	48650
2019-nCoV	11109	C	T	SNP	Heterozygous	orf1ab	QHD43415.1	1	c.10844C>T	p.Ala3615Val	missense_variant	MODERATE	0.031031	70.9076	20881
2019-nCoV	11146	G	T	SNP	Heterozygous	orf1ab	QHD43415.1	1	c.10881G>T	p.Met3627Ile	missense_variant	MODERATE	0.0256539	41.326	21185
2019-nCoV	11287	GTCTGGTTTT	G	DEL	Homozygous	orf1ab	QHD43415.1	1	c.11023_11031delTCTGGTTTT	p.Ser3675_Phe3677del	conservative_inframe_deletion	MODERATE	1.0	35721.8	46080
2019-nCoV	11530	C	T	SNP	Heterozygous	orf1ab	QHD43415.1	1	c.11265C>T	p.Ala3755Ala	synonymous_variant	LOW	0.0310155	70.7188	35731
2019-nCoV	11750	C	T	SNP	Heterozygous	orf1ab	QHD43415.1	1	c.11485C>T	p.Leu3829Phe	missense_variant	MODERATE	0.655	18335.3	29797
2019-nCoV	11782	A	G	SNP	Heterozygous	orf1ab	QHD43415.1	1	c.11517A>G	p.Lys3839Lys	synonymous_variant	LOW	0.0205	16.5368	68237
2019-nCoV	12085	C	T	SNP	Heterozygous	orf1ab	QHD43415.1	1	c.11820C>T	p.Thr3940Thr	synonymous_variant	LOW	0.052	171.995	20152
2019-nCoV	12100	C	A	SNP	Heterozygous	orf1ab	QHD43415.1	1	c.11835C>A	p.Ala3945Ala	synonymous_variant	LOW	0.0915916	817.036	20200
2019-nCoV	12115	C	A	SNP	Heterozygous	orf1ab	QHD43415.1	1	c.11850C>A	p.Ser3950Ser	synonymous_variant	LOW	0.0202327	15.6482	20268
2019-nCoV	12160	G	A	SNP	Heterozygous	orf1ab	QHD43415.1	1	c.11895G>A	p.Glu3965Glu	synonymous_variant	LOW	0.788182	24114.7	20000
2019-nCoV	12444	A	G	SNP	Heterozygous	orf1ab	QHD43415.1	1	c.12179A>G	p.Asn4060Ser	missense_variant	MODERATE	0.134	1598.95	31606
2019-nCoV	12510	A	G	SNP	Heterozygous	orf1ab	QHD43415.1	1	c.12245A>G	p.Asn4082Ser	missense_variant	MODERATE	0.0630946	369.715	37424
2019-nCoV	12880	C	T	SNP	Homozygous	orf1ab	QHD43415.1	1	c.12615C>T	p.Ile4205Ile	synonymous_variant	LOW	1.0	36278.7	35062
2019-nCoV	14257	T	C	SNP	Heterozygous	orf1ab	QHD43415.1	2	c.13993T>C	p.Tyr4665His	missense_variant	MODERATE	0.681682	19446.2	30382
2019-nCoV	14408	C	T	SNP	Homozygous	orf1ab	QHD43415.1	2	c.14144C>T	p.Pro4715Leu	missense_variant	MODERATE	0.998494	33651.3	11510
2019-nCoV	15005	A	G	SNP	Heterozygous	orf1ab	QHD43415.1	2	c.14741A>G	p.Glu4914Gly	missense_variant	MODERATE	0.0225338	26.3709	33148
2019-nCoV	15451	G	A	SNP	Heterozygous	orf1ab	QHD43415.1	2	c.15187G>A	p.Gly5063Ser	missense_variant	MODERATE	0.251126	4348.98	68772
2019-nCoV	15714	C	T	SNP	Homozygous	orf1ab	QHD43415.1	2	c.15450C>T	p.Leu5150Leu	synonymous_variant	LOW	0.999499	36152.9	53026
2019-nCoV	15720	C	T	SNP	Heterozygous	orf1ab	QHD43415.1	2	c.15456C>T	p.Asp5152Asp	synonymous_variant	LOW	0.03	29.4167	54470
2019-nCoV	15738	C	T	SNP	Heterozygous	orf1ab	QHD43415.1	2	c.15474C>T	p.Phe5158Phe	synonymous_variant	LOW	0.073183	382.538	53614
2019-nCoV	15939	T	C	SNP	Heterozygous	orf1ab	QHD43415.1	2	c.15675T>C	p.Asp5225Asp	synonymous_variant	LOW	0.0726453	517.266	39634
2019-nCoV	16342	T	C	SNP	Heterozygous	orf1ab	QHD43415.1	2	c.16078T>C	p.Ser5360Pro	missense_variant	MODERATE	0.076038	573.173	46584
2019-nCoV	16413	T	C	SNP	Heterozygous	orf1ab	QHD43415.1	2	c.16149T>C	p.Asp5383Asp	synonymous_variant	LOW	0.0845846	705.611	73494
2019-nCoV	16443	C	T	SNP	Heterozygous	orf1ab	QHD43415.1	2	c.16179C>T	p.Ser5393Ser	synonymous_variant	LOW	0.0285143	54.8441	73611
2019-nCoV	16741	G	T	SNP	Heterozygous	orf1ab	QHD43415.1	2	c.16477G>T	p.Val5493Phe	missense_variant	MODERATE	0.0425852	164.525	27666
2019-nCoV	16818	A	G	SNP	Heterozygous	orf1ab	QHD43415.1	2	c.16554A>G	p.Gln5518Gln	synonymous_variant	LOW	0.03	64.1084	43754
2019-nCoV	16887	C	T	SNP	Heterozygous	orf1ab	QHD43415.1	2	c.16623C>T	p.Tyr5541Tyr	synonymous_variant	LOW	0.029029	24.6481	64190
2019-nCoV	16935	G	A	SNP	Heterozygous	orf1ab	QHD43415.1	2	c.16671G>A	p.Met5557Ile	missense_variant	MODERATE	0.666833	18845.7	65920
2019-nCoV	17039	A	G	SNP	Heterozygous	orf1ab	QHD43415.1	2	c.16775A>G	p.Asn5592Ser	missense_variant	MODERATE	0.604	14701.6	50381
2019-nCoV	17136	T	C	SNP	Heterozygous	orf1ab	QHD43415.1	2	c.16872T>C	p.Pro5624Pro	synonymous_variant	LOW	0.047	115.033	83877
2019-nCoV	17304	C	T	SNP	Heterozygous	orf1ab	QHD43415.1	2	c.17040C>T	p.Val5680Val	synonymous_variant	LOW	0.0534005	267.279	103884
2019-nCoV	17410	C	T	SNP	Homozygous	orf1ab	QHD43415.1	2	c.17146C>T	p.Arg5716Cys	missense_variant	MODERATE	0.999499	36249.0	56520
2019-nCoV	17859	T	C	SNP	Heterozygous	orf1ab	QHD43415.1	2	c.17595T>C	p.Tyr5865Tyr	synonymous_variant	LOW	0.0795	622.83	28401
2019-nCoV	17934	C	T	SNP	Heterozygous	orf1ab	QHD43415.1	2	c.17670C>T	p.Thr5890Thr	synonymous_variant	LOW	0.0612142	369.246	29280
2019-nCoV	18163	A	G	SNP	Homozygous	orf1ab	QHD43415.1	2	c.17899A>G	p.Ile5967Val	missense_variant	MODERATE	0.9995	33770.9	19319
2019-nCoV	18583	G	A	SNP	Heterozygous	orf1ab	QHD43415.1	2	c.18319G>A	p.Val6107Ile	missense_variant	MODERATE	0.048024	219.311	27728
2019-nCoV	19326	A	G	SNP	Heterozygous	orf1ab	QHD43415.1	2	c.19062A>G	p.Pro6354Pro	synonymous_variant	LOW	0.064	409.151	43475
2019-nCoV	19955	C	T	SNP	Homozygous	orf1ab	QHD43415.1	2	c.19691C>T	p.Thr6564Ile	missense_variant	MODERATE	1.0	33800.2	70594
2019-nCoV	20055	A	G	SNP	Heterozygous	orf1ab	QHD43415.1	2	c.19791A>G	p.Glu6597Glu	synonymous_variant	LOW	0.9795	32285.9	49630
2019-nCoV	20235	C	T	SNP	Heterozygous	orf1ab	QHD43415.1	2	c.19971C>T	p.Pro6657Pro	synonymous_variant	LOW	0.0365	110.033	14120
2019-nCoV	21304	CG	AA	MNP	Heterozygous	orf1ab	QHD43415.1	2	c.21040_21041delCGinsAA	p.Arg7014Asn	missense_variant	MODERATE	0.0301811	66.1835	32924
2019-nCoV	21618	C	T	SNP	Homozygous	S	QHD43416.1	1	c.56C>T	p.Thr19Ile	missense_variant	MODERATE	0.998999	33839.8	23219
2019-nCoV	21632	TTACCCCCTG	T	DEL	Homozygous	S	QHD43416.1	1	c.71_79delTACCCCCTG	p.Leu24_Ala27delinsSer	disruptive_inframe_deletion	MODERATE	1.0	36247.3	22751
2019-nCoV	21764	ATACATG	A	DEL	Heterozygous	S	QHD43416.1	1	c.204_209delACATGT	p.His69_Val70del	disruptive_inframe_deletion	MODERATE	0.833502	26221.1	22260
2019-nCoV	21952	C	T	SNP	Heterozygous	S	QHD43416.1	1	c.390C>T	p.Val130Val	synonymous_variant	LOW	0.0505506	247.84	37810
2019-nCoV	21987	GTGTTTA	ATGT	MIXED	Heterozygous	S	QHD43416.1	1	c.425_431delGTGTTTAinsATGT	p.Gly142_Tyr144delinsAspVal	missense_variant&conservative_inframe_deletion	MODERATE	0.30608	33837.5	26981
2019-nCoV	21987	G	A	SNP	Heterozygous	S	QHD43416.1	1	c.425G>A	p.Gly142Asp	missense_variant	MODERATE	0.69392	33837.5	26981
2019-nCoV	22000	C	A	SNP	Heterozygous	S	QHD43416.1	1	c.438C>A	p.His146Gln	missense_variant	MODERATE	0.0511215	227.716	26008
2019-nCoV	22001	A	G	SNP	Heterozygous	S	QHD43416.1	1	c.439A>G	p.Lys147Glu	missense_variant	MODERATE	0.131823	1207.08	26008
2019-nCoV	22002	A	T	SNP	Heterozygous	S	QHD43416.1	1	c.440A>T	p.Lys147Ile	missense_variant	MODERATE	0.106448	1037.09	26008
2019-nCoV	22016	T	C	SNP	Heterozygous	S	QHD43416.1	1	c.454T>C	p.Trp152Arg	missense_variant	MODERATE	0.1595	2129.74	27411
2019-nCoV	22033	C	A	SNP	Heterozygous	S	QHD43416.1	1	c.471C>A	p.Phe157Leu	missense_variant	MODERATE	0.0916834	818.131	45192
2019-nCoV	22109	C	G	SNP	Heterozygous	S	QHD43416.1	1	c.547C>G	p.Gln183Glu	missense_variant	MODERATE	0.035589	54.4101	36021
2019-nCoV	22200	T	A	SNP	Heterozygous	S	QHD43416.1	1	c.638T>A	p.Val213Glu	missense_variant	MODERATE	0.0730365	35406.1	19201
2019-nCoV	22200	T	G	SNP	Heterozygous	S	QHD43416.1	1	c.638T>G	p.Val213Gly	missense_variant	MODERATE	0.916458	35406.1	19201
2019-nCoV	22317	G	T	SNP	Heterozygous	S	QHD43416.1	1	c.755G>T	p.Gly252Val	missense_variant	MODERATE	0.051	159.522	40307
2019-nCoV	22320	A	G	SNP	Heterozygous	S	QHD43416.1	1	c.758A>G	p.Asp253Gly	missense_variant	MODERATE	0.028	51.7349	20028
2019-nCoV	22331	G	A	SNP	Heterozygous	S	QHD43416.1	1	c.769G>A	p.Gly257Ser	missense_variant	MODERATE	0.1334	1284.92	19925
2019-nCoV	22576	TGG	CA	MIXED	Heterozygous	S	QHD43416.1	1	c.1014_1016delTGGinsCA	p.Gly339fs	frameshift_variant&missense_variant	HIGH	0.131724	33466.9	16836
2019-nCoV	22576	TGG	GA	MIXED	Heterozygous	S	QHD43416.1	1	c.1014_1016delTGGinsGA	p.Phe338fs	frameshift_variant&missense_variant	HIGH	0.866767	33466.9	16836
2019-nCoV	22599	G	C	SNP	Heterozygous	S	QHD43416.1	1	c.1037G>C	p.Arg346Thr	missense_variant	MODERATE	0.864364	28091.8	10016
2019-nCoV	22629	A	C	SNP	Heterozygous	S	QHD43416.1	1	c.1067A>C	p.Lys356Thr	missense_variant	MODERATE	0.0270812	45.8934	13190
2019-nCoV	22664	C	A	SNP	Heterozygous	S	QHD43416.1	1	c.1102C>A	p.Leu368Ile	missense_variant	MODERATE	0.034	92.3915	13239
2019-nCoV	22674	C	T	SNP	Homozygous	S	QHD43416.1	1	c.1112C>T	p.Ser371Phe	missense_variant	MODERATE	0.997999	33473.8	12846
2019-nCoV	22679	T	C	SNP	Homozygous	S	QHD43416.1	1	c.1117T>C	p.Ser373Pro	missense_variant	MODERATE	1.0	33617.3	12651
2019-nCoV	22686	CCA	TCG	MNP	Homozygous	S	QHD43416.1	1	c.1124_1126delCCAinsTCG	p.SerThr375PheAla	missense_variant	MODERATE	0.993973	32800.3	3537
2019-nCoV	22775	G	A	SNP	Homozygous	S	QHD43416.1	1	c.1213G>A	p.Asp405Asn	missense_variant	MODERATE	0.9995	36250.2	2919
2019-nCoV	22786	A	C	SNP	Homozygous	S	QHD43416.1	1	c.1224A>C	p.Arg408Ser	missense_variant	MODERATE	0.998995	36059.5	2883
2019-nCoV	22813	G	T	SNP	Homozygous	S	QHD43416.1	1	c.1251G>T	p.Lys417Asn	missense_variant	MODERATE	0.999499	33886.5	32340
2019-nCoV	22882	T	G	SNP	Homozygous	S	QHD43416.1	1	c.1320T>G	p.Asn440Lys	missense_variant	MODERATE	0.9995	19881.8	47741
2019-nCoV	22893	A	C	SNP	Heterozygous	S	QHD43416.1	1	c.1331A>C	p.Lys444Thr	missense_variant	MODERATE	0.693233	19932.3	47669
2019-nCoV	22898	G	A	SNP	Heterozygous	S	QHD43416.1	1	c.1336G>A	p.Gly446Ser	missense_variant	MODERATE	0.0732564	1127.37	47589
2019-nCoV	22917	T	G	SNP	Heterozygous	S	QHD43416.1	1	c.1355T>G	p.Leu452Arg	missense_variant	MODERATE	0.885943	29223.3	47215
2019-nCoV	22942	T	A	SNP	Heterozygous	S	QHD43416.1	1	c.1380T>A	p.Asn460Lys	missense_variant	MODERATE	0.696285	25530.0	46498
2019-nCoV	22992	GCAC	ACAA	MNP	Homozygous	S	QHD43416.1	1	c.1430_1433delGCACinsACAA	p.SerThr477AsnLys	missense_variant	MODERATE	1.0	36074.3	17231
2019-nCoV	23013	A	C	SNP	Homozygous	S	QHD43416.1	1	c.1451A>C	p.Glu484Ala	missense_variant	MODERATE	0.996991	35950.5	38996
2019-nCoV	23018	T	G	SNP	Heterozygous	S	QHD43416.1	1	c.1456T>G	p.Phe486Val	missense_variant	MODERATE	0.898092	34088.2	39096
2019-nCoV	23019	T	C	SNP	Heterozygous	S	QHD43416.1	1	c.1457T>C	p.Phe486Ser	missense_variant	MODERATE	0.0512048	34088.2	39096
2019-nCoV	23031	T	C	SNP	Heterozygous	S	QHD43416.1	1	c.1469T>C	p.Phe490Ser	missense_variant	MODERATE	0.0581454	333.764	39288
2019-nCoV	23055	A	G	SNP	Homozygous	S	QHD43416.1	1	c.1493A>G	p.Gln498Arg	missense_variant	MODERATE	0.993474	35640.5	22408
2019-nCoV	23063	A	T	SNP	Homozygous	S	QHD43416.1	1	c.1501A>T	p.Asn501Tyr	missense_variant	MODERATE	0.994997	33199.2	22635
2019-nCoV	23075	T	C	SNP	Homozygous	S	QHD43416.1	1	c.1513T>C	p.Tyr505His	missense_variant	MODERATE	0.9995	19923.6	23048
2019-nCoV	23130	C	A	SNP	Heterozygous	S	QHD43416.1	1	c.1568C>A	p.Thr523Asn	missense_variant	MODERATE	0.0741112	543.373	41701
2019-nCoV	23403	A	G	SNP	Homozygous	S	QHD43416.1	1	c.1841A>G	p.Asp614Gly	missense_variant	MODERATE	0.999499	33485.2	72412
2019-nCoV	23525	C	T	SNP	Homozygous	S	QHD43416.1	1	c.1963C>T	p.His655Tyr	missense_variant	MODERATE	0.996992	33582.2	101353
2019-nCoV	23579	A	G	SNP	Heterozygous	S	QHD43416.1	1	c.2017A>G	p.Ser673Gly	missense_variant	MODERATE	0.0285	54.8099	69045
2019-nCoV	23599	T	G	SNP	Homozygous	S	QHD43416.1	1	c.2037T>G	p.Asn679Lys	missense_variant	MODERATE	0.992474	35699.5	115341
2019-nCoV	23604	C	A	SNP	Homozygous	S	QHD43416.1	1	c.2042C>A	p.Pro681His	missense_variant	MODERATE	0.998495	19818.6	115559
2019-nCoV	23673	C	T	SNP	Heterozygous	S	QHD43416.1	1	c.2111C>T	p.Ser704Leu	missense_variant	MODERATE	0.0295888	60.0323	47850
2019-nCoV	23854	C	A	SNP	Homozygous	S	QHD43416.1	1	c.2292C>A	p.Asn764Lys	missense_variant	MODERATE	0.998496	33390.8	29919
2019-nCoV	23948	GATTTTG	TATTT	MIXED	Heterozygous	S	QHD43416.1	1	c.2386_2392delGATTTTGinsTATTT	p.Asp796fs	frameshift_variant&missense_variant	HIGH	0.0470914	30388.1	24935
2019-nCoV	23948	G	T	SNP	Heterozygous	S	QHD43416.1	1	c.2386G>T	p.Asp796Tyr	missense_variant	MODERATE	0.952909	30388.1	24935
2019-nCoV	24424	A	T	SNP	Homozygous	S	QHD43416.1	1	c.2862A>T	p.Gln954His	missense_variant	MODERATE	0.991984	35563.0	31806
2019-nCoV	24469	T	A	SNP	Homozygous	S	QHD43416.1	1	c.2907T>A	p.Asn969Lys	missense_variant	MODERATE	0.992485	31381.3	47023
2019-nCoV	24794	G	T	SNP	Heterozygous	S	QHD43416.1	1	c.3232G>T	p.Ala1078Ser	missense_variant	MODERATE	0.0261307	41.269	19768
2019-nCoV	25000	C	T	SNP	Homozygous	S	QHD43416.1	1	c.3438C>T	p.Asp1146Asp	synonymous_variant	LOW	0.998998	36192.0	41162
2019-nCoV	25046	C	T	SNP	Heterozygous	S	QHD43416.1	1	c.3484C>T	p.Pro1162Ser	missense_variant	MODERATE	0.039	132.558	41157
2019-nCoV	25055	G	A	SNP	Heterozygous	S	QHD43416.1	1	c.3493G>A	p.Asp1165Asn	missense_variant	MODERATE	0.042021	159.557	41194
2019-nCoV	25416	C	T	SNP	Heterozygous	ORF3a	QHD43417.1	1	c.24C>T	p.Phe8Phe	synonymous_variant	LOW	0.208731	3224.23	46148
2019-nCoV	25511	C	T	SNP	Heterozygous	ORF3a	QHD43417.1	1	c.119C>T	p.Ser40Leu	missense_variant	MODERATE	0.032	77.6119	31141
2019-nCoV	25584	C	T	SNP	Homozygous	ORF3a	QHD43417.1	1	c.192C>T	p.Thr64Thr	synonymous_variant	LOW	0.995457	35628.0	73028
2019-nCoV	25606	G	A	SNP	Heterozygous	ORF3a	QHD43417.1	1	c.214G>A	p.Ala72Thr	missense_variant	MODERATE	0.0431727	166.77	72733
2019-nCoV	26060	C	T	SNP	Homozygous	ORF3a	QHD43417.1	1	c.668C>T	p.Thr223Ile	missense_variant	MODERATE	0.998	36282.9	41635
2019-nCoV	26078	C	T	SNP	Heterozygous	ORF3a	QHD43417.1	1	c.686C>T	p.Thr229Ile	missense_variant	MODERATE	0.034	92.1067	41556
2019-nCoV	26151	C	T	SNP	Heterozygous	ORF3a	QHD43417.1	1	c.759C>T	p.Ser253Ser	synonymous_variant	LOW	0.0515	257.184	40920
2019-nCoV	26160	T	C	SNP	Heterozygous	ORF3a	QHD43417.1	1	c.768T>C	p.Val256Val	synonymous_variant	LOW	0.023	25.9232	41004
2019-nCoV	26270	C	T	SNP	Homozygous	E	QHD43418.1	1	c.26C>T	p.Thr9Ile	missense_variant	MODERATE	1.0	33857.8	109294
2019-nCoV	26275	A	G	SNP	Heterozygous	E	QHD43418.1	1	c.31A>G	p.Thr11Ala	missense_variant	MODERATE	0.1995	3059.37	109079
2019-nCoV	26455	C	T	SNP	Heterozygous	E	QHD43418.1	1	c.211C>T	p.Pro71Ser	missense_variant	MODERATE	0.078039	422.472	26064
2019-nCoV	26529	G	A	SNP	Heterozygous	M	QHD43419.1	1	c.7G>A	p.Asp3Asn	missense_variant	MODERATE	0.778	23786.5	28731
2019-nCoV	26577	C	G	SNP	Homozygous	M	QHD43419.1	1	c.55C>G	p.Gln19Glu	missense_variant	MODERATE	1.0	33906.8	13119
2019-nCoV	26709	G	A	SNP	Homozygous	M	QHD43419.1	1	c.187G>A	p.Ala63Thr	missense_variant	MODERATE	1.0	36306.3	50923
2019-nCoV	26858	C	T	SNP	Heterozygous	M	QHD43419.1	1	c.336C>T	p.Phe112Phe	synonymous_variant	LOW	0.216825	3479.9	55640
2019-nCoV	26935	T	C	SNP	Heterozygous	M	QHD43419.1	1	c.413T>C	p.Leu138Pro	missense_variant	MODERATE	0.0235	28.4792	67397
2019-nCoV	27038	A	G	SNP	Heterozygous	M	QHD43419.1	1	c.516A>G	p.Thr172Thr	synonymous_variant	LOW	0.11	1138.54	10909
2019-nCoV	27259	A	C	SNP	Heterozygous	ORF6	QHD43420.1	1	c.58A>C	p.Arg20Arg	synonymous_variant	LOW	0.214607	3419.93	36485
2019-nCoV	27382	GAT	CTC	MNP	Heterozygous	ORF6	QHD43420.1	1	c.181_183delGATinsCTC	p.Asp61Leu	missense_variant	MODERATE	0.236909	3943.65	13741
2019-nCoV	27580	T	C	SNP	Heterozygous	ORF7a	QHD43421.1	1	c.187T>C	p.Phe63Leu	missense_variant	MODERATE	0.037594	119.02	61319
2019-nCoV	27807	C	T	SNP	Homozygous	ORF8	QHD43422.1	-1	c.-87C>T	.	upstream_gene_variant	MODIFIER	0.998497	36258.3	69403
2019-nCoV	27889	C	T	SNP	Heterozygous	ORF8	QHD43422.1	-1	c.-5C>T	.	upstream_gene_variant	MODIFIER	0.7735	23560.9	37522
2019-nCoV	27915	G	T	SNP	Heterozygous	ORF8	QHD43422.1	1	c.22G>T	p.Gly8*	stop_gained	HIGH	0.0715358	510.802	50710
2019-nCoV	28253	C	T	SNP	Heterozygous	ORF8	QHD43422.1	1	c.360C>T	p.Phe120Phe	synonymous_variant	LOW	0.0215972	19.0489	83351
2019-nCoV	28271	A	T	SNP	Heterozygous	N	QHD43423.2	-1	c.-3A>T	.	upstream_gene_variant	MODIFIER	0.953157	29673.1	107238
2019-nCoV	28311	C	T	SNP	Heterozygous	N	QHD43423.2	1	c.38C>T	p.Pro13Leu	missense_variant	MODERATE	0.329311	36106.6	107287
2019-nCoV	28311	CC	TT	MNP	Heterozygous	N	QHD43423.2	1	c.38_39delCCinsTT	p.Pro13Leu	missense_variant	MODERATE	0.66918	36106.6	107287
2019-nCoV	28330	A	G	SNP	Heterozygous	N	QHD43423.2	1	c.57A>G	p.Gly19Gly	synonymous_variant	LOW	0.0955478	885.733	104883
2019-nCoV	28361	GGAGAACGCA	G	DEL	Heterozygous	N	QHD43423.2	1	c.90_98delAGAACGCAG	p.Glu31_Ser33del	disruptive_inframe_deletion	MODERATE	0.942119	34970.0	28874
2019-nCoV	28361	GGAGAACGCAG	TT	MIXED	Heterozygous	N	QHD43423.2	1	c.88_98delGGAGAACGCAGinsTT	p.Gly30_Ser33delinsPhe	missense_variant&disruptive_inframe_deletion	MODERATE	0.0578811	34970.0	28874
2019-nCoV	28681	G	T	SNP	Heterozygous	N	QHD43423.2	1	c.408G>T	p.Glu136Asp	missense_variant	MODERATE	0.680723	19329.8	122841
2019-nCoV	28744	C	T	SNP	Heterozygous	N	QHD43423.2	1	c.471C>T	p.Ile157Ile	synonymous_variant	LOW	0.036	106.199	79622
2019-nCoV	28881	GGG	AAC	MNP	Homozygous	N	QHD43423.2	1	c.608_610delGGGinsAAC	p.ArgGly203LysArg	missense_variant	MODERATE	1.0	33357.6	52428
2019-nCoV	29510	A	C	SNP	Homozygous	N	QHD43423.2	1	c.1237A>C	p.Ser413Arg	missense_variant	MODERATE	1.0	33775.8	17126
2019-nCoV	29642	C	T	SNP	Heterozygous	ORF10	QHI42199.1	1	c.85C>T	p.Gln29*	stop_gained	HIGH	0.0335	45.1734	12848
2019-nCoV	29666	C	T	SNP	Heterozygous	ORF10	QHI42199.1	1	c.109C>T	p.Leu37Phe	missense_variant	MODERATE	0.0315	72.8243	12800
2019-nCoV	29733	CGAGGCCACGCGGAGTACGATCGAGTG	C	DEL	Homozygous	S	QHD43416.1	-1	c.*4350_*4375delGAGGCCACGCGGAGTACGATCGAGTG	.	downstream_gene_variant	MODIFIER	1.0	35872.7	10184
2019-nCoV	29758	TG	CC	MNP	Homozygous	S	QHD43416.1	-1	c.*4374_*4375delTGinsCC	.	downstream_gene_variant	MODIFIER	0.999373	16910.4	22
