CHROM	POS	REF	ALT	VARTYPE	GEN[*].GT	ANN[*].GENE	ANN[*].FEATUREID	EFF[*].RANK	ANN[*].HGVS_C	ANN[*].HGVS_P	ANN[*].EFFECT	EFF[*].IMPACT	AF	QUAL	DP
2019-nCoV	44	C	T	SNP	Homozygous	orf1ab	QHD43415.1	-1	c.-222C>T	.	upstream_gene_variant	MODIFIER	0.982983	31802.1	48523
2019-nCoV	140	C	T	SNP	Heterozygous	orf1ab	QHD43415.1	-1	c.-126C>T	.	upstream_gene_variant	MODIFIER	0.0455	118.55	52814
2019-nCoV	171	C	T	SNP	Heterozygous	orf1ab	QHD43415.1	-1	c.-95C>T	.	upstream_gene_variant	MODIFIER	0.0290727	58.1291	51571
2019-nCoV	241	C	T	SNP	Homozygous	orf1ab	QHD43415.1	-1	c.-25C>T	.	upstream_gene_variant	MODIFIER	1.0	33285.8	4573
2019-nCoV	405	A	G	SNP	Heterozygous	orf1ab	QHD43415.1	1	c.140A>G	p.Lys47Arg	missense_variant	MODERATE	0.0265	43.3572	59383
2019-nCoV	511	T	C	SNP	Heterozygous	orf1ab	QHD43415.1	1	c.246T>C	p.Gly82Gly	synonymous_variant	LOW	0.045109	184.586	34716
2019-nCoV	602	G	A	SNP	Heterozygous	orf1ab	QHD43415.1	1	c.337G>A	p.Glu113Lys	missense_variant	MODERATE	0.0240602	31.8363	53172
2019-nCoV	670	T	G	SNP	Homozygous	orf1ab	QHD43415.1	1	c.405T>G	p.Ser135Arg	missense_variant	MODERATE	0.992989	33267.4	52759
2019-nCoV	851	T	C	SNP	Heterozygous	orf1ab	QHD43415.1	1	c.586T>C	p.Tyr196His	missense_variant	MODERATE	0.0525789	269.09	33532
2019-nCoV	920	C	G	SNP	Heterozygous	orf1ab	QHD43415.1	1	c.655C>G	p.Leu219Val	missense_variant	MODERATE	0.0480721	139.72	33902
2019-nCoV	961	T	C	SNP	Heterozygous	orf1ab	QHD43415.1	1	c.696T>C	p.Arg232Arg	synonymous_variant	LOW	0.0275827	19.9838	15359
2019-nCoV	1420	C	T	SNP	Heterozygous	orf1ab	QHD43415.1	1	c.1155C>T	p.Ala385Ala	synonymous_variant	LOW	0.054	285.458	21553
2019-nCoV	1627	C	T	SNP	Heterozygous	orf1ab	QHD43415.1	1	c.1362C>T	p.Leu454Leu	synonymous_variant	LOW	0.300801	4990.64	37543
2019-nCoV	1922	G	A	SNP	Heterozygous	orf1ab	QHD43415.1	1	c.1657G>A	p.Glu553Lys	missense_variant	MODERATE	0.039599	76.7513	12441
2019-nCoV	1931	C	A	SNP	Heterozygous	orf1ab	QHD43415.1	1	c.1666C>A	p.Gln556Lys	missense_variant	MODERATE	0.264676	4571.22	12510
2019-nCoV	2144	G	A	SNP	Heterozygous	orf1ab	QHD43415.1	1	c.1879G>A	p.Val627Ile	missense_variant	MODERATE	0.021	18.3951	29350
2019-nCoV	2329	G	T	SNP	Heterozygous	orf1ab	QHD43415.1	1	c.2064G>T	p.Leu688Phe	missense_variant	MODERATE	0.0260521	40.5436	23854
2019-nCoV	2453	C	T	SNP	Heterozygous	orf1ab	QHD43415.1	1	c.2188C>T	p.Leu730Phe	missense_variant	MODERATE	0.0445445	181.576	10635
2019-nCoV	2741	G	A	SNP	Heterozygous	orf1ab	QHD43415.1	1	c.2476G>A	p.Gly826Ser	missense_variant	MODERATE	0.0195	13.1604	41366
2019-nCoV	2790	C	T	SNP	Homozygous	orf1ab	QHD43415.1	1	c.2525C>T	p.Thr842Ile	missense_variant	MODERATE	0.999497	19036.2	41669
2019-nCoV	2954	T	C	SNP	Heterozygous	orf1ab	QHD43415.1	1	c.2689T>C	p.Leu897Leu	synonymous_variant	LOW	0.3375	6864.04	29294
2019-nCoV	3037	C	T	SNP	Homozygous	orf1ab	QHD43415.1	1	c.2772C>T	p.Phe924Phe	synonymous_variant	LOW	1.0	33237.0	29740
2019-nCoV	3156	C	T	SNP	Heterozygous	orf1ab	QHD43415.1	1	c.2891C>T	p.Ala964Val	missense_variant	MODERATE	0.0335168	43.3344	27083
2019-nCoV	3541	T	C	SNP	Heterozygous	orf1ab	QHD43415.1	1	c.3276T>C	p.Ala1092Ala	synonymous_variant	LOW	0.0226472	27.0364	26435
2019-nCoV	3604	C	T	SNP	Heterozygous	orf1ab	QHD43415.1	1	c.3339C>T	p.His1113His	synonymous_variant	LOW	0.051	164.123	34822
2019-nCoV	3634	C	T	SNP	Heterozygous	orf1ab	QHD43415.1	1	c.3369C>T	p.Asn1123Asn	synonymous_variant	LOW	0.027	45.678	34910
2019-nCoV	3796	C	T	SNP	Heterozygous	orf1ab	QHD43415.1	1	c.3531C>T	p.Val1177Val	synonymous_variant	LOW	0.235471	3843.41	29077
2019-nCoV	3927	C	T	SNP	Heterozygous	orf1ab	QHD43415.1	1	c.3662C>T	p.Ser1221Leu	missense_variant	MODERATE	0.244244	4176.18	22230
2019-nCoV	4184	G	A	SNP	Homozygous	orf1ab	QHD43415.1	1	c.3919G>A	p.Gly1307Ser	missense_variant	MODERATE	0.995	35948.9	21682
2019-nCoV	4321	C	T	SNP	Homozygous	orf1ab	QHD43415.1	1	c.4056C>T	p.Ala1352Ala	synonymous_variant	LOW	0.998991	32707.5	43126
2019-nCoV	4586	C	T	SNP	Heterozygous	orf1ab	QHD43415.1	1	c.4321C>T	p.Leu1441Leu	synonymous_variant	LOW	0.234352	3899.48	56736
2019-nCoV	4783	A	G	SNP	Heterozygous	orf1ab	QHD43415.1	1	c.4518A>G	p.Ser1506Ser	synonymous_variant	LOW	0.0515	256.941	32606
2019-nCoV	4870	A	G	SNP	Heterozygous	orf1ab	QHD43415.1	1	c.4605A>G	p.Val1535Val	synonymous_variant	LOW	0.2105	3322.8	47535
2019-nCoV	5183	C	T	SNP	Heterozygous	orf1ab	QHD43415.1	1	c.4918C>T	p.Pro1640Ser	missense_variant	MODERATE	0.223612	3112.82	28273
2019-nCoV	5621	C	T	SNP	Heterozygous	orf1ab	QHD43415.1	1	c.5356C>T	p.Pro1786Ser	missense_variant	MODERATE	0.051	251.442	52711
2019-nCoV	5796	C	T	SNP	Heterozygous	orf1ab	QHD43415.1	1	c.5531C>T	p.Thr1844Ile	missense_variant	MODERATE	0.0225564	24.4745	45860
2019-nCoV	6027	C	T	SNP	Heterozygous	orf1ab	QHD43415.1	1	c.5762C>T	p.Pro1921Leu	missense_variant	MODERATE	0.024	30.8806	18874
2019-nCoV	6120	C	T	SNP	Heterozygous	orf1ab	QHD43415.1	1	c.5855C>T	p.Ser1952Leu	missense_variant	MODERATE	0.0435435	99.8045	14702
2019-nCoV	6467	A	C	SNP	Heterozygous	orf1ab	QHD43415.1	1	c.6202A>C	p.Thr2068Pro	missense_variant	MODERATE	0.0355	52.4575	52949
2019-nCoV	6568	C	T	SNP	Heterozygous	orf1ab	QHD43415.1	1	c.6303C>T	p.Asp2101Asp	synonymous_variant	LOW	0.029029	57.6324	38802
2019-nCoV	7420	C	T	SNP	Heterozygous	orf1ab	QHD43415.1	1	c.7155C>T	p.Ile2385Ile	synonymous_variant	LOW	0.0215323	20.3395	11048
2019-nCoV	7528	C	T	SNP	Heterozygous	orf1ab	QHD43415.1	1	c.7263C>T	p.Val2421Val	synonymous_variant	LOW	0.209105	3295.21	27011
2019-nCoV	8140	C	T	SNP	Heterozygous	orf1ab	QHD43415.1	1	c.7875C>T	p.Ser2625Ser	synonymous_variant	LOW	0.062	267.159	30793
2019-nCoV	8320	C	T	SNP	Heterozygous	orf1ab	QHD43415.1	1	c.8055C>T	p.Pro2685Pro	synonymous_variant	LOW	0.0295	60.9561	24710
2019-nCoV	8950	C	T	SNP	Heterozygous	orf1ab	QHD43415.1	1	c.8685C>T	p.Ile2895Ile	synonymous_variant	LOW	0.0235118	28.5209	33503
2019-nCoV	9344	C	T	SNP	Homozygous	orf1ab	QHD43415.1	1	c.9079C>T	p.Leu3027Phe	missense_variant	MODERATE	1.0	32534.4	19711
2019-nCoV	9424	A	G	SNP	Homozygous	orf1ab	QHD43415.1	1	c.9159A>G	p.Val3053Val	synonymous_variant	LOW	1.0	36120.6	12628
2019-nCoV	9526	G	T	SNP	Heterozygous	orf1ab	QHD43415.1	1	c.9261G>T	p.Met3087Ile	missense_variant	MODERATE	0.0219454	19.7649	1685
2019-nCoV	9534	C	T	SNP	Homozygous	orf1ab	QHD43415.1	1	c.9269C>T	p.Thr3090Ile	missense_variant	MODERATE	0.997036	30342.9	1685
2019-nCoV	9724	C	A	SNP	Heterozygous	orf1ab	QHD43415.1	1	c.9459C>A	p.Phe3153Leu	missense_variant	MODERATE	0.0295	27.5262	17020
2019-nCoV	9866	C	T	SNP	Heterozygous	orf1ab	QHD43415.1	1	c.9601C>T	p.Leu3201Phe	missense_variant	MODERATE	0.245236	3876.08	29130
2019-nCoV	10029	C	T	SNP	Homozygous	orf1ab	QHD43415.1	1	c.9764C>T	p.Thr3255Ile	missense_variant	MODERATE	0.994992	35909.3	34862
2019-nCoV	10198	C	T	SNP	Homozygous	orf1ab	QHD43415.1	1	c.9933C>T	p.Asp3311Asp	synonymous_variant	LOW	1.0	33943.3	35063
2019-nCoV	10447	GCC	ACA	MNP	Homozygous	orf1ab	QHD43415.1	1	c.10182_10184delGCCinsACA	p.Pro3395His	missense_variant	MODERATE	1.0	34346.1	7666
2019-nCoV	10456	C	T	SNP	Heterozygous	orf1ab	QHD43415.1	1	c.10191C>T	p.Phe3397Phe	synonymous_variant	LOW	0.036	108.265	8048
2019-nCoV	11089	A	G	SNP	Heterozygous	orf1ab	QHD43415.1	1	c.10824A>G	p.Glu3608Glu	synonymous_variant	LOW	0.033	84.729	31735
2019-nCoV	11287	GTCTGGTTTT	G	DEL	Homozygous	orf1ab	QHD43415.1	1	c.11023_11031delTCTGGTTTT	p.Ser3675_Phe3677del	conservative_inframe_deletion	MODERATE	1.0	35422.8	39777
2019-nCoV	11511	C	T	SNP	Heterozygous	orf1ab	QHD43415.1	1	c.11246C>T	p.Thr3749Ile	missense_variant	MODERATE	0.0526844	178.24	11395
2019-nCoV	11515	T	C	SNP	Heterozygous	orf1ab	QHD43415.1	1	c.11250T>C	p.Thr3750Thr	synonymous_variant	LOW	0.0345345	94.4051	11377
2019-nCoV	11653	C	A	SNP	Heterozygous	orf1ab	QHD43415.1	1	c.11388C>A	p.Leu3796Leu	synonymous_variant	LOW	0.0305458	31.2071	17121
2019-nCoV	11660	T	C	SNP	Heterozygous	orf1ab	QHD43415.1	1	c.11395T>C	p.Leu3799Leu	synonymous_variant	LOW	0.038	124.011	17134
2019-nCoV	11750	C	T	SNP	Heterozygous	orf1ab	QHD43415.1	1	c.11485C>T	p.Leu3829Phe	missense_variant	MODERATE	0.332833	6664.92	22975
2019-nCoV	11782	A	G	SNP	Heterozygous	orf1ab	QHD43415.1	1	c.11517A>G	p.Lys3839Lys	synonymous_variant	LOW	0.171086	2385.55	53670
2019-nCoV	12160	G	A	SNP	Heterozygous	orf1ab	QHD43415.1	1	c.11895G>A	p.Glu3965Glu	synonymous_variant	LOW	0.734867	21573.9	14536
2019-nCoV	12310	G	A	SNP	Heterozygous	orf1ab	QHD43415.1	1	c.12045G>A	p.Gln4015Gln	synonymous_variant	LOW	0.0845846	516.678	28381
2019-nCoV	12444	A	G	SNP	Heterozygous	orf1ab	QHD43415.1	1	c.12179A>G	p.Asn4060Ser	missense_variant	MODERATE	0.2006	3073.98	28477
2019-nCoV	12880	C	T	SNP	Homozygous	orf1ab	QHD43415.1	1	c.12615C>T	p.Ile4205Ile	synonymous_variant	LOW	1.0	36301.4	31027
2019-nCoV	13384	C	T	SNP	Heterozygous	orf1ab	QHD43415.1	1	c.13119C>T	p.Cys4373Cys	synonymous_variant	LOW	0.0696044	481.133	67253
2019-nCoV	13677	C	T	SNP	Heterozygous	orf1ab	QHD43415.1	2	c.13413C>T	p.Asn4471Asn	synonymous_variant	LOW	0.0210105	18.3095	25015
2019-nCoV	14097	C	T	SNP	Heterozygous	orf1ab	QHD43415.1	2	c.13833C>T	p.Phe4611Phe	synonymous_variant	LOW	0.0465699	125.17	15881
2019-nCoV	14257	T	C	SNP	Heterozygous	orf1ab	QHD43415.1	2	c.13993T>C	p.Tyr4665His	missense_variant	MODERATE	0.333667	5919.34	24302
2019-nCoV	14408	C	T	SNP	Homozygous	orf1ab	QHD43415.1	2	c.14144C>T	p.Pro4715Leu	missense_variant	MODERATE	0.998493	33571.3	10774
2019-nCoV	14599	C	T	SNP	Heterozygous	orf1ab	QHD43415.1	2	c.14335C>T	p.Leu4779Leu	synonymous_variant	LOW	0.029029	58.7896	17191
2019-nCoV	14877	C	T	SNP	Heterozygous	orf1ab	QHD43415.1	2	c.14613C>T	p.Tyr4871Tyr	synonymous_variant	LOW	0.0295591	58.6369	9144
2019-nCoV	15451	G	A	SNP	Heterozygous	orf1ab	QHD43415.1	2	c.15187G>A	p.Gly5063Ser	missense_variant	MODERATE	0.249125	4277.87	66868
2019-nCoV	15543	G	T	SNP	Heterozygous	orf1ab	QHD43415.1	2	c.15279G>T	p.Thr5093Thr	synonymous_variant	LOW	0.042021	159.731	28557
2019-nCoV	15714	C	T	SNP	Homozygous	orf1ab	QHD43415.1	2	c.15450C>T	p.Leu5150Leu	synonymous_variant	LOW	0.998999	36096.6	57133
2019-nCoV	15939	T	C	SNP	Heterozygous	orf1ab	QHD43415.1	2	c.15675T>C	p.Asp5225Asp	synonymous_variant	LOW	0.0265	43.9317	37604
2019-nCoV	16616	C	A	SNP	Heterozygous	orf1ab	QHD43415.1	2	c.16352C>A	p.Thr5451Asn	missense_variant	MODERATE	0.0850851	714.28	19600
2019-nCoV	16818	A	G	SNP	Heterozygous	orf1ab	QHD43415.1	2	c.16554A>G	p.Gln5518Gln	synonymous_variant	LOW	0.058	333.086	40690
2019-nCoV	16887	C	T	SNP	Heterozygous	orf1ab	QHD43415.1	2	c.16623C>T	p.Tyr5541Tyr	synonymous_variant	LOW	0.0265133	16.7024	65092
2019-nCoV	16935	G	A	SNP	Heterozygous	orf1ab	QHD43415.1	2	c.16671G>A	p.Met5557Ile	missense_variant	MODERATE	0.335836	6812.29	67859
2019-nCoV	17039	A	G	SNP	Heterozygous	orf1ab	QHD43415.1	2	c.16775A>G	p.Asn5592Ser	missense_variant	MODERATE	0.2295	3230.94	50795
2019-nCoV	17304	C	T	SNP	Heterozygous	orf1ab	QHD43415.1	2	c.17040C>T	p.Val5680Val	synonymous_variant	LOW	0.039196	130.588	93151
2019-nCoV	17410	C	T	SNP	Homozygous	orf1ab	QHD43415.1	2	c.17146C>T	p.Arg5716Cys	missense_variant	MODERATE	0.998995	36201.1	45438
2019-nCoV	17859	T	C	SNP	Heterozygous	orf1ab	QHD43415.1	2	c.17595T>C	p.Tyr5865Tyr	synonymous_variant	LOW	0.0555	203.48	21925
2019-nCoV	17934	C	T	SNP	Heterozygous	orf1ab	QHD43415.1	2	c.17670C>T	p.Thr5890Thr	synonymous_variant	LOW	0.0261044	40.8998	24373
2019-nCoV	18163	A	G	SNP	Homozygous	orf1ab	QHD43415.1	2	c.17899A>G	p.Ile5967Val	missense_variant	MODERATE	1.0	33791.8	17038
2019-nCoV	19326	A	G	SNP	Heterozygous	orf1ab	QHD43415.1	2	c.19062A>G	p.Pro6354Pro	synonymous_variant	LOW	0.0355	103.549	34122
2019-nCoV	19414	G	A	SNP	Heterozygous	orf1ab	QHD43415.1	2	c.19150G>A	p.Val6384Ile	missense_variant	MODERATE	0.0280421	52.4533	19115
2019-nCoV	19955	C	T	SNP	Homozygous	orf1ab	QHD43415.1	2	c.19691C>T	p.Thr6564Ile	missense_variant	MODERATE	0.9995	33723.4	58189
2019-nCoV	20055	A	G	SNP	Heterozygous	orf1ab	QHD43415.1	2	c.19791A>G	p.Glu6597Glu	synonymous_variant	LOW	0.975	32003.2	40467
2019-nCoV	20109	T	C	SNP	Heterozygous	orf1ab	QHD43415.1	2	c.19845T>C	p.Asn6615Asn	synonymous_variant	LOW	0.026	40.6844	3344
2019-nCoV	20235	C	T	SNP	Heterozygous	orf1ab	QHD43415.1	2	c.19971C>T	p.Pro6657Pro	synonymous_variant	LOW	0.0555556	299.34	18233
2019-nCoV	21034	C	T	SNP	Heterozygous	orf1ab	QHD43415.1	2	c.20770C>T	p.Leu6924Phe	missense_variant	MODERATE	0.0205308	18.2746	70500
2019-nCoV	21180	T	C	SNP	Heterozygous	orf1ab	QHD43415.1	2	c.20916T>C	p.His6972His	synonymous_variant	LOW	0.176588	2513.26	37515
2019-nCoV	21234	C	T	SNP	Heterozygous	orf1ab	QHD43415.1	2	c.20970C>T	p.Ala6990Ala	synonymous_variant	LOW	0.03	29.1907	39018
2019-nCoV	21255	G	C	SNP	Heterozygous	orf1ab	QHD43415.1	2	c.20991G>C	p.Ala6997Ala	synonymous_variant	LOW	0.0430215	101.619	37093
2019-nCoV	21304	CG	AA	MNP	Heterozygous	orf1ab	QHD43415.1	2	c.21040_21041delCGinsAA	p.Arg7014Asn	missense_variant	MODERATE	0.0196573	14.1088	38591
2019-nCoV	21367	A	G	SNP	Heterozygous	orf1ab	QHD43415.1	2	c.21103A>G	p.Ile7035Val	missense_variant	MODERATE	0.0245368	32.8457	17238
2019-nCoV	21483	T	C	SNP	Heterozygous	orf1ab	QHD43415.1	2	c.21219T>C	p.Leu7073Leu	synonymous_variant	LOW	0.0215	20.163	22925
2019-nCoV	21546	T	C	SNP	Heterozygous	orf1ab	QHD43415.1	2	c.21282T>C	p.Val7094Val	synonymous_variant	LOW	0.065	421.974	8357
2019-nCoV	21618	C	T	SNP	Homozygous	S	QHD43416.1	1	c.56C>T	p.Thr19Ile	missense_variant	MODERATE	1.0	33845.2	23585
2019-nCoV	21632	TTACCCCCTG	T	DEL	Homozygous	S	QHD43416.1	1	c.71_79delTACCCCCTG	p.Leu24_Ala27delinsSer	disruptive_inframe_deletion	MODERATE	1.0	36084.1	22930
2019-nCoV	21761	G	T	SNP	Heterozygous	S	QHD43416.1	1	c.199G>T	p.Ala67Ser	missense_variant	MODERATE	0.034	90.9622	25386
2019-nCoV	21764	ATACATG	A	DEL	Heterozygous	S	QHD43416.1	1	c.204_209delACATGT	p.His69_Val70del	disruptive_inframe_deletion	MODERATE	0.745068	21969.9	25216
2019-nCoV	21987	G	A	SNP	Homozygous	S	QHD43416.1	1	c.425G>A	p.Gly142Asp	missense_variant	MODERATE	0.994	33360.0	29938
2019-nCoV	22001	A	G	SNP	Heterozygous	S	QHD43416.1	1	c.439A>G	p.Lys147Glu	missense_variant	MODERATE	0.250894	3643.59	29623
2019-nCoV	22002	A	T	SNP	Heterozygous	S	QHD43416.1	1	c.440A>T	p.Lys147Ile	missense_variant	MODERATE	0.0271084	46.2133	29623
2019-nCoV	22003	A	C	SNP	Heterozygous	S	QHD43416.1	1	c.441A>C	p.Lys147Asn	missense_variant	MODERATE	0.042021	159.822	30130
2019-nCoV	22016	T	C	SNP	Heterozygous	S	QHD43416.1	1	c.454T>C	p.Trp152Arg	missense_variant	MODERATE	0.302302	5806.69	30102
2019-nCoV	22033	C	A	SNP	Heterozygous	S	QHD43416.1	1	c.471C>A	p.Phe157Leu	missense_variant	MODERATE	0.191287	2849.63	46133
2019-nCoV	22190	A	G	SNP	Heterozygous	S	QHD43416.1	1	c.628A>G	p.Ile210Val	missense_variant	MODERATE	0.0385193	72.0072	18309
2019-nCoV	22200	T	A	SNP	Heterozygous	S	QHD43416.1	1	c.638T>A	p.Val213Glu	missense_variant	MODERATE	0.0385	35568.1	18079
2019-nCoV	22200	T	G	SNP	Heterozygous	S	QHD43416.1	1	c.638T>G	p.Val213Gly	missense_variant	MODERATE	0.955	35568.1	18079
2019-nCoV	22331	G	A	SNP	Heterozygous	S	QHD43416.1	1	c.769G>A	p.Gly257Ser	missense_variant	MODERATE	0.221722	3082.04	16218
2019-nCoV	22414	C	T	SNP	Heterozygous	S	QHD43416.1	1	c.852C>T	p.Thr284Thr	synonymous_variant	LOW	0.0262494	40.7563	24244
2019-nCoV	22450	C	T	SNP	Heterozygous	S	QHD43416.1	1	c.888C>T	p.Leu296Leu	synonymous_variant	LOW	0.024024	30.3693	8920
2019-nCoV	22576	TGG	CA	MIXED	Heterozygous	S	QHD43416.1	1	c.1014_1016delTGGinsCA	p.Gly339fs	frameshift_variant&missense_variant	HIGH	0.15493	35058.0	11954
2019-nCoV	22576	TGG	GA	MIXED	Heterozygous	S	QHD43416.1	1	c.1014_1016delTGGinsGA	p.Phe338fs	frameshift_variant&missense_variant	HIGH	0.809859	35058.0	11954
2019-nCoV	22599	G	C	SNP	Heterozygous	S	QHD43416.1	1	c.1037G>C	p.Arg346Thr	missense_variant	MODERATE	0.732866	21738.2	5597
2019-nCoV	22629	A	C	SNP	Heterozygous	S	QHD43416.1	1	c.1067A>C	p.Lys356Thr	missense_variant	MODERATE	0.04002	140.893	8690
2019-nCoV	22664	C	A	SNP	Heterozygous	S	QHD43416.1	1	c.1102C>A	p.Leu368Ile	missense_variant	MODERATE	0.031	69.2086	8758
2019-nCoV	22674	C	T	SNP	Homozygous	S	QHD43416.1	1	c.1112C>T	p.Ser371Phe	missense_variant	MODERATE	0.999	33366.3	8476
2019-nCoV	22679	T	C	SNP	Homozygous	S	QHD43416.1	1	c.1117T>C	p.Ser373Pro	missense_variant	MODERATE	1.0	33326.0	8427
2019-nCoV	22686	CCA	TCG	MNP	Homozygous	S	QHD43416.1	1	c.1124_1126delCCAinsTCG	p.SerThr375PheAla	missense_variant	MODERATE	1.0	32758.2	3846
2019-nCoV	22775	G	A	SNP	Homozygous	S	QHD43416.1	1	c.1213G>A	p.Asp405Asn	missense_variant	MODERATE	1.0	33569.9	2897
2019-nCoV	22786	A	C	SNP	Homozygous	S	QHD43416.1	1	c.1224A>C	p.Arg408Ser	missense_variant	MODERATE	0.999497	35755.9	2826
2019-nCoV	22813	G	T	SNP	Homozygous	S	QHD43416.1	1	c.1251G>T	p.Lys417Asn	missense_variant	MODERATE	1.0	33919.5	27522
2019-nCoV	22882	T	G	SNP	Homozygous	S	QHD43416.1	1	c.1320T>G	p.Asn440Lys	missense_variant	MODERATE	0.998998	33735.7	55125
2019-nCoV	22893	A	C	SNP	Heterozygous	S	QHD43416.1	1	c.1331A>C	p.Lys444Thr	missense_variant	MODERATE	0.271772	4939.78	55136
2019-nCoV	22896	T	C	SNP	Heterozygous	S	QHD43416.1	1	c.1334T>C	p.Val445Ala	missense_variant	MODERATE	0.050025	240.063	54744
2019-nCoV	22898	G	A	SNP	Heterozygous	S	QHD43416.1	1	c.1336G>A	p.Gly446Ser	missense_variant	MODERATE	0.291938	5478.75	54744
2019-nCoV	22917	T	G	SNP	Heterozygous	S	QHD43416.1	1	c.1355T>G	p.Leu452Arg	missense_variant	MODERATE	0.713357	20859.7	54222
2019-nCoV	22941	A	G	SNP	Heterozygous	S	QHD43416.1	1	c.1379A>G	p.Asn460Ser	missense_variant	MODERATE	0.0335	86.7757	52432
2019-nCoV	22942	T	A	SNP	Heterozygous	S	QHD43416.1	1	c.1380T>A	p.Asn460Lys	missense_variant	MODERATE	0.274	13984.0	52432
2019-nCoV	22992	GCAC	ACAA	MNP	Homozygous	S	QHD43416.1	1	c.1430_1433delGCACinsACAA	p.SerThr477AsnLys	missense_variant	MODERATE	1.0	35889.8	27171
2019-nCoV	23013	A	C	SNP	Homozygous	S	QHD43416.1	1	c.1451A>C	p.Glu484Ala	missense_variant	MODERATE	0.997998	36159.2	43762
2019-nCoV	23018	T	G	SNP	Heterozygous	S	QHD43416.1	1	c.1456T>G	p.Phe486Val	missense_variant	MODERATE	0.7345	21824.0	43842
2019-nCoV	23019	T	C	SNP	Heterozygous	S	QHD43416.1	1	c.1457T>C	p.Phe486Ser	missense_variant	MODERATE	0.22011	3572.57	43842
2019-nCoV	23031	T	C	SNP	Heterozygous	S	QHD43416.1	1	c.1469T>C	p.Phe490Ser	missense_variant	MODERATE	0.061	367.637	43783
2019-nCoV	23055	A	G	SNP	Homozygous	S	QHD43416.1	1	c.1493A>G	p.Gln498Arg	missense_variant	MODERATE	0.989914	35200.0	17110
2019-nCoV	23063	A	T	SNP	Homozygous	S	QHD43416.1	1	c.1501A>T	p.Asn501Tyr	missense_variant	MODERATE	0.988967	32597.3	17443
2019-nCoV	23075	T	C	SNP	Homozygous	S	QHD43416.1	1	c.1513T>C	p.Tyr505His	missense_variant	MODERATE	0.999499	19898.4	17835
2019-nCoV	23403	A	G	SNP	Homozygous	S	QHD43416.1	1	c.1841A>G	p.Asp614Gly	missense_variant	MODERATE	1.0	33305.1	73692
2019-nCoV	23521	T	C	SNP	Heterozygous	S	QHD43416.1	1	c.1959T>C	p.Ala653Ala	synonymous_variant	LOW	0.0485	223.539	106808
2019-nCoV	23525	C	T	SNP	Homozygous	S	QHD43416.1	1	c.1963C>T	p.His655Tyr	missense_variant	MODERATE	0.998	33778.8	106575
2019-nCoV	23535	A	G	SNP	Heterozygous	S	QHD43416.1	1	c.1973A>G	p.Asn658Ser	missense_variant	MODERATE	0.048	217.307	106385
2019-nCoV	23599	T	G	SNP	Homozygous	S	QHD43416.1	1	c.2037T>G	p.Asn679Lys	missense_variant	MODERATE	0.994483	35866.3	113536
2019-nCoV	23604	C	A	SNP	Homozygous	S	QHD43416.1	1	c.2042C>A	p.Pro681His	missense_variant	MODERATE	0.997999	19787.6	113583
2019-nCoV	23854	C	A	SNP	Homozygous	S	QHD43416.1	1	c.2292C>A	p.Asn764Lys	missense_variant	MODERATE	0.996493	33143.5	26951
2019-nCoV	23948	G	T	SNP	Homozygous	S	QHD43416.1	1	c.2386G>T	p.Asp796Tyr	missense_variant	MODERATE	1.0	26993.8	27561
2019-nCoV	24040	G	T	SNP	Heterozygous	S	QHD43416.1	1	c.2478G>T	p.Val826Val	synonymous_variant	LOW	0.0545273	290.584	46796
2019-nCoV	24424	AAA	TAAT	MIXED	Homozygous	S	QHD43416.1	1	c.2862_2864delAAAinsTAAT	p.Gln954fs	frameshift_variant&missense_variant	HIGH	0.999496	19773.5	36058
2019-nCoV	24469	T	A	SNP	Homozygous	S	QHD43416.1	1	c.2907T>A	p.Asn969Lys	missense_variant	MODERATE	0.989458	31108.1	56539
2019-nCoV	24565	T	C	SNP	Heterozygous	S	QHD43416.1	1	c.3003T>C	p.Leu1001Leu	synonymous_variant	LOW	0.0365	59.9615	23273
2019-nCoV	24721	T	C	SNP	Heterozygous	S	QHD43416.1	1	c.3159T>C	p.Pro1053Pro	synonymous_variant	LOW	0.0300752	63.2782	16928
2019-nCoV	24794	G	T	SNP	Heterozygous	S	QHD43416.1	1	c.3232G>T	p.Ala1078Ser	missense_variant	MODERATE	0.0385193	126.314	20873
2019-nCoV	24912	C	T	SNP	Heterozygous	S	QHD43416.1	1	c.3350C>T	p.Thr1117Ile	missense_variant	MODERATE	0.0545	289.316	25503
2019-nCoV	25000	C	T	SNP	Homozygous	S	QHD43416.1	1	c.3438C>T	p.Asp1146Asp	synonymous_variant	LOW	0.999499	36193.2	39930
2019-nCoV	25020	A	G	SNP	Heterozygous	S	QHD43416.1	1	c.3458A>G	p.Asp1153Gly	missense_variant	MODERATE	0.0490245	230.024	40190
2019-nCoV	25416	C	T	SNP	Heterozygous	ORF3a	QHD43417.1	1	c.24C>T	p.Phe8Phe	synonymous_variant	LOW	0.329985	6546.52	40613
2019-nCoV	25584	C	T	SNP	Homozygous	ORF3a	QHD43417.1	1	c.192C>T	p.Thr64Thr	synonymous_variant	LOW	0.992447	35500.7	86260
2019-nCoV	25606	G	A	SNP	Heterozygous	ORF3a	QHD43417.1	1	c.214G>A	p.Ala72Thr	missense_variant	MODERATE	0.2525	4417.94	86291
2019-nCoV	26060	C	T	SNP	Homozygous	ORF3a	QHD43417.1	1	c.668C>T	p.Thr223Ile	missense_variant	MODERATE	1.0	33937.6	45173
2019-nCoV	26151	C	T	SNP	Heterozygous	ORF3a	QHD43417.1	1	c.759C>T	p.Ser253Ser	synonymous_variant	LOW	0.028	51.8276	31057
2019-nCoV	26270	C	T	SNP	Homozygous	E	QHD43418.1	1	c.26C>T	p.Thr9Ile	missense_variant	MODERATE	1.0	33892.9	98104
2019-nCoV	26275	A	G	SNP	Heterozygous	E	QHD43418.1	1	c.31A>G	p.Thr11Ala	missense_variant	MODERATE	0.326827	6529.2	97735
2019-nCoV	26459	A	G	SNP	Heterozygous	E	QHD43418.1	1	c.215A>G	p.Asp72Gly	missense_variant	MODERATE	0.0385	127.441	21082
2019-nCoV	26464	C	T	SNP	Heterozygous	E	QHD43418.1	1	c.220C>T	p.Leu74Leu	synonymous_variant	LOW	0.0405608	141.848	21093
2019-nCoV	26529	G	A	SNP	Heterozygous	M	QHD43419.1	1	c.7G>A	p.Asp3Asn	missense_variant	MODERATE	0.625	17055.3	22748
2019-nCoV	26577	C	G	SNP	Homozygous	M	QHD43419.1	1	c.55C>G	p.Gln19Glu	missense_variant	MODERATE	1.0	33952.2	12379
2019-nCoV	26702	A	T	SNP	Heterozygous	M	QHD43419.1	1	c.180A>T	p.Val60Val	synonymous_variant	LOW	0.0445	108.375	44484
2019-nCoV	26709	G	A	SNP	Homozygous	M	QHD43419.1	1	c.187G>A	p.Ala63Thr	missense_variant	MODERATE	1.0	36434.4	44344
2019-nCoV	26799	C	T	SNP	Heterozygous	M	QHD43419.1	1	c.277C>T	p.Leu93Phe	missense_variant	MODERATE	0.0575	326.981	29376
2019-nCoV	26858	C	T	SNP	Heterozygous	M	QHD43419.1	1	c.336C>T	p.Phe112Phe	synonymous_variant	LOW	0.354177	7319.95	40518
2019-nCoV	27012	C	T	SNP	Heterozygous	M	QHD43419.1	1	c.490C>T	p.Leu164Leu	synonymous_variant	LOW	0.0935	653.538	53938
2019-nCoV	27038	A	G	SNP	Heterozygous	M	QHD43419.1	1	c.516A>G	p.Thr172Thr	synonymous_variant	LOW	0.2175	3504.01	12598
2019-nCoV	27259	A	C	SNP	Heterozygous	ORF6	QHD43420.1	1	c.58A>C	p.Arg20Arg	synonymous_variant	LOW	0.332832	6672.98	29591
2019-nCoV	27382	GAT	CTC	MNP	Heterozygous	ORF6	QHD43420.1	1	c.181_183delGATinsCTC	p.Asp61Leu	missense_variant	MODERATE	0.344828	6982.55	9056
2019-nCoV	27389	C	T	SNP	Heterozygous	ORF7a	QHD43421.1	-1	c.-5C>T	.	upstream_gene_variant	MODIFIER	0.0235	28.4272	9844
2019-nCoV	27476	C	T	SNP	Heterozygous	ORF7a	QHD43421.1	1	c.83C>T	p.Thr28Ile	missense_variant	MODERATE	0.1055	1055.67	22487
2019-nCoV	27510	A	G	SNP	Heterozygous	ORF7a	QHD43421.1	1	c.117A>G	p.Thr39Thr	synonymous_variant	LOW	0.0780781	600.58	46493
2019-nCoV	27513	C	T	SNP	Heterozygous	ORF7a	QHD43421.1	1	c.120C>T	p.Tyr40Tyr	synonymous_variant	LOW	0.1005	969.839	46485
2019-nCoV	27532	C	A	SNP	Heterozygous	ORF7a	QHD43421.1	1	c.139C>A	p.His47Asn	missense_variant	MODERATE	0.0275966	49.2301	47371
2019-nCoV	27788	G	T	SNP	Heterozygous	ORF8	QHD43422.1	-1	c.-106G>T	.	upstream_gene_variant	MODIFIER	0.0565849	313.665	65511
2019-nCoV	27807	C	T	SNP	Homozygous	ORF8	QHD43422.1	-1	c.-87C>T	.	upstream_gene_variant	MODIFIER	0.9995	36367.0	65559
2019-nCoV	27889	C	T	SNP	Heterozygous	ORF8	QHD43422.1	-1	c.-5C>T	.	upstream_gene_variant	MODIFIER	0.62694	17130.7	38598
2019-nCoV	27915	G	T	SNP	Heterozygous	ORF8	QHD43422.1	1	c.22G>T	p.Gly8*	stop_gained	HIGH	0.0430215	166.948	59767
2019-nCoV	28178	G	C	SNP	Heterozygous	ORF8	QHD43422.1	1	c.285G>C	p.Leu95Phe	missense_variant	MODERATE	0.0380571	123.958	80940
2019-nCoV	28271	A	C	SNP	Heterozygous	N	QHD43423.2	-1	c.-3A>C	.	upstream_gene_variant	MODIFIER	0.04004	32924.5	94912
2019-nCoV	28271	A	T	SNP	Heterozygous	N	QHD43423.2	-1	c.-3A>T	.	upstream_gene_variant	MODIFIER	0.923924	32924.5	94912
2019-nCoV	28311	C	T	SNP	Heterozygous	N	QHD43423.2	1	c.38C>T	p.Pro13Leu	missense_variant	MODERATE	0.698485	36056.2	94987
2019-nCoV	28311	CC	TT	MNP	Heterozygous	N	QHD43423.2	1	c.38_39delCCinsTT	p.Pro13Leu	missense_variant	MODERATE	0.30101	36056.2	94987
2019-nCoV	28330	A	G	SNP	Heterozygous	N	QHD43423.2	1	c.57A>G	p.Gly19Gly	synonymous_variant	LOW	0.309155	5960.28	89051
2019-nCoV	28361	GGAGAACGCA	G	DEL	Heterozygous	N	QHD43423.2	1	c.90_98delAGAACGCAG	p.Glu31_Ser33del	disruptive_inframe_deletion	MODERATE	0.846277	33675.4	21553
2019-nCoV	28361	GGAGAACGCAG	TT	MIXED	Heterozygous	N	QHD43423.2	1	c.88_98delGGAGAACGCAGinsTT	p.Gly30_Ser33delinsPhe	missense_variant&disruptive_inframe_deletion	MODERATE	0.153723	33675.4	21553
2019-nCoV	28390	A	G	SNP	Heterozygous	N	QHD43423.2	1	c.117A>G	p.Gln39Gln	synonymous_variant	LOW	0.039	127.045	51634
2019-nCoV	28681	G	T	SNP	Heterozygous	N	QHD43423.2	1	c.408G>T	p.Glu136Asp	missense_variant	MODERATE	0.32983	6613.1	106048
2019-nCoV	28724	C	T	SNP	Heterozygous	N	QHD43423.2	1	c.451C>T	p.Pro151Ser	missense_variant	MODERATE	0.0585	231.665	107656
2019-nCoV	28881	GGG	AAC	MNP	Homozygous	N	QHD43423.2	1	c.608_610delGGGinsAAC	p.ArgGly203LysArg	missense_variant	MODERATE	1.0	33368.9	41163
2019-nCoV	29155	A	G	SNP	Heterozygous	N	QHD43423.2	1	c.882A>G	p.Gln294Gln	synonymous_variant	LOW	0.0675	323.565	33326
2019-nCoV	29510	A	C	SNP	Homozygous	N	QHD43423.2	1	c.1237A>C	p.Ser413Arg	missense_variant	MODERATE	0.999498	33459.7	10179
2019-nCoV	29666	C	T	SNP	Heterozygous	ORF10	QHI42199.1	1	c.109C>T	p.Leu37Phe	missense_variant	MODERATE	0.0310155	72.0248	6291
2019-nCoV	29721	C	T	SNP	Heterozygous	S	QHD43416.1	-1	c.*4337C>T	.	downstream_gene_variant	MODIFIER	0.027	45.5938	5656
2019-nCoV	29733	CGAGGCCACGCGGAGTACGATCGAGTG	C	DEL	Homozygous	S	QHD43416.1	-1	c.*4350_*4375delGAGGCCACGCGGAGTACGATCGAGTG	.	downstream_gene_variant	MODIFIER	1.0	35812.6	5066
