CHROM	POS	REF	ALT	VARTYPE	GEN[*].GT	ANN[*].GENE	ANN[*].FEATUREID	EFF[*].RANK	ANN[*].HGVS_C	ANN[*].HGVS_P	ANN[*].EFFECT	EFF[*].IMPACT	AF	QUAL	DP
2019-nCoV	44	C	T	SNP	Homozygous	orf1ab	QHD43415.1	-1	c.-222C>T	.	upstream_gene_variant	MODIFIER	0.987982	31839.9	75924
2019-nCoV	110	C	T	SNP	Heterozygous	orf1ab	QHD43415.1	-1	c.-156C>T	.	upstream_gene_variant	MODIFIER	0.0865	731.648	80425
2019-nCoV	241	C	T	SNP	Homozygous	orf1ab	QHD43415.1	-1	c.-25C>T	.	upstream_gene_variant	MODIFIER	1.0	33280.5	3038
2019-nCoV	346	C	T	SNP	Heterozygous	orf1ab	QHD43415.1	1	c.81C>T	p.Leu27Leu	synonymous_variant	LOW	0.0735368	539.5	51372
2019-nCoV	347	G	A	SNP	Heterozygous	orf1ab	QHD43415.1	1	c.82G>A	p.Val28Ile	missense_variant	MODERATE	0.0440882	179.267	51372
2019-nCoV	401	C	T	SNP	Heterozygous	orf1ab	QHD43415.1	1	c.136C>T	p.Leu46Phe	missense_variant	MODERATE	0.0335	86.9575	51359
2019-nCoV	625	G	T	SNP	Heterozygous	orf1ab	QHD43415.1	1	c.360G>T	p.Lys120Asn	missense_variant	MODERATE	0.0579345	329.61	54300
2019-nCoV	670	T	G	SNP	Homozygous	orf1ab	QHD43415.1	1	c.405T>G	p.Ser135Arg	missense_variant	MODERATE	0.993994	33288.3	53043
2019-nCoV	678	C	T	SNP	Heterozygous	orf1ab	QHD43415.1	1	c.413C>T	p.Ala138Val	missense_variant	MODERATE	0.0435218	173.506	52988
2019-nCoV	1627	C	T	SNP	Heterozygous	orf1ab	QHD43415.1	1	c.1362C>T	p.Leu454Leu	synonymous_variant	LOW	0.353	6439.51	45043
2019-nCoV	1782	G	A	SNP	Heterozygous	orf1ab	QHD43415.1	1	c.1517G>A	p.Cys506Tyr	missense_variant	MODERATE	0.0385	72.2226	16642
2019-nCoV	1917	C	T	SNP	Heterozygous	orf1ab	QHD43415.1	1	c.1652C>T	p.Thr551Ile	missense_variant	MODERATE	0.12006	1046.8	12122
2019-nCoV	1931	C	A	SNP	Heterozygous	orf1ab	QHD43415.1	1	c.1666C>A	p.Gln556Lys	missense_variant	MODERATE	0.100752	939.224	12199
2019-nCoV	2305	G	A	SNP	Heterozygous	orf1ab	QHD43415.1	1	c.2040G>A	p.Lys680Lys	synonymous_variant	LOW	0.0534005	179.208	29018
2019-nCoV	2790	C	T	SNP	Homozygous	orf1ab	QHD43415.1	1	c.2525C>T	p.Thr842Ile	missense_variant	MODERATE	0.99498	30276.7	55983
2019-nCoV	2954	T	C	SNP	Heterozygous	orf1ab	QHD43415.1	1	c.2689T>C	p.Leu897Leu	synonymous_variant	LOW	0.118	1287.4	73349
2019-nCoV	3037	C	T	SNP	Homozygous	orf1ab	QHD43415.1	1	c.2772C>T	p.Phe924Phe	synonymous_variant	LOW	0.998	34133.0	67531
2019-nCoV	3140	C	T	SNP	Heterozygous	orf1ab	QHD43415.1	1	c.2875C>T	p.Pro959Ser	missense_variant	MODERATE	0.0746119	555.38	17097
2019-nCoV	3672	A	C	SNP	Heterozygous	orf1ab	QHD43415.1	1	c.3407A>C	p.Glu1136Ala	missense_variant	MODERATE	0.0321608	77.1459	35077
2019-nCoV	3871	G	T	SNP	Heterozygous	orf1ab	QHD43415.1	1	c.3606G>T	p.Lys1202Asn	missense_variant	MODERATE	0.0352823	53.5269	7167
2019-nCoV	4184	G	A	SNP	Homozygous	orf1ab	QHD43415.1	1	c.3919G>A	p.Gly1307Ser	missense_variant	MODERATE	0.997494	35943.9	18047
2019-nCoV	4201	G	A	SNP	Heterozygous	orf1ab	QHD43415.1	1	c.3936G>A	p.Met1312Ile	missense_variant	MODERATE	0.0325	80.618	19120
2019-nCoV	4321	C	T	SNP	Homozygous	orf1ab	QHD43415.1	1	c.4056C>T	p.Ala1352Ala	synonymous_variant	LOW	1.0	32017.8	46247
2019-nCoV	4595	A	G	SNP	Heterozygous	orf1ab	QHD43415.1	1	c.4330A>G	p.Thr1444Ala	missense_variant	MODERATE	0.0515516	257.461	49883
2019-nCoV	5221	C	T	SNP	Heterozygous	orf1ab	QHD43415.1	1	c.4956C>T	p.His1652His	synonymous_variant	LOW	0.0225338	24.0038	16305
2019-nCoV	6336	C	T	SNP	Heterozygous	orf1ab	QHD43415.1	1	c.6071C>T	p.Ser2024Leu	missense_variant	MODERATE	0.194695	2432.52	47521
2019-nCoV	6629	C	T	SNP	Heterozygous	orf1ab	QHD43415.1	1	c.6364C>T	p.Leu2122Phe	missense_variant	MODERATE	0.174	2044.36	11727
2019-nCoV	6701	C	T	SNP	Heterozygous	orf1ab	QHD43415.1	1	c.6436C>T	p.Leu2146Phe	missense_variant	MODERATE	0.028028	53.1124	52406
2019-nCoV	6730	C	T	SNP	Heterozygous	orf1ab	QHD43415.1	1	c.6465C>T	p.Asn2155Asn	synonymous_variant	LOW	0.029	25.5751	40897
2019-nCoV	7528	C	T	SNP	Heterozygous	orf1ab	QHD43415.1	1	c.7263C>T	p.Val2421Val	synonymous_variant	LOW	0.163163	2206.77	25859
2019-nCoV	7834	C	T	SNP	Heterozygous	orf1ab	QHD43415.1	1	c.7569C>T	p.Asn2523Asn	synonymous_variant	LOW	0.0495	231.447	45294
2019-nCoV	8090	C	T	SNP	Heterozygous	orf1ab	QHD43415.1	1	c.7825C>T	p.Leu2609Phe	missense_variant	MODERATE	0.0520781	260.145	29312
2019-nCoV	8140	C	T	SNP	Heterozygous	orf1ab	QHD43415.1	1	c.7875C>T	p.Ser2625Ser	synonymous_variant	LOW	0.0755	414.172	44812
2019-nCoV	8772	C	T	SNP	Heterozygous	orf1ab	QHD43415.1	1	c.8507C>T	p.Thr2836Ile	missense_variant	MODERATE	0.035229	99.8192	2715
2019-nCoV	9344	C	T	SNP	Homozygous	orf1ab	QHD43415.1	1	c.9079C>T	p.Leu3027Phe	missense_variant	MODERATE	0.999497	34243.0	17174
2019-nCoV	9424	A	G	SNP	Homozygous	orf1ab	QHD43415.1	1	c.9159A>G	p.Val3053Val	synonymous_variant	LOW	1.0	36304.3	12140
2019-nCoV	9534	C	T	SNP	Homozygous	orf1ab	QHD43415.1	1	c.9269C>T	p.Thr3090Ile	missense_variant	MODERATE	1.0	20608.2	1140
2019-nCoV	10029	C	T	SNP	Homozygous	orf1ab	QHD43415.1	1	c.9764C>T	p.Thr3255Ile	missense_variant	MODERATE	0.994497	35706.2	27259
2019-nCoV	10198	C	T	SNP	Homozygous	orf1ab	QHD43415.1	1	c.9933C>T	p.Asp3311Asp	synonymous_variant	LOW	0.996498	36028.4	35386
2019-nCoV	10323	A	G	SNP	Heterozygous	orf1ab	QHD43415.1	1	c.10058A>G	p.Lys3353Arg	missense_variant	MODERATE	0.08	458.465	33031
2019-nCoV	10447	GCC	ACA	MNP	Homozygous	orf1ab	QHD43415.1	1	c.10182_10184delGCCinsACA	p.Pro3395His	missense_variant	MODERATE	1.0	35756.6	11635
2019-nCoV	10604	C	T	SNP	Heterozygous	orf1ab	QHD43415.1	1	c.10339C>T	p.Pro3447Ser	missense_variant	MODERATE	0.0265957	11.3996	188
2019-nCoV	10889	C	T	SNP	Heterozygous	orf1ab	QHD43415.1	1	c.10624C>T	p.Arg3542Cys	missense_variant	MODERATE	0.135	1602.14	26787
2019-nCoV	11287	GTCTGGTTTT	G	DEL	Homozygous	orf1ab	QHD43415.1	1	c.11023_11031delTCTGGTTTT	p.Ser3675_Phe3677del	conservative_inframe_deletion	MODERATE	1.0	35090.1	54844
2019-nCoV	11514	C	T	SNP	Heterozygous	orf1ab	QHD43415.1	1	c.11249C>T	p.Thr3750Ile	missense_variant	MODERATE	0.0355	54.7003	9988
2019-nCoV	11750	C	T	SNP	Heterozygous	orf1ab	QHD43415.1	1	c.11485C>T	p.Leu3829Phe	missense_variant	MODERATE	0.0725363	515.927	33623
2019-nCoV	12076	C	T	SNP	Heterozygous	orf1ab	QHD43415.1	1	c.11811C>T	p.Asn3937Asn	synonymous_variant	LOW	0.0255255	36.7586	11894
2019-nCoV	12160	G	A	SNP	Heterozygous	orf1ab	QHD43415.1	1	c.11895G>A	p.Glu3965Glu	synonymous_variant	LOW	0.980962	34737.7	11847
2019-nCoV	12310	G	A	SNP	Heterozygous	orf1ab	QHD43415.1	1	c.12045G>A	p.Gln4015Gln	synonymous_variant	LOW	0.149075	1517.18	27495
2019-nCoV	12778	C	T	SNP	Heterozygous	orf1ab	QHD43415.1	1	c.12513C>T	p.Tyr4171Tyr	synonymous_variant	LOW	0.0465233	203.952	52955
2019-nCoV	12880	C	T	SNP	Homozygous	orf1ab	QHD43415.1	1	c.12615C>T	p.Ile4205Ile	synonymous_variant	LOW	1.0	36069.0	28795
2019-nCoV	13096	T	C	SNP	Heterozygous	orf1ab	QHD43415.1	1	c.12831T>C	p.Ala4277Ala	synonymous_variant	LOW	0.1345	1599.05	15741
2019-nCoV	13165	A	G	SNP	Heterozygous	orf1ab	QHD43415.1	1	c.12900A>G	p.Thr4300Thr	synonymous_variant	LOW	0.0210105	18.196	47767
2019-nCoV	13183	G	T	SNP	Heterozygous	orf1ab	QHD43415.1	1	c.12918G>T	p.Gln4306His	missense_variant	MODERATE	0.021	18.1936	48151
2019-nCoV	14408	C	T	SNP	Homozygous	orf1ab	QHD43415.1	2	c.14144C>T	p.Pro4715Leu	missense_variant	MODERATE	0.989995	32930.6	8171
2019-nCoV	14593	G	A	SNP	Heterozygous	orf1ab	QHD43415.1	2	c.14329G>A	p.Gly4777Ser	missense_variant	MODERATE	0.027	45.9736	17333
2019-nCoV	14599	C	T	SNP	Heterozygous	orf1ab	QHD43415.1	2	c.14335C>T	p.Leu4779Leu	synonymous_variant	LOW	0.0803436	631.161	17253
2019-nCoV	15451	G	A	SNP	Heterozygous	orf1ab	QHD43415.1	2	c.15187G>A	p.Gly5063Ser	missense_variant	MODERATE	0.0281549	51.5317	74046
2019-nCoV	15714	C	T	SNP	Homozygous	orf1ab	QHD43415.1	2	c.15450C>T	p.Leu5150Leu	synonymous_variant	LOW	0.999499	36240.8	41414
2019-nCoV	16017	C	T	SNP	Heterozygous	orf1ab	QHD43415.1	2	c.15753C>T	p.Phe5251Phe	synonymous_variant	LOW	0.0310621	71.7858	27003
2019-nCoV	16323	C	T	SNP	Heterozygous	orf1ab	QHD43415.1	2	c.16059C>T	p.Cys5353Cys	synonymous_variant	LOW	0.142	1762.74	84619
2019-nCoV	16456	T	C	SNP	Heterozygous	orf1ab	QHD43415.1	2	c.16192T>C	p.Ser5398Pro	missense_variant	MODERATE	0.019019	11.4889	113325
2019-nCoV	16541	A	G	SNP	Heterozygous	orf1ab	QHD43415.1	2	c.16277A>G	p.Asn5426Ser	missense_variant	MODERATE	0.104156	805.472	55744
2019-nCoV	16616	C	A	SNP	Heterozygous	orf1ab	QHD43415.1	2	c.16352C>A	p.Thr5451Asn	missense_variant	MODERATE	0.134067	1588.09	28116
2019-nCoV	16935	G	A	SNP	Heterozygous	orf1ab	QHD43415.1	2	c.16671G>A	p.Met5557Ile	missense_variant	MODERATE	0.104523	1020.5	60833
2019-nCoV	17410	C	T	SNP	Homozygous	orf1ab	QHD43415.1	2	c.17146C>T	p.Arg5716Cys	missense_variant	MODERATE	0.997999	36253.0	61745
2019-nCoV	17678	C	T	SNP	Heterozygous	orf1ab	QHD43415.1	2	c.17414C>T	p.Thr5805Met	missense_variant	MODERATE	0.0275	19.9527	34453
2019-nCoV	17746	C	T	SNP	Heterozygous	orf1ab	QHD43415.1	2	c.17482C>T	p.Pro5828Ser	missense_variant	MODERATE	0.0315	74.1475	7696
2019-nCoV	18163	A	G	SNP	Homozygous	orf1ab	QHD43415.1	2	c.17899A>G	p.Ile5967Val	missense_variant	MODERATE	0.998999	36210.6	17805
2019-nCoV	18647	C	T	SNP	Heterozygous	orf1ab	QHD43415.1	2	c.18383C>T	p.Pro6128Leu	missense_variant	MODERATE	0.0425213	97.6105	17717
2019-nCoV	18700	T	A	SNP	Heterozygous	orf1ab	QHD43415.1	2	c.18436T>A	p.Ser6146Thr	missense_variant	MODERATE	0.164246	2229.35	6296
2019-nCoV	19011	C	T	SNP	Heterozygous	orf1ab	QHD43415.1	2	c.18747C>T	p.Asp6249Asp	synonymous_variant	LOW	0.0370741	61.5902	18595
2019-nCoV	19955	C	T	SNP	Homozygous	orf1ab	QHD43415.1	2	c.19691C>T	p.Thr6564Ile	missense_variant	MODERATE	0.998997	33554.4	43161
2019-nCoV	20055	A	G	SNP	Homozygous	orf1ab	QHD43415.1	2	c.19791A>G	p.Glu6597Glu	synonymous_variant	LOW	0.998995	32513.6	30634
2019-nCoV	20091	C	T	SNP	Heterozygous	orf1ab	QHD43415.1	2	c.19827C>T	p.Pro6609Pro	synonymous_variant	LOW	0.0365183	60.9945	5720
2019-nCoV	20952	A	G	SNP	Heterozygous	orf1ab	QHD43415.1	2	c.20688A>G	p.Ser6896Ser	synonymous_variant	LOW	0.0550275	295.994	41950
2019-nCoV	21409	C	T	SNP	Heterozygous	orf1ab	QHD43415.1	2	c.21145C>T	p.Pro7049Ser	missense_variant	MODERATE	0.0415208	80.521	10749
2019-nCoV	21483	T	C	SNP	Heterozygous	orf1ab	QHD43415.1	2	c.21219T>C	p.Leu7073Leu	synonymous_variant	LOW	0.155	2029.06	17209
2019-nCoV	21618	C	T	SNP	Homozygous	S	QHD43416.1	1	c.56C>T	p.Thr19Ile	missense_variant	MODERATE	0.998999	33712.2	26131
2019-nCoV	21632	TTACCCCCTG	T	DEL	Homozygous	S	QHD43416.1	1	c.71_79delTACCCCCTG	p.Leu24_Ala27delinsSer	disruptive_inframe_deletion	MODERATE	1.0	36026.4	25227
2019-nCoV	21724	G	C	SNP	Heterozygous	S	QHD43416.1	1	c.162G>C	p.Leu54Phe	missense_variant	MODERATE	0.0268763	44.5644	16378
2019-nCoV	21763	TATACATG	CA	MIXED	Heterozygous	S	QHD43416.1	1	c.201_208delTATACATGinsCA	p.His69_Val70del	disruptive_inframe_deletion&synonymous_variant	MODERATE	0.121814	35256.3	30974
2019-nCoV	21764	ATACATG	A	DEL	Heterozygous	S	QHD43416.1	1	c.204_209delACATGT	p.His69_Val70del	disruptive_inframe_deletion	MODERATE	0.874108	35256.3	30974
2019-nCoV	21987	G	A	SNP	Homozygous	S	QHD43416.1	1	c.425G>A	p.Gly142Asp	missense_variant	MODERATE	0.9915	33203.7	27544
2019-nCoV	22200	T	G	SNP	Homozygous	S	QHD43416.1	1	c.638T>G	p.Val213Gly	missense_variant	MODERATE	0.992492	35676.1	15397
2019-nCoV	22450	C	T	SNP	Heterozygous	S	QHD43416.1	1	c.888C>T	p.Leu296Leu	synonymous_variant	LOW	0.150451	1877.96	12215
2019-nCoV	22578	G	A	SNP	Homozygous	S	QHD43416.1	1	c.1016G>A	p.Gly339Asp	missense_variant	MODERATE	1.0	33775.1	18023
2019-nCoV	22599	G	C	SNP	Heterozygous	S	QHD43416.1	1	c.1037G>C	p.Arg346Thr	missense_variant	MODERATE	0.232877	3841.6	7453
2019-nCoV	22674	C	T	SNP	Homozygous	S	QHD43416.1	1	c.1112C>T	p.Ser371Phe	missense_variant	MODERATE	0.9985	33366.8	9124
2019-nCoV	22679	T	C	SNP	Homozygous	S	QHD43416.1	1	c.1117T>C	p.Ser373Pro	missense_variant	MODERATE	0.9995	33261.7	9000
2019-nCoV	22686	CCA	TCG	MNP	Homozygous	S	QHD43416.1	1	c.1124_1126delCCAinsTCG	p.SerThr375PheAla	missense_variant	MODERATE	1.0	30998.5	2311
2019-nCoV	22775	G	A	SNP	Homozygous	S	QHD43416.1	1	c.1213G>A	p.Asp405Asn	missense_variant	MODERATE	0.998922	33586.7	1844
2019-nCoV	22786	A	C	SNP	Homozygous	S	QHD43416.1	1	c.1224A>C	p.Arg408Ser	missense_variant	MODERATE	0.997801	32653.0	1801
2019-nCoV	22813	G	T	SNP	Homozygous	S	QHD43416.1	1	c.1251G>T	p.Lys417Asn	missense_variant	MODERATE	1.0	33873.9	33949
2019-nCoV	22882	T	G	SNP	Homozygous	S	QHD43416.1	1	c.1320T>G	p.Asn440Lys	missense_variant	MODERATE	0.997999	33646.2	64539
2019-nCoV	22898	G	A	SNP	Heterozygous	S	QHD43416.1	1	c.1336G>A	p.Gly446Ser	missense_variant	MODERATE	0.025	35.4734	64783
2019-nCoV	22917	T	G	SNP	Heterozygous	S	QHD43416.1	1	c.1355T>G	p.Leu452Arg	missense_variant	MODERATE	0.972986	34361.7	64195
2019-nCoV	22945	C	T	SNP	Heterozygous	S	QHD43416.1	1	c.1383C>T	p.Leu461Leu	synonymous_variant	LOW	0.0370185	114.19	63042
2019-nCoV	22992	GCAC	ACAA	MNP	Homozygous	S	QHD43416.1	1	c.1430_1433delGCACinsACAA	p.SerThr477AsnLys	missense_variant	MODERATE	1.0	36095.1	29510
2019-nCoV	23013	A	C	SNP	Homozygous	S	QHD43416.1	1	c.1451A>C	p.Glu484Ala	missense_variant	MODERATE	0.998996	19804.1	42261
2019-nCoV	23018	T	G	SNP	Heterozygous	S	QHD43416.1	1	c.1456T>G	p.Phe486Val	missense_variant	MODERATE	0.981481	34963.2	42311
2019-nCoV	23055	A	G	SNP	Homozygous	S	QHD43416.1	1	c.1493A>G	p.Gln498Arg	missense_variant	MODERATE	0.999491	35371.0	13383
2019-nCoV	23063	A	T	SNP	Homozygous	S	QHD43416.1	1	c.1501A>T	p.Asn501Tyr	missense_variant	MODERATE	0.993982	33024.6	13547
2019-nCoV	23075	T	C	SNP	Homozygous	S	QHD43416.1	1	c.1513T>C	p.Tyr505His	missense_variant	MODERATE	0.994472	35726.0	14057
2019-nCoV	23191	C	T	SNP	Heterozygous	S	QHD43416.1	1	c.1629C>T	p.Phe543Phe	synonymous_variant	LOW	0.154577	2019.72	25113
2019-nCoV	23403	A	G	SNP	Homozygous	S	QHD43416.1	1	c.1841A>G	p.Asp614Gly	missense_variant	MODERATE	1.0	33244.4	59091
2019-nCoV	23525	C	T	SNP	Homozygous	S	QHD43416.1	1	c.1963C>T	p.His655Tyr	missense_variant	MODERATE	0.997489	33459.1	105631
2019-nCoV	23535	A	G	SNP	Heterozygous	S	QHD43416.1	1	c.1973A>G	p.Asn658Ser	missense_variant	MODERATE	0.0790395	620.102	105604
2019-nCoV	23599	T	G	SNP	Homozygous	S	QHD43416.1	1	c.2037T>G	p.Asn679Lys	missense_variant	MODERATE	0.998998	33786.2	160498
2019-nCoV	23604	C	A	SNP	Homozygous	S	QHD43416.1	1	c.2042C>A	p.Pro681His	missense_variant	MODERATE	0.998498	36109.2	160586
2019-nCoV	23707	C	T	SNP	Heterozygous	S	QHD43416.1	1	c.2145C>T	p.Pro715Pro	synonymous_variant	LOW	0.0405	145.456	113141
2019-nCoV	23854	C	A	SNP	Homozygous	S	QHD43416.1	1	c.2292C>A	p.Asn764Lys	missense_variant	MODERATE	0.996482	32851.9	36486
2019-nCoV	23948	GATTTTG	TATTT	MIXED	Heterozygous	S	QHD43416.1	1	c.2386_2392delGATTTTGinsTATTT	p.Asp796fs	frameshift_variant&missense_variant	HIGH	0.0555556	30363.3	25831
2019-nCoV	23948	G	T	SNP	Heterozygous	S	QHD43416.1	1	c.2386G>T	p.Asp796Tyr	missense_variant	MODERATE	0.944444	30363.3	25831
2019-nCoV	23987	C	T	SNP	Heterozygous	S	QHD43416.1	1	c.2425C>T	p.Pro809Ser	missense_variant	MODERATE	0.0335335	45.1235	15910
2019-nCoV	24099	C	T	SNP	Heterozygous	S	QHD43416.1	1	c.2537C>T	p.Ala846Val	missense_variant	MODERATE	0.161	2164.12	46105
2019-nCoV	24424	A	T	SNP	Homozygous	S	QHD43416.1	1	c.2862A>T	p.Gln954His	missense_variant	MODERATE	0.989489	35527.1	53470
2019-nCoV	24442	C	T	SNP	Heterozygous	S	QHD43416.1	1	c.2880C>T	p.Asn960Asn	synonymous_variant	LOW	0.039	132.62	54000
2019-nCoV	24469	T	A	SNP	Homozygous	S	QHD43416.1	1	c.2907T>A	p.Asn969Lys	missense_variant	MODERATE	0.97997	31271.6	81265
2019-nCoV	24858	G	A	SNP	Heterozygous	S	QHD43416.1	1	c.3296G>A	p.Gly1099Asp	missense_variant	MODERATE	0.140641	1405.66	30068
2019-nCoV	25000	C	T	SNP	Homozygous	S	QHD43416.1	1	c.3438C>T	p.Asp1146Asp	synonymous_variant	LOW	0.998999	36076.7	40527
2019-nCoV	25471	G	T	SNP	Heterozygous	ORF3a	QHD43417.1	1	c.79G>T	p.Asp27Tyr	missense_variant	MODERATE	0.182591	2234.21	54489
2019-nCoV	25584	C	T	SNP	Homozygous	ORF3a	QHD43417.1	1	c.192C>T	p.Thr64Thr	synonymous_variant	LOW	0.993973	35781.1	149363
2019-nCoV	26060	C	T	SNP	Homozygous	ORF3a	QHD43417.1	1	c.668C>T	p.Thr223Ile	missense_variant	MODERATE	0.9995	33834.9	44593
2019-nCoV	26088	C	T	SNP	Heterozygous	ORF3a	QHD43417.1	1	c.696C>T	p.Ile232Ile	synonymous_variant	LOW	0.0215	20.2391	44463
2019-nCoV	26270	C	T	SNP	Homozygous	E	QHD43418.1	1	c.26C>T	p.Thr9Ile	missense_variant	MODERATE	0.999499	33661.9	144638
2019-nCoV	26529	G	A	SNP	Heterozygous	M	QHD43419.1	1	c.7G>A	p.Asp3Asn	missense_variant	MODERATE	0.885	29155.1	16512
2019-nCoV	26577	C	G	SNP	Homozygous	M	QHD43419.1	1	c.55C>G	p.Gln19Glu	missense_variant	MODERATE	1.0	33838.2	7597
2019-nCoV	26709	G	A	SNP	Homozygous	M	QHD43419.1	1	c.187G>A	p.Ala63Thr	missense_variant	MODERATE	0.999499	36358.8	25355
2019-nCoV	26858	C	T	SNP	Heterozygous	M	QHD43419.1	1	c.336C>T	p.Phe112Phe	synonymous_variant	LOW	0.0525526	262.264	35944
2019-nCoV	27012	C	T	SNP	Heterozygous	M	QHD43419.1	1	c.490C>T	p.Leu164Leu	synonymous_variant	LOW	0.14	1401.25	40999
2019-nCoV	27038	A	G	SNP	Heterozygous	M	QHD43419.1	1	c.516A>G	p.Thr172Thr	synonymous_variant	LOW	0.236	3981.28	4672
2019-nCoV	27218	A	G	SNP	Heterozygous	ORF6	QHD43420.1	1	c.17A>G	p.Asp6Gly	missense_variant	MODERATE	0.128128	1468.91	26930
2019-nCoV	27259	A	C	SNP	Heterozygous	ORF6	QHD43420.1	1	c.58A>C	p.Arg20Arg	synonymous_variant	LOW	0.107538	1079.0	37233
2019-nCoV	27382	GAT	CTC	MNP	Heterozygous	ORF6	QHD43420.1	1	c.181_183delGATinsCTC	p.Asp61Leu	missense_variant	MODERATE	0.0734406	536.323	11621
2019-nCoV	27438	T	C	SNP	Heterozygous	ORF7a	QHD43421.1	1	c.45T>C	p.Cys15Cys	synonymous_variant	LOW	0.435435	8863.68	43791
2019-nCoV	27513	C	T	SNP	Heterozygous	ORF7a	QHD43421.1	1	c.120C>T	p.Tyr40Tyr	synonymous_variant	LOW	0.1615	2179.78	44704
2019-nCoV	27622	T	C	SNP	Heterozygous	ORF7a	QHD43421.1	1	c.229T>C	p.Leu77Leu	synonymous_variant	LOW	0.0195587	13.2618	16508
2019-nCoV	27788	G	T	SNP	Heterozygous	ORF8	QHD43422.1	-1	c.-106G>T	.	upstream_gene_variant	MODIFIER	0.0630315	375.423	49518
2019-nCoV	27807	C	T	SNP	Homozygous	ORF8	QHD43422.1	-1	c.-87C>T	.	upstream_gene_variant	MODIFIER	0.997998	36258.3	49938
2019-nCoV	27889	C	T	SNP	Heterozygous	ORF8	QHD43422.1	-1	c.-5C>T	.	upstream_gene_variant	MODIFIER	0.92689	31488.0	42199
2019-nCoV	28271	A	T	SNP	Heterozygous	N	QHD43423.2	-1	c.-3A>T	.	upstream_gene_variant	MODIFIER	0.961229	30531.1	134810
2019-nCoV	28311	C	T	SNP	Homozygous	N	QHD43423.2	1	c.38C>T	p.Pro13Leu	missense_variant	MODERATE	0.986993	35347.5	135042
2019-nCoV	28330	A	G	SNP	Heterozygous	N	QHD43423.2	1	c.57A>G	p.Gly19Gly	synonymous_variant	LOW	0.416124	9253.88	126933
2019-nCoV	28357	G	A	SNP	Heterozygous	N	QHD43423.2	1	c.84G>A	p.Gln28Gln	synonymous_variant	LOW	0.0316265	79.9826	20772
2019-nCoV	28361	GGAGAACGCA	G	DEL	Heterozygous	N	QHD43423.2	1	c.90_98delAGAACGCAG	p.Glu31_Ser33del	disruptive_inframe_deletion	MODERATE	0.832986	34469.4	20163
2019-nCoV	28361	GGAGAACGCAG	TT	MIXED	Heterozygous	N	QHD43423.2	1	c.88_98delGGAGAACGCAGinsTT	p.Gly30_Ser33delinsPhe	missense_variant&disruptive_inframe_deletion	MODERATE	0.167014	34469.4	20163
2019-nCoV	28681	G	T	SNP	Heterozygous	N	QHD43423.2	1	c.408G>T	p.Glu136Asp	missense_variant	MODERATE	0.0654912	421.763	94437
2019-nCoV	28724	C	T	SNP	Heterozygous	N	QHD43423.2	1	c.451C>T	p.Pro151Ser	missense_variant	MODERATE	0.0730365	388.327	96506
2019-nCoV	28881	GGG	AAC	MNP	Homozygous	N	QHD43423.2	1	c.608_610delGGGinsAAC	p.ArgGly203LysArg	missense_variant	MODERATE	1.0	33510.5	31555
2019-nCoV	29200	C	T	SNP	Heterozygous	N	QHD43423.2	1	c.927C>T	p.Pro309Pro	synonymous_variant	LOW	0.0205617	17.0721	9460
2019-nCoV	29474	G	T	SNP	Heterozygous	N	QHD43423.2	1	c.1201G>T	p.Asp401Tyr	missense_variant	MODERATE	0.039	128.143	11054
2019-nCoV	29510	A	C	SNP	Homozygous	N	QHD43423.2	1	c.1237A>C	p.Ser413Arg	missense_variant	MODERATE	1.0	33337.5	10651
2019-nCoV	29666	C	T	SNP	Heterozygous	ORF10	QHI42199.1	1	c.109C>T	p.Leu37Phe	missense_variant	MODERATE	0.4765	11343.8	7556
2019-nCoV	29733	CGAGGCCACGCGGAGTACGATCGAGTG	C	DEL	Homozygous	S	QHD43416.1	-1	c.*4350_*4375delGAGGCCACGCGGAGTACGATCGAGTG	.	downstream_gene_variant	MODIFIER	1.0	35757.1	5534
