CHROM	POS	REF	ALT	VARTYPE	GEN[*].GT	ANN[*].GENE	ANN[*].FEATUREID	EFF[*].RANK	ANN[*].HGVS_C	ANN[*].HGVS_P	ANN[*].EFFECT	EFF[*].IMPACT	AF	QUAL	DP
2019-nCoV	44	C	T	SNP	Homozygous	orf1ab	QHD43415.1	-1	c.-222C>T	.	upstream_gene_variant	MODIFIER	0.995996	32744.0	61111
2019-nCoV	241	C	T	SNP	Homozygous	orf1ab	QHD43415.1	-1	c.-25C>T	.	upstream_gene_variant	MODIFIER	1.0	33399.7	2185
2019-nCoV	335	C	T	SNP	Heterozygous	orf1ab	QHD43415.1	1	c.70C>T	p.Arg24Cys	missense_variant	MODERATE	0.0245614	35.2867	48138
2019-nCoV	337	C	T	SNP	Heterozygous	orf1ab	QHD43415.1	1	c.72C>T	p.Arg24Arg	synonymous_variant	LOW	0.0815	493.003	48276
2019-nCoV	405	A	G	SNP	Heterozygous	orf1ab	QHD43415.1	1	c.140A>G	p.Lys47Arg	missense_variant	MODERATE	0.038	124.069	48154
2019-nCoV	556	C	T	SNP	Heterozygous	orf1ab	QHD43415.1	1	c.291C>T	p.Tyr97Tyr	synonymous_variant	LOW	0.0415	154.977	29372
2019-nCoV	670	T	G	SNP	Homozygous	orf1ab	QHD43415.1	1	c.405T>G	p.Ser135Arg	missense_variant	MODERATE	0.992481	33202.5	42804
2019-nCoV	683	C	T	SNP	Heterozygous	orf1ab	QHD43415.1	1	c.418C>T	p.Leu140Leu	synonymous_variant	LOW	0.0285	54.8086	42811
2019-nCoV	1461	A	G	SNP	Heterozygous	orf1ab	QHD43415.1	1	c.1196A>G	p.Lys399Arg	missense_variant	MODERATE	0.031	29.2236	43025
2019-nCoV	1627	C	T	SNP	Heterozygous	orf1ab	QHD43415.1	1	c.1362C>T	p.Leu454Leu	synonymous_variant	LOW	0.317977	5477.82	34519
2019-nCoV	1779	C	T	SNP	Heterozygous	orf1ab	QHD43415.1	1	c.1514C>T	p.Ser505Phe	missense_variant	MODERATE	0.0815	491.06	25368
2019-nCoV	1803	A	G	SNP	Heterozygous	orf1ab	QHD43415.1	1	c.1538A>G	p.Lys513Arg	missense_variant	MODERATE	0.0718654	496.912	25460
2019-nCoV	1931	C	A	SNP	Heterozygous	orf1ab	QHD43415.1	1	c.1666C>A	p.Gln556Lys	missense_variant	MODERATE	0.543886	13322.7	9202
2019-nCoV	2403	C	T	SNP	Heterozygous	orf1ab	QHD43415.1	1	c.2138C>T	p.Ser713Leu	missense_variant	MODERATE	0.0325163	80.9021	11943
2019-nCoV	2790	C	T	SNP	Homozygous	orf1ab	QHD43415.1	1	c.2525C>T	p.Thr842Ile	missense_variant	MODERATE	1.0	30232.7	34944
2019-nCoV	2954	T	C	SNP	Heterozygous	orf1ab	QHD43415.1	1	c.2689T>C	p.Leu897Leu	synonymous_variant	LOW	0.4715	11282.9	25815
2019-nCoV	3037	C	T	SNP	Homozygous	orf1ab	QHD43415.1	1	c.2772C>T	p.Phe924Phe	synonymous_variant	LOW	0.999	33272.3	24783
2019-nCoV	3181	A	G	SNP	Heterozygous	orf1ab	QHD43415.1	1	c.2916A>G	p.Glu972Glu	synonymous_variant	LOW	0.1015	769.796	9695
2019-nCoV	3604	C	T	SNP	Heterozygous	orf1ab	QHD43415.1	1	c.3339C>T	p.His1113His	synonymous_variant	LOW	0.0530265	270.405	29951
2019-nCoV	3768	C	T	SNP	Heterozygous	orf1ab	QHD43415.1	1	c.3503C>T	p.Thr1168Ile	missense_variant	MODERATE	0.0390195	130.665	27103
2019-nCoV	3817	C	T	SNP	Heterozygous	orf1ab	QHD43415.1	1	c.3552C>T	p.Asp1184Asp	synonymous_variant	LOW	0.0285858	23.6143	26312
2019-nCoV	3870	A	G	SNP	Heterozygous	orf1ab	QHD43415.1	1	c.3605A>G	p.Lys1202Arg	missense_variant	MODERATE	0.0295148	25.5755	9630
2019-nCoV	3880	G	A	SNP	Heterozygous	orf1ab	QHD43415.1	1	c.3615G>A	p.Glu1205Glu	synonymous_variant	LOW	0.056028	309.209	9741
2019-nCoV	4184	G	A	SNP	Homozygous	orf1ab	QHD43415.1	1	c.3919G>A	p.Gly1307Ser	missense_variant	MODERATE	0.997496	36143.0	15726
2019-nCoV	4321	C	T	SNP	Homozygous	orf1ab	QHD43415.1	1	c.4056C>T	p.Ala1352Ala	synonymous_variant	LOW	0.999495	32714.0	37279
2019-nCoV	4881	G	A	SNP	Heterozygous	orf1ab	QHD43415.1	1	c.4616G>A	p.Ser1539Asn	missense_variant	MODERATE	0.0245	32.8355	9860
2019-nCoV	5144	C	T	SNP	Heterozygous	orf1ab	QHD43415.1	1	c.4879C>T	p.Leu1627Leu	synonymous_variant	LOW	0.0495248	235.396	5613
2019-nCoV	5183	C	T	SNP	Heterozygous	orf1ab	QHD43415.1	1	c.4918C>T	p.Pro1640Ser	missense_variant	MODERATE	0.0395198	78.6808	16783
2019-nCoV	5284	C	T	SNP	Heterozygous	orf1ab	QHD43415.1	1	c.5019C>T	p.Asn1673Asn	synonymous_variant	LOW	0.0390195	132.703	11284
2019-nCoV	5461	G	T	SNP	Heterozygous	orf1ab	QHD43415.1	1	c.5196G>T	p.Met1732Ile	missense_variant	MODERATE	0.022022	22.0352	14908
2019-nCoV	5942	G	T	SNP	Heterozygous	orf1ab	QHD43415.1	1	c.5677G>T	p.Asp1893Tyr	missense_variant	MODERATE	0.0225225	24.8773	18354
2019-nCoV	6781	C	T	SNP	Heterozygous	orf1ab	QHD43415.1	1	c.6516C>T	p.Phe2172Phe	synonymous_variant	LOW	0.046301	182.443	38332
2019-nCoV	6786	C	T	SNP	Heterozygous	orf1ab	QHD43415.1	1	c.6521C>T	p.Thr2174Ile	missense_variant	MODERATE	0.0200702	15.3477	38781
2019-nCoV	7101	C	T	SNP	Heterozygous	orf1ab	QHD43415.1	1	c.6836C>T	p.Ala2279Val	missense_variant	MODERATE	0.0205	16.5844	10424
2019-nCoV	7267	C	T	SNP	Heterozygous	orf1ab	QHD43415.1	1	c.7002C>T	p.Phe2334Phe	synonymous_variant	LOW	0.0380571	118.77	21697
2019-nCoV	7417	C	T	SNP	Heterozygous	orf1ab	QHD43415.1	1	c.7152C>T	p.Tyr2384Tyr	synonymous_variant	LOW	0.0285143	54.8027	9046
2019-nCoV	7528	C	T	SNP	Heterozygous	orf1ab	QHD43415.1	1	c.7263C>T	p.Val2421Val	synonymous_variant	LOW	0.140711	1734.57	21272
2019-nCoV	7553	G	T	SNP	Heterozygous	orf1ab	QHD43415.1	1	c.7288G>T	p.Val2430Phe	missense_variant	MODERATE	0.0215323	20.0099	12272
2019-nCoV	7678	A	G	SNP	Heterozygous	orf1ab	QHD43415.1	1	c.7413A>G	p.Arg2471Arg	synonymous_variant	LOW	0.026	39.8333	24863
2019-nCoV	7735	C	T	SNP	Heterozygous	orf1ab	QHD43415.1	1	c.7470C>T	p.Ile2490Ile	synonymous_variant	LOW	0.0735736	530.858	39265
2019-nCoV	7897	T	C	SNP	Heterozygous	orf1ab	QHD43415.1	1	c.7632T>C	p.Asp2544Asp	synonymous_variant	LOW	0.1275	1463.77	30400
2019-nCoV	8106	C	T	SNP	Heterozygous	orf1ab	QHD43415.1	1	c.7841C>T	p.Ala2614Val	missense_variant	MODERATE	0.0235118	28.5736	38000
2019-nCoV	8251	C	T	SNP	Heterozygous	orf1ab	QHD43415.1	1	c.7986C>T	p.Asp2662Asp	synonymous_variant	LOW	0.1	954.198	24295
2019-nCoV	8837	A	G	SNP	Heterozygous	orf1ab	QHD43415.1	1	c.8572A>G	p.Ile2858Val	missense_variant	MODERATE	0.0215108	19.4335	14432
2019-nCoV	9226	C	T	SNP	Heterozygous	orf1ab	QHD43415.1	1	c.8961C>T	p.Gly2987Gly	synonymous_variant	LOW	0.0645	415.211	7317
2019-nCoV	9329	G	A	SNP	Heterozygous	orf1ab	QHD43415.1	1	c.9064G>A	p.Asp3022Asn	missense_variant	MODERATE	0.0290145	57.9277	16679
2019-nCoV	9344	C	T	SNP	Homozygous	orf1ab	QHD43415.1	1	c.9079C>T	p.Leu3027Phe	missense_variant	MODERATE	1.0	32600.8	14670
2019-nCoV	9424	A	G	SNP	Homozygous	orf1ab	QHD43415.1	1	c.9159A>G	p.Val3053Val	synonymous_variant	LOW	0.998999	36333.5	9329
2019-nCoV	9534	C	T	SNP	Homozygous	orf1ab	QHD43415.1	1	c.9269C>T	p.Thr3090Ile	missense_variant	MODERATE	1.0	26581.8	1455
2019-nCoV	9635	G	T	SNP	Heterozygous	orf1ab	QHD43415.1	1	c.9370G>T	p.Ala3124Ser	missense_variant	MODERATE	0.06	357.673	4275
2019-nCoV	9866	C	T	SNP	Heterozygous	orf1ab	QHD43415.1	1	c.9601C>T	p.Leu3201Phe	missense_variant	MODERATE	0.105528	956.884	21492
2019-nCoV	9985	C	T	SNP	Heterozygous	orf1ab	QHD43415.1	1	c.9720C>T	p.Asp3240Asp	synonymous_variant	LOW	0.0961442	873.28	26292
2019-nCoV	10029	C	T	SNP	Homozygous	orf1ab	QHD43415.1	1	c.9764C>T	p.Thr3255Ile	missense_variant	MODERATE	0.9965	33600.2	26191
2019-nCoV	10188	C	A	SNP	Heterozygous	orf1ab	QHD43415.1	1	c.9923C>A	p.Thr3308Asn	missense_variant	MODERATE	0.0305305	31.9104	11858
2019-nCoV	10198	C	T	SNP	Homozygous	orf1ab	QHD43415.1	1	c.9933C>T	p.Asp3311Asp	synonymous_variant	LOW	1.0	33879.0	28934
2019-nCoV	10400	G	T	SNP	Heterozygous	orf1ab	QHD43415.1	1	c.10135G>T	p.Ala3379Ser	missense_variant	MODERATE	0.0225451	22.546	20066
2019-nCoV	10447	GCC	ACA	MNP	Homozygous	orf1ab	QHD43415.1	1	c.10182_10184delGCCinsACA	p.Pro3395His	missense_variant	MODERATE	1.0	35593.7	4509
2019-nCoV	10642	G	A	SNP	Heterozygous	orf1ab	QHD43415.1	1	c.10377G>A	p.Thr3459Thr	synonymous_variant	LOW	0.0724638	65.1613	207
2019-nCoV	10790	C	T	SNP	Heterozygous	orf1ab	QHD43415.1	1	c.10525C>T	p.His3509Tyr	missense_variant	MODERATE	0.03	64.0813	30846
2019-nCoV	10815	C	A	SNP	Heterozygous	orf1ab	QHD43415.1	1	c.10550C>A	p.Ser3517Tyr	missense_variant	MODERATE	0.0210105	18.5739	31226
2019-nCoV	10844	A	C	SNP	Heterozygous	orf1ab	QHD43415.1	1	c.10579A>C	p.Met3527Leu	missense_variant	MODERATE	0.0545	194.045	31104
2019-nCoV	11020	C	T	SNP	Heterozygous	orf1ab	QHD43415.1	1	c.10755C>T	p.Leu3585Leu	synonymous_variant	LOW	0.027	18.2157	19426
2019-nCoV	11287	GTCTGGTTTT	G	DEL	Homozygous	orf1ab	QHD43415.1	1	c.11023_11031delTCTGGTTTT	p.Ser3675_Phe3677del	conservative_inframe_deletion	MODERATE	1.0	35352.2	27956
2019-nCoV	11383	G	T	SNP	Heterozygous	orf1ab	QHD43415.1	1	c.11118G>T	p.Arg3706Ser	missense_variant	MODERATE	0.0232078	27.4987	13444
2019-nCoV	11494	C	T	SNP	Heterozygous	orf1ab	QHD43415.1	1	c.11229C>T	p.Asn3743Asn	synonymous_variant	LOW	0.04	81.908	7668
2019-nCoV	11750	C	T	SNP	Heterozygous	orf1ab	QHD43415.1	1	c.11485C>T	p.Leu3829Phe	missense_variant	MODERATE	0.356	7404.58	20025
2019-nCoV	12073	C	T	SNP	Heterozygous	orf1ab	QHD43415.1	1	c.11808C>T	p.Asp3936Asp	synonymous_variant	LOW	0.036018	58.1614	8734
2019-nCoV	12080	G	A	SNP	Heterozygous	orf1ab	QHD43415.1	1	c.11815G>A	p.Ala3939Thr	missense_variant	MODERATE	0.0240361	30.1445	8720
2019-nCoV	12160	G	A	SNP	Heterozygous	orf1ab	QHD43415.1	1	c.11895G>A	p.Glu3965Glu	synonymous_variant	LOW	0.912369	30580.2	8765
2019-nCoV	12310	G	A	SNP	Heterozygous	orf1ab	QHD43415.1	1	c.12045G>A	p.Gln4015Gln	synonymous_variant	LOW	0.0475714	135.764	21020
2019-nCoV	12444	A	G	SNP	Heterozygous	orf1ab	QHD43415.1	1	c.12179A>G	p.Asn4060Ser	missense_variant	MODERATE	0.0300451	63.8932	20301
2019-nCoV	12513	C	T	SNP	Heterozygous	orf1ab	QHD43415.1	1	c.12248C>T	p.Thr4083Met	missense_variant	MODERATE	0.0266332	17.3975	29028
2019-nCoV	12534	C	T	SNP	Heterozygous	orf1ab	QHD43415.1	1	c.12269C>T	p.Thr4090Ile	missense_variant	MODERATE	0.044	178.752	18372
2019-nCoV	12747	C	T	SNP	Heterozygous	orf1ab	QHD43415.1	1	c.12482C>T	p.Thr4161Ile	missense_variant	MODERATE	0.0895896	785.682	24348
2019-nCoV	12880	C	T	SNP	Homozygous	orf1ab	QHD43415.1	1	c.12615C>T	p.Ile4205Ile	synonymous_variant	LOW	0.9995	36134.5	21256
2019-nCoV	13040	G	T	SNP	Heterozygous	orf1ab	QHD43415.1	1	c.12775G>T	p.Glu4259*	stop_gained	HIGH	0.026	15.5427	31521
2019-nCoV	13384	C	T	SNP	Heterozygous	orf1ab	QHD43415.1	1	c.13119C>T	p.Cys4373Cys	synonymous_variant	LOW	0.03	64.0152	45109
2019-nCoV	13944	C	T	SNP	Heterozygous	orf1ab	QHD43415.1	2	c.13680C>T	p.Asn4560Asn	synonymous_variant	LOW	0.048048	220.113	16824
2019-nCoV	14257	T	C	SNP	Heterozygous	orf1ab	QHD43415.1	2	c.13993T>C	p.Tyr4665His	missense_variant	MODERATE	0.532799	12160.0	16359
2019-nCoV	14408	C	T	SNP	Homozygous	orf1ab	QHD43415.1	2	c.14144C>T	p.Pro4715Leu	missense_variant	MODERATE	0.991988	33119.7	8372
2019-nCoV	14599	C	T	SNP	Heterozygous	orf1ab	QHD43415.1	2	c.14335C>T	p.Leu4779Leu	synonymous_variant	LOW	0.0225	24.1772	20674
2019-nCoV	15111	A	G	SNP	Heterozygous	orf1ab	QHD43415.1	2	c.14847A>G	p.Val4949Val	synonymous_variant	LOW	0.0270135	46.1648	23368
2019-nCoV	15209	G	T	SNP	Heterozygous	orf1ab	QHD43415.1	2	c.14945G>T	p.Gly4982Val	missense_variant	MODERATE	0.0210105	18.335	36710
2019-nCoV	15451	G	A	SNP	Heterozygous	orf1ab	QHD43415.1	2	c.15187G>A	p.Gly5063Ser	missense_variant	MODERATE	0.141571	1740.33	58541
2019-nCoV	15543	G	T	SNP	Heterozygous	orf1ab	QHD43415.1	2	c.15279G>T	p.Thr5093Thr	synonymous_variant	LOW	0.0545546	291.495	25158
2019-nCoV	15714	C	T	SNP	Homozygous	orf1ab	QHD43415.1	2	c.15450C>T	p.Leu5150Leu	synonymous_variant	LOW	0.999499	36234.1	44461
2019-nCoV	15738	C	T	SNP	Heterozygous	orf1ab	QHD43415.1	2	c.15474C>T	p.Phe5158Phe	synonymous_variant	LOW	0.0822467	479.634	44393
2019-nCoV	15939	T	C	SNP	Heterozygous	orf1ab	QHD43415.1	2	c.15675T>C	p.Asp5225Asp	synonymous_variant	LOW	0.0515774	258.364	34616
2019-nCoV	16065	G	T	SNP	Heterozygous	orf1ab	QHD43415.1	2	c.15801G>T	p.Gln5267His	missense_variant	MODERATE	0.0215	20.2644	26389
2019-nCoV	16342	T	C	SNP	Heterozygous	orf1ab	QHD43415.1	2	c.16078T>C	p.Ser5360Pro	missense_variant	MODERATE	0.1	960.883	57368
2019-nCoV	16578	G	T	SNP	Heterozygous	orf1ab	QHD43415.1	2	c.16314G>T	p.Trp5438Cys	missense_variant	MODERATE	0.022	22.1906	15915
2019-nCoV	16596	C	T	SNP	Heterozygous	orf1ab	QHD43415.1	2	c.16332C>T	p.Tyr5444Tyr	synonymous_variant	LOW	0.0275	20.1921	16131
2019-nCoV	16616	C	A	SNP	Heterozygous	orf1ab	QHD43415.1	2	c.16352C>A	p.Thr5451Asn	missense_variant	MODERATE	0.0425	164.44	16316
2019-nCoV	16694	C	T	SNP	Heterozygous	orf1ab	QHD43415.1	2	c.16430C>T	p.Thr5477Ile	missense_variant	MODERATE	0.0225	24.1032	29343
2019-nCoV	16818	A	G	SNP	Heterozygous	orf1ab	QHD43415.1	2	c.16554A>G	p.Gln5518Gln	synonymous_variant	LOW	0.0475	213.402	26045
2019-nCoV	16935	G	A	SNP	Heterozygous	orf1ab	QHD43415.1	2	c.16671G>A	p.Met5557Ile	missense_variant	MODERATE	0.474925	11371.8	48205
2019-nCoV	17039	A	G	SNP	Heterozygous	orf1ab	QHD43415.1	2	c.16775A>G	p.Asn5592Ser	missense_variant	MODERATE	0.318159	5461.94	35480
2019-nCoV	17304	C	T	SNP	Heterozygous	orf1ab	QHD43415.1	2	c.17040C>T	p.Val5680Val	synonymous_variant	LOW	0.0346212	86.6212	73090
2019-nCoV	17410	C	T	SNP	Homozygous	orf1ab	QHD43415.1	2	c.17146C>T	p.Arg5716Cys	missense_variant	MODERATE	1.0	33971.5	40168
2019-nCoV	17808	G	T	SNP	Heterozygous	orf1ab	QHD43415.1	2	c.17544G>T	p.Lys5848Asn	missense_variant	MODERATE	0.0455228	192.316	16793
2019-nCoV	17859	T	C	SNP	Heterozygous	orf1ab	QHD43415.1	2	c.17595T>C	p.Tyr5865Tyr	synonymous_variant	LOW	0.035	98.9242	17860
2019-nCoV	18079	G	T	SNP	Heterozygous	orf1ab	QHD43415.1	2	c.17815G>T	p.Val5939Leu	missense_variant	MODERATE	0.0410205	86.4878	16877
2019-nCoV	18163	A	G	SNP	Homozygous	orf1ab	QHD43415.1	2	c.17899A>G	p.Ile5967Val	missense_variant	MODERATE	0.9975	36123.0	12810
2019-nCoV	18700	T	A	SNP	Heterozygous	orf1ab	QHD43415.1	2	c.18436T>A	p.Ser6146Thr	missense_variant	MODERATE	0.04002	141.559	9133
2019-nCoV	19170	C	T	SNP	Heterozygous	orf1ab	QHD43415.1	2	c.18906C>T	p.Phe6302Phe	synonymous_variant	LOW	0.096645	889.817	20348
2019-nCoV	19326	A	G	SNP	Heterozygous	orf1ab	QHD43415.1	2	c.19062A>G	p.Pro6354Pro	synonymous_variant	LOW	0.0535	278.243	24918
2019-nCoV	19704	T	C	SNP	Heterozygous	orf1ab	QHD43415.1	2	c.19440T>C	p.Asn6480Asn	synonymous_variant	LOW	0.029	57.3228	5753
2019-nCoV	19886	A	G	SNP	Heterozygous	orf1ab	QHD43415.1	2	c.19622A>G	p.Lys6541Arg	missense_variant	MODERATE	0.02	14.9675	43644
2019-nCoV	19955	C	T	SNP	Homozygous	orf1ab	QHD43415.1	2	c.19691C>T	p.Thr6564Ile	missense_variant	MODERATE	1.0	33840.2	40835
2019-nCoV	20055	A	G	SNP	Homozygous	orf1ab	QHD43415.1	2	c.19791A>G	p.Glu6597Glu	synonymous_variant	LOW	0.988989	32907.2	31842
2019-nCoV	20725	G	A	SNP	Heterozygous	orf1ab	QHD43415.1	2	c.20461G>A	p.Glu6821Lys	missense_variant	MODERATE	0.0250376	32.477	20845
2019-nCoV	20741	A	G	SNP	Heterozygous	orf1ab	QHD43415.1	2	c.20477A>G	p.Gln6826Arg	missense_variant	MODERATE	0.0410616	152.4	19679
2019-nCoV	21618	C	T	SNP	Homozygous	S	QHD43416.1	1	c.56C>T	p.Thr19Ile	missense_variant	MODERATE	0.9995	33831.2	20513
2019-nCoV	21632	TTACCCCCTG	T	DEL	Homozygous	S	QHD43416.1	1	c.71_79delTACCCCCTG	p.Leu24_Ala27delinsSer	disruptive_inframe_deletion	MODERATE	1.0	36125.7	20021
2019-nCoV	21676	C	T	SNP	Heterozygous	S	QHD43416.1	1	c.114C>T	p.Tyr38Tyr	synonymous_variant	LOW	0.0915	815.269	15523
2019-nCoV	21764	ATACATG	A	DEL	Heterozygous	S	QHD43416.1	1	c.204_209delACATGT	p.His69_Val70del	disruptive_inframe_deletion	MODERATE	0.930197	31306.4	20474
2019-nCoV	21987	G	A	SNP	Homozygous	S	QHD43416.1	1	c.425G>A	p.Gly142Asp	missense_variant	MODERATE	0.995998	33529.4	28189
2019-nCoV	21990	TTTA	T	DEL	Heterozygous	S	QHD43416.1	1	c.432_434delTTA	p.Tyr145del	disruptive_inframe_deletion	MODERATE	0.241067	4018.17	28147
2019-nCoV	22001	A	G	SNP	Heterozygous	S	QHD43416.1	1	c.439A>G	p.Lys147Glu	missense_variant	MODERATE	0.0295739	26.6224	27422
2019-nCoV	22016	T	C	SNP	Heterozygous	S	QHD43416.1	1	c.454T>C	p.Trp152Arg	missense_variant	MODERATE	0.0285	54.441	28411
2019-nCoV	22109	C	G	SNP	Heterozygous	S	QHD43416.1	1	c.547C>G	p.Gln183Glu	missense_variant	MODERATE	0.0305305	30.2526	35650
2019-nCoV	22188	C	T	SNP	Heterozygous	S	QHD43416.1	1	c.626C>T	p.Pro209Leu	missense_variant	MODERATE	0.0645	293.138	37618
2019-nCoV	22200	T	A	SNP	Heterozygous	S	QHD43416.1	1	c.638T>A	p.Val213Glu	missense_variant	MODERATE	0.061	35675.4	21102
2019-nCoV	22200	T	G	SNP	Heterozygous	S	QHD43416.1	1	c.638T>G	p.Val213Gly	missense_variant	MODERATE	0.9325	35675.4	21102
2019-nCoV	22317	G	T	SNP	Heterozygous	S	QHD43416.1	1	c.755G>T	p.Gly252Val	missense_variant	MODERATE	0.0465	126.09	31369
2019-nCoV	22576	TGG	GA	MIXED	Heterozygous	S	QHD43416.1	1	c.1014_1016delTGGinsGA	p.Phe338fs	frameshift_variant&missense_variant	HIGH	0.969168	32264.7	13489
2019-nCoV	22577	GG	CA	MNP	Heterozygous	S	QHD43416.1	1	c.1015_1016delGGinsCA	p.Gly339His	missense_variant	MODERATE	0.0308325	32264.7	13489
2019-nCoV	22599	G	C	SNP	Heterozygous	S	QHD43416.1	1	c.1037G>C	p.Arg346Thr	missense_variant	MODERATE	0.609805	16497.5	3167
2019-nCoV	22600	A	T	SNP	Heterozygous	S	QHD43416.1	1	c.1038A>T	p.Arg346Ser	missense_variant	MODERATE	0.0415208	151.269	3164
2019-nCoV	22624	C	T	SNP	Heterozygous	S	QHD43416.1	1	c.1062C>T	p.Asn354Asn	synonymous_variant	LOW	0.0355	54.9829	6037
2019-nCoV	22664	C	A	SNP	Heterozygous	S	QHD43416.1	1	c.1102C>A	p.Leu368Ile	missense_variant	MODERATE	0.048	216.886	6106
2019-nCoV	22674	C	T	SNP	Homozygous	S	QHD43416.1	1	c.1112C>T	p.Ser371Phe	missense_variant	MODERATE	0.993487	32901.8	5930
2019-nCoV	22679	T	C	SNP	Homozygous	S	QHD43416.1	1	c.1117T>C	p.Ser373Pro	missense_variant	MODERATE	0.999499	33468.3	5936
2019-nCoV	22686	CCA	TCG	MNP	Homozygous	S	QHD43416.1	1	c.1124_1126delCCAinsTCG	p.SerThr375PheAla	missense_variant	MODERATE	1.0	33158.7	3430
2019-nCoV	22775	G	A	SNP	Homozygous	S	QHD43416.1	1	c.1213G>A	p.Asp405Asn	missense_variant	MODERATE	1.0	33622.6	2707
2019-nCoV	22786	A	C	SNP	Homozygous	S	QHD43416.1	1	c.1224A>C	p.Arg408Ser	missense_variant	MODERATE	0.998495	36144.3	2672
2019-nCoV	22813	G	T	SNP	Homozygous	S	QHD43416.1	1	c.1251G>T	p.Lys417Asn	missense_variant	MODERATE	1.0	33905.0	20416
2019-nCoV	22882	T	G	SNP	Homozygous	S	QHD43416.1	1	c.1320T>G	p.Asn440Lys	missense_variant	MODERATE	0.9995	33734.9	40117
2019-nCoV	22893	A	C	SNP	Heterozygous	S	QHD43416.1	1	c.1331A>C	p.Lys444Thr	missense_variant	MODERATE	0.418838	11972.0	40160
2019-nCoV	22894	G	T	SNP	Heterozygous	S	QHD43416.1	1	c.1332G>T	p.Lys444Asn	missense_variant	MODERATE	0.0440661	179.201	40160
2019-nCoV	22898	G	A	SNP	Heterozygous	S	QHD43416.1	1	c.1336G>A	p.Gly446Ser	missense_variant	MODERATE	0.0241449	195.26	40183
2019-nCoV	22917	T	G	SNP	Heterozygous	S	QHD43416.1	1	c.1355T>G	p.Leu452Arg	missense_variant	MODERATE	0.945919	32641.6	39952
2019-nCoV	22942	T	A	SNP	Heterozygous	S	QHD43416.1	1	c.1380T>A	p.Asn460Lys	missense_variant	MODERATE	0.483208	13820.2	39320
2019-nCoV	22992	GCAC	ACAA	MNP	Homozygous	S	QHD43416.1	1	c.1430_1433delGCACinsACAA	p.SerThr477AsnLys	missense_variant	MODERATE	1.0	36264.9	21334
2019-nCoV	23013	A	C	SNP	Homozygous	S	QHD43416.1	1	c.1451A>C	p.Glu484Ala	missense_variant	MODERATE	0.999499	36199.5	30194
2019-nCoV	23018	T	G	SNP	Heterozygous	S	QHD43416.1	1	c.1456T>G	p.Phe486Val	missense_variant	MODERATE	0.956935	33337.5	30277
2019-nCoV	23019	T	C	SNP	Heterozygous	S	QHD43416.1	1	c.1457T>C	p.Phe486Ser	missense_variant	MODERATE	0.0235235	28.5631	30277
2019-nCoV	23031	T	C	SNP	Heterozygous	S	QHD43416.1	1	c.1469T>C	p.Phe490Ser	missense_variant	MODERATE	0.0255	38.1009	30279
2019-nCoV	23055	A	G	SNP	Homozygous	S	QHD43416.1	1	c.1493A>G	p.Gln498Arg	missense_variant	MODERATE	0.991466	35547.8	9130
2019-nCoV	23063	A	T	SNP	Homozygous	S	QHD43416.1	1	c.1501A>T	p.Asn501Tyr	missense_variant	MODERATE	0.993994	32938.2	9240
2019-nCoV	23075	T	C	SNP	Homozygous	S	QHD43416.1	1	c.1513T>C	p.Tyr505His	missense_variant	MODERATE	0.995493	35940.9	9401
2019-nCoV	23191	C	T	SNP	Heterozygous	S	QHD43416.1	1	c.1629C>T	p.Phe543Phe	synonymous_variant	LOW	0.043043	169.453	22778
2019-nCoV	23202	C	A	SNP	Heterozygous	S	QHD43416.1	1	c.1640C>A	p.Thr547Lys	missense_variant	MODERATE	0.035035	100.914	22672
2019-nCoV	23403	A	G	SNP	Homozygous	S	QHD43416.1	1	c.1841A>G	p.Asp614Gly	missense_variant	MODERATE	1.0	33491.6	46457
2019-nCoV	23525	C	T	SNP	Homozygous	S	QHD43416.1	1	c.1963C>T	p.His655Tyr	missense_variant	MODERATE	1.0	33842.6	83887
2019-nCoV	23535	A	G	SNP	Heterozygous	S	QHD43416.1	1	c.1973A>G	p.Asn658Ser	missense_variant	MODERATE	0.0225	24.1772	83862
2019-nCoV	23599	T	G	SNP	Homozygous	S	QHD43416.1	1	c.2037T>G	p.Asn679Lys	missense_variant	MODERATE	0.996995	36106.3	109840
2019-nCoV	23604	C	A	SNP	Homozygous	S	QHD43416.1	1	c.2042C>A	p.Pro681His	missense_variant	MODERATE	0.997996	36201.9	109884
2019-nCoV	23608	G	T	SNP	Heterozygous	S	QHD43416.1	1	c.2046G>T	p.Arg682Arg	synonymous_variant	LOW	0.0766533	584.01	110083
2019-nCoV	23755	G	T	SNP	Heterozygous	S	QHD43416.1	1	c.2193G>T	p.Met731Ile	missense_variant	MODERATE	0.0235471	29.5885	12537
2019-nCoV	23854	C	A	SNP	Homozygous	S	QHD43416.1	1	c.2292C>A	p.Asn764Lys	missense_variant	MODERATE	0.997981	32982.9	22798
2019-nCoV	23948	GATTTTG	TATTT	MIXED	Heterozygous	S	QHD43416.1	1	c.2386_2392delGATTTTGinsTATTT	p.Asp796fs	frameshift_variant&missense_variant	HIGH	0.0515521	30339.1	21385
2019-nCoV	23948	G	T	SNP	Heterozygous	S	QHD43416.1	1	c.2386G>T	p.Asp796Tyr	missense_variant	MODERATE	0.948448	30339.1	21385
2019-nCoV	24040	G	T	SNP	Heterozygous	S	QHD43416.1	1	c.2478G>T	p.Val826Val	synonymous_variant	LOW	0.050025	240.719	37862
2019-nCoV	24210	C	T	SNP	Heterozygous	S	QHD43416.1	1	c.2648C>T	p.Thr883Ile	missense_variant	MODERATE	0.0270135	18.3093	14428
2019-nCoV	24424	A	T	SNP	Homozygous	S	QHD43416.1	1	c.2862A>T	p.Gln954His	missense_variant	MODERATE	0.996498	35957.7	27870
2019-nCoV	24469	T	A	SNP	Homozygous	S	QHD43416.1	1	c.2907T>A	p.Asn969Lys	missense_variant	MODERATE	0.991483	31354.2	48640
2019-nCoV	24991	T	A	SNP	Heterozygous	S	QHD43416.1	1	c.3429T>A	p.Pro1143Pro	synonymous_variant	LOW	0.0270406	18.5412	33172
2019-nCoV	25000	C	T	SNP	Homozygous	S	QHD43416.1	1	c.3438C>T	p.Asp1146Asp	synonymous_variant	LOW	0.9995	33805.5	33195
2019-nCoV	25025	T	C	SNP	Heterozygous	S	QHD43416.1	1	c.3463T>C	p.Tyr1155His	missense_variant	MODERATE	0.041041	150.641	33522
2019-nCoV	25416	C	T	SNP	Heterozygous	ORF3a	QHD43417.1	1	c.24C>T	p.Phe8Phe	synonymous_variant	LOW	0.111222	1143.35	34221
2019-nCoV	25429	G	T	SNP	Heterozygous	ORF3a	QHD43417.1	1	c.37G>T	p.Val13Leu	missense_variant	MODERATE	0.0265133	43.4237	33822
2019-nCoV	25584	C	T	SNP	Homozygous	ORF3a	QHD43417.1	1	c.192C>T	p.Thr64Thr	synonymous_variant	LOW	0.994982	35818.4	94603
2019-nCoV	25594	A	G	SNP	Heterozygous	ORF3a	QHD43417.1	1	c.202A>G	p.Arg68Gly	missense_variant	MODERATE	0.034	92.0897	94799
2019-nCoV	25904	C	T	SNP	Heterozygous	ORF3a	QHD43417.1	1	c.512C>T	p.Ser171Leu	missense_variant	MODERATE	0.0408039	124.008	1629
2019-nCoV	26060	C	T	SNP	Homozygous	ORF3a	QHD43417.1	1	c.668C>T	p.Thr223Ile	missense_variant	MODERATE	1.0	33904.9	42814
2019-nCoV	26158	G	T	SNP	Heterozygous	ORF3a	QHD43417.1	1	c.766G>T	p.Val256Phe	missense_variant	MODERATE	0.026026	41.7164	20254
2019-nCoV	26270	C	T	SNP	Homozygous	E	QHD43418.1	1	c.26C>T	p.Thr9Ile	missense_variant	MODERATE	0.999499	33830.3	88615
2019-nCoV	26275	A	G	SNP	Heterozygous	E	QHD43418.1	1	c.31A>G	p.Thr11Ala	missense_variant	MODERATE	0.0795	628.273	88331
2019-nCoV	26428	G	T	SNP	Heterozygous	E	QHD43418.1	1	c.184G>T	p.Val62Phe	missense_variant	MODERATE	0.028	51.8295	12735
2019-nCoV	26529	G	A	SNP	Heterozygous	M	QHD43419.1	1	c.7G>A	p.Asp3Asn	missense_variant	MODERATE	0.883	29037.3	15830
2019-nCoV	26577	C	G	SNP	Homozygous	M	QHD43419.1	1	c.55C>G	p.Gln19Glu	missense_variant	MODERATE	1.0	33913.9	10358
2019-nCoV	26681	C	T	SNP	Heterozygous	M	QHD43419.1	1	c.159C>T	p.Phe53Phe	synonymous_variant	LOW	0.0540541	186.639	25758
2019-nCoV	26702	A	T	SNP	Heterozygous	M	QHD43419.1	1	c.180A>T	p.Val60Val	synonymous_variant	LOW	0.0705	353.142	25902
2019-nCoV	26709	G	A	SNP	Homozygous	M	QHD43419.1	1	c.187G>A	p.Ala63Thr	missense_variant	MODERATE	1.0	36476.8	25885
2019-nCoV	26858	C	T	SNP	Heterozygous	M	QHD43419.1	1	c.336C>T	p.Phe112Phe	synonymous_variant	LOW	0.164	2212.92	21069
2019-nCoV	27012	C	T	SNP	Heterozygous	M	QHD43419.1	1	c.490C>T	p.Leu164Leu	synonymous_variant	LOW	0.047	131.219	28258
2019-nCoV	27038	A	G	SNP	Heterozygous	M	QHD43419.1	1	c.516A>G	p.Thr172Thr	synonymous_variant	LOW	0.1575	2092.89	6769
2019-nCoV	27259	A	C	SNP	Heterozygous	ORF6	QHD43420.1	1	c.58A>C	p.Arg20Arg	synonymous_variant	LOW	0.104365	1029.76	25279
2019-nCoV	27382	GAT	CTC	MNP	Heterozygous	ORF6	QHD43420.1	1	c.181_183delGATinsCTC	p.Asp61Leu	missense_variant	MODERATE	0.16391	3212.19	4624
2019-nCoV	27438	T	C	SNP	Heterozygous	ORF7a	QHD43421.1	1	c.45T>C	p.Cys15Cys	synonymous_variant	LOW	0.057	211.271	29299
2019-nCoV	27513	C	T	SNP	Heterozygous	ORF7a	QHD43421.1	1	c.120C>T	p.Tyr40Tyr	synonymous_variant	LOW	0.0655	428.829	35578
2019-nCoV	27600	C	T	SNP	Heterozygous	ORF7a	QHD43421.1	1	c.207C>T	p.Asp69Asp	synonymous_variant	LOW	0.0235	28.4506	12767
2019-nCoV	27800	C	T	SNP	Heterozygous	ORF8	QHD43422.1	-1	c.-94C>T	.	upstream_gene_variant	MODIFIER	0.0525	177.709	45388
2019-nCoV	27807	C	T	SNP	Homozygous	ORF8	QHD43422.1	-1	c.-87C>T	.	upstream_gene_variant	MODIFIER	0.999499	36305.3	45147
2019-nCoV	27841	G	A	SNP	Heterozygous	ORF8	QHD43422.1	-1	c.-53G>A	.	upstream_gene_variant	MODIFIER	0.0561404	309.002	45532
2019-nCoV	27881	C	T	SNP	Heterozygous	ORF8	QHD43422.1	-1	c.-13C>T	.	upstream_gene_variant	MODIFIER	0.0285	54.1793	27899
2019-nCoV	27889	C	T	SNP	Heterozygous	ORF8	QHD43422.1	-1	c.-5C>T	.	upstream_gene_variant	MODIFIER	0.881823	28990.0	27756
2019-nCoV	27915	G	T	SNP	Heterozygous	ORF8	QHD43422.1	1	c.22G>T	p.Gly8*	stop_gained	HIGH	0.085	708.915	38470
2019-nCoV	28266	A	T	SNP	Heterozygous	N	QHD43423.2	-1	c.-8A>T	.	upstream_gene_variant	MODIFIER	0.0360541	107.172	91772
2019-nCoV	28271	A	T	SNP	Heterozygous	N	QHD43423.2	-1	c.-3A>T	.	upstream_gene_variant	MODIFIER	0.960381	30711.9	91996
2019-nCoV	28311	C	T	SNP	Heterozygous	N	QHD43423.2	1	c.38C>T	p.Pro13Leu	missense_variant	MODERATE	0.572149	35550.1	91851
2019-nCoV	28311	CC	TT	MNP	Heterozygous	N	QHD43423.2	1	c.38_39delCCinsTT	p.Pro13Leu	missense_variant	MODERATE	0.421292	35550.1	91851
2019-nCoV	28330	A	G	SNP	Heterozygous	N	QHD43423.2	1	c.57A>G	p.Gly19Gly	synonymous_variant	LOW	0.219329	3531.01	88143
2019-nCoV	28361	GGAGAACGCA	G	DEL	Heterozygous	N	QHD43423.2	1	c.90_98delAGAACGCAG	p.Glu31_Ser33del	disruptive_inframe_deletion	MODERATE	0.885624	34532.7	13848
2019-nCoV	28361	GGAGAACGCAG	TT	MIXED	Heterozygous	N	QHD43423.2	1	c.88_98delGGAGAACGCAGinsTT	p.Gly30_Ser33delinsPhe	missense_variant&disruptive_inframe_deletion	MODERATE	0.114376	34532.7	13848
2019-nCoV	28681	G	T	SNP	Heterozygous	N	QHD43423.2	1	c.408G>T	p.Glu136Asp	missense_variant	MODERATE	0.522283	13079.6	90687
2019-nCoV	28693	T	C	SNP	Heterozygous	N	QHD43423.2	1	c.420T>C	p.Asn140Asn	synonymous_variant	LOW	0.0585	234.43	91482
2019-nCoV	28849	C	T	SNP	Heterozygous	N	QHD43423.2	1	c.576C>T	p.Asn192Asn	synonymous_variant	LOW	0.062031	377.402	79542
2019-nCoV	28881	GGG	AAC	MNP	Homozygous	N	QHD43423.2	1	c.608_610delGGGinsAAC	p.ArgGly203LysArg	missense_variant	MODERATE	1.0	33427.6	27169
2019-nCoV	29155	A	G	SNP	Heterozygous	N	QHD43423.2	1	c.882A>G	p.Gln294Gln	synonymous_variant	LOW	0.029	25.0663	17487
2019-nCoV	29510	A	C	SNP	Heterozygous	N	QHD43423.2	1	c.1237A>C	p.Ser413Arg	missense_variant	MODERATE	0.971443	36029.0	9293
2019-nCoV	29510	AG	CT	MNP	Heterozygous	N	QHD43423.2	1	c.1237_1238delAGinsCT	p.Ser413Leu	missense_variant	MODERATE	0.0270541	36029.0	9293
2019-nCoV	29666	C	T	SNP	Heterozygous	ORF10	QHI42199.1	1	c.109C>T	p.Leu37Phe	missense_variant	MODERATE	0.088	755.91	5266
2019-nCoV	29717	G	A	SNP	Heterozygous	S	QHD43416.1	-1	c.*4333G>A	.	downstream_gene_variant	MODIFIER	0.028	50.2643	4811
2019-nCoV	29733	CGAGGCCACGCGGAGTACGATCGAGTG	C	DEL	Homozygous	S	QHD43416.1	-1	c.*4350_*4375delGAGGCCACGCGGAGTACGATCGAGTG	.	downstream_gene_variant	MODIFIER	1.0	35696.5	4038
2019-nCoV	29783	G	C	SNP	Heterozygous	S	QHD43416.1	-1	c.*4399G>C	.	downstream_gene_variant	MODIFIER	0.0285143	54.8379	4228
