CHROM	POS	REF	ALT	VARTYPE	GEN[*].GT	ANN[*].GENE	ANN[*].FEATUREID	EFF[*].RANK	ANN[*].HGVS_C	ANN[*].HGVS_P	ANN[*].EFFECT	EFF[*].IMPACT	AF	QUAL	DP
2019-nCoV	44	C	T	SNP	Homozygous	orf1ab	QHD43415.1	-1	c.-222C>T	.	upstream_gene_variant	MODIFIER	0.99349	32537.9	80685
2019-nCoV	241	C	T	SNP	Homozygous	orf1ab	QHD43415.1	-1	c.-25C>T	.	upstream_gene_variant	MODIFIER	1.0	33469.0	4183
2019-nCoV	670	T	G	SNP	Homozygous	orf1ab	QHD43415.1	1	c.405T>G	p.Ser135Arg	missense_variant	MODERATE	0.991491	33155.7	68179
2019-nCoV	683	C	T	SNP	Heterozygous	orf1ab	QHD43415.1	1	c.418C>T	p.Leu140Leu	synonymous_variant	LOW	0.0520521	263.327	68115
2019-nCoV	841	C	T	SNP	Heterozygous	orf1ab	QHD43415.1	1	c.576C>T	p.Gly192Gly	synonymous_variant	LOW	0.0521042	276.77	37572
2019-nCoV	1320	A	G	SNP	Heterozygous	orf1ab	QHD43415.1	1	c.1055A>G	p.Glu352Gly	missense_variant	MODERATE	0.0635318	283.757	26972
2019-nCoV	1471	C	T	SNP	Heterozygous	orf1ab	QHD43415.1	1	c.1206C>T	p.Arg402Arg	synonymous_variant	LOW	0.0780781	450.582	54931
2019-nCoV	1589	G	A	SNP	Heterozygous	orf1ab	QHD43415.1	1	c.1324G>A	p.Gly442Ser	missense_variant	MODERATE	0.0530265	180.376	32676
2019-nCoV	1627	C	T	SNP	Heterozygous	orf1ab	QHD43415.1	1	c.1362C>T	p.Leu454Leu	synonymous_variant	LOW	0.412412	8174.54	43788
2019-nCoV	1684	C	T	SNP	Heterozygous	orf1ab	QHD43415.1	1	c.1419C>T	p.Ile473Ile	synonymous_variant	LOW	0.0455684	119.636	7966
2019-nCoV	1865	T	C	SNP	Heterozygous	orf1ab	QHD43415.1	1	c.1600T>C	p.Tyr534His	missense_variant	MODERATE	0.0265	15.9161	28379
2019-nCoV	1931	C	A	SNP	Heterozygous	orf1ab	QHD43415.1	1	c.1666C>A	p.Gln556Lys	missense_variant	MODERATE	0.33266	6429.71	11564
2019-nCoV	2091	C	T	SNP	Heterozygous	orf1ab	QHD43415.1	1	c.1826C>T	p.Thr609Ile	missense_variant	MODERATE	0.12012	1055.85	16968
2019-nCoV	2272	G	T	SNP	Heterozygous	orf1ab	QHD43415.1	1	c.2007G>T	p.Lys669Asn	missense_variant	MODERATE	0.107088	1059.12	28154
2019-nCoV	2393	G	A	SNP	Heterozygous	orf1ab	QHD43415.1	1	c.2128G>A	p.Val710Ile	missense_variant	MODERATE	0.042	159.68	7301
2019-nCoV	2647	A	G	SNP	Heterozygous	orf1ab	QHD43415.1	1	c.2382A>G	p.Lys794Lys	synonymous_variant	LOW	0.0460691	121.155	11937
2019-nCoV	2698	T	C	SNP	Heterozygous	orf1ab	QHD43415.1	1	c.2433T>C	p.Asn811Asn	synonymous_variant	LOW	0.0635	283.444	16847
2019-nCoV	2790	C	T	SNP	Homozygous	orf1ab	QHD43415.1	1	c.2525C>T	p.Thr842Ile	missense_variant	MODERATE	0.998492	18496.1	41033
2019-nCoV	2954	T	C	SNP	Heterozygous	orf1ab	QHD43415.1	1	c.2689T>C	p.Leu897Leu	synonymous_variant	LOW	0.3625	7641.22	29859
2019-nCoV	3037	C	T	SNP	Homozygous	orf1ab	QHD43415.1	1	c.2772C>T	p.Phe924Phe	synonymous_variant	LOW	0.999	33285.3	30392
2019-nCoV	3246	G	T	SNP	Heterozygous	orf1ab	QHD43415.1	1	c.2981G>T	p.Ser994Ile	missense_variant	MODERATE	0.0555834	199.707	19844
2019-nCoV	3653	C	T	SNP	Heterozygous	orf1ab	QHD43415.1	1	c.3388C>T	p.Leu1130Phe	missense_variant	MODERATE	0.0685686	467.695	36218
2019-nCoV	3992	C	T	SNP	Heterozygous	orf1ab	QHD43415.1	1	c.3727C>T	p.Leu1243Leu	synonymous_variant	LOW	0.0535536	280.133	8353
2019-nCoV	4076	G	A	SNP	Heterozygous	orf1ab	QHD43415.1	1	c.3811G>A	p.Val1271Ile	missense_variant	MODERATE	0.0375	66.6677	23072
2019-nCoV	4084	C	T	SNP	Heterozygous	orf1ab	QHD43415.1	1	c.3819C>T	p.Asp1273Asp	synonymous_variant	LOW	0.0235	28.3237	23071
2019-nCoV	4184	G	A	SNP	Homozygous	orf1ab	QHD43415.1	1	c.3919G>A	p.Gly1307Ser	missense_variant	MODERATE	0.99598	35869.7	23530
2019-nCoV	4321	C	T	SNP	Homozygous	orf1ab	QHD43415.1	1	c.4056C>T	p.Ala1352Ala	synonymous_variant	LOW	0.998991	32712.6	45762
2019-nCoV	5284	C	T	SNP	Heterozygous	orf1ab	QHD43415.1	1	c.5019C>T	p.Asn1673Asn	synonymous_variant	LOW	0.0610611	371.084	16965
2019-nCoV	5784	C	A	SNP	Heterozygous	orf1ab	QHD43415.1	1	c.5519C>A	p.Thr1840Asn	missense_variant	MODERATE	0.0205927	16.7923	46703
2019-nCoV	5911	T	C	SNP	Heterozygous	orf1ab	QHD43415.1	1	c.5646T>C	p.Tyr1882Tyr	synonymous_variant	LOW	0.0435653	106.115	29065
2019-nCoV	6285	C	T	SNP	Heterozygous	orf1ab	QHD43415.1	1	c.6020C>T	p.Thr2007Ile	missense_variant	MODERATE	0.0625626	273.232	34909
2019-nCoV	6636	C	T	SNP	Heterozygous	orf1ab	QHD43415.1	1	c.6371C>T	p.Thr2124Ile	missense_variant	MODERATE	0.034	92.1154	10723
2019-nCoV	6896	C	T	SNP	Heterozygous	orf1ab	QHD43415.1	1	c.6631C>T	p.Leu2211Leu	synonymous_variant	LOW	0.0235	28.4777	15000
2019-nCoV	7235	G	A	SNP	Heterozygous	orf1ab	QHD43415.1	1	c.6970G>A	p.Val2324Ile	missense_variant	MODERATE	0.0235471	29.4951	38158
2019-nCoV	7386	T	C	SNP	Heterozygous	orf1ab	QHD43415.1	1	c.7121T>C	p.Met2374Thr	missense_variant	MODERATE	0.0235235	28.4554	11468
2019-nCoV	7528	C	T	SNP	Heterozygous	orf1ab	QHD43415.1	1	c.7263C>T	p.Val2421Val	synonymous_variant	LOW	0.12963	1513.12	32553
2019-nCoV	7869	C	T	SNP	Heterozygous	orf1ab	QHD43415.1	1	c.7604C>T	p.Ser2535Leu	missense_variant	MODERATE	0.0480721	219.117	45441
2019-nCoV	8389	C	T	SNP	Heterozygous	orf1ab	QHD43415.1	1	c.8124C>T	p.Asn2708Asn	synonymous_variant	LOW	0.0285143	53.4537	47645
2019-nCoV	8828	G	A	SNP	Heterozygous	orf1ab	QHD43415.1	1	c.8563G>A	p.Ala2855Thr	missense_variant	MODERATE	0.0461384	196.239	20170
2019-nCoV	9344	C	T	SNP	Homozygous	orf1ab	QHD43415.1	1	c.9079C>T	p.Leu3027Phe	missense_variant	MODERATE	0.999496	34360.0	20100
2019-nCoV	9424	A	G	SNP	Homozygous	orf1ab	QHD43415.1	1	c.9159A>G	p.Val3053Val	synonymous_variant	LOW	0.996998	36159.2	12061
2019-nCoV	9534	C	T	SNP	Homozygous	orf1ab	QHD43415.1	1	c.9269C>T	p.Thr3090Ile	missense_variant	MODERATE	0.998389	33798.8	1860
2019-nCoV	10029	C	T	SNP	Homozygous	orf1ab	QHD43415.1	1	c.9764C>T	p.Thr3255Ile	missense_variant	MODERATE	0.992993	35802.5	38889
2019-nCoV	10156	C	T	SNP	Heterozygous	orf1ab	QHD43415.1	1	c.9891C>T	p.Asp3297Asp	synonymous_variant	LOW	0.0275	48.9047	18056
2019-nCoV	10198	C	T	SNP	Homozygous	orf1ab	QHD43415.1	1	c.9933C>T	p.Asp3311Asp	synonymous_variant	LOW	0.999	33820.9	42992
2019-nCoV	10447	GCC	ACA	MNP	Homozygous	orf1ab	QHD43415.1	1	c.10182_10184delGCCinsACA	p.Pro3395His	missense_variant	MODERATE	1.0	35545.5	9004
2019-nCoV	10998	G	A	SNP	Heterozygous	orf1ab	QHD43415.1	1	c.10733G>A	p.Gly3578Asp	missense_variant	MODERATE	0.0645323	410.548	34172
2019-nCoV	11287	GTCTGGTTTT	G	DEL	Homozygous	orf1ab	QHD43415.1	1	c.11023_11031delTCTGGTTTT	p.Ser3675_Phe3677del	conservative_inframe_deletion	MODERATE	1.0	34665.7	52707
2019-nCoV	11300	C	T	SNP	Heterozygous	orf1ab	QHD43415.1	1	c.11035C>T	p.Leu3679Leu	synonymous_variant	LOW	0.0365	111.498	55655
2019-nCoV	11591	C	T	SNP	Heterozygous	orf1ab	QHD43415.1	1	c.11326C>T	p.Leu3776Phe	missense_variant	MODERATE	0.0335168	87.638	42350
2019-nCoV	11750	C	T	SNP	Heterozygous	orf1ab	QHD43415.1	1	c.11485C>T	p.Leu3829Phe	missense_variant	MODERATE	0.303	5744.4	30627
2019-nCoV	11862	A	G	SNP	Heterozygous	orf1ab	QHD43415.1	1	c.11597A>G	p.Lys3866Arg	missense_variant	MODERATE	0.0545	192.56	78179
2019-nCoV	11956	C	T	SNP	Heterozygous	orf1ab	QHD43415.1	1	c.11691C>T	p.Asp3897Asp	synonymous_variant	LOW	0.096	891.404	56465
2019-nCoV	12052	G	A	SNP	Heterozygous	orf1ab	QHD43415.1	1	c.11787G>A	p.Lys3929Lys	synonymous_variant	LOW	0.024024	30.8619	15302
2019-nCoV	12061	A	G	SNP	Heterozygous	orf1ab	QHD43415.1	1	c.11796A>G	p.Glu3932Glu	synonymous_variant	LOW	0.0630631	278.466	15466
2019-nCoV	12160	G	A	SNP	Heterozygous	orf1ab	QHD43415.1	1	c.11895G>A	p.Glu3965Glu	synonymous_variant	LOW	0.981472	34771.2	15619
2019-nCoV	12310	G	A	SNP	Heterozygous	orf1ab	QHD43415.1	1	c.12045G>A	p.Gln4015Gln	synonymous_variant	LOW	0.284142	4530.02	33545
2019-nCoV	12880	C	T	SNP	Homozygous	orf1ab	QHD43415.1	1	c.12615C>T	p.Ile4205Ile	synonymous_variant	LOW	1.0	36171.3	35566
2019-nCoV	13423	C	T	SNP	Heterozygous	orf1ab	QHD43415.1	1	c.13158C>T	p.Leu4386Leu	synonymous_variant	LOW	0.046	124.247	76673
2019-nCoV	14257	T	C	SNP	Heterozygous	orf1ab	QHD43415.1	2	c.13993T>C	p.Tyr4665His	missense_variant	MODERATE	0.356461	7391.35	28209
2019-nCoV	14313	T	C	SNP	Heterozygous	orf1ab	QHD43415.1	2	c.14049T>C	p.Asp4683Asp	synonymous_variant	LOW	0.0595	345.763	28546
2019-nCoV	14408	C	T	SNP	Homozygous	orf1ab	QHD43415.1	2	c.14144C>T	p.Pro4715Leu	missense_variant	MODERATE	0.992	33208.7	13252
2019-nCoV	14424	A	C	SNP	Heterozygous	orf1ab	QHD43415.1	2	c.14160A>C	p.Pro4720Pro	synonymous_variant	LOW	0.0195489	13.3438	60147
2019-nCoV	14622	G	A	SNP	Heterozygous	orf1ab	QHD43415.1	2	c.14358G>A	p.Thr4786Thr	synonymous_variant	LOW	0.0245	33.1353	22343
2019-nCoV	15135	T	C	SNP	Heterozygous	orf1ab	QHD43415.1	2	c.14871T>C	p.Thr4957Thr	synonymous_variant	LOW	0.0690691	344.83	47071
2019-nCoV	15240	C	T	SNP	Heterozygous	orf1ab	QHD43415.1	2	c.14976C>T	p.Asn4992Asn	synonymous_variant	LOW	0.037	62.3305	46552
2019-nCoV	15372	G	C	SNP	Heterozygous	orf1ab	QHD43415.1	2	c.15108G>C	p.Thr5036Thr	synonymous_variant	LOW	0.0266198	17.5933	46461
2019-nCoV	15451	G	A	SNP	Heterozygous	orf1ab	QHD43415.1	2	c.15187G>A	p.Gly5063Ser	missense_variant	MODERATE	0.026013	39.7694	77232
2019-nCoV	15714	C	T	SNP	Homozygous	orf1ab	QHD43415.1	2	c.15450C>T	p.Leu5150Leu	synonymous_variant	LOW	0.998999	36091.1	64542
2019-nCoV	15763	C	T	SNP	Heterozygous	orf1ab	QHD43415.1	2	c.15499C>T	p.Leu5167Leu	synonymous_variant	LOW	0.0225	24.1761	2775
2019-nCoV	16087	T	C	SNP	Heterozygous	orf1ab	QHD43415.1	2	c.15823T>C	p.Leu5275Leu	synonymous_variant	LOW	0.035035	99.8601	34781
2019-nCoV	16428	C	T	SNP	Heterozygous	orf1ab	QHD43415.1	2	c.16164C>T	p.Tyr5388Tyr	synonymous_variant	LOW	0.028	21.8507	104442
2019-nCoV	16616	C	A	SNP	Heterozygous	orf1ab	QHD43415.1	2	c.16352C>A	p.Thr5451Asn	missense_variant	MODERATE	0.318659	6285.59	23601
2019-nCoV	16818	A	G	SNP	Heterozygous	orf1ab	QHD43415.1	2	c.16554A>G	p.Gln5518Gln	synonymous_variant	LOW	0.025	34.2378	39019
2019-nCoV	16935	G	A	SNP	Heterozygous	orf1ab	QHD43415.1	2	c.16671G>A	p.Met5557Ile	missense_variant	MODERATE	0.346693	7135.38	75752
2019-nCoV	17039	A	G	SNP	Heterozygous	orf1ab	QHD43415.1	2	c.16775A>G	p.Asn5592Ser	missense_variant	MODERATE	0.3205	5517.8	54133
2019-nCoV	17209	T	G	SNP	Heterozygous	orf1ab	QHD43415.1	2	c.16945T>G	p.Leu5649Val	missense_variant	MODERATE	0.0205103	16.672	108498
2019-nCoV	17410	C	T	SNP	Homozygous	orf1ab	QHD43415.1	2	c.17146C>T	p.Arg5716Cys	missense_variant	MODERATE	0.999499	36364.2	69350
2019-nCoV	18163	A	G	SNP	Homozygous	orf1ab	QHD43415.1	2	c.17899A>G	p.Ile5967Val	missense_variant	MODERATE	0.998498	33744.5	23162
2019-nCoV	18457	C	T	SNP	Heterozygous	orf1ab	QHD43415.1	2	c.18193C>T	p.Pro6065Ser	missense_variant	MODERATE	0.0235	28.302	19699
2019-nCoV	19160	C	T	SNP	Heterozygous	orf1ab	QHD43415.1	2	c.18896C>T	p.Ser6299Phe	missense_variant	MODERATE	0.0355	102.352	26059
2019-nCoV	19955	C	T	SNP	Homozygous	orf1ab	QHD43415.1	2	c.19691C>T	p.Thr6564Ile	missense_variant	MODERATE	0.999499	33748.7	58373
2019-nCoV	20055	A	G	SNP	Heterozygous	orf1ab	QHD43415.1	2	c.19791A>G	p.Glu6597Glu	synonymous_variant	LOW	0.973473	31795.0	40996
2019-nCoV	20256	T	C	SNP	Heterozygous	orf1ab	QHD43415.1	2	c.19992T>C	p.Asp6664Asp	synonymous_variant	LOW	0.0265133	43.5193	20819
2019-nCoV	21232	G	A	SNP	Heterozygous	orf1ab	QHD43415.1	2	c.20968G>A	p.Ala6990Thr	missense_variant	MODERATE	0.0920921	818.176	46808
2019-nCoV	21618	C	T	SNP	Homozygous	S	QHD43416.1	1	c.56C>T	p.Thr19Ile	missense_variant	MODERATE	0.998	33715.3	31190
2019-nCoV	21632	TTACCCCCTG	T	DEL	Homozygous	S	QHD43416.1	1	c.71_79delTACCCCCTG	p.Leu24_Ala27delinsSer	disruptive_inframe_deletion	MODERATE	1.0	35983.3	30246
2019-nCoV	21764	ATACATG	A	DEL	Homozygous	S	QHD43416.1	1	c.204_209delACATGT	p.His69_Val70del	disruptive_inframe_deletion	MODERATE	0.985866	34893.8	34677
2019-nCoV	21987	G	A	SNP	Homozygous	S	QHD43416.1	1	c.425G>A	p.Gly142Asp	missense_variant	MODERATE	0.99498	33079.6	37967
2019-nCoV	22200	T	G	SNP	Homozygous	S	QHD43416.1	1	c.638T>G	p.Val213Gly	missense_variant	MODERATE	0.995471	35744.7	31211
2019-nCoV	22326	C	T	SNP	Heterozygous	S	QHD43416.1	1	c.764C>T	p.Ser255Phe	missense_variant	MODERATE	0.0569844	316.922	18569
2019-nCoV	22578	G	A	SNP	Homozygous	S	QHD43416.1	1	c.1016G>A	p.Gly339Asp	missense_variant	MODERATE	0.995984	35944.1	23068
2019-nCoV	22599	G	C	SNP	Heterozygous	S	QHD43416.1	1	c.1037G>C	p.Arg346Thr	missense_variant	MODERATE	0.518072	12916.4	5403
2019-nCoV	22674	C	T	SNP	Homozygous	S	QHD43416.1	1	c.1112C>T	p.Ser371Phe	missense_variant	MODERATE	0.996498	33109.0	9422
2019-nCoV	22679	TCATTTTCCA	CCATTTTTCG	MNP	Heterozygous	S	QHD43416.1	1	c.1117_1126delTCATTTTCCAinsCCATTTTTCG	p.SerPheSerThr373ProPhePheAla	missense_variant	MODERATE	0.976227	32752.5	5063
2019-nCoV	22679	TCATTTTCCA	CCTTTTTTCG	MNP	Heterozygous	S	QHD43416.1	1	c.1117_1126delTCATTTTCCAinsCCTTTTTTCG	p.SerPheSerThr373ProPhePheAla	missense_variant	MODERATE	0.0232676	32752.5	5063
2019-nCoV	22775	G	A	SNP	Homozygous	S	QHD43416.1	1	c.1213G>A	p.Asp405Asn	missense_variant	MODERATE	1.0	33692.4	4056
2019-nCoV	22786	A	C	SNP	Homozygous	S	QHD43416.1	1	c.1224A>C	p.Arg408Ser	missense_variant	MODERATE	0.998995	36137.1	3994
2019-nCoV	22813	G	T	SNP	Homozygous	S	QHD43416.1	1	c.1251G>T	p.Lys417Asn	missense_variant	MODERATE	1.0	33743.0	30535
2019-nCoV	22882	T	G	SNP	Homozygous	S	QHD43416.1	1	c.1320T>G	p.Asn440Lys	missense_variant	MODERATE	0.997499	33671.3	64037
2019-nCoV	22893	A	C	SNP	Heterozygous	S	QHD43416.1	1	c.1331A>C	p.Lys444Thr	missense_variant	MODERATE	0.348	8066.18	64270
2019-nCoV	22894	G	T	SNP	Heterozygous	S	QHD43416.1	1	c.1332G>T	p.Lys444Asn	missense_variant	MODERATE	0.0560561	308.589	64270
2019-nCoV	22910	A	G	SNP	Heterozygous	S	QHD43416.1	1	c.1348A>G	p.Asn450Asp	missense_variant	MODERATE	0.0355	103.608	64093
2019-nCoV	22917	T	G	SNP	Heterozygous	S	QHD43416.1	1	c.1355T>G	p.Leu452Arg	missense_variant	MODERATE	0.984492	35196.6	63961
2019-nCoV	22942	T	A	SNP	Heterozygous	S	QHD43416.1	1	c.1380T>A	p.Asn460Lys	missense_variant	MODERATE	0.316424	8264.62	63197
2019-nCoV	22992	GCAC	ACAA	MNP	Homozygous	S	QHD43416.1	1	c.1430_1433delGCACinsACAA	p.SerThr477AsnLys	missense_variant	MODERATE	1.0	36089.4	35310
2019-nCoV	23013	A	C	SNP	Homozygous	S	QHD43416.1	1	c.1451A>C	p.Glu484Ala	missense_variant	MODERATE	0.998492	36097.7	48714
2019-nCoV	23018	T	G	SNP	Heterozygous	S	QHD43416.1	1	c.1456T>G	p.Phe486Val	missense_variant	MODERATE	0.982	35045.3	48858
2019-nCoV	23055	A	G	SNP	Homozygous	S	QHD43416.1	1	c.1493A>G	p.Gln498Arg	missense_variant	MODERATE	0.994965	35708.3	13768
2019-nCoV	23063	A	T	SNP	Homozygous	S	QHD43416.1	1	c.1501A>T	p.Asn501Tyr	missense_variant	MODERATE	0.990968	32808.8	13898
2019-nCoV	23075	T	C	SNP	Homozygous	S	QHD43416.1	1	c.1513T>C	p.Tyr505His	missense_variant	MODERATE	0.997495	36141.6	14187
2019-nCoV	23403	A	G	SNP	Homozygous	S	QHD43416.1	1	c.1841A>G	p.Asp614Gly	missense_variant	MODERATE	1.0	33511.0	75648
2019-nCoV	23525	C	T	SNP	Homozygous	S	QHD43416.1	1	c.1963C>T	p.His655Tyr	missense_variant	MODERATE	0.999498	33689.3	116405
2019-nCoV	23599	T	G	SNP	Homozygous	S	QHD43416.1	1	c.2037T>G	p.Asn679Lys	missense_variant	MODERATE	0.994483	35828.6	138358
2019-nCoV	23604	C	A	SNP	Homozygous	S	QHD43416.1	1	c.2042C>A	p.Pro681His	missense_variant	MODERATE	0.996486	35984.4	138442
2019-nCoV	23758	C	T	SNP	Heterozygous	S	QHD43416.1	1	c.2196C>T	p.Thr732Thr	synonymous_variant	LOW	0.101	978.432	17642
2019-nCoV	23854	C	A	SNP	Homozygous	S	QHD43416.1	1	c.2292C>A	p.Asn764Lys	missense_variant	MODERATE	0.998998	33411.6	32871
2019-nCoV	23948	GATTTTG	TATTT	MIXED	Heterozygous	S	QHD43416.1	1	c.2386_2392delGATTTTGinsTATTT	p.Asp796fs	frameshift_variant&missense_variant	HIGH	0.0455794	30655.5	28550
2019-nCoV	23948	G	T	SNP	Heterozygous	S	QHD43416.1	1	c.2386G>T	p.Asp796Tyr	missense_variant	MODERATE	0.954421	30655.5	28550
2019-nCoV	24034	C	T	SNP	Heterozygous	S	QHD43416.1	1	c.2472C>T	p.Asn824Asn	synonymous_variant	LOW	0.0265265	17.1454	53399
2019-nCoV	24424	A	T	SNP	Homozygous	S	QHD43416.1	1	c.2862A>T	p.Gln954His	missense_variant	MODERATE	0.989495	35395.0	41049
2019-nCoV	24469	T	A	SNP	Homozygous	S	QHD43416.1	1	c.2907T>A	p.Asn969Lys	missense_variant	MODERATE	0.987952	31312.3	66290
2019-nCoV	24814	T	G	SNP	Heterozygous	S	QHD43416.1	1	c.3252T>G	p.Asp1084Glu	missense_variant	MODERATE	0.0632213	388.793	4280
2019-nCoV	25000	C	T	SNP	Homozygous	S	QHD43416.1	1	c.3438C>T	p.Asp1146Asp	synonymous_variant	LOW	0.996488	35570.8	48616
2019-nCoV	25350	C	A	SNP	Heterozygous	S	QHD43416.1	1	c.3788C>A	p.Pro1263Gln	missense_variant	MODERATE	0.0342224	48.1412	10868
2019-nCoV	25416	C	T	SNP	Heterozygous	ORF3a	QHD43417.1	1	c.24C>T	p.Phe8Phe	synonymous_variant	LOW	0.027027	45.1793	45896
2019-nCoV	25471	G	C	SNP	Heterozygous	ORF3a	QHD43417.1	1	c.79G>C	p.Asp27His	missense_variant	MODERATE	0.0515258	256.724	44177
2019-nCoV	25513	C	T	SNP	Heterozygous	ORF3a	QHD43417.1	1	c.121C>T	p.Leu41Phe	missense_variant	MODERATE	0.038	122.019	127199
2019-nCoV	25584	C	T	SNP	Homozygous	ORF3a	QHD43417.1	1	c.192C>T	p.Thr64Thr	synonymous_variant	LOW	0.996488	36008.2	108889
2019-nCoV	25731	C	T	SNP	Heterozygous	ORF3a	QHD43417.1	1	c.339C>T	p.Tyr113Tyr	synonymous_variant	LOW	0.0290145	58.0203	71516
2019-nCoV	25855	G	T	SNP	Heterozygous	ORF3a	QHD43417.1	1	c.463G>T	p.Asp155Tyr	missense_variant	MODERATE	0.1105	903.786	33899
2019-nCoV	26060	C	T	SNP	Homozygous	ORF3a	QHD43417.1	1	c.668C>T	p.Thr223Ile	missense_variant	MODERATE	0.9955	36022.9	54086
2019-nCoV	26187	T	C	SNP	Heterozygous	ORF3a	QHD43417.1	1	c.795T>C	p.Asp265Asp	synonymous_variant	LOW	0.0395	136.942	120926
2019-nCoV	26270	C	T	SNP	Homozygous	E	QHD43418.1	1	c.26C>T	p.Thr9Ile	missense_variant	MODERATE	0.999499	33796.8	121688
2019-nCoV	26275	A	G	SNP	Heterozygous	E	QHD43418.1	1	c.31A>G	p.Thr11Ala	missense_variant	MODERATE	0.034034	92.2964	121309
2019-nCoV	26428	G	T	SNP	Heterozygous	E	QHD43418.1	1	c.184G>T	p.Val62Phe	missense_variant	MODERATE	0.0586466	327.718	21098
2019-nCoV	26529	G	A	SNP	Heterozygous	M	QHD43419.1	1	c.7G>A	p.Asp3Asn	missense_variant	MODERATE	0.9565	33284.7	24929
2019-nCoV	26577	C	G	SNP	Homozygous	M	QHD43419.1	1	c.55C>G	p.Gln19Glu	missense_variant	MODERATE	0.999498	33808.1	15821
2019-nCoV	26709	G	A	SNP	Homozygous	M	QHD43419.1	1	c.187G>A	p.Ala63Thr	missense_variant	MODERATE	1.0	36432.2	43949
2019-nCoV	26728	C	T	SNP	Heterozygous	M	QHD43419.1	1	c.206C>T	p.Ala69Val	missense_variant	MODERATE	0.0365183	111.08	44230
2019-nCoV	26826	C	T	SNP	Heterozygous	M	QHD43419.1	1	c.304C>T	p.Leu102Leu	synonymous_variant	LOW	0.0230461	26.9251	28611
2019-nCoV	26834	G	T	SNP	Heterozygous	M	QHD43419.1	1	c.312G>T	p.Ala104Ala	synonymous_variant	LOW	0.1015	986.772	28479
2019-nCoV	26858	C	T	SNP	Heterozygous	M	QHD43419.1	1	c.336C>T	p.Phe112Phe	synonymous_variant	LOW	0.0535	269.973	35497
2019-nCoV	26907	C	T	SNP	Heterozygous	M	QHD43419.1	1	c.385C>T	p.Leu129Leu	synonymous_variant	LOW	0.0285285	52.7618	45860
2019-nCoV	27012	C	T	SNP	Heterozygous	M	QHD43419.1	1	c.490C>T	p.Leu164Leu	synonymous_variant	LOW	0.3655	6824.62	46306
2019-nCoV	27038	A	G	SNP	Heterozygous	M	QHD43419.1	1	c.516A>G	p.Thr172Thr	synonymous_variant	LOW	0.1025	1004.77	10130
2019-nCoV	27259	A	C	SNP	Heterozygous	ORF6	QHD43420.1	1	c.58A>C	p.Arg20Arg	synonymous_variant	LOW	0.0386158	128.09	38152
2019-nCoV	27382	GAT	CTC	MNP	Heterozygous	ORF6	QHD43420.1	1	c.181_183delGATinsCTC	p.Asp61Leu	missense_variant	MODERATE	0.0462164	198.01	9594
2019-nCoV	27389	C	T	SNP	Heterozygous	ORF7a	QHD43421.1	-1	c.-5C>T	.	upstream_gene_variant	MODIFIER	0.0285	54.9347	10293
2019-nCoV	27438	T	C	SNP	Heterozygous	ORF7a	QHD43421.1	1	c.45T>C	p.Cys15Cys	synonymous_variant	LOW	0.1565	1701.2	50553
2019-nCoV	27513	C	T	SNP	Heterozygous	ORF7a	QHD43421.1	1	c.120C>T	p.Tyr40Tyr	synonymous_variant	LOW	0.346038	7110.16	78286
2019-nCoV	27707	C	T	SNP	Heterozygous	ORF7a	QHD43421.1	1	c.314C>T	p.Ala105Val	missense_variant	MODERATE	0.03	29.4549	33886
2019-nCoV	27807	C	T	SNP	Homozygous	ORF8	QHD43422.1	-1	c.-87C>T	.	upstream_gene_variant	MODIFIER	0.998999	36313.1	82837
2019-nCoV	27889	C	T	SNP	Heterozygous	ORF8	QHD43422.1	-1	c.-5C>T	.	upstream_gene_variant	MODIFIER	0.954454	33189.9	48365
2019-nCoV	27910	T	C	SNP	Heterozygous	ORF8	QHD43422.1	1	c.17T>C	p.Phe6Ser	missense_variant	MODERATE	0.032	35.4904	51403
2019-nCoV	27915	G	T	SNP	Heterozygous	ORF8	QHD43422.1	1	c.22G>T	p.Gly8*	stop_gained	HIGH	0.0395395	136.609	50958
2019-nCoV	28271	A	T	SNP	Heterozygous	N	QHD43423.2	-1	c.-3A>T	.	upstream_gene_variant	MODIFIER	0.961326	30715.5	141523
2019-nCoV	28311	C	T	SNP	Heterozygous	N	QHD43423.2	1	c.38C>T	p.Pro13Leu	missense_variant	MODERATE	0.678265	35927.2	141955
2019-nCoV	28311	CC	TT	MNP	Heterozygous	N	QHD43423.2	1	c.38_39delCCinsTT	p.Pro13Leu	missense_variant	MODERATE	0.319718	35927.2	141955
2019-nCoV	28330	A	G	SNP	Heterozygous	N	QHD43423.2	1	c.57A>G	p.Gly19Gly	synonymous_variant	LOW	0.379569	8110.63	132859
2019-nCoV	28361	GGAGAACGCA	G	DEL	Heterozygous	N	QHD43423.2	1	c.90_98delAGAACGCAG	p.Glu31_Ser33del	disruptive_inframe_deletion	MODERATE	0.893563	35439.8	20492
2019-nCoV	28361	GGAGAACGCAG	TT	MIXED	Heterozygous	N	QHD43423.2	1	c.88_98delGGAGAACGCAGinsTT	p.Gly30_Ser33delinsPhe	missense_variant&disruptive_inframe_deletion	MODERATE	0.106437	35439.8	20492
2019-nCoV	28460	G	A	SNP	Heterozygous	N	QHD43423.2	1	c.187G>A	p.Asp63Asn	missense_variant	MODERATE	0.0643539	398.287	67378
2019-nCoV	28510	T	C	SNP	Heterozygous	N	QHD43423.2	1	c.237T>C	p.Ser79Ser	synonymous_variant	LOW	0.032032	78.1526	48706
2019-nCoV	28516	T	C	SNP	Heterozygous	N	QHD43423.2	1	c.243T>C	p.Asp81Asp	synonymous_variant	LOW	0.029	25.0658	98287
2019-nCoV	28531	C	T	SNP	Heterozygous	N	QHD43423.2	1	c.258C>T	p.Tyr86Tyr	synonymous_variant	LOW	0.097	903.225	98961
2019-nCoV	28681	G	T	SNP	Heterozygous	N	QHD43423.2	1	c.408G>T	p.Glu136Asp	missense_variant	MODERATE	0.317794	6221.03	142634
2019-nCoV	28791	C	T	SNP	Heterozygous	N	QHD43423.2	1	c.518C>T	p.Ala173Val	missense_variant	MODERATE	0.0535	181.167	137201
2019-nCoV	28881	GGG	AAC	MNP	Homozygous	N	QHD43423.2	1	c.608_610delGGGinsAAC	p.ArgGly203LysArg	missense_variant	MODERATE	1.0	33309.3	44741
2019-nCoV	29239	G	A	SNP	Heterozygous	N	QHD43423.2	1	c.966G>A	p.Met322Ile	missense_variant	MODERATE	0.0485243	224.492	32160
2019-nCoV	29416	C	T	SNP	Heterozygous	N	QHD43423.2	1	c.1143C>T	p.Ala381Ala	synonymous_variant	LOW	0.0275	17.9367	39885
2019-nCoV	29510	A	C	SNP	Homozygous	N	QHD43423.2	1	c.1237A>C	p.Ser413Arg	missense_variant	MODERATE	1.0	33424.9	15232
2019-nCoV	29642	C	T	SNP	Heterozygous	ORF10	QHI42199.1	1	c.85C>T	p.Gln29*	stop_gained	HIGH	0.0572289	219.637	7330
2019-nCoV	29666	C	T	SNP	Heterozygous	ORF10	QHI42199.1	1	c.109C>T	p.Leu37Phe	missense_variant	MODERATE	0.122623	1362.98	7328
2019-nCoV	29706	G	A	SNP	Heterozygous	S	QHD43416.1	-1	c.*4322G>A	.	downstream_gene_variant	MODIFIER	0.0750375	412.221	7211
2019-nCoV	29733	CGAGGCCACGCGGAGTACGATCGAGTG	C	DEL	Homozygous	S	QHD43416.1	-1	c.*4350_*4375delGAGGCCACGCGGAGTACGATCGAGTG	.	downstream_gene_variant	MODIFIER	1.0	35587.0	5543
