CHROM	POS	REF	ALT	VARTYPE	GEN[*].GT	ANN[*].GENE	ANN[*].FEATUREID	EFF[*].RANK	ANN[*].HGVS_C	ANN[*].HGVS_P	ANN[*].EFFECT	EFF[*].IMPACT	AF	QUAL	DP
2019-nCoV	44	C	T	SNP	Homozygous	orf1ab	QHD43415.1	-1	c.-222C>T	.	upstream_gene_variant	MODIFIER	0.992492	33038.5	42934
2019-nCoV	61	G	T	SNP	Heterozygous	orf1ab	QHD43415.1	-1	c.-205G>T	.	upstream_gene_variant	MODIFIER	0.0315315	70.6624	45572
2019-nCoV	99	T	G	SNP	Heterozygous	orf1ab	QHD43415.1	-1	c.-167T>G	.	upstream_gene_variant	MODIFIER	0.024024	30.8617	45033
2019-nCoV	241	C	T	SNP	Homozygous	orf1ab	QHD43415.1	-1	c.-25C>T	.	upstream_gene_variant	MODIFIER	1.0	29264.3	1741
2019-nCoV	313	C	T	SNP	Heterozygous	orf1ab	QHD43415.1	1	c.48C>T	p.Leu16Leu	synonymous_variant	LOW	0.0345173	96.5895	9887
2019-nCoV	344	C	T	SNP	Heterozygous	orf1ab	QHD43415.1	1	c.79C>T	p.Leu27Phe	missense_variant	MODERATE	0.034034	92.2879	36108
2019-nCoV	396	A	T	SNP	Heterozygous	orf1ab	QHD43415.1	1	c.131A>T	p.Gln44Leu	missense_variant	MODERATE	0.0285143	54.8858	35972
2019-nCoV	448	G	T	SNP	Heterozygous	orf1ab	QHD43415.1	1	c.183G>T	p.Leu61Phe	missense_variant	MODERATE	0.0190381	11.8538	34798
2019-nCoV	509	GGTCATGTTA	G	DEL	Heterozygous	orf1ab	QHD43415.1	1	c.245_253delGTCATGTTA	p.Gly82_Met85delinsVal	disruptive_inframe_deletion	MODERATE	0.0257467	37.4442	24669
2019-nCoV	670	T	G	SNP	Homozygous	orf1ab	QHD43415.1	1	c.405T>G	p.Ser135Arg	missense_variant	MODERATE	0.993988	33342.9	34723
2019-nCoV	685	AAAGTCATTT	A	DEL	Heterozygous	orf1ab	QHD43415.1	1	c.421_429delAAGTCATTT	p.Lys141_Phe143del	conservative_inframe_deletion	MODERATE	0.0205823	17.6054	34365
2019-nCoV	934	C	T	SNP	Heterozygous	orf1ab	QHD43415.1	1	c.669C>T	p.Asp223Asp	synonymous_variant	LOW	0.028	51.8012	22283
2019-nCoV	1068	G	A	SNP	Heterozygous	orf1ab	QHD43415.1	1	c.803G>A	p.Gly268Glu	missense_variant	MODERATE	0.0225564	24.3973	5574
2019-nCoV	1518	A	G	SNP	Heterozygous	orf1ab	QHD43415.1	1	c.1253A>G	p.Asn418Ser	missense_variant	MODERATE	0.046	198.628	24395
2019-nCoV	1530	ATT	A	DEL	Heterozygous	orf1ab	QHD43415.1	1	c.1266_1267delTT	p.Tyr422fs	frameshift_variant	HIGH	0.0297829	62.0689	24324
2019-nCoV	1546	T	C	SNP	Heterozygous	orf1ab	QHD43415.1	1	c.1281T>C	p.Ala427Ala	synonymous_variant	LOW	0.027	46.1128	24288
2019-nCoV	1627	C	T	SNP	Heterozygous	orf1ab	QHD43415.1	1	c.1362C>T	p.Leu454Leu	synonymous_variant	LOW	0.383192	7354.79	17130
2019-nCoV	1820	G	A	SNP	Heterozygous	orf1ab	QHD43415.1	1	c.1555G>A	p.Gly519Ser	missense_variant	MODERATE	0.0353893	45.7946	10135
2019-nCoV	1931	C	A	SNP	Heterozygous	orf1ab	QHD43415.1	1	c.1666C>A	p.Gln556Lys	missense_variant	MODERATE	0.0341023	93.9505	5427
2019-nCoV	1943	CGT	C	DEL	Heterozygous	orf1ab	QHD43415.1	1	c.1681_1682delGT	p.Val561fs	frameshift_variant	HIGH	0.0524194	258.385	5509
2019-nCoV	2112	T	C	SNP	Heterozygous	orf1ab	QHD43415.1	1	c.1847T>C	p.Ile616Thr	missense_variant	MODERATE	0.0630315	396.195	5473
2019-nCoV	2789	AC	A	DEL	Heterozygous	orf1ab	QHD43415.1	1	c.2525delC	p.Thr842fs	frameshift_variant	HIGH	0.0125818	31139.6	25381
2019-nCoV	2790	C	T	SNP	Heterozygous	orf1ab	QHD43415.1	1	c.2525C>T	p.Thr842Ile	missense_variant	MODERATE	0.987418	31139.6	25381
2019-nCoV	2800	T	G	SNP	Heterozygous	orf1ab	QHD43415.1	1	c.2535T>G	p.Leu845Leu	synonymous_variant	LOW	0.025	12.8446	25374
2019-nCoV	2985	T	C	SNP	Heterozygous	orf1ab	QHD43415.1	1	c.2720T>C	p.Leu907Ser	missense_variant	MODERATE	0.0195587	12.2017	24363
2019-nCoV	3037	C	T	SNP	Homozygous	orf1ab	QHD43415.1	1	c.2772C>T	p.Phe924Phe	synonymous_variant	LOW	1.0	35448.8	6366
2019-nCoV	3103	ATATGAG	A	DEL	Heterozygous	orf1ab	QHD43415.1	1	c.2843_2848delAGTATG	p.Glu948_Tyr949del	disruptive_inframe_deletion	MODERATE	0.0352645	336.054	13824
2019-nCoV	3165	C	T	SNP	Heterozygous	orf1ab	QHD43415.1	1	c.2900C>T	p.Ala967Val	missense_variant	MODERATE	0.0370185	354.04	13828
2019-nCoV	3227	G	T	SNP	Heterozygous	orf1ab	QHD43415.1	1	c.2962G>T	p.Val988Phe	missense_variant	MODERATE	0.0790791	621.642	7640
2019-nCoV	3259	GACAACTACT	G	DEL	Heterozygous	orf1ab	QHD43415.1	1	c.2996_3004delCAACTACTA	p.Thr999_Thr1001del	disruptive_inframe_deletion	MODERATE	0.0510101	242.726	10483
2019-nCoV	3311	C	T	SNP	Heterozygous	orf1ab	QHD43415.1	1	c.3046C>T	p.Leu1016Phe	missense_variant	MODERATE	0.0316424	72.8276	3220
2019-nCoV	3336	A	T	SNP	Heterozygous	orf1ab	QHD43415.1	1	c.3071A>T	p.Glu1024Val	missense_variant	MODERATE	0.0373737	118.06	3254
2019-nCoV	3380	T	C	SNP	Heterozygous	orf1ab	QHD43415.1	1	c.3115T>C	p.Tyr1039His	missense_variant	MODERATE	0.0205103	16.6627	6628
2019-nCoV	3509	G	T	SNP	Heterozygous	orf1ab	QHD43415.1	1	c.3244G>T	p.Ala1082Ser	missense_variant	MODERATE	0.0335	87.0145	16444
2019-nCoV	3859	A	G	SNP	Heterozygous	orf1ab	QHD43415.1	1	c.3594A>G	p.Gln1198Gln	synonymous_variant	LOW	0.0795398	468.531	5251
2019-nCoV	3882	T	C	SNP	Heterozygous	orf1ab	QHD43415.1	1	c.3617T>C	p.Ile1206Thr	missense_variant	MODERATE	0.0445223	183.758	5282
2019-nCoV	4046	G	A	SNP	Heterozygous	orf1ab	QHD43415.1	1	c.3781G>A	p.Gly1261Ser	missense_variant	MODERATE	0.021	18.3958	7639
2019-nCoV	4143	AGG	A	DEL	Heterozygous	orf1ab	QHD43415.1	1	c.3880_3881delGG	p.Gly1294fs	frameshift_variant	HIGH	0.03713	61.4378	4559
2019-nCoV	4184	G	A	SNP	Homozygous	orf1ab	QHD43415.1	1	c.3919G>A	p.Gly1307Ser	missense_variant	MODERATE	0.998999	33847.8	7680
2019-nCoV	4205	G	A	SNP	Heterozygous	orf1ab	QHD43415.1	1	c.3940G>A	p.Ala1314Thr	missense_variant	MODERATE	0.0205103	16.681	7893
2019-nCoV	4263	G	A	SNP	Heterozygous	orf1ab	QHD43415.1	1	c.3998G>A	p.Gly1333Asp	missense_variant	MODERATE	0.0658291	419.497	3358
2019-nCoV	4306	A	G	SNP	Heterozygous	orf1ab	QHD43415.1	1	c.4041A>G	p.Lys1347Lys	synonymous_variant	LOW	0.0446787	186.366	27370
2019-nCoV	4321	C	T	SNP	Homozygous	orf1ab	QHD43415.1	1	c.4056C>T	p.Ala1352Ala	synonymous_variant	LOW	0.999497	33384.3	26964
2019-nCoV	4421	CG	C	DEL	Heterozygous	orf1ab	QHD43415.1	1	c.4157delG	p.Arg1386fs	frameshift_variant	HIGH	0.0176411	8.7591	22844
2019-nCoV	4579	T	A	SNP	Heterozygous	orf1ab	QHD43415.1	1	c.4314T>A	p.Leu1438Leu	synonymous_variant	LOW	0.0515	168.757	29154
2019-nCoV	4690	T	C	SNP	Heterozygous	orf1ab	QHD43415.1	1	c.4425T>C	p.Val1475Val	synonymous_variant	LOW	0.0405	145.921	36423
2019-nCoV	4748	A	G	SNP	Heterozygous	orf1ab	QHD43415.1	1	c.4483A>G	p.Lys1495Glu	missense_variant	MODERATE	0.0191147	13.9923	21826
2019-nCoV	4763	C	T	SNP	Heterozygous	orf1ab	QHD43415.1	1	c.4498C>T	p.His1500Tyr	missense_variant	MODERATE	0.0315158	74.2058	21878
2019-nCoV	4767	T	C	SNP	Heterozygous	orf1ab	QHD43415.1	1	c.4502T>C	p.Phe1501Ser	missense_variant	MODERATE	0.0291165	58.1735	21878
2019-nCoV	4914	T	C	SNP	Heterozygous	orf1ab	QHD43415.1	1	c.4649T>C	p.Val1550Ala	missense_variant	MODERATE	0.035	98.6831	6805
2019-nCoV	5029	GAC	TAT	MNP	Heterozygous	orf1ab	QHD43415.1	1	c.4764_4766delGACinsTAT	p.MetThr1588IleIle	missense_variant	MODERATE	0.0230461	26.4982	4351
2019-nCoV	5070	C	T	SNP	Heterozygous	orf1ab	QHD43415.1	1	c.4805C>T	p.Ala1602Val	missense_variant	MODERATE	0.0285	54.8092	4345
2019-nCoV	5142	C	T	SNP	Heterozygous	orf1ab	QHD43415.1	1	c.4877C>T	p.Thr1626Ile	missense_variant	MODERATE	0.0314193	69.7556	1845
2019-nCoV	5277	A	G	SNP	Heterozygous	orf1ab	QHD43415.1	1	c.5012A>G	p.Asp1671Gly	missense_variant	MODERATE	0.0215	5.47409	8918
2019-nCoV	5284	C	T	SNP	Heterozygous	orf1ab	QHD43415.1	1	c.5019C>T	p.Asn1673Asn	synonymous_variant	LOW	0.129453	1499.86	7175
2019-nCoV	5313	T	C	SNP	Heterozygous	orf1ab	QHD43415.1	1	c.5048T>C	p.Leu1683Pro	missense_variant	MODERATE	0.0285143	54.905	7376
2019-nCoV	5340	C	T	SNP	Heterozygous	orf1ab	QHD43415.1	1	c.5075C>T	p.Pro1692Leu	missense_variant	MODERATE	0.0165	5.92926	10424
2019-nCoV	5463	G	T	SNP	Heterozygous	orf1ab	QHD43415.1	1	c.5198G>T	p.Ser1733Ile	missense_variant	MODERATE	0.024012	31.1652	6807
2019-nCoV	5556	G	T	SNP	Heterozygous	orf1ab	QHD43415.1	1	c.5291G>T	p.Gly1764Val	missense_variant	MODERATE	0.037594	67.5515	3719
2019-nCoV	5558	G	T	SNP	Heterozygous	orf1ab	QHD43415.1	1	c.5293G>T	p.Val1765Leu	missense_variant	MODERATE	0.034	92.2248	3727
2019-nCoV	5621	C	T	SNP	Heterozygous	orf1ab	QHD43415.1	1	c.5356C>T	p.Pro1786Ser	missense_variant	MODERATE	0.0315	74.1448	20189
2019-nCoV	5702	CAGTATG	C	DEL	Heterozygous	orf1ab	QHD43415.1	1	c.5439_5444delGTATGA	p.Tyr1814_Glu1815del	disruptive_inframe_deletion	MODERATE	0.0238579	29.7111	16661
2019-nCoV	6033	C	T	SNP	Heterozygous	orf1ab	QHD43415.1	1	c.5768C>T	p.Ala1923Val	missense_variant	MODERATE	0.024024	30.85	13803
2019-nCoV	6285	C	T	SNP	Heterozygous	orf1ab	QHD43415.1	1	c.6020C>T	p.Thr2007Ile	missense_variant	MODERATE	0.0275	19.9721	15878
2019-nCoV	6371	A	C	SNP	Heterozygous	orf1ab	QHD43415.1	1	c.6106A>C	p.Met2036Leu	missense_variant	MODERATE	0.0362355	102.241	12343
2019-nCoV	6394	T	C	SNP	Heterozygous	orf1ab	QHD43415.1	1	c.6129T>C	p.Asp2043Asp	synonymous_variant	LOW	0.034	92.064	30245
2019-nCoV	6503	G	T	SNP	Heterozygous	orf1ab	QHD43415.1	1	c.6238G>T	p.Ala2080Ser	missense_variant	MODERATE	0.017017	6.96529	32627
2019-nCoV	6539	C	T	SNP	Heterozygous	orf1ab	QHD43415.1	1	c.6274C>T	p.His2092Tyr	missense_variant	MODERATE	0.046	198.568	19830
2019-nCoV	6551	A	C	SNP	Heterozygous	orf1ab	QHD43415.1	1	c.6286A>C	p.Met2096Leu	missense_variant	MODERATE	0.0410822	150.715	19591
2019-nCoV	6788	T	G	SNP	Heterozygous	orf1ab	QHD43415.1	1	c.6523T>G	p.Leu2175Val	missense_variant	MODERATE	0.0160804	5.18859	32580
2019-nCoV	6896	C	T	SNP	Heterozygous	orf1ab	QHD43415.1	1	c.6631C>T	p.Leu2211Leu	synonymous_variant	LOW	0.0795	623.844	3451
2019-nCoV	6979	T	G	SNP	Heterozygous	orf1ab	QHD43415.1	1	c.6714T>G	p.Val2238Val	synonymous_variant	LOW	0.0551932	297.03	3422
2019-nCoV	7010	G	T	SNP	Heterozygous	orf1ab	QHD43415.1	1	c.6745G>T	p.Ala2249Ser	missense_variant	MODERATE	0.0185093	10.5522	3304
2019-nCoV	7020	T	C	SNP	Heterozygous	orf1ab	QHD43415.1	1	c.6755T>C	p.Val2252Ala	missense_variant	MODERATE	0.0295739	63.0738	2036
2019-nCoV	7331	G	A	SNP	Heterozygous	orf1ab	QHD43415.1	1	c.7066G>A	p.Val2356Ile	missense_variant	MODERATE	0.0355178	53.7623	5901
2019-nCoV	7502	TACA	T	DEL	Heterozygous	orf1ab	QHD43415.1	1	c.7239_7241delCAA	p.Tyr2413_Lys2414delinsTer	stop_gained&disruptive_inframe_deletion	HIGH	0.0176056	8.62669	14772
2019-nCoV	7752	TG	T	DEL	Heterozygous	orf1ab	QHD43415.1	1	c.7488delG	p.Lys2497fs	frameshift_variant	HIGH	0.0415415	147.746	8354
2019-nCoV	7988	G	T	SNP	Heterozygous	orf1ab	QHD43415.1	1	c.7723G>T	p.Ala2575Ser	missense_variant	MODERATE	0.0210315	19.2441	24093
2019-nCoV	8196	C	T	SNP	Heterozygous	orf1ab	QHD43415.1	1	c.7931C>T	p.Ser2644Leu	missense_variant	MODERATE	0.0475	208.967	9031
2019-nCoV	8351	G	A	SNP	Heterozygous	orf1ab	QHD43415.1	1	c.8086G>A	p.Ala2696Thr	missense_variant	MODERATE	0.033	84.7231	6347
2019-nCoV	8393	G	T	SNP	Heterozygous	orf1ab	QHD43415.1	1	c.8128G>T	p.Ala2710Ser	missense_variant	MODERATE	0.059386	344.376	25827
2019-nCoV	8461	T	C	SNP	Heterozygous	orf1ab	QHD43415.1	1	c.8196T>C	p.Ala2732Ala	synonymous_variant	LOW	0.0315	74.097	20315
2019-nCoV	8496	G	A	SNP	Heterozygous	orf1ab	QHD43415.1	1	c.8231G>A	p.Cys2744Tyr	missense_variant	MODERATE	0.0315	74.1438	10235
2019-nCoV	8591	G	A	SNP	Heterozygous	orf1ab	QHD43415.1	1	c.8326G>A	p.Val2776Ile	missense_variant	MODERATE	0.0502765	148.655	17264
2019-nCoV	8618	G	T	SNP	Heterozygous	orf1ab	QHD43415.1	1	c.8353G>T	p.Ala2785Ser	missense_variant	MODERATE	0.0358043	106.55	17615
2019-nCoV	8718	G	C	SNP	Heterozygous	orf1ab	QHD43415.1	1	c.8453G>C	p.Arg2818Pro	missense_variant	MODERATE	0.0265265	43.5703	6989
2019-nCoV	8764	T	A	SNP	Heterozygous	orf1ab	QHD43415.1	1	c.8499T>A	p.Asp2833Glu	missense_variant	MODERATE	0.022579	7.15218	4748
2019-nCoV	8813	G	T	SNP	Heterozygous	orf1ab	QHD43415.1	1	c.8548G>T	p.Ala2850Ser	missense_variant	MODERATE	0.0595058	679.189	10189
2019-nCoV	9050	C	T	SNP	Heterozygous	orf1ab	QHD43415.1	1	c.8785C>T	p.Pro2929Ser	missense_variant	MODERATE	0.0230461	26.4361	13247
2019-nCoV	9344	C	T	SNP	Homozygous	orf1ab	QHD43415.1	1	c.9079C>T	p.Leu3027Phe	missense_variant	MODERATE	1.0	33511.5	7685
2019-nCoV	9424	A	G	SNP	Homozygous	orf1ab	QHD43415.1	1	c.9159A>G	p.Val3053Val	synonymous_variant	LOW	0.9995	36397.9	4639
2019-nCoV	9534	C	T	SNP	Homozygous	orf1ab	QHD43415.1	1	c.9269C>T	p.Thr3090Ile	missense_variant	MODERATE	0.997101	6039.43	343
2019-nCoV	9583	TG	T	DEL	Heterozygous	orf1ab	QHD43415.1	1	c.9319delG	p.Val3107fs	frameshift_variant	HIGH	0.0339869	72.8167	1538
2019-nCoV	9783	G	A	SNP	Heterozygous	orf1ab	QHD43415.1	1	c.9518G>A	p.Ser3173Asn	missense_variant	MODERATE	0.0425425	162.533	4793
2019-nCoV	9790	TG	T	DEL	Heterozygous	orf1ab	QHD43415.1	1	c.9526delG	p.Glu3176fs	frameshift_variant	HIGH	0.0332661	85.9598	4799
2019-nCoV	9820	AA	T	MIXED	Heterozygous	orf1ab	QHD43415.1	1	c.9555_9556delAAinsT	p.Leu3185fs	frameshift_variant&missense_variant	HIGH	0.0333333	46.909	4860
2019-nCoV	9826	A	G	SNP	Heterozygous	orf1ab	QHD43415.1	1	c.9561A>G	p.Lys3187Lys	synonymous_variant	LOW	0.0455	119.899	4868
2019-nCoV	9866	C	T	SNP	Heterozygous	orf1ab	QHD43415.1	1	c.9601C>T	p.Leu3201Phe	missense_variant	MODERATE	0.0719678	503.965	10838
2019-nCoV	10004	GA	TC	MNP	Heterozygous	orf1ab	QHD43415.1	1	c.9739_9740delGAinsTC	p.Asp3247Ser	missense_variant	MODERATE	0.0170085	6.96195	16323
2019-nCoV	10029	C	T	SNP	Homozygous	orf1ab	QHD43415.1	1	c.9764C>T	p.Thr3255Ile	missense_variant	MODERATE	1.0	33753.5	16241
2019-nCoV	10167	G	C	SNP	Heterozygous	orf1ab	QHD43415.1	1	c.9902G>C	p.Cys3301Ser	missense_variant	MODERATE	0.0315	74.1454	6729
2019-nCoV	10198	C	T	SNP	Homozygous	orf1ab	QHD43415.1	1	c.9933C>T	p.Asp3311Asp	synonymous_variant	LOW	0.9995	33821.0	21127
2019-nCoV	10369	C	T	SNP	Heterozygous	orf1ab	QHD43415.1	1	c.10104C>T	p.Arg3368Arg	synonymous_variant	LOW	0.067	448.907	13404
2019-nCoV	10396	G	A	SNP	Heterozygous	orf1ab	QHD43415.1	1	c.10131G>A	p.Val3377Val	synonymous_variant	LOW	0.0346212	49.8578	15332
2019-nCoV	10400	G	T	SNP	Heterozygous	orf1ab	QHD43415.1	1	c.10135G>T	p.Ala3379Ser	missense_variant	MODERATE	0.0175175	8.04851	15277
2019-nCoV	10418	C	T	SNP	Heterozygous	orf1ab	QHD43415.1	1	c.10153C>T	p.Pro3385Ser	missense_variant	MODERATE	0.0455	194.399	2865
2019-nCoV	10429	T	C	SNP	Heterozygous	orf1ab	QHD43415.1	1	c.10164T>C	p.Val3388Val	synonymous_variant	LOW	0.0447461	575.401	2827
2019-nCoV	10447	GCC	ACA	MNP	Homozygous	orf1ab	QHD43415.1	1	c.10182_10184delGCCinsACA	p.Pro3395His	missense_variant	MODERATE	1.0	35942.3	2783
2019-nCoV	10670	GC	G	DEL	Heterozygous	orf1ab	QHD43415.1	1	c.10406delC	p.Ala3469fs	frameshift_variant	HIGH	0.0393542	129.736	9782
2019-nCoV	10739	G	T	SNP	Heterozygous	orf1ab	QHD43415.1	1	c.10474G>T	p.Asp3492Tyr	missense_variant	MODERATE	0.032	77.6076	20175
2019-nCoV	10790	C	T	SNP	Heterozygous	orf1ab	QHD43415.1	1	c.10525C>T	p.His3509Tyr	missense_variant	MODERATE	0.0190285	12.0468	20348
2019-nCoV	10827	G	T	SNP	Heterozygous	orf1ab	QHD43415.1	1	c.10562G>T	p.Gly3521Val	missense_variant	MODERATE	0.0240722	31.0852	20368
2019-nCoV	10848	G	T	SNP	Heterozygous	orf1ab	QHD43415.1	1	c.10583G>T	p.Cys3528Phe	missense_variant	MODERATE	0.0280983	52.6946	20309
2019-nCoV	10870	G	T	SNP	Heterozygous	orf1ab	QHD43415.1	1	c.10605G>T	p.Leu3535Leu	synonymous_variant	LOW	0.0295148	59.7994	10152
2019-nCoV	10889	C	T	SNP	Heterozygous	orf1ab	QHD43415.1	1	c.10624C>T	p.Arg3542Cys	missense_variant	MODERATE	0.0745746	554.037	10125
2019-nCoV	10959	G	T	SNP	Heterozygous	orf1ab	QHD43415.1	1	c.10694G>T	p.Gly3565Val	missense_variant	MODERATE	0.0275138	20.4431	9980
2019-nCoV	11044	T	C	SNP	Heterozygous	orf1ab	QHD43415.1	1	c.10779T>C	p.Val3593Val	synonymous_variant	LOW	0.041604	158.512	15056
2019-nCoV	11075	T	C	SNP	Heterozygous	orf1ab	QHD43415.1	1	c.10810T>C	p.Phe3604Leu	missense_variant	MODERATE	0.0475709	605.662	15042
2019-nCoV	11146	G	T	SNP	Heterozygous	orf1ab	QHD43415.1	1	c.10881G>T	p.Met3627Ile	missense_variant	MODERATE	0.0476429	196.837	4647
2019-nCoV	11173	C	T	SNP	Heterozygous	orf1ab	QHD43415.1	1	c.10908C>T	p.Leu3636Leu	synonymous_variant	LOW	0.0245245	33.6348	18117
2019-nCoV	11183	T	C	SNP	Heterozygous	orf1ab	QHD43415.1	1	c.10918T>C	p.Leu3640Leu	synonymous_variant	LOW	0.0257446	38.1354	18182
2019-nCoV	11258	A	G	SNP	Heterozygous	orf1ab	QHD43415.1	1	c.10993A>G	p.Thr3665Ala	missense_variant	MODERATE	0.0165	5.92346	13557
2019-nCoV	11287	GTCTGGTTTT	G	DEL	Homozygous	orf1ab	QHD43415.1	1	c.11023_11031delTCTGGTTTT	p.Ser3675_Phe3677del	conservative_inframe_deletion	MODERATE	1.0	36155.1	25313
2019-nCoV	11333	G	T	SNP	Heterozygous	orf1ab	QHD43415.1	1	c.11068G>T	p.Val3690Leu	missense_variant	MODERATE	0.0235118	29.1979	25936
2019-nCoV	11467	G	A	SNP	Heterozygous	orf1ab	QHD43415.1	1	c.11202G>A	p.Trp3734*	stop_gained	HIGH	0.0347782	98.5497	18422
2019-nCoV	11534	G	A	SNP	Heterozygous	orf1ab	QHD43415.1	1	c.11269G>A	p.Gly3757Ser	missense_variant	MODERATE	0.033	42.4782	13336
2019-nCoV	11653	C	T	SNP	Heterozygous	orf1ab	QHD43415.1	1	c.11388C>T	p.Leu3796Leu	synonymous_variant	LOW	0.0399192	134.594	7754
2019-nCoV	11674	C	T	SNP	Heterozygous	orf1ab	QHD43415.1	1	c.11409C>T	p.Tyr3803Tyr	synonymous_variant	LOW	0.0851703	714.035	7765
2019-nCoV	11717	C	T	SNP	Heterozygous	orf1ab	QHD43415.1	1	c.11452C>T	p.Gln3818*	stop_gained	HIGH	0.027	18.6895	22238
2019-nCoV	11750	C	T	SNP	Heterozygous	orf1ab	QHD43415.1	1	c.11485C>T	p.Leu3829Phe	missense_variant	MODERATE	0.062	381.7	14368
2019-nCoV	11837	G	T	SNP	Heterozygous	orf1ab	QHD43415.1	1	c.11572G>T	p.Val3858Leu	missense_variant	MODERATE	0.0195	13.4005	30104
2019-nCoV	12160	G	A	SNP	Heterozygous	orf1ab	QHD43415.1	1	c.11895G>A	p.Glu3965Glu	synonymous_variant	LOW	0.830831	26309.8	6734
2019-nCoV	12310	G	A	SNP	Heterozygous	orf1ab	QHD43415.1	1	c.12045G>A	p.Gln4015Gln	synonymous_variant	LOW	0.103604	789.129	10990
2019-nCoV	12351	TG	T	DEL	Heterozygous	orf1ab	QHD43415.1	1	c.12087delG	p.Met4029fs	frameshift_variant	HIGH	0.0281407	53.6346	11405
2019-nCoV	12627	ATT	A	DEL	Heterozygous	orf1ab	QHD43415.1	1	c.12364_12365delTT	p.Leu4122fs	frameshift_variant	HIGH	0.0350526	52.1126	21870
2019-nCoV	12632	G	T	SNP	Heterozygous	orf1ab	QHD43415.1	1	c.12367G>T	p.Ala4123Ser	missense_variant	MODERATE	0.041	150.452	21932
2019-nCoV	12789	C	T	SNP	Heterozygous	orf1ab	QHD43415.1	1	c.12524C>T	p.Thr4175Ile	missense_variant	MODERATE	0.0503271	155.22	8190
2019-nCoV	12809	C	CT	INS	Heterozygous	orf1ab	QHD43415.1	1	c.12546dupT	p.Ala4183fs	frameshift_variant	HIGH	0.0497487	106.079	8422
2019-nCoV	12880	C	T	SNP	Homozygous	orf1ab	QHD43415.1	1	c.12615C>T	p.Ile4205Ile	synonymous_variant	LOW	1.0	36416.6	13709
2019-nCoV	12964	A	G	SNP	Heterozygous	orf1ab	QHD43415.1	1	c.12699A>G	p.Gly4233Gly	synonymous_variant	LOW	0.018018	8.67313	12738
2019-nCoV	13054	T	C	SNP	Heterozygous	orf1ab	QHD43415.1	1	c.12789T>C	p.Asn4263Asn	synonymous_variant	LOW	0.0445	112.497	17787
2019-nCoV	13068	C	T	SNP	Heterozygous	orf1ab	QHD43415.1	1	c.12803C>T	p.Ser4268Phe	missense_variant	MODERATE	0.0415208	153.808	17812
2019-nCoV	13175	A	G	SNP	Heterozygous	orf1ab	QHD43415.1	1	c.12910A>G	p.Thr4304Ala	missense_variant	MODERATE	0.0175	8.03771	27031
2019-nCoV	13217	C	T	SNP	Heterozygous	orf1ab	QHD43415.1	1	c.12952C>T	p.Gln4318*	stop_gained	HIGH	0.0250125	35.5782	26770
2019-nCoV	13632	T	C	SNP	Heterozygous	orf1ab	QHD43415.1	2	c.13368T>C	p.Asn4456Asn	synonymous_variant	LOW	0.0251762	243.006	7727
2019-nCoV	13785	A	G	SNP	Heterozygous	orf1ab	QHD43415.1	2	c.13521A>G	p.Ser4507Ser	synonymous_variant	LOW	0.024788	10.893	1533
2019-nCoV	13818	C	T	SNP	Heterozygous	orf1ab	QHD43415.1	2	c.13554C>T	p.Asp4518Asp	synonymous_variant	LOW	0.044582	150.132	1611
2019-nCoV	13982	G	A	SNP	Heterozygous	orf1ab	QHD43415.1	2	c.13718G>A	p.Arg4573His	missense_variant	MODERATE	0.0265	43.3539	6777
2019-nCoV	14200	G	T	SNP	Heterozygous	orf1ab	QHD43415.1	2	c.13936G>T	p.Glu4646*	stop_gained	HIGH	0.0315	74.1525	13183
2019-nCoV	14377	T	C	SNP	Heterozygous	orf1ab	QHD43415.1	2	c.14113T>C	p.Phe4705Leu	missense_variant	MODERATE	0.058312	224.134	1960
2019-nCoV	14408	C	T	SNP	Homozygous	orf1ab	QHD43415.1	2	c.14144C>T	p.Pro4715Leu	missense_variant	MODERATE	0.989	33067.5	2024
2019-nCoV	14670	C	T	SNP	Heterozygous	orf1ab	QHD43415.1	2	c.14406C>T	p.Val4802Val	synonymous_variant	LOW	0.040282	143.204	10746
2019-nCoV	14708	C	T	SNP	Heterozygous	orf1ab	QHD43415.1	2	c.14444C>T	p.Ala4815Val	missense_variant	MODERATE	0.0165165	5.84637	10703
2019-nCoV	14742	T	C	SNP	Heterozygous	orf1ab	QHD43415.1	2	c.14478T>C	p.Ser4826Ser	synonymous_variant	LOW	0.054	285.489	5205
2019-nCoV	14791	A	C	SNP	Heterozygous	orf1ab	QHD43415.1	2	c.14527A>C	p.Ser4843Arg	missense_variant	MODERATE	0.0195293	12.8871	9850
2019-nCoV	14877	C	T	SNP	Heterozygous	orf1ab	QHD43415.1	2	c.14613C>T	p.Tyr4871Tyr	synonymous_variant	LOW	0.0466867	199.585	4228
2019-nCoV	14925	C	T	SNP	Heterozygous	orf1ab	QHD43415.1	2	c.14661C>T	p.Val4887Val	synonymous_variant	LOW	0.0386935	124.633	13379
2019-nCoV	15002	A	G	SNP	Heterozygous	orf1ab	QHD43415.1	2	c.14738A>G	p.Tyr4913Cys	missense_variant	MODERATE	0.071	504.075	19065
2019-nCoV	15050	C	T	SNP	Heterozygous	orf1ab	QHD43415.1	2	c.14786C>T	p.Pro4929Leu	missense_variant	MODERATE	0.027	18.6654	24332
2019-nCoV	15200	T	C	SNP	Heterozygous	orf1ab	QHD43415.1	2	c.14936T>C	p.Val4979Ala	missense_variant	MODERATE	0.0275	48.9121	19634
2019-nCoV	15714	C	T	SNP	Homozygous	orf1ab	QHD43415.1	2	c.15450C>T	p.Leu5150Leu	synonymous_variant	LOW	1.0	36158.9	30958
2019-nCoV	15721	G	T	SNP	Heterozygous	orf1ab	QHD43415.1	2	c.15457G>T	p.Asp5153Tyr	missense_variant	MODERATE	0.029	58.8231	30912
2019-nCoV	15763	C	T	SNP	Heterozygous	orf1ab	QHD43415.1	2	c.15499C>T	p.Leu5167Leu	synonymous_variant	LOW	0.022679	20.3294	1412
2019-nCoV	15779	A	G	SNP	Heterozygous	orf1ab	QHD43415.1	2	c.15515A>G	p.Lys5172Arg	missense_variant	MODERATE	0.0446559	88.5559	1380
2019-nCoV	16147	T	C	SNP	Heterozygous	orf1ab	QHD43415.1	2	c.15883T>C	p.Tyr5295His	missense_variant	MODERATE	0.023	26.2255	20649
2019-nCoV	16152	T	C	SNP	Heterozygous	orf1ab	QHD43415.1	2	c.15888T>C	p.Ser5296Ser	synonymous_variant	LOW	0.0225	23.9655	20680
2019-nCoV	16218	A	G	SNP	Heterozygous	orf1ab	QHD43415.1	2	c.15954A>G	p.Thr5318Thr	synonymous_variant	LOW	0.0205	16.6378	21423
2019-nCoV	16323	C	T	SNP	Heterozygous	orf1ab	QHD43415.1	2	c.16059C>T	p.Cys5353Cys	synonymous_variant	LOW	0.032	77.5855	24733
2019-nCoV	16349	C	T	SNP	Heterozygous	orf1ab	QHD43415.1	2	c.16085C>T	p.Ser5362Leu	missense_variant	MODERATE	0.032016	77.6442	24759
2019-nCoV	16362	C	T	SNP	Heterozygous	orf1ab	QHD43415.1	2	c.16098C>T	p.Val5366Val	synonymous_variant	LOW	0.0335	85.5843	35079
2019-nCoV	16575	C	T	SNP	Heterozygous	orf1ab	QHD43415.1	2	c.16311C>T	p.Asp5437Asp	synonymous_variant	LOW	0.0341194	47.8965	9331
2019-nCoV	16631	T	C	SNP	Heterozygous	orf1ab	QHD43415.1	2	c.16367T>C	p.Leu5456Pro	missense_variant	MODERATE	0.0297283	27.4148	15709
2019-nCoV	16647	G	A	SNP	Heterozygous	orf1ab	QHD43415.1	2	c.16383G>A	p.Thr5461Thr	synonymous_variant	LOW	0.0375	66.7315	15999
2019-nCoV	16700	G	T	SNP	Heterozygous	orf1ab	QHD43415.1	2	c.16436G>T	p.Arg5479Leu	missense_variant	MODERATE	0.0215	5.49286	15785
2019-nCoV	16795	G	T	SNP	Heterozygous	orf1ab	QHD43415.1	2	c.16531G>T	p.Val5511Leu	missense_variant	MODERATE	0.0245123	203.11	13119
2019-nCoV	16842	A	G	SNP	Heterozygous	orf1ab	QHD43415.1	2	c.16578A>G	p.Lys5526Lys	synonymous_variant	LOW	0.0221886	6.42537	6642
2019-nCoV	16935	G	A	SNP	Heterozygous	orf1ab	QHD43415.1	2	c.16671G>A	p.Met5557Ile	missense_variant	MODERATE	0.11956	1315.79	27430
2019-nCoV	17014	GAT	G	DEL	Heterozygous	orf1ab	QHD43415.1	2	c.16751_16752delAT	p.Asp5584fs	frameshift_variant	HIGH	0.0215108	19.8776	21049
2019-nCoV	17278	G	T	SNP	Heterozygous	orf1ab	QHD43415.1	2	c.17014G>T	p.Val5672Leu	missense_variant	MODERATE	0.0599496	355.629	44726
2019-nCoV	17285	C	T	SNP	Heterozygous	orf1ab	QHD43415.1	2	c.17021C>T	p.Ser5674Leu	missense_variant	MODERATE	0.0375188	112.929	45017
2019-nCoV	17391	TG	T	DEL	Heterozygous	orf1ab	QHD43415.1	2	c.17128delG	p.Val5710fs	frameshift_variant	HIGH	0.0345518	97.0281	23928
2019-nCoV	17406	A	G	SNP	Heterozygous	orf1ab	QHD43415.1	2	c.17142A>G	p.Arg5714Arg	synonymous_variant	LOW	0.0205	16.5978	23820
2019-nCoV	17410	C	T	SNP	Homozygous	orf1ab	QHD43415.1	2	c.17146C>T	p.Arg5716Cys	missense_variant	MODERATE	1.0	33929.0	23740
2019-nCoV	17634	C	T	SNP	Heterozygous	orf1ab	QHD43415.1	2	c.17370C>T	p.Asp5790Asp	synonymous_variant	LOW	0.117117	1260.03	13823
2019-nCoV	17648	G	T	SNP	Heterozygous	orf1ab	QHD43415.1	2	c.17384G>T	p.Cys5795Phe	missense_variant	MODERATE	0.0370185	115.892	15140
2019-nCoV	17762	C	T	SNP	Heterozygous	orf1ab	QHD43415.1	2	c.17498C>T	p.Ala5833Val	missense_variant	MODERATE	0.0375188	118.539	8369
2019-nCoV	18153	A	G	SNP	Heterozygous	orf1ab	QHD43415.1	2	c.17889A>G	p.Leu5963Leu	synonymous_variant	LOW	0.0386158	263.734	9156
2019-nCoV	18163	A	G	SNP	Homozygous	orf1ab	QHD43415.1	2	c.17899A>G	p.Ile5967Val	missense_variant	MODERATE	0.998496	33735.1	9184
2019-nCoV	18222	A	T	SNP	Heterozygous	orf1ab	QHD43415.1	2	c.17958A>T	p.Lys5986Asn	missense_variant	MODERATE	0.017163	14.5363	17464
2019-nCoV	18274	G	T	SNP	Heterozygous	orf1ab	QHD43415.1	2	c.18010G>T	p.Ala6004Ser	missense_variant	MODERATE	0.0175	8.07941	8812
2019-nCoV	18289	C	T	SNP	Heterozygous	orf1ab	QHD43415.1	2	c.18025C>T	p.Arg6009Cys	missense_variant	MODERATE	0.016	5.06636	18025
2019-nCoV	18396	TG	T	DEL	Heterozygous	orf1ab	QHD43415.1	2	c.18133delG	p.Val6045fs	frameshift_variant	HIGH	0.0311245	70.5468	9282
2019-nCoV	18443	G	T	SNP	Heterozygous	orf1ab	QHD43415.1	2	c.18179G>T	p.Arg6060Ile	missense_variant	MODERATE	0.0455	193.515	9291
2019-nCoV	18605	GC	T	MIXED	Heterozygous	orf1ab	QHD43415.1	2	c.18341_18342delGCinsT	p.Gly6114fs	frameshift_variant&missense_variant	HIGH	0.0206237	17.3123	9009
2019-nCoV	18669	T	C	SNP	Heterozygous	orf1ab	QHD43415.1	2	c.18405T>C	p.Cys6135Cys	synonymous_variant	LOW	0.0225	7.22011	4489
2019-nCoV	18721	C	T	SNP	Heterozygous	orf1ab	QHD43415.1	2	c.18457C>T	p.His6153Tyr	missense_variant	MODERATE	0.0455	119.045	4260
2019-nCoV	18859	G	T	SNP	Heterozygous	orf1ab	QHD43415.1	2	c.18595G>T	p.Ala6199Ser	missense_variant	MODERATE	0.0285143	54.8726	18166
2019-nCoV	18884	T	C	SNP	Heterozygous	orf1ab	QHD43415.1	2	c.18620T>C	p.Val6207Ala	missense_variant	MODERATE	0.0325163	38.7701	18307
2019-nCoV	18897	T	C	SNP	Heterozygous	orf1ab	QHD43415.1	2	c.18633T>C	p.Phe6211Phe	synonymous_variant	LOW	0.0285	54.8049	17271
2019-nCoV	19241	T	C	SNP	Heterozygous	orf1ab	QHD43415.1	2	c.18977T>C	p.Phe6326Ser	missense_variant	MODERATE	0.0275413	47.6632	15804
2019-nCoV	19477	G	A	SNP	Heterozygous	orf1ab	QHD43415.1	2	c.19213G>A	p.Gly6405Ser	missense_variant	MODERATE	0.023	8.05859	12276
2019-nCoV	19491	T	C	SNP	Heterozygous	orf1ab	QHD43415.1	2	c.19227T>C	p.Cys6409Cys	synonymous_variant	LOW	0.0240361	31.329	12326
2019-nCoV	19501	G	A	SNP	Heterozygous	orf1ab	QHD43415.1	2	c.19237G>A	p.Ala6413Thr	missense_variant	MODERATE	0.032032	76.585	12306
2019-nCoV	19538	TG	C	MIXED	Heterozygous	orf1ab	QHD43415.1	2	c.19274_19275delTGinsC	p.Met6425fs	frameshift_variant&missense_variant	HIGH	0.0696618	480.655	4200
2019-nCoV	19884	C	T	SNP	Heterozygous	orf1ab	QHD43415.1	2	c.19620C>T	p.Tyr6540Tyr	synonymous_variant	LOW	0.0170512	7.30777	25111
2019-nCoV	19955	C	T	SNP	Heterozygous	orf1ab	QHD43415.1	2	c.19691C>T	p.Thr6564Ile	missense_variant	MODERATE	0.9825	34988.3	22981
2019-nCoV	20055	A	G	SNP	Heterozygous	orf1ab	QHD43415.1	2	c.19791A>G	p.Glu6597Glu	synonymous_variant	LOW	0.979889	31995.8	17691
2019-nCoV	20132	C	T	SNP	Heterozygous	orf1ab	QHD43415.1	2	c.19868C>T	p.Ala6623Val	missense_variant	MODERATE	0.0315315	74.3325	8006
2019-nCoV	20174	T	C	SNP	Heterozygous	orf1ab	QHD43415.1	2	c.19910T>C	p.Val6637Ala	missense_variant	MODERATE	0.027027	45.0704	8223
2019-nCoV	20261	TAG	T	DEL	Heterozygous	orf1ab	QHD43415.1	2	c.19999_20000delGA	p.Glu6667fs	frameshift_variant	HIGH	0.0195195	14.0716	6717
2019-nCoV	20313	C	T	SNP	Heterozygous	orf1ab	QHD43415.1	2	c.20049C>T	p.Ala6683Ala	synonymous_variant	LOW	0.0215	5.22917	27876
2019-nCoV	20361	T	C	SNP	Heterozygous	orf1ab	QHD43415.1	2	c.20097T>C	p.Gly6699Gly	synonymous_variant	LOW	0.0461847	199.186	21399
2019-nCoV	20401	T	C	SNP	Heterozygous	orf1ab	QHD43415.1	2	c.20137T>C	p.Ser6713Pro	missense_variant	MODERATE	0.0175	8.04747	32819
2019-nCoV	20478	T	C	SNP	Heterozygous	orf1ab	QHD43415.1	2	c.20214T>C	p.Gly6738Gly	synonymous_variant	LOW	0.043	169.139	11497
2019-nCoV	20594	C	T	SNP	Heterozygous	orf1ab	QHD43415.1	2	c.20330C>T	p.Thr6777Ile	missense_variant	MODERATE	0.022	22.1727	20872
2019-nCoV	20627	G	T	SNP	Heterozygous	orf1ab	QHD43415.1	2	c.20363G>T	p.Gly6788Val	missense_variant	MODERATE	0.032016	38.1847	8885
2019-nCoV	20723	TA	T	DEL	Heterozygous	orf1ab	QHD43415.1	2	c.20460delA	p.Glu6821fs	frameshift_variant	HIGH	0.0403633	73.4061	9234
2019-nCoV	20822	A	T	SNP	Heterozygous	orf1ab	QHD43415.1	2	c.20558A>T	p.Asn6853Ile	missense_variant	MODERATE	0.0303183	173.749	15009
2019-nCoV	21005	C	T	SNP	Heterozygous	orf1ab	QHD43415.1	2	c.20741C>T	p.Ala6914Val	missense_variant	MODERATE	0.0205103	16.6559	16397
2019-nCoV	21618	C	T	SNP	Homozygous	S	QHD43416.1	1	c.56C>T	p.Thr19Ile	missense_variant	MODERATE	0.998998	33832.4	8778
2019-nCoV	21632	TTACCCCCTG	T	DEL	Homozygous	S	QHD43416.1	1	c.71_79delTACCCCCTG	p.Leu24_Ala27delinsSer	disruptive_inframe_deletion	MODERATE	1.0	36260.2	8580
2019-nCoV	21702	T	C	SNP	Heterozygous	S	QHD43416.1	1	c.140T>C	p.Val47Ala	missense_variant	MODERATE	0.0476429	213.349	6668
2019-nCoV	21762	CTATACATG	TTA	MIXED	Heterozygous	S	QHD43416.1	1	c.200_208delCTATACATGinsTTA	p.Ala67_Val70delinsValIle	missense_variant&disruptive_inframe_deletion	MODERATE	0.0276521	34941.1	9130
2019-nCoV	21764	ATACATG	A	DEL	Heterozygous	S	QHD43416.1	1	c.204_209delACATGT	p.His69_Val70del	disruptive_inframe_deletion	MODERATE	0.956762	34941.1	9130
2019-nCoV	21776	G	A	SNP	Heterozygous	S	QHD43416.1	1	c.214G>A	p.Gly72Arg	missense_variant	MODERATE	0.0175791	8.25837	9248
2019-nCoV	21789	C	T	SNP	Heterozygous	S	QHD43416.1	1	c.227C>T	p.Thr76Ile	missense_variant	MODERATE	0.0585	339.174	9274
2019-nCoV	21929	G	T	SNP	Heterozygous	S	QHD43416.1	1	c.367G>T	p.Ala123Ser	missense_variant	MODERATE	0.0270135	45.9469	15791
2019-nCoV	21939	TTG	T	DEL	Heterozygous	S	QHD43416.1	1	c.379_380delGT	p.Val127fs	frameshift_variant	HIGH	0.0263558	90.034	15851
2019-nCoV	21987	G	A	SNP	Homozygous	S	QHD43416.1	1	c.425G>A	p.Gly142Asp	missense_variant	MODERATE	1.0	33456.7	13332
2019-nCoV	22075	C	T	SNP	Heterozygous	S	QHD43416.1	1	c.513C>T	p.Val171Val	synonymous_variant	LOW	0.032	77.6088	7308
2019-nCoV	22104	G	T	SNP	Heterozygous	S	QHD43416.1	1	c.542G>T	p.Gly181Val	missense_variant	MODERATE	0.039039	132.55	14807
2019-nCoV	22200	T	G	SNP	Homozygous	S	QHD43416.1	1	c.638T>G	p.Val213Gly	missense_variant	MODERATE	0.993994	35924.3	8653
2019-nCoV	22225	G	A	SNP	Heterozygous	S	QHD43416.1	1	c.663G>A	p.Ser221Ser	synonymous_variant	LOW	0.032016	77.3952	9026
2019-nCoV	22264	C	T	SNP	Heterozygous	S	QHD43416.1	1	c.702C>T	p.Asn234Asn	synonymous_variant	LOW	0.036665	111.59	15287
2019-nCoV	22344	GT	G	DEL	Heterozygous	S	QHD43416.1	1	c.783delT	p.Ala262fs	frameshift_variant	HIGH	0.0280843	52.1663	5952
2019-nCoV	22498	C	T	SNP	Heterozygous	S	QHD43416.1	1	c.936C>T	p.Ile312Ile	synonymous_variant	LOW	0.02001	15.3102	9822
2019-nCoV	22567	G	T	SNP	Heterozygous	S	QHD43416.1	1	c.1005G>T	p.Leu335Phe	missense_variant	MODERATE	0.018	9.23818	9340
2019-nCoV	22578	G	A	SNP	Homozygous	S	QHD43416.1	1	c.1016G>A	p.Gly339Asp	missense_variant	MODERATE	0.997998	33757.7	9313
2019-nCoV	22645	T	C	SNP	Heterozygous	S	QHD43416.1	1	c.1083T>C	p.Cys361Cys	synonymous_variant	LOW	0.017	6.93453	3661
2019-nCoV	22674	C	T	SNP	Homozygous	S	QHD43416.1	1	c.1112C>T	p.Ser371Phe	missense_variant	MODERATE	0.999499	33746.2	3591
2019-nCoV	22679	T	C	SNP	Homozygous	S	QHD43416.1	1	c.1117T>C	p.Ser373Pro	missense_variant	MODERATE	0.995996	33413.1	3503
2019-nCoV	22686	CCA	TCG	MNP	Homozygous	S	QHD43416.1	1	c.1124_1126delCCAinsTCG	p.SerThr375PheAla	missense_variant	MODERATE	0.998665	12443.1	908
2019-nCoV	22708	G	T	SNP	Heterozygous	S	QHD43416.1	1	c.1146G>T	p.Val382Val	synonymous_variant	LOW	0.0344388	43.9063	784
2019-nCoV	22775	G	A	SNP	Homozygous	S	QHD43416.1	1	c.1213G>A	p.Asp405Asn	missense_variant	MODERATE	1.0	12063.4	716
2019-nCoV	22786	A	C	SNP	Homozygous	S	QHD43416.1	1	c.1224A>C	p.Arg408Ser	missense_variant	MODERATE	1.0	12427.8	697
2019-nCoV	22792	C	T	SNP	Heterozygous	S	QHD43416.1	1	c.1230C>T	p.Ile410Ile	synonymous_variant	LOW	0.0368794	47.5348	706
2019-nCoV	22813	G	T	SNP	Homozygous	S	QHD43416.1	1	c.1251G>T	p.Lys417Asn	missense_variant	MODERATE	1.0	33862.0	15421
2019-nCoV	22857	G	C	SNP	Heterozygous	S	QHD43416.1	1	c.1295G>C	p.Cys432Ser	missense_variant	MODERATE	0.0305458	67.6323	15245
2019-nCoV	22882	T	G	SNP	Homozygous	S	QHD43416.1	1	c.1320T>G	p.Asn440Lys	missense_variant	MODERATE	0.998495	33693.5	25371
2019-nCoV	22893	A	G	SNP	Heterozygous	S	QHD43416.1	1	c.1331A>G	p.Lys444Arg	missense_variant	MODERATE	0.0245	11.5694	25531
2019-nCoV	22901	G	A	SNP	Heterozygous	S	QHD43416.1	1	c.1339G>A	p.Gly447Ser	missense_variant	MODERATE	0.0165	5.92406	25555
2019-nCoV	22917	T	A	SNP	Heterozygous	S	QHD43416.1	1	c.1355T>A	p.Leu452Gln	missense_variant	MODERATE	0.0821643	35807.9	25285
2019-nCoV	22917	T	G	SNP	Heterozygous	S	QHD43416.1	1	c.1355T>G	p.Leu452Arg	missense_variant	MODERATE	0.911323	35807.9	25285
2019-nCoV	22964	A	T	SNP	Heterozygous	S	QHD43416.1	1	c.1402A>T	p.Ile468Phe	missense_variant	MODERATE	0.0180542	9.28914	10166
2019-nCoV	22992	GCAC	ACAA	MNP	Homozygous	S	QHD43416.1	1	c.1430_1433delGCACinsACAA	p.SerThr477AsnLys	missense_variant	MODERATE	1.0	36292.2	9692
2019-nCoV	23013	A	C	SNP	Homozygous	S	QHD43416.1	1	c.1451A>C	p.Glu484Ala	missense_variant	MODERATE	0.99749	36086.2	15160
2019-nCoV	23018	T	G	SNP	Heterozygous	S	QHD43416.1	1	c.1456T>G	p.Phe486Val	missense_variant	MODERATE	0.897744	31071.3	15194
2019-nCoV	23040	A	G	SNP	Heterozygous	S	QHD43416.1	1	c.1478A>G	p.Gln493Arg	missense_variant	MODERATE	0.0671343	448.348	14925
2019-nCoV	23055	A	G	SNP	Homozygous	S	QHD43416.1	1	c.1493A>G	p.Gln498Arg	missense_variant	MODERATE	1.0	33656.2	5762
2019-nCoV	23063	A	T	SNP	Homozygous	S	QHD43416.1	1	c.1501A>T	p.Asn501Tyr	missense_variant	MODERATE	0.993477	33157.9	5847
2019-nCoV	23075	T	C	SNP	Homozygous	S	QHD43416.1	1	c.1513T>C	p.Tyr505His	missense_variant	MODERATE	0.998999	33775.5	5958
2019-nCoV	23082	C	G	SNP	Heterozygous	S	QHD43416.1	1	c.1520C>G	p.Pro507Arg	missense_variant	MODERATE	0.0230115	8.20497	6030
2019-nCoV	23311	G	C	SNP	Heterozygous	S	QHD43416.1	1	c.1749G>C	p.Glu583Asp	missense_variant	MODERATE	0.0335503	88.6413	17275
2019-nCoV	23403	A	G	SNP	Homozygous	S	QHD43416.1	1	c.1841A>G	p.Asp614Gly	missense_variant	MODERATE	1.0	33629.1	26385
2019-nCoV	23425	T	C	SNP	Heterozygous	S	QHD43416.1	1	c.1863T>C	p.Pro621Pro	synonymous_variant	LOW	0.0884867	755.565	26447
2019-nCoV	23482	T	C	SNP	Heterozygous	S	QHD43416.1	1	c.1920T>C	p.Ser640Ser	synonymous_variant	LOW	0.0300903	30.3733	9357
2019-nCoV	23525	C	T	SNP	Homozygous	S	QHD43416.1	1	c.1963C>T	p.His655Tyr	missense_variant	MODERATE	0.998498	33785.9	41707
2019-nCoV	23535	A	G	SNP	Heterozygous	S	QHD43416.1	1	c.1973A>G	p.Asn658Ser	missense_variant	MODERATE	0.0765766	582.626	41701
2019-nCoV	23587	G	A	SNP	Heterozygous	S	QHD43416.1	1	c.2025G>A	p.Gln675Gln	synonymous_variant	LOW	0.0685	468.572	58905
2019-nCoV	23599	T	G	SNP	Homozygous	S	QHD43416.1	1	c.2037T>G	p.Asn679Lys	missense_variant	MODERATE	0.993991	33421.0	58964
2019-nCoV	23604	C	A	SNP	Homozygous	S	QHD43416.1	1	c.2042C>A	p.Pro681His	missense_variant	MODERATE	0.995495	36045.9	59023
2019-nCoV	23650	T	C	SNP	Heterozygous	S	QHD43416.1	1	c.2088T>C	p.Thr696Thr	synonymous_variant	LOW	0.028014	22.0805	27007
2019-nCoV	23668	A	G	SNP	Heterozygous	S	QHD43416.1	1	c.2106A>G	p.Glu702Glu	synonymous_variant	LOW	0.0231272	27.0385	27207
2019-nCoV	23673	C	T	SNP	Heterozygous	S	QHD43416.1	1	c.2111C>T	p.Ser704Leu	missense_variant	MODERATE	0.112168	1176.35	27261
2019-nCoV	23854	C	A	SNP	Homozygous	S	QHD43416.1	1	c.2292C>A	p.Asn764Lys	missense_variant	MODERATE	0.999499	33614.5	10300
2019-nCoV	23948	GATTTTGG	TATTTGTGGT	MIXED	Heterozygous	S	QHD43416.1	1	c.2386_2393delGATTTTGGinsTATTTGTGGT	p.Asp796fs	frameshift_variant&missense_variant	HIGH	0.0500766	34700.9	9973
2019-nCoV	23948	G	T	SNP	Heterozygous	S	QHD43416.1	1	c.2386G>T	p.Asp796Tyr	missense_variant	MODERATE	0.915687	34700.9	9973
2019-nCoV	24050	G	T	SNP	Heterozygous	S	QHD43416.1	1	c.2488G>T	p.Asp830Tyr	missense_variant	MODERATE	0.027027	46.2235	18417
2019-nCoV	24069	AAT	A	DEL	Heterozygous	S	QHD43416.1	1	c.2510_2511delAT	p.Tyr837fs	frameshift_variant	HIGH	0.0161128	33.7595	18382
2019-nCoV	24106	C	T	SNP	Heterozygous	S	QHD43416.1	1	c.2544C>T	p.Asp848Asp	synonymous_variant	LOW	0.0838774	702.2	12653
2019-nCoV	24127	T	C	SNP	Heterozygous	S	QHD43416.1	1	c.2565T>C	p.Phe855Phe	synonymous_variant	LOW	0.0377074	76.8881	12294
2019-nCoV	24141	T	C	SNP	Heterozygous	S	QHD43416.1	1	c.2579T>C	p.Val860Ala	missense_variant	MODERATE	0.0426065	159.052	12206
2019-nCoV	24424	AAA	TAAT	MIXED	Homozygous	S	QHD43416.1	1	c.2862_2864delAAAinsTAAT	p.Gln954fs	frameshift_variant&missense_variant	HIGH	0.993973	33507.1	26662
2019-nCoV	24442	C	T	SNP	Heterozygous	S	QHD43416.1	1	c.2880C>T	p.Asn960Asn	synonymous_variant	LOW	0.026013	40.7351	26816
2019-nCoV	24469	T	A	SNP	Homozygous	S	QHD43416.1	1	c.2907T>A	p.Asn969Lys	missense_variant	MODERATE	0.994489	32985.6	37956
2019-nCoV	24749	T	C	SNP	Heterozygous	S	QHD43416.1	1	c.3187T>C	p.Leu1063Leu	synonymous_variant	LOW	0.026026	15.7569	11941
2019-nCoV	24805	T	C	SNP	Heterozygous	S	QHD43416.1	1	c.3243T>C	p.Ile1081Ile	synonymous_variant	LOW	0.0286001	55.4992	1634
2019-nCoV	24893	G	T	SNP	Heterozygous	S	QHD43416.1	1	c.3331G>T	p.Glu1111*	stop_gained	HIGH	0.0405203	143.397	15705
2019-nCoV	25000	C	T	SNP	Homozygous	S	QHD43416.1	1	c.3438C>T	p.Asp1146Asp	synonymous_variant	LOW	1.0	33505.2	27187
2019-nCoV	25334	G	C	SNP	Heterozygous	S	QHD43416.1	1	c.3772G>C	p.Glu1258Gln	missense_variant	MODERATE	0.0870871	746.249	3472
2019-nCoV	25416	C	T	SNP	Heterozygous	ORF3a	QHD43417.1	1	c.24C>T	p.Phe8Phe	synonymous_variant	LOW	0.0735368	537.618	20124
2019-nCoV	25429	G	T	SNP	Heterozygous	ORF3a	QHD43417.1	1	c.37G>T	p.Val13Leu	missense_variant	MODERATE	0.055	296.938	19896
2019-nCoV	25458	T	C	SNP	Heterozygous	ORF3a	QHD43417.1	1	c.66T>C	p.Asp22Asp	synonymous_variant	LOW	0.022	22.1752	19635
2019-nCoV	25521	C	T	SNP	Heterozygous	ORF3a	QHD43417.1	1	c.129C>T	p.Phe43Phe	synonymous_variant	LOW	0.024157	30.7742	62615
2019-nCoV	25549	C	G	SNP	Heterozygous	ORF3a	QHD43417.1	1	c.157C>G	p.Leu53Val	missense_variant	MODERATE	0.0275275	49.0438	64596
2019-nCoV	25584	C	T	SNP	Homozygous	ORF3a	QHD43417.1	1	c.192C>T	p.Thr64Thr	synonymous_variant	LOW	0.992979	35753.2	53558
2019-nCoV	25810	C	T	SNP	Heterozygous	ORF3a	QHD43417.1	1	c.418C>T	p.Leu140Phe	missense_variant	MODERATE	0.0241206	29.6654	14439
2019-nCoV	25914	CACA	C	DEL	Heterozygous	ORF3a	QHD43417.1	1	c.527_529delCAA	p.Thr176del	disruptive_inframe_deletion	MODERATE	0.0276008	28.3372	948
2019-nCoV	25997	T	C	SNP	Heterozygous	ORF3a	QHD43417.1	1	c.605T>C	p.Val202Ala	missense_variant	MODERATE	0.028014	51.8877	23809
2019-nCoV	26031	G	T	SNP	Heterozygous	ORF3a	QHD43417.1	1	c.639G>T	p.Gln213His	missense_variant	MODERATE	0.022011	22.1648	23834
2019-nCoV	26038	T	C	SNP	Heterozygous	ORF3a	QHD43417.1	1	c.646T>C	p.Ser216Pro	missense_variant	MODERATE	0.0175088	8.05827	23788
2019-nCoV	26060	C	T	SNP	Homozygous	ORF3a	QHD43417.1	1	c.668C>T	p.Thr223Ile	missense_variant	MODERATE	0.998999	33869.8	22739
2019-nCoV	26172	G	A	SNP	Heterozygous	ORF3a	QHD43417.1	1	c.780G>A	p.Met260Ile	missense_variant	MODERATE	0.058029	332.171	59117
2019-nCoV	26227	G	T	SNP	Heterozygous	E	QHD43418.1	-1	c.-18G>T	.	upstream_gene_variant	MODIFIER	0.0205103	16.5603	59784
2019-nCoV	26258	T	C	SNP	Heterozygous	E	QHD43418.1	1	c.14T>C	p.Val5Ala	missense_variant	MODERATE	0.0155311	9.56763	60978
2019-nCoV	26270	C	T	SNP	Homozygous	E	QHD43418.1	1	c.26C>T	p.Thr9Ile	missense_variant	MODERATE	0.998999	33796.0	60055
2019-nCoV	26529	G	A	SNP	Heterozygous	M	QHD43419.1	1	c.7G>A	p.Asp3Asn	missense_variant	MODERATE	0.823855	25824.2	8073
2019-nCoV	26577	C	G	SNP	Homozygous	M	QHD43419.1	1	c.55C>G	p.Gln19Glu	missense_variant	MODERATE	1.0	33814.9	4233
2019-nCoV	26625	C	T	SNP	Heterozygous	M	QHD43419.1	1	c.103C>T	p.Leu35Leu	synonymous_variant	LOW	0.0355	101.902	5987
2019-nCoV	26709	G	A	SNP	Homozygous	M	QHD43419.1	1	c.187G>A	p.Ala63Thr	missense_variant	MODERATE	1.0	36381.4	17743
2019-nCoV	26858	C	T	SNP	Heterozygous	M	QHD43419.1	1	c.336C>T	p.Phe112Phe	synonymous_variant	LOW	0.247868	4234.24	22143
2019-nCoV	26994	C	T	SNP	Heterozygous	M	QHD43419.1	1	c.472C>T	p.Arg158Cys	missense_variant	MODERATE	0.0185	10.5331	26184
2019-nCoV	27038	A	G	SNP	Heterozygous	M	QHD43419.1	1	c.516A>G	p.Thr172Thr	synonymous_variant	LOW	0.38038	8201.92	3477
2019-nCoV	27059	C	T	SNP	Heterozygous	M	QHD43419.1	1	c.537C>T	p.Tyr179Tyr	synonymous_variant	LOW	0.0170512	6.56324	4323
2019-nCoV	27084	G	T	SNP	Heterozygous	M	QHD43419.1	1	c.562G>T	p.Ala188Ser	missense_variant	MODERATE	0.0385385	128.532	20333
2019-nCoV	27095	A	G	SNP	Heterozygous	M	QHD43419.1	1	c.573A>G	p.Ser191Ser	synonymous_variant	LOW	0.0215539	20.3442	16051
2019-nCoV	27163	G	T	SNP	Heterozygous	M	QHD43419.1	1	c.641G>T	p.Ser214Ile	missense_variant	MODERATE	0.0165	5.92712	23314
2019-nCoV	27259	A	C	SNP	Heterozygous	ORF6	QHD43420.1	1	c.58A>C	p.Arg20Arg	synonymous_variant	LOW	0.250376	4345.47	10554
2019-nCoV	27356	TA	T	DEL	Heterozygous	ORF6	QHD43420.1	1	c.156delA	p.Asp53fs	frameshift_variant	HIGH	0.0185185	10.5955	3116
2019-nCoV	27371	C	T	SNP	Heterozygous	ORF6	QHD43420.1	1	c.170C>T	p.Pro57Leu	missense_variant	MODERATE	0.076	576.022	3066
2019-nCoV	27382	GAT	CTC	MNP	Heterozygous	ORF6	QHD43420.1	1	c.181_183delGATinsCTC	p.Asp61Leu	missense_variant	MODERATE	0.222725	3623.65	3051
2019-nCoV	27438	T	C	SNP	Heterozygous	ORF7a	QHD43421.1	1	c.45T>C	p.Cys15Cys	synonymous_variant	LOW	0.329158	5790.71	18435
2019-nCoV	27493	C	T	SNP	Heterozygous	ORF7a	QHD43421.1	1	c.100C>T	p.Pro34Ser	missense_variant	MODERATE	0.022	22.1339	13749
2019-nCoV	27527	C	T	SNP	Heterozygous	ORF7a	QHD43421.1	1	c.134C>T	p.Pro45Leu	missense_variant	MODERATE	0.0616851	378.167	36610
2019-nCoV	27696	T	C	SNP	Heterozygous	ORF7a	QHD43421.1	1	c.303T>C	p.Phe101Phe	synonymous_variant	LOW	0.0302572	102.378	30909
2019-nCoV	27788	G	T	SNP	Heterozygous	ORF8	QHD43422.1	-1	c.-106G>T	.	upstream_gene_variant	MODIFIER	0.131923	1525.23	31594
2019-nCoV	27807	C	T	SNP	Homozygous	ORF8	QHD43422.1	-1	c.-87C>T	.	upstream_gene_variant	MODIFIER	0.998499	36321.4	31831
2019-nCoV	27889	C	T	SNP	Heterozygous	ORF8	QHD43422.1	-1	c.-5C>T	.	upstream_gene_variant	MODIFIER	0.834917	26481.6	22250
2019-nCoV	27987	G	T	SNP	Heterozygous	ORF8	QHD43422.1	1	c.94G>T	p.Val32Leu	missense_variant	MODERATE	0.0245	32.9932	34299
2019-nCoV	28087	C	T	SNP	Heterozygous	ORF8	QHD43422.1	1	c.194C>T	p.Ala65Val	missense_variant	MODERATE	0.163655	2220.24	23593
2019-nCoV	28146	C	T	SNP	Heterozygous	ORF8	QHD43422.1	1	c.253C>T	p.Pro85Ser	missense_variant	MODERATE	0.122306	1331.59	46604
2019-nCoV	28271	A	T	SNP	Homozygous	N	QHD43423.2	-1	c.-3A>T	.	upstream_gene_variant	MODIFIER	1.0	33361.5	52557
2019-nCoV	28311	C	T	SNP	Homozygous	N	QHD43423.2	1	c.38C>T	p.Pro13Leu	missense_variant	MODERATE	0.993	33373.2	52714
2019-nCoV	28330	A	G	SNP	Heterozygous	N	QHD43423.2	1	c.57A>G	p.Gly19Gly	synonymous_variant	LOW	0.341194	6924.22	50502
2019-nCoV	28361	GGAGAACGCA	G	DEL	Heterozygous	N	QHD43423.2	1	c.90_98delAGAACGCAG	p.Glu31_Ser33del	disruptive_inframe_deletion	MODERATE	0.982261	35838.5	11924
2019-nCoV	28361	GGAGAACGCAG	TT	MIXED	Heterozygous	N	QHD43423.2	1	c.88_98delGGAGAACGCAGinsTT	p.Gly30_Ser33delinsPhe	missense_variant&disruptive_inframe_deletion	MODERATE	0.0177395	35838.5	11924
2019-nCoV	28681	G	T	SNP	Heterozygous	N	QHD43423.2	1	c.408G>T	p.Glu136Asp	missense_variant	MODERATE	0.116349	1247.64	61141
2019-nCoV	28693	T	C	SNP	Heterozygous	N	QHD43423.2	1	c.420T>C	p.Asn140Asn	synonymous_variant	LOW	0.0615616	261.438	61473
2019-nCoV	28724	C	T	SNP	Heterozygous	N	QHD43423.2	1	c.451C>T	p.Pro151Ser	missense_variant	MODERATE	0.197	2540.96	60930
2019-nCoV	28725	C	T	SNP	Heterozygous	N	QHD43423.2	1	c.452C>T	p.Pro151Leu	missense_variant	MODERATE	0.03	29.4702	60930
2019-nCoV	28877	AGTAGGG	TCTAAAC	MNP	Heterozygous	N	QHD43423.2	1	c.604_610delAGTAGGGinsTCTAAAC	p.ArgGly203LysArg	missense_variant	MODERATE	0.08632	35881.1	19918
2019-nCoV	28881	GGG	AAC	MNP	Heterozygous	N	QHD43423.2	1	c.608_610delGGGinsAAC	p.ArgGly203LysArg	missense_variant	MODERATE	0.91368	35881.1	19918
2019-nCoV	29032	G	A	SNP	Heterozygous	N	QHD43423.2	1	c.759G>A	p.Glu253Glu	synonymous_variant	LOW	0.0225564	7.16185	4955
2019-nCoV	29146	A	G	SNP	Heterozygous	N	QHD43423.2	1	c.873A>G	p.Leu291Leu	synonymous_variant	LOW	0.064032	409.249	10884
2019-nCoV	29280	CCAT	C	DEL	Heterozygous	N	QHD43423.2	1	c.1010_1012delTCA	p.Ile337del	disruptive_inframe_deletion	MODERATE	0.0286145	56.5308	10173
2019-nCoV	29510	A	C	SNP	Homozygous	N	QHD43423.2	1	c.1237A>C	p.Ser413Arg	missense_variant	MODERATE	0.998498	33600.9	7311
2019-nCoV	29666	C	T	SNP	Heterozygous	ORF10	QHI42199.1	1	c.109C>T	p.Leu37Phe	missense_variant	MODERATE	0.2005	3082.35	6177
2019-nCoV	29733	CGAGGCCACGCGGAGTACGATCGAGTG	C	DEL	Homozygous	S	QHD43416.1	-1	c.*4350_*4375delGAGGCCACGCGGAGTACGATCGAGTG	.	downstream_gene_variant	MODIFIER	1.0	36057.3	4738
