CHROM	POS	REF	ALT	VARTYPE	GEN[*].GT	ANN[*].GENE	ANN[*].FEATUREID	EFF[*].RANK	ANN[*].HGVS_C	ANN[*].HGVS_P	ANN[*].EFFECT	EFF[*].IMPACT	AF	QUAL	DP
2019-nCoV	44	C	T	SNP	Homozygous	orf1ab	QHD43415.1	-1	c.-222C>T	.	upstream_gene_variant	MODIFIER	0.988	32639.1	85524
2019-nCoV	241	C	T	SNP	Homozygous	orf1ab	QHD43415.1	-1	c.-25C>T	.	upstream_gene_variant	MODIFIER	1.0	33458.2	4058
2019-nCoV	455	C	T	SNP	Heterozygous	orf1ab	QHD43415.1	1	c.190C>T	p.Leu64Phe	missense_variant	MODERATE	0.0270541	47.8417	57496
2019-nCoV	670	T	G	SNP	Homozygous	orf1ab	QHD43415.1	1	c.405T>G	p.Ser135Arg	missense_variant	MODERATE	0.988994	33067.4	78699
2019-nCoV	685	AAAGTCATTT	A	DEL	Heterozygous	orf1ab	QHD43415.1	1	c.421_429delAAGTCATTT	p.Lys141_Phe143del	conservative_inframe_deletion	MODERATE	0.0506586	249.431	77703
2019-nCoV	761	A	G	SNP	Heterozygous	orf1ab	QHD43415.1	1	c.496A>G	p.Ser166Gly	missense_variant	MODERATE	0.142	1762.96	58972
2019-nCoV	829	C	T	SNP	Heterozygous	orf1ab	QHD43415.1	1	c.564C>T	p.Asn188Asn	synonymous_variant	LOW	0.021	18.2319	33120
2019-nCoV	1170	C	T	SNP	Heterozygous	orf1ab	QHD43415.1	1	c.905C>T	p.Ser302Phe	missense_variant	MODERATE	0.0225	24.1764	20354
2019-nCoV	1403	C	T	SNP	Heterozygous	orf1ab	QHD43415.1	1	c.1138C>T	p.Pro380Ser	missense_variant	MODERATE	0.0635	402.769	57574
2019-nCoV	1475	A	G	SNP	Heterozygous	orf1ab	QHD43415.1	1	c.1210A>G	p.Ile404Val	missense_variant	MODERATE	0.0165	5.92441	69416
2019-nCoV	1613	C	T	SNP	Heterozygous	orf1ab	QHD43415.1	1	c.1348C>T	p.Leu450Phe	missense_variant	MODERATE	0.0710355	366.002	45414
2019-nCoV	1627	C	T	SNP	Heterozygous	orf1ab	QHD43415.1	1	c.1362C>T	p.Leu454Leu	synonymous_variant	LOW	0.382989	7305.68	50803
2019-nCoV	1881	A	G	SNP	Heterozygous	orf1ab	QHD43415.1	1	c.1616A>G	p.Glu539Gly	missense_variant	MODERATE	0.0175263	8.13934	49019
2019-nCoV	1931	C	A	SNP	Heterozygous	orf1ab	QHD43415.1	1	c.1666C>A	p.Gln556Lys	missense_variant	MODERATE	0.162896	2167.52	17312
2019-nCoV	2143	C	T	SNP	Heterozygous	orf1ab	QHD43415.1	1	c.1878C>T	p.Pro626Pro	synonymous_variant	LOW	0.020603	16.2767	32261
2019-nCoV	2789	AC	A	DEL	Heterozygous	orf1ab	QHD43415.1	1	c.2525delC	p.Thr842fs	frameshift_variant	HIGH	0.0080281	30355.7	52336
2019-nCoV	2790	C	T	SNP	Heterozygous	orf1ab	QHD43415.1	1	c.2525C>T	p.Thr842Ile	missense_variant	MODERATE	0.991972	30355.7	52336
2019-nCoV	2898	C	T	SNP	Heterozygous	orf1ab	QHD43415.1	1	c.2633C>T	p.Ala878Val	missense_variant	MODERATE	0.0335168	88.5563	65994
2019-nCoV	2954	T	C	SNP	Heterozygous	orf1ab	QHD43415.1	1	c.2689T>C	p.Leu897Leu	synonymous_variant	LOW	0.106266	1069.4	37926
2019-nCoV	3037	C	T	SNP	Homozygous	orf1ab	QHD43415.1	1	c.2772C>T	p.Phe924Phe	synonymous_variant	LOW	0.999494	35168.8	12042
2019-nCoV	3859	A	G	SNP	Heterozygous	orf1ab	QHD43415.1	1	c.3594A>G	p.Gln1198Gln	synonymous_variant	LOW	0.0345	50.1653	10727
2019-nCoV	4184	G	A	SNP	Homozygous	orf1ab	QHD43415.1	1	c.3919G>A	p.Gly1307Ser	missense_variant	MODERATE	0.999497	36119.6	25596
2019-nCoV	4306	A	G	SNP	Heterozygous	orf1ab	QHD43415.1	1	c.4041A>G	p.Lys1347Lys	synonymous_variant	LOW	0.0195783	14.6296	59394
2019-nCoV	4321	C	T	SNP	Homozygous	orf1ab	QHD43415.1	1	c.4056C>T	p.Ala1352Ala	synonymous_variant	LOW	0.997485	33155.1	58685
2019-nCoV	5007	C	T	SNP	Heterozygous	orf1ab	QHD43415.1	1	c.4742C>T	p.Thr1581Met	missense_variant	MODERATE	0.017	6.8785	25880
2019-nCoV	5250	A	G	SNP	Heterozygous	orf1ab	QHD43415.1	1	c.4985A>G	p.Asn1662Ser	missense_variant	MODERATE	0.153577	2005.51	25633
2019-nCoV	5284	C	T	SNP	Heterozygous	orf1ab	QHD43415.1	1	c.5019C>T	p.Asn1673Asn	synonymous_variant	LOW	0.0371673	117.06	19963
2019-nCoV	5869	C	T	SNP	Heterozygous	orf1ab	QHD43415.1	1	c.5604C>T	p.Tyr1868Tyr	synonymous_variant	LOW	0.0233859	25.2339	24621
2019-nCoV	6551	A	C	SNP	Heterozygous	orf1ab	QHD43415.1	1	c.6286A>C	p.Met2096Leu	missense_variant	MODERATE	0.0165	5.92476	27158
2019-nCoV	6979	T	G	SNP	Heterozygous	orf1ab	QHD43415.1	1	c.6714T>G	p.Val2238Val	synonymous_variant	LOW	0.338523	6840.97	8841
2019-nCoV	7420	C	T	SNP	Heterozygous	orf1ab	QHD43415.1	1	c.7155C>T	p.Ile2385Ile	synonymous_variant	LOW	0.0645323	412.403	12537
2019-nCoV	8140	C	T	SNP	Heterozygous	orf1ab	QHD43415.1	1	c.7875C>T	p.Ser2625Ser	synonymous_variant	LOW	0.0231272	8.47961	45005
2019-nCoV	8606	C	T	SNP	Heterozygous	orf1ab	QHD43415.1	1	c.8341C>T	p.Leu2781Phe	missense_variant	MODERATE	0.0322418	40.4055	31287
2019-nCoV	9344	C	T	SNP	Homozygous	orf1ab	QHD43415.1	1	c.9079C>T	p.Leu3027Phe	missense_variant	MODERATE	1.0	33489.3	19475
2019-nCoV	9424	A	G	SNP	Homozygous	orf1ab	QHD43415.1	1	c.9159A>G	p.Val3053Val	synonymous_variant	LOW	0.999	36319.6	13107
2019-nCoV	9430	C	T	SNP	Heterozygous	orf1ab	QHD43415.1	1	c.9165C>T	p.Ile3055Ile	synonymous_variant	LOW	0.0425	96.8578	13174
2019-nCoV	9483	A	G	SNP	Heterozygous	orf1ab	QHD43415.1	1	c.9218A>G	p.Glu3073Gly	missense_variant	MODERATE	0.0270531	13.1193	1030
2019-nCoV	9534	C	T	SNP	Homozygous	orf1ab	QHD43415.1	1	c.9269C>T	p.Thr3090Ile	missense_variant	MODERATE	0.999037	18764.2	1037
2019-nCoV	9967	C	T	SNP	Heterozygous	orf1ab	QHD43415.1	1	c.9702C>T	p.Leu3234Leu	synonymous_variant	LOW	0.022	6.315	40302
2019-nCoV	10029	C	T	SNP	Homozygous	orf1ab	QHD43415.1	1	c.9764C>T	p.Thr3255Ile	missense_variant	MODERATE	1.0	33750.0	40059
2019-nCoV	10198	C	T	SNP	Homozygous	orf1ab	QHD43415.1	1	c.9933C>T	p.Asp3311Asp	synonymous_variant	LOW	0.9995	33872.3	43742
2019-nCoV	10447	GCC	ACA	MNP	Homozygous	orf1ab	QHD43415.1	1	c.10182_10184delGCCinsACA	p.Pro3395His	missense_variant	MODERATE	1.0	35644.7	13954
2019-nCoV	11287	GTCTGGTTTT	G	DEL	Homozygous	orf1ab	QHD43415.1	1	c.11023_11031delTCTGGTTTT	p.Ser3675_Phe3677del	conservative_inframe_deletion	MODERATE	1.0	36044.6	60521
2019-nCoV	11750	C	T	SNP	Heterozygous	orf1ab	QHD43415.1	1	c.11485C>T	p.Leu3829Phe	missense_variant	MODERATE	0.207262	3210.97	36666
2019-nCoV	11781	A	G	SNP	Heterozygous	orf1ab	QHD43415.1	1	c.11516A>G	p.Lys3839Arg	missense_variant	MODERATE	0.0230461	26.6243	75093
2019-nCoV	12160	G	A	SNP	Homozygous	orf1ab	QHD43415.1	1	c.11895G>A	p.Glu3965Glu	synonymous_variant	LOW	0.985493	35230.5	16206
2019-nCoV	12310	G	A	SNP	Heterozygous	orf1ab	QHD43415.1	1	c.12045G>A	p.Gln4015Gln	synonymous_variant	LOW	0.0555	199.652	30913
2019-nCoV	12766	T	A	SNP	Heterozygous	orf1ab	QHD43415.1	1	c.12501T>A	p.Asn4167Lys	missense_variant	MODERATE	0.0175351	8.13797	30093
2019-nCoV	12880	C	T	SNP	Homozygous	orf1ab	QHD43415.1	1	c.12615C>T	p.Ile4205Ile	synonymous_variant	LOW	1.0	36431.0	37085
2019-nCoV	13165	A	G	SNP	Heterozygous	orf1ab	QHD43415.1	1	c.12900A>G	p.Thr4300Thr	synonymous_variant	LOW	0.019	11.4536	72368
2019-nCoV	14408	C	T	SNP	Homozygous	orf1ab	QHD43415.1	2	c.14144C>T	p.Pro4715Leu	missense_variant	MODERATE	1.0	33933.5	6913
2019-nCoV	14593	G	A	SNP	Heterozygous	orf1ab	QHD43415.1	2	c.14329G>A	p.Gly4777Ser	missense_variant	MODERATE	0.027	46.0715	13305
2019-nCoV	15009	T	C	SNP	Heterozygous	orf1ab	QHD43415.1	2	c.14745T>C	p.Asp4915Asp	synonymous_variant	LOW	0.0255	14.1989	47138
2019-nCoV	15714	C	T	SNP	Homozygous	orf1ab	QHD43415.1	2	c.15450C>T	p.Leu5150Leu	synonymous_variant	LOW	0.998487	35949.5	76787
2019-nCoV	16111	C	T	SNP	Heterozygous	orf1ab	QHD43415.1	2	c.15847C>T	p.Leu5283Leu	synonymous_variant	LOW	0.018	9.22065	28580
2019-nCoV	16293	C	T	SNP	Heterozygous	orf1ab	QHD43415.1	2	c.16029C>T	p.Cys5343Cys	synonymous_variant	LOW	0.0355	103.648	27362
2019-nCoV	16323	C	T	SNP	Heterozygous	orf1ab	QHD43415.1	2	c.16059C>T	p.Cys5353Cys	synonymous_variant	LOW	0.0895448	785.182	61364
2019-nCoV	16616	C	A	SNP	Heterozygous	orf1ab	QHD43415.1	2	c.16352C>A	p.Thr5451Asn	missense_variant	MODERATE	0.06003	357.9	22715
2019-nCoV	16935	G	A	SNP	Heterozygous	orf1ab	QHD43415.1	2	c.16671G>A	p.Met5557Ile	missense_variant	MODERATE	0.203806	3154.14	79874
2019-nCoV	17285	C	T	SNP	Heterozygous	orf1ab	QHD43415.1	2	c.17021C>T	p.Ser5674Leu	missense_variant	MODERATE	0.120923	1324.25	131030
2019-nCoV	17410	C	T	SNP	Homozygous	orf1ab	QHD43415.1	2	c.17146C>T	p.Arg5716Cys	missense_variant	MODERATE	0.997491	36125.7	76094
2019-nCoV	17750	C	T	SNP	Heterozygous	orf1ab	QHD43415.1	2	c.17486C>T	p.Ala5829Val	missense_variant	MODERATE	0.098049	927.678	8935
2019-nCoV	17999	C	T	SNP	Heterozygous	orf1ab	QHD43415.1	2	c.17735C>T	p.Thr5912Ile	missense_variant	MODERATE	0.0325163	81.1385	10788
2019-nCoV	18163	A	G	SNP	Homozygous	orf1ab	QHD43415.1	2	c.17899A>G	p.Ile5967Val	missense_variant	MODERATE	0.998498	36117.4	18655
2019-nCoV	18999	A	G	SNP	Heterozygous	orf1ab	QHD43415.1	2	c.18735A>G	p.Ala6245Ala	synonymous_variant	LOW	0.0446115	184.389	59596
2019-nCoV	19683	A	G	SNP	Heterozygous	orf1ab	QHD43415.1	2	c.19419A>G	p.Glu6473Glu	synonymous_variant	LOW	0.0975	713.64	4650
2019-nCoV	19955	C	T	SNP	Homozygous	orf1ab	QHD43415.1	2	c.19691C>T	p.Thr6564Ile	missense_variant	MODERATE	1.0	33877.6	58863
2019-nCoV	20055	A	G	SNP	Homozygous	orf1ab	QHD43415.1	2	c.19791A>G	p.Glu6597Glu	synonymous_variant	LOW	1.0	33557.0	38545
2019-nCoV	20178	C	T	SNP	Heterozygous	orf1ab	QHD43415.1	2	c.19914C>T	p.Val6638Val	synonymous_variant	LOW	0.032016	38.0439	22067
2019-nCoV	20594	C	T	SNP	Heterozygous	orf1ab	QHD43415.1	2	c.20330C>T	p.Thr6777Ile	missense_variant	MODERATE	0.016	5.00251	54395
2019-nCoV	21618	C	T	SNP	Homozygous	S	QHD43416.1	1	c.56C>T	p.Thr19Ile	missense_variant	MODERATE	0.997499	36220.5	24844
2019-nCoV	21632	TTACCCCCTG	T	DEL	Homozygous	S	QHD43416.1	1	c.71_79delTACCCCCTG	p.Leu24_Ala27delinsSer	disruptive_inframe_deletion	MODERATE	1.0	36237.7	24110
2019-nCoV	21764	ATACATG	A	DEL	Homozygous	S	QHD43416.1	1	c.204_209delACATGT	p.His69_Val70del	disruptive_inframe_deletion	MODERATE	0.991401	35265.6	29669
2019-nCoV	21987	G	A	SNP	Homozygous	S	QHD43416.1	1	c.425G>A	p.Gly142Asp	missense_variant	MODERATE	0.999486	32904.8	27930
2019-nCoV	22200	T	G	SNP	Homozygous	S	QHD43416.1	1	c.638T>G	p.Val213Gly	missense_variant	MODERATE	0.995495	36044.0	20296
2019-nCoV	22205	G	T	SNP	Heterozygous	S	QHD43416.1	1	c.643G>T	p.Asp215Tyr	missense_variant	MODERATE	0.0181543	9.28631	20382
2019-nCoV	22578	G	A	SNP	Homozygous	S	QHD43416.1	1	c.1016G>A	p.Gly339Asp	missense_variant	MODERATE	0.998997	33787.1	24134
2019-nCoV	22674	C	T	SNP	Homozygous	S	QHD43416.1	1	c.1112C>T	p.Ser371Phe	missense_variant	MODERATE	0.998999	33634.3	8999
2019-nCoV	22679	T	C	SNP	Homozygous	S	QHD43416.1	1	c.1117T>C	p.Ser373Pro	missense_variant	MODERATE	0.994497	33325.6	8773
2019-nCoV	22686	CCA	TCG	MNP	Homozygous	S	QHD43416.1	1	c.1124_1126delCCAinsTCG	p.SerThr375PheAla	missense_variant	MODERATE	1.0	30152.4	2249
2019-nCoV	22775	G	A	SNP	Homozygous	S	QHD43416.1	1	c.1213G>A	p.Asp405Asn	missense_variant	MODERATE	1.0	30460.1	1793
2019-nCoV	22786	A	C	SNP	Homozygous	S	QHD43416.1	1	c.1224A>C	p.Arg408Ser	missense_variant	MODERATE	1.0	31730.9	1754
2019-nCoV	22813	G	T	SNP	Homozygous	S	QHD43416.1	1	c.1251G>T	p.Lys417Asn	missense_variant	MODERATE	1.0	33770.1	36611
2019-nCoV	22882	T	G	SNP	Homozygous	S	QHD43416.1	1	c.1320T>G	p.Asn440Lys	missense_variant	MODERATE	0.999498	33746.3	58142
2019-nCoV	22917	T	G	SNP	Homozygous	S	QHD43416.1	1	c.1355T>G	p.Leu452Arg	missense_variant	MODERATE	0.985485	36210.6	57587
2019-nCoV	22992	GCAC	ACAA	MNP	Homozygous	S	QHD43416.1	1	c.1430_1433delGCACinsACAA	p.SerThr477AsnLys	missense_variant	MODERATE	1.0	36153.2	21034
2019-nCoV	23013	A	C	SNP	Homozygous	S	QHD43416.1	1	c.1451A>C	p.Glu484Ala	missense_variant	MODERATE	0.994475	35832.7	39105
2019-nCoV	23018	T	G	SNP	Heterozygous	S	QHD43416.1	1	c.1456T>G	p.Phe486Val	missense_variant	MODERATE	0.977989	34761.6	39252
2019-nCoV	23055	A	G	SNP	Homozygous	S	QHD43416.1	1	c.1493A>G	p.Gln498Arg	missense_variant	MODERATE	0.994472	35696.7	18877
2019-nCoV	23063	A	T	SNP	Homozygous	S	QHD43416.1	1	c.1501A>T	p.Asn501Tyr	missense_variant	MODERATE	0.994492	33339.1	19156
2019-nCoV	23075	T	C	SNP	Homozygous	S	QHD43416.1	1	c.1513T>C	p.Tyr505His	missense_variant	MODERATE	0.998999	33840.9	19526
2019-nCoV	23403	A	G	SNP	Homozygous	S	QHD43416.1	1	c.1841A>G	p.Asp614Gly	missense_variant	MODERATE	1.0	33451.6	72081
2019-nCoV	23525	C	T	SNP	Homozygous	S	QHD43416.1	1	c.1963C>T	p.His655Tyr	missense_variant	MODERATE	0.998999	33767.5	114479
2019-nCoV	23599	T	G	SNP	Homozygous	S	QHD43416.1	1	c.2037T>G	p.Asn679Lys	missense_variant	MODERATE	0.997492	33647.6	141569
2019-nCoV	23604	C	A	SNP	Homozygous	S	QHD43416.1	1	c.2042C>A	p.Pro681His	missense_variant	MODERATE	0.999499	33864.1	141668
2019-nCoV	23668	A	G	SNP	Heterozygous	S	QHD43416.1	1	c.2106A>G	p.Glu702Glu	synonymous_variant	LOW	0.0318182	76.1565	56206
2019-nCoV	23854	C	A	SNP	Homozygous	S	QHD43416.1	1	c.2292C>A	p.Asn764Lys	missense_variant	MODERATE	1.0	33673.4	27750
2019-nCoV	23948	GATTTTG	TATTT	MIXED	Heterozygous	S	QHD43416.1	1	c.2386_2392delGATTTTGinsTATTT	p.Asp796fs	frameshift_variant&missense_variant	HIGH	0.0573347	32021.0	26139
2019-nCoV	23948	G	T	SNP	Heterozygous	S	QHD43416.1	1	c.2386G>T	p.Asp796Tyr	missense_variant	MODERATE	0.896694	32021.0	26139
2019-nCoV	24424	AAA	TAAT	MIXED	Homozygous	S	QHD43416.1	1	c.2862_2864delAAAinsTAAT	p.Gln954fs	frameshift_variant&missense_variant	HIGH	0.995966	33486.6	49095
2019-nCoV	24469	T	A	SNP	Homozygous	S	QHD43416.1	1	c.2907T>A	p.Asn969Lys	missense_variant	MODERATE	1.0	33136.9	76872
2019-nCoV	25000	C	T	SNP	Homozygous	S	QHD43416.1	1	c.3438C>T	p.Asp1146Asp	synonymous_variant	LOW	1.0	33473.6	51465
2019-nCoV	25584	C	T	SNP	Homozygous	ORF3a	QHD43417.1	1	c.192C>T	p.Thr64Thr	synonymous_variant	LOW	0.991474	35618.4	85690
2019-nCoV	26060	C	T	SNP	Homozygous	ORF3a	QHD43417.1	1	c.668C>T	p.Thr223Ile	missense_variant	MODERATE	0.9995	33889.7	49541
2019-nCoV	26172	G	A	SNP	Heterozygous	ORF3a	QHD43417.1	1	c.780G>A	p.Met260Ile	missense_variant	MODERATE	0.0406831	147.936	119465
2019-nCoV	26270	C	T	SNP	Homozygous	E	QHD43418.1	1	c.26C>T	p.Thr9Ile	missense_variant	MODERATE	0.998998	33793.7	118959
2019-nCoV	26529	G	A	SNP	Heterozygous	M	QHD43419.1	1	c.7G>A	p.Asp3Asn	missense_variant	MODERATE	0.963445	33757.0	24674
2019-nCoV	26577	C	G	SNP	Homozygous	M	QHD43419.1	1	c.55C>G	p.Gln19Glu	missense_variant	MODERATE	0.981501	35002.6	12208
2019-nCoV	26672	G	A	SNP	Heterozygous	M	QHD43419.1	1	c.150G>A	p.Lys50Lys	synonymous_variant	LOW	0.0325978	82.021	43686
2019-nCoV	26709	G	A	SNP	Homozygous	M	QHD43419.1	1	c.187G>A	p.Ala63Thr	missense_variant	MODERATE	0.999499	36347.1	43736
2019-nCoV	26858	C	T	SNP	Heterozygous	M	QHD43419.1	1	c.336C>T	p.Phe112Phe	synonymous_variant	LOW	0.028	50.8177	43351
2019-nCoV	27012	C	T	SNP	Heterozygous	M	QHD43419.1	1	c.490C>T	p.Leu164Leu	synonymous_variant	LOW	0.054	190.981	51834
2019-nCoV	27038	A	G	SNP	Heterozygous	M	QHD43419.1	1	c.516A>G	p.Thr172Thr	synonymous_variant	LOW	0.352	7312.8	7675
2019-nCoV	27218	A	G	SNP	Heterozygous	ORF6	QHD43420.1	1	c.17A>G	p.Asp6Gly	missense_variant	MODERATE	0.12056	1333.26	18981
2019-nCoV	27259	A	C	SNP	Heterozygous	ORF6	QHD43420.1	1	c.58A>C	p.Arg20Arg	synonymous_variant	LOW	0.0305611	66.405	25849
2019-nCoV	27371	C	T	SNP	Heterozygous	ORF6	QHD43420.1	1	c.170C>T	p.Pro57Leu	missense_variant	MODERATE	0.018	9.22207	7763
2019-nCoV	27382	GAT	CTC	MNP	Heterozygous	ORF6	QHD43420.1	1	c.181_183delGATinsCTC	p.Asp61Leu	missense_variant	MODERATE	0.0175439	8.14807	7705
2019-nCoV	27438	T	C	SNP	Heterozygous	ORF7a	QHD43421.1	1	c.45T>C	p.Cys15Cys	synonymous_variant	LOW	0.429217	8663.49	42219
2019-nCoV	27513	C	T	SNP	Heterozygous	ORF7a	QHD43421.1	1	c.120C>T	p.Tyr40Tyr	synonymous_variant	LOW	0.0375188	119.935	73146
2019-nCoV	27532	C	T	SNP	Heterozygous	ORF7a	QHD43421.1	1	c.139C>T	p.His47Tyr	missense_variant	MODERATE	0.0210632	17.0152	74293
2019-nCoV	27696	T	C	SNP	Heterozygous	ORF7a	QHD43421.1	1	c.303T>C	p.Phe101Phe	synonymous_variant	LOW	0.0321921	37.3664	59763
2019-nCoV	27807	C	T	SNP	Homozygous	ORF8	QHD43422.1	-1	c.-87C>T	.	upstream_gene_variant	MODIFIER	0.998498	36271.7	64935
2019-nCoV	27889	C	T	SNP	Heterozygous	ORF8	QHD43422.1	-1	c.-5C>T	.	upstream_gene_variant	MODIFIER	0.963409	31276.5	41806
2019-nCoV	28146	C	T	SNP	Heterozygous	ORF8	QHD43422.1	1	c.253C>T	p.Pro85Ser	missense_variant	MODERATE	0.0221886	22.3221	89046
2019-nCoV	28253	CA	C	DEL	Heterozygous	ORF8	QHD43422.1	1	c.361delA	p.Ile121fs	frameshift_variant	HIGH	0.0769231	532.553	69773
2019-nCoV	28271	A	T	SNP	Homozygous	N	QHD43423.2	-1	c.-3A>T	.	upstream_gene_variant	MODIFIER	1.0	33283.7	94958
2019-nCoV	28311	C	T	SNP	Homozygous	N	QHD43423.2	1	c.38C>T	p.Pro13Leu	missense_variant	MODERATE	0.992496	35821.4	95144
2019-nCoV	28330	A	G	SNP	Heterozygous	N	QHD43423.2	1	c.57A>G	p.Gly19Gly	synonymous_variant	LOW	0.395279	8620.95	91106
2019-nCoV	28361	GGAGAACGCA	G	DEL	Heterozygous	N	QHD43423.2	1	c.90_98delAGAACGCAG	p.Glu31_Ser33del	disruptive_inframe_deletion	MODERATE	0.968829	36033.0	24476
2019-nCoV	28361	GGAGAACGCAG	TT	MIXED	Heterozygous	N	QHD43423.2	1	c.88_98delGGAGAACGCAGinsTT	p.Gly30_Ser33delinsPhe	missense_variant&disruptive_inframe_deletion	MODERATE	0.0311714	36033.0	24476
2019-nCoV	28402	A	G	SNP	Heterozygous	N	QHD43423.2	1	c.129A>G	p.Gln43Gln	synonymous_variant	LOW	0.0275	19.6818	70433
2019-nCoV	28681	G	T	SNP	Heterozygous	N	QHD43423.2	1	c.408G>T	p.Glu136Asp	missense_variant	MODERATE	0.149194	1881.8	137126
2019-nCoV	28724	C	T	SNP	Heterozygous	N	QHD43423.2	1	c.451C>T	p.Pro151Ser	missense_variant	MODERATE	0.022	6.30955	136355
2019-nCoV	28881	GGG	AAC	MNP	Homozygous	N	QHD43423.2	1	c.608_610delGGGinsAAC	p.ArgGly203LysArg	missense_variant	MODERATE	1.0	33703.4	50211
2019-nCoV	29311	C	T	SNP	Heterozygous	N	QHD43423.2	1	c.1038C>T	p.Phe346Phe	synonymous_variant	LOW	0.124058	1356.92	35866
2019-nCoV	29510	A	C	SNP	Homozygous	N	QHD43423.2	1	c.1237A>C	p.Ser413Arg	missense_variant	MODERATE	0.989985	32943.0	16246
2019-nCoV	29614	C	T	SNP	Heterozygous	ORF10	QHI42199.1	1	c.57C>T	p.Cys19Cys	synonymous_variant	LOW	0.018018	9.27775	9279
2019-nCoV	29666	C	T	SNP	Heterozygous	ORF10	QHI42199.1	1	c.109C>T	p.Leu37Phe	missense_variant	MODERATE	0.408704	9095.95	8465
2019-nCoV	29733	CGAGGCCACGCGGAGTACGATCGAGTG	C	DEL	Homozygous	S	QHD43416.1	-1	c.*4350_*4375delGAGGCCACGCGGAGTACGATCGAGTG	.	downstream_gene_variant	MODIFIER	1.0	35896.5	6825
