CHROM	POS	REF	ALT	VARTYPE	GEN[*].GT	ANN[*].GENE	ANN[*].FEATUREID	EFF[*].RANK	ANN[*].HGVS_C	ANN[*].HGVS_P	ANN[*].EFFECT	EFF[*].IMPACT	AF	QUAL	DP
2019-nCoV	44	C	T	SNP	Homozygous	orf1ab	QHD43415.1	-1	c.-222C>T	.	upstream_gene_variant	MODIFIER	0.9945	32894.0	86654
2019-nCoV	174	G	T	SNP	Heterozygous	orf1ab	QHD43415.1	-1	c.-92G>T	.	upstream_gene_variant	MODIFIER	0.022011	22.0275	91702
2019-nCoV	203	C	T	SNP	Heterozygous	orf1ab	QHD43415.1	-1	c.-63C>T	.	upstream_gene_variant	MODIFIER	0.0302419	27.7441	90515
2019-nCoV	241	C	T	SNP	Homozygous	orf1ab	QHD43415.1	-1	c.-25C>T	.	upstream_gene_variant	MODIFIER	1.0	33579.6	5871
2019-nCoV	670	T	G	SNP	Homozygous	orf1ab	QHD43415.1	1	c.405T>G	p.Ser135Arg	missense_variant	MODERATE	0.98999	33020.6	59046
2019-nCoV	685	AAAGTCATTT	A	DEL	Heterozygous	orf1ab	QHD43415.1	1	c.421_429delAAGTCATTT	p.Lys141_Phe143del	conservative_inframe_deletion	MODERATE	0.269697	4841.95	57776
2019-nCoV	731	G	T	SNP	Heterozygous	orf1ab	QHD43415.1	1	c.466G>T	p.Asp156Tyr	missense_variant	MODERATE	0.021021	18.4558	14392
2019-nCoV	739	A	G	SNP	Heterozygous	orf1ab	QHD43415.1	1	c.474A>G	p.Gln158Gln	synonymous_variant	LOW	0.0215108	5.37776	31856
2019-nCoV	895	A	G	SNP	Heterozygous	orf1ab	QHD43415.1	1	c.630A>G	p.Lys210Lys	synonymous_variant	LOW	0.0260521	13.9528	34619
2019-nCoV	913	C	T	SNP	Heterozygous	orf1ab	QHD43415.1	1	c.648C>T	p.Ser216Ser	synonymous_variant	LOW	0.0275138	49.0063	34888
2019-nCoV	925	C	T	SNP	Heterozygous	orf1ab	QHD43415.1	1	c.660C>T	p.Asp220Asp	synonymous_variant	LOW	0.0380762	124.551	34815
2019-nCoV	1126	G	T	SNP	Heterozygous	orf1ab	QHD43415.1	1	c.861G>T	p.Arg287Ser	missense_variant	MODERATE	0.0175	8.0398	6910
2019-nCoV	1249	A	G	SNP	Heterozygous	orf1ab	QHD43415.1	1	c.984A>G	p.Glu328Glu	synonymous_variant	LOW	0.0221106	22.9106	32010
2019-nCoV	1426	C	T	SNP	Heterozygous	orf1ab	QHD43415.1	1	c.1161C>T	p.Tyr387Tyr	synonymous_variant	LOW	0.024	10.3455	24580
2019-nCoV	1433	G	T	SNP	Heterozygous	orf1ab	QHD43415.1	1	c.1168G>T	p.Glu390*	stop_gained	HIGH	0.0255	38.0969	24503
2019-nCoV	1577	G	T	SNP	Heterozygous	orf1ab	QHD43415.1	1	c.1312G>T	p.Val438Phe	missense_variant	MODERATE	0.0215108	20.2599	49304
2019-nCoV	1585	A	C	SNP	Heterozygous	orf1ab	QHD43415.1	1	c.1320A>C	p.Gly440Gly	synonymous_variant	LOW	0.0345	95.7404	49138
2019-nCoV	1627	C	T	SNP	Heterozygous	orf1ab	QHD43415.1	1	c.1362C>T	p.Leu454Leu	synonymous_variant	LOW	0.12657	1162.68	54226
2019-nCoV	1848	C	T	SNP	Heterozygous	orf1ab	QHD43415.1	1	c.1583C>T	p.Ser528Leu	missense_variant	MODERATE	0.0235235	27.9803	8515
2019-nCoV	1931	C	A	SNP	Heterozygous	orf1ab	QHD43415.1	1	c.1666C>A	p.Gln556Lys	missense_variant	MODERATE	0.0275138	47.4292	8321
2019-nCoV	1958	G	T	SNP	Heterozygous	orf1ab	QHD43415.1	1	c.1693G>T	p.Ala565Ser	missense_variant	MODERATE	0.0205205	16.7607	23019
2019-nCoV	2110	C	T	SNP	Heterozygous	orf1ab	QHD43415.1	1	c.1845C>T	p.Asn615Asn	synonymous_variant	LOW	0.0255128	13.9001	14228
2019-nCoV	2258	G	T	SNP	Heterozygous	orf1ab	QHD43415.1	1	c.1993G>T	p.Val665Phe	missense_variant	MODERATE	0.021021	16.7248	20185
2019-nCoV	2311	AAAT	A	DEL	Heterozygous	orf1ab	QHD43415.1	1	c.2049_2051delTAA	p.Asn683del	disruptive_inframe_deletion	MODERATE	0.0180905	9.49101	20260
2019-nCoV	2393	G	T	SNP	Heterozygous	orf1ab	QHD43415.1	1	c.2128G>T	p.Val710Phe	missense_variant	MODERATE	0.0340852	218.421	2259
2019-nCoV	2448	G	T	SNP	Heterozygous	orf1ab	QHD43415.1	1	c.2183G>T	p.Gly728Val	missense_variant	MODERATE	0.016008	5.01788	7674
2019-nCoV	2664	G	T	SNP	Heterozygous	orf1ab	QHD43415.1	1	c.2399G>T	p.Cys800Phe	missense_variant	MODERATE	0.0155	45.9403	24742
2019-nCoV	2790	C	T	SNP	Homozygous	orf1ab	QHD43415.1	1	c.2525C>T	p.Thr842Ile	missense_variant	MODERATE	0.996491	32599.6	47333
2019-nCoV	3037	C	T	SNP	Homozygous	orf1ab	QHD43415.1	1	c.2772C>T	p.Phe924Phe	synonymous_variant	LOW	0.984725	35516.9	45717
2019-nCoV	3101	C	A	SNP	Heterozygous	orf1ab	QHD43415.1	1	c.2836C>A	p.Gln946Lys	missense_variant	MODERATE	0.019	11.9014	17778
2019-nCoV	3335	G	T	SNP	Heterozygous	orf1ab	QHD43415.1	1	c.3070G>T	p.Glu1024*	stop_gained	HIGH	0.0530796	482.597	4262
2019-nCoV	3354	G	T	SNP	Heterozygous	orf1ab	QHD43415.1	1	c.3089G>T	p.Gly1030Val	missense_variant	MODERATE	0.0225113	7.14797	10777
2019-nCoV	3467	G	T	SNP	Heterozygous	orf1ab	QHD43415.1	1	c.3202G>T	p.Gly1068*	stop_gained	HIGH	0.022011	6.22538	6240
2019-nCoV	3471	G	T	SNP	Heterozygous	orf1ab	QHD43415.1	1	c.3206G>T	p.Gly1069Val	missense_variant	MODERATE	0.018018	9.27887	6240
2019-nCoV	3549	G	T	SNP	Heterozygous	orf1ab	QHD43415.1	1	c.3284G>T	p.Gly1095Val	missense_variant	MODERATE	0.0188776	273.138	20999
2019-nCoV	3646	C	T	SNP	Heterozygous	orf1ab	QHD43415.1	1	c.3381C>T	p.Asp1127Asp	synonymous_variant	LOW	0.02001	14.9885	42098
2019-nCoV	3734	G	T	SNP	Heterozygous	orf1ab	QHD43415.1	1	c.3469G>T	p.Asp1157Tyr	missense_variant	MODERATE	0.043	345.417	20780
2019-nCoV	3764	G	T	SNP	Heterozygous	orf1ab	QHD43415.1	1	c.3499G>T	p.Asp1167Tyr	missense_variant	MODERATE	0.0185	10.343	24934
2019-nCoV	3796	C	T	SNP	Heterozygous	orf1ab	QHD43415.1	1	c.3531C>T	p.Val1177Val	synonymous_variant	LOW	0.0210738	19.1645	24426
2019-nCoV	3927	C	T	SNP	Heterozygous	orf1ab	QHD43415.1	1	c.3662C>T	p.Ser1221Leu	missense_variant	MODERATE	0.028028	51.205	9423
2019-nCoV	4003	T	C	SNP	Heterozygous	orf1ab	QHD43415.1	1	c.3738T>C	p.Thr1246Thr	synonymous_variant	LOW	0.0225451	24.2107	5237
2019-nCoV	4184	G	A	SNP	Homozygous	orf1ab	QHD43415.1	1	c.3919G>A	p.Gly1307Ser	missense_variant	MODERATE	0.986855	34962.5	19666
2019-nCoV	4259	C	T	SNP	Heterozygous	orf1ab	QHD43415.1	1	c.3994C>T	p.Gln1332*	stop_gained	HIGH	0.018009	8.74088	13625
2019-nCoV	4276	C	T	SNP	Heterozygous	orf1ab	QHD43415.1	1	c.4011C>T	p.Tyr1337Tyr	synonymous_variant	LOW	0.018	9.22285	13771
2019-nCoV	4321	C	T	SNP	Homozygous	orf1ab	QHD43415.1	1	c.4056C>T	p.Ala1352Ala	synonymous_variant	LOW	0.985405	32163.0	51085
2019-nCoV	4399	G	T	SNP	Heterozygous	orf1ab	QHD43415.1	1	c.4134G>T	p.Met1378Ile	missense_variant	MODERATE	0.042042	159.63	36736
2019-nCoV	4856	G	T	SNP	Heterozygous	orf1ab	QHD43415.1	1	c.4591G>T	p.Gly1531Cys	missense_variant	MODERATE	0.0170085	6.94823	48606
2019-nCoV	4857	G	T	SNP	Heterozygous	orf1ab	QHD43415.1	1	c.4592G>T	p.Gly1531Val	missense_variant	MODERATE	0.0225	7.09311	48690
2019-nCoV	4993	C	T	SNP	Heterozygous	orf1ab	QHD43415.1	1	c.4728C>T	p.Asn1576Asn	synonymous_variant	LOW	0.049	147.825	19688
2019-nCoV	5163	A	T	SNP	Heterozygous	orf1ab	QHD43415.1	1	c.4898A>T	p.Glu1633Val	missense_variant	MODERATE	0.0235353	28.248	3855
2019-nCoV	5170	C	T	SNP	Heterozygous	orf1ab	QHD43415.1	1	c.4905C>T	p.Tyr1635Tyr	synonymous_variant	LOW	0.0415	92.3924	3889
2019-nCoV	5183	C	T	SNP	Heterozygous	orf1ab	QHD43415.1	1	c.4918C>T	p.Pro1640Ser	missense_variant	MODERATE	0.023	8.03915	15665
2019-nCoV	5194	G	T	SNP	Heterozygous	orf1ab	QHD43415.1	1	c.4929G>T	p.Leu1643Leu	synonymous_variant	LOW	0.0215	5.34922	15589
2019-nCoV	5300	G	T	SNP	Heterozygous	orf1ab	QHD43415.1	1	c.5035G>T	p.Ala1679Ser	missense_variant	MODERATE	0.025025	35.629	12141
2019-nCoV	5302	ATTG	A	DEL	Heterozygous	orf1ab	QHD43415.1	1	c.5040_5042delGTT	p.Leu1681del	disruptive_inframe_deletion	MODERATE	0.0205514	17.5558	12142
2019-nCoV	5619	TAC	T	DEL	Heterozygous	orf1ab	QHD43415.1	1	c.5355_5356delAC	p.Pro1786fs	frameshift_variant	HIGH	0.0160804	5.03662	39297
2019-nCoV	5869	C	T	SNP	Heterozygous	orf1ab	QHD43415.1	1	c.5604C>T	p.Tyr1868Tyr	synonymous_variant	LOW	0.0292191	56.5596	16614
2019-nCoV	5903	G	T	SNP	Heterozygous	orf1ab	QHD43415.1	1	c.5638G>T	p.Val1880Phe	missense_variant	MODERATE	0.024012	10.1957	16534
2019-nCoV	6116	G	T	SNP	Heterozygous	orf1ab	QHD43415.1	1	c.5851G>T	p.Ala1951Ser	missense_variant	MODERATE	0.028014	51.8921	18894
2019-nCoV	6285	C	T	SNP	Heterozygous	orf1ab	QHD43415.1	1	c.6020C>T	p.Thr2007Ile	missense_variant	MODERATE	0.0245245	11.4452	24858
2019-nCoV	6551	A	C	SNP	Heterozygous	orf1ab	QHD43415.1	1	c.6286A>C	p.Met2096Leu	missense_variant	MODERATE	0.0265	42.7634	38490
2019-nCoV	6610	A	C	SNP	Heterozygous	orf1ab	QHD43415.1	1	c.6345A>C	p.Arg2115Ser	missense_variant	MODERATE	0.0190285	11.907	9121
2019-nCoV	6979	T	G	SNP	Heterozygous	orf1ab	QHD43415.1	1	c.6714T>G	p.Val2238Val	synonymous_variant	LOW	0.0602712	359.91	8537
2019-nCoV	7364	T	C	SNP	Heterozygous	orf1ab	QHD43415.1	1	c.7099T>C	p.Leu2367Leu	synonymous_variant	LOW	0.0195	13.4012	11696
2019-nCoV	7553	G	T	SNP	Heterozygous	orf1ab	QHD43415.1	1	c.7288G>T	p.Val2430Phe	missense_variant	MODERATE	0.0210105	17.0257	13016
2019-nCoV	7629	G	T	SNP	Heterozygous	orf1ab	QHD43415.1	1	c.7364G>T	p.Cys2455Phe	missense_variant	MODERATE	0.0185185	10.512	43326
2019-nCoV	7735	C	T	SNP	Heterozygous	orf1ab	QHD43415.1	1	c.7470C>T	p.Ile2490Ile	synonymous_variant	LOW	0.0205	16.5113	52378
2019-nCoV	8200	T	C	SNP	Heterozygous	orf1ab	QHD43415.1	1	c.7935T>C	p.Asp2645Asp	synonymous_variant	LOW	0.039	132.643	25135
2019-nCoV	8303	G	T	SNP	Heterozygous	orf1ab	QHD43415.1	1	c.8038G>T	p.Val2680Phe	missense_variant	MODERATE	0.026013	38.7597	35979
2019-nCoV	8407	C	T	SNP	Heterozygous	orf1ab	QHD43415.1	1	c.8142C>T	p.Asn2714Asn	synonymous_variant	LOW	0.0225	24.1617	45587
2019-nCoV	8572	G	T	SNP	Heterozygous	orf1ab	QHD43415.1	1	c.8307G>T	p.Trp2769Cys	missense_variant	MODERATE	0.0315	34.2905	31357
2019-nCoV	8846	G	T	SNP	Heterozygous	orf1ab	QHD43415.1	1	c.8581G>T	p.Glu2861*	stop_gained	HIGH	0.0170597	7.02529	12603
2019-nCoV	8882	A	G	SNP	Heterozygous	orf1ab	QHD43415.1	1	c.8617A>G	p.Ile2873Val	missense_variant	MODERATE	0.017	6.93699	9093
2019-nCoV	9101	G	T	SNP	Heterozygous	orf1ab	QHD43415.1	1	c.8836G>T	p.Glu2946*	stop_gained	HIGH	0.0148718	31.9072	33187
2019-nCoV	9162	A	G	SNP	Heterozygous	orf1ab	QHD43415.1	1	c.8897A>G	p.Asn2966Ser	missense_variant	MODERATE	0.0245123	32.9476	18053
2019-nCoV	9344	C	T	SNP	Homozygous	orf1ab	QHD43415.1	1	c.9079C>T	p.Leu3027Phe	missense_variant	MODERATE	1.0	33363.3	19438
2019-nCoV	9409	A	G	SNP	Heterozygous	orf1ab	QHD43415.1	1	c.9144A>G	p.Val3048Val	synonymous_variant	LOW	0.0265	42.8049	10649
2019-nCoV	9424	A	G	SNP	Homozygous	orf1ab	QHD43415.1	1	c.9159A>G	p.Val3053Val	synonymous_variant	LOW	1.0	36447.1	10574
2019-nCoV	9534	C	T	SNP	Homozygous	orf1ab	QHD43415.1	1	c.9269C>T	p.Thr3090Ile	missense_variant	MODERATE	1.0	35012.0	1920
2019-nCoV	9673	A	C	SNP	Heterozygous	orf1ab	QHD43415.1	1	c.9408A>C	p.Val3136Val	synonymous_variant	LOW	0.0215215	5.27293	2437
2019-nCoV	9679	C	T	SNP	Heterozygous	orf1ab	QHD43415.1	1	c.9414C>T	p.Phe3138Phe	synonymous_variant	LOW	0.022011	19.4387	2427
2019-nCoV	9805	G	T	SNP	Heterozygous	orf1ab	QHD43415.1	1	c.9540G>T	p.Leu3180Leu	synonymous_variant	LOW	0.0175	8.03741	10109
2019-nCoV	9866	C	T	SNP	Heterozygous	orf1ab	QHD43415.1	1	c.9601C>T	p.Leu3201Phe	missense_variant	MODERATE	0.301953	5799.08	27460
2019-nCoV	9967	C	T	SNP	Heterozygous	orf1ab	QHD43415.1	1	c.9702C>T	p.Leu3234Leu	synonymous_variant	LOW	0.0375	66.2758	34133
2019-nCoV	10029	C	T	SNP	Homozygous	orf1ab	QHD43415.1	1	c.9764C>T	p.Thr3255Ile	missense_variant	MODERATE	1.0	33698.6	34035
2019-nCoV	10163	T	C	SNP	Heterozygous	orf1ab	QHD43415.1	1	c.9898T>C	p.Tyr3300His	missense_variant	MODERATE	0.0165663	6.06037	15812
2019-nCoV	10198	C	T	SNP	Homozygous	orf1ab	QHD43415.1	1	c.9933C>T	p.Asp3311Asp	synonymous_variant	LOW	1.0	33910.5	31944
2019-nCoV	10262	G	A	SNP	Heterozygous	orf1ab	QHD43415.1	1	c.9997G>A	p.Ala3333Thr	missense_variant	MODERATE	0.0683074	464.745	31947
2019-nCoV	10377	C	T	SNP	Heterozygous	orf1ab	QHD43415.1	1	c.10112C>T	p.Pro3371Leu	missense_variant	MODERATE	0.021	18.3786	14901
2019-nCoV	10447	GCC	ACA	MNP	Homozygous	orf1ab	QHD43415.1	1	c.10182_10184delGCCinsACA	p.Pro3395His	missense_variant	MODERATE	1.0	35999.3	8689
2019-nCoV	10523	G	C	SNP	Heterozygous	orf1ab	QHD43415.1	1	c.10258G>C	p.Val3420Leu	missense_variant	MODERATE	0.022022	6.33086	8315
2019-nCoV	10681	C	T	SNP	Heterozygous	orf1ab	QHD43415.1	1	c.10416C>T	p.Tyr3472Tyr	synonymous_variant	LOW	0.0235	28.4618	18122
2019-nCoV	10704	G	T	SNP	Heterozygous	orf1ab	QHD43415.1	1	c.10439G>T	p.Arg3480Met	missense_variant	MODERATE	0.0195	12.9358	18541
2019-nCoV	10887	G	T	SNP	Heterozygous	orf1ab	QHD43415.1	1	c.10622G>T	p.Gly3541Val	missense_variant	MODERATE	0.0190095	11.6763	27872
2019-nCoV	10947	G	T	SNP	Heterozygous	orf1ab	QHD43415.1	1	c.10682G>T	p.Arg3561Ile	missense_variant	MODERATE	0.0215647	5.3858	16980
2019-nCoV	11219	ATG	A	DEL	Heterozygous	orf1ab	QHD43415.1	1	c.10955_10956delTG	p.Met3652fs	frameshift_variant	HIGH	0.0205927	74.6657	31454
2019-nCoV	11230	G	T	SNP	Heterozygous	orf1ab	QHD43415.1	1	c.10965G>T	p.Met3655Ile	missense_variant	MODERATE	0.0175088	7.813	31373
2019-nCoV	11233	TGCTA	T	DEL	Heterozygous	orf1ab	QHD43415.1	1	c.10970_10973delCTAG	p.Ala3657fs	frameshift_variant	HIGH	0.0165996	6.10217	31222
2019-nCoV	11287	GTCTGGTTTT	G	DEL	Homozygous	orf1ab	QHD43415.1	1	c.11023_11031delTCTGGTTTT	p.Ser3675_Phe3677del	conservative_inframe_deletion	MODERATE	1.0	36103.4	51713
2019-nCoV	11350	G	T	SNP	Heterozygous	orf1ab	QHD43415.1	1	c.11085G>T	p.Met3695Ile	missense_variant	MODERATE	0.0235118	27.088	52898
2019-nCoV	11514	C	T	SNP	Heterozygous	orf1ab	QHD43415.1	1	c.11249C>T	p.Thr3750Ile	missense_variant	MODERATE	0.0305	31.4595	8630
2019-nCoV	11674	C	T	SNP	Heterozygous	orf1ab	QHD43415.1	1	c.11409C>T	p.Tyr3803Tyr	synonymous_variant	LOW	0.0829563	672.955	22378
2019-nCoV	11750	C	T	SNP	Heterozygous	orf1ab	QHD43415.1	1	c.11485C>T	p.Leu3829Phe	missense_variant	MODERATE	0.029	57.1652	35467
2019-nCoV	11781	A	G	SNP	Heterozygous	orf1ab	QHD43415.1	1	c.11516A>G	p.Lys3839Arg	missense_variant	MODERATE	0.0250752	34.0541	84516
2019-nCoV	12160	G	A	SNP	Heterozygous	orf1ab	QHD43415.1	1	c.11895G>A	p.Glu3965Glu	synonymous_variant	LOW	0.634134	17435.5	11259
2019-nCoV	12310	G	A	SNP	Heterozygous	orf1ab	QHD43415.1	1	c.12045G>A	p.Gln4015Gln	synonymous_variant	LOW	0.027	18.0702	36512
2019-nCoV	12330	G	T	SNP	Heterozygous	orf1ab	QHD43415.1	1	c.12065G>T	p.Arg4022Met	missense_variant	MODERATE	0.0244026	53.896	36865
2019-nCoV	12471	AACT	A	DEL	Heterozygous	orf1ab	QHD43415.1	1	c.12208_12210delCTA	p.Leu4070del	conservative_inframe_deletion	MODERATE	0.0186304	71.2758	20251
2019-nCoV	12553	G	A	SNP	Heterozygous	orf1ab	QHD43415.1	1	c.12288G>A	p.Trp4096*	stop_gained	HIGH	0.022	22.1751	25098
2019-nCoV	12741	C	T	SNP	Heterozygous	orf1ab	QHD43415.1	1	c.12476C>T	p.Thr4159Ile	missense_variant	MODERATE	0.023	25.6393	43986
2019-nCoV	12817	G	T	SNP	Heterozygous	orf1ab	QHD43415.1	1	c.12552G>T	p.Leu4184Leu	synonymous_variant	LOW	0.02002	15.0238	18425
2019-nCoV	12824	G	T	SNP	Heterozygous	orf1ab	QHD43415.1	1	c.12559G>T	p.Asp4187Tyr	missense_variant	MODERATE	0.020572	4.06883	18459
2019-nCoV	12880	C	T	SNP	Homozygous	orf1ab	QHD43415.1	1	c.12615C>T	p.Ile4205Ile	synonymous_variant	LOW	1.0	36485.7	33997
2019-nCoV	13017	G	T	SNP	Heterozygous	orf1ab	QHD43415.1	1	c.12752G>T	p.Arg4251Leu	missense_variant	MODERATE	0.0215108	20.1969	15244
2019-nCoV	13025	G	T	SNP	Heterozygous	orf1ab	QHD43415.1	1	c.12760G>T	p.Ala4254Ser	missense_variant	MODERATE	0.016024	5.04413	15246
2019-nCoV	13038	CA	C	DEL	Heterozygous	orf1ab	QHD43415.1	1	c.12774delA	p.Glu4259fs	frameshift_variant	HIGH	0.0195195	7.60468	15192
2019-nCoV	13088	G	T	SNP	Heterozygous	orf1ab	QHD43415.1	1	c.12823G>T	p.Asp4275Tyr	missense_variant	MODERATE	0.035	53.8029	21421
2019-nCoV	13332	G	T	SNP	Heterozygous	orf1ab	QHD43415.1	1	c.13067G>T	p.Cys4356Phe	missense_variant	MODERATE	0.0185	8.96168	29265
2019-nCoV	13459	G	T	SNP	Heterozygous	orf1ab	QHD43415.1	1	c.13194G>T	p.Ser4398Ser	synonymous_variant	LOW	0.016558	6.28168	28540
2019-nCoV	13484	G	T	SNP	Heterozygous	orf1ab	QHD43415.1	2	c.13220G>T	p.Ser4407Ile	missense_variant	MODERATE	0.0332992	85.1685	28157
2019-nCoV	13816	G	T	SNP	Heterozygous	orf1ab	QHD43415.1	2	c.13552G>T	p.Asp4518Tyr	missense_variant	MODERATE	0.0165	5.78089	6881
2019-nCoV	13818	C	T	SNP	Heterozygous	orf1ab	QHD43415.1	2	c.13554C>T	p.Asp4518Asp	synonymous_variant	LOW	0.018009	9.2117	6871
2019-nCoV	13998	G	T	SNP	Heterozygous	orf1ab	QHD43415.1	2	c.13734G>T	p.Leu4578Phe	missense_variant	MODERATE	0.0202224	14.7988	19429
2019-nCoV	14250	G	T	SNP	Heterozygous	orf1ab	QHD43415.1	2	c.13986G>T	p.Leu4662Phe	missense_variant	MODERATE	0.0285	53.2971	19428
2019-nCoV	14400	G	A	SNP	Heterozygous	orf1ab	QHD43415.1	2	c.14136G>A	p.Val4712Val	synonymous_variant	LOW	0.0216625	5.59742	8588
2019-nCoV	14408	C	T	SNP	Homozygous	orf1ab	QHD43415.1	2	c.14144C>T	p.Pro4715Leu	missense_variant	MODERATE	0.998498	33715.8	8226
2019-nCoV	14511	GGAT	G	DEL	Heterozygous	orf1ab	QHD43415.1	2	c.14249_14251delATG	p.Asp4750del	disruptive_inframe_deletion	MODERATE	0.0175791	8.2239	26492
2019-nCoV	14598	T	C	SNP	Heterozygous	orf1ab	QHD43415.1	2	c.14334T>C	p.Asn4778Asn	synonymous_variant	LOW	0.0175	8.04078	15600
2019-nCoV	14741	CTGT	C	DEL	Heterozygous	orf1ab	QHD43415.1	2	c.14480_14482delTTG	p.Val4827del	disruptive_inframe_deletion	MODERATE	0.0196177	13.2297	18788
2019-nCoV	14777	G	T	SNP	Heterozygous	orf1ab	QHD43415.1	2	c.14513G>T	p.Gly4838Val	missense_variant	MODERATE	0.0255	14.097	19706
2019-nCoV	14917	GTCA	G	DEL	Heterozygous	orf1ab	QHD43415.1	2	c.14656_14658delATC	p.Ile4886del	conservative_inframe_deletion	MODERATE	0.0206237	16.5407	12476
2019-nCoV	14940	A	G	SNP	Heterozygous	orf1ab	QHD43415.1	2	c.14676A>G	p.Lys4892Lys	synonymous_variant	LOW	0.0231621	7.83754	41787
2019-nCoV	15009	T	C	SNP	Heterozygous	orf1ab	QHD43415.1	2	c.14745T>C	p.Asp4915Asp	synonymous_variant	LOW	0.054027	190.767	37963
2019-nCoV	15714	C	T	SNP	Homozygous	orf1ab	QHD43415.1	2	c.15450C>T	p.Leu5150Leu	synonymous_variant	LOW	0.998997	36222.2	56037
2019-nCoV	15814	G	T	SNP	Heterozygous	orf1ab	QHD43415.1	2	c.15550G>T	p.Val5184Phe	missense_variant	MODERATE	0.0191051	13.8	20007
2019-nCoV	15931	T	C	SNP	Heterozygous	orf1ab	QHD43415.1	2	c.15667T>C	p.Tyr5223His	missense_variant	MODERATE	0.0285	54.8215	34905
2019-nCoV	16072	G	T	SNP	Heterozygous	orf1ab	QHD43415.1	2	c.15808G>T	p.Ala5270Ser	missense_variant	MODERATE	0.0165	5.89093	24411
2019-nCoV	16230	C	A	SNP	Heterozygous	orf1ab	QHD43415.1	2	c.15966C>A	p.Val5322Val	synonymous_variant	LOW	0.0265133	17.1397	43060
2019-nCoV	16285	G	A	SNP	Heterozygous	orf1ab	QHD43415.1	2	c.16021G>A	p.Gly5341Ser	missense_variant	MODERATE	0.0215108	20.2497	17812
2019-nCoV	16304	C	T	SNP	Heterozygous	orf1ab	QHD43415.1	2	c.16040C>T	p.Pro5347Leu	missense_variant	MODERATE	0.0175	7.99949	17658
2019-nCoV	16308	C	T	SNP	Heterozygous	orf1ab	QHD43415.1	2	c.16044C>T	p.Phe5348Phe	synonymous_variant	LOW	0.016	5.00354	72868
2019-nCoV	16616	C	A	SNP	Heterozygous	orf1ab	QHD43415.1	2	c.16352C>A	p.Thr5451Asn	missense_variant	MODERATE	0.061	367.093	29065
2019-nCoV	16887	C	T	SNP	Heterozygous	orf1ab	QHD43415.1	2	c.16623C>T	p.Tyr5541Tyr	synonymous_variant	LOW	0.0285143	23.4203	69101
2019-nCoV	16935	G	A	SNP	Heterozygous	orf1ab	QHD43415.1	2	c.16671G>A	p.Met5557Ile	missense_variant	MODERATE	0.033	84.7346	70794
2019-nCoV	17085	A	G	SNP	Heterozygous	orf1ab	QHD43415.1	2	c.16821A>G	p.Pro5607Pro	synonymous_variant	LOW	0.0600601	358.817	82984
2019-nCoV	17278	G	T	SNP	Heterozygous	orf1ab	QHD43415.1	2	c.17014G>T	p.Val5672Leu	missense_variant	MODERATE	0.022022	21.0444	101778
2019-nCoV	17410	C	T	SNP	Homozygous	orf1ab	QHD43415.1	2	c.17146C>T	p.Arg5716Cys	missense_variant	MODERATE	1.0	33963.4	59434
2019-nCoV	17603	T	C	SNP	Heterozygous	orf1ab	QHD43415.1	2	c.17339T>C	p.Val5780Ala	missense_variant	MODERATE	0.0166163	6.19367	27854
2019-nCoV	17893	G	T	SNP	Heterozygous	orf1ab	QHD43415.1	2	c.17629G>T	p.Ala5877Ser	missense_variant	MODERATE	0.022	22.1829	13031
2019-nCoV	18056	G	T	SNP	Heterozygous	orf1ab	QHD43415.1	2	c.17792G>T	p.Gly5931Val	missense_variant	MODERATE	0.0195098	13.3705	24654
2019-nCoV	18074	G	T	SNP	Heterozygous	orf1ab	QHD43415.1	2	c.17810G>T	p.Ser5937Ile	missense_variant	MODERATE	0.016008	5.03246	24946
2019-nCoV	18163	A	G	SNP	Homozygous	orf1ab	QHD43415.1	2	c.17899A>G	p.Ile5967Val	missense_variant	MODERATE	0.999499	33714.3	17938
2019-nCoV	18525	G	T	SNP	Heterozygous	orf1ab	QHD43415.1	2	c.18261G>T	p.Val6087Val	synonymous_variant	LOW	0.018018	9.28967	14798
2019-nCoV	18804	C	T	SNP	Heterozygous	orf1ab	QHD43415.1	2	c.18540C>T	p.Ser6180Ser	synonymous_variant	LOW	0.0275275	140.839	3114
2019-nCoV	19524	C	T	SNP	Heterozygous	orf1ab	QHD43415.1	2	c.19260C>T	p.Leu6420Leu	synonymous_variant	LOW	0.0355178	55.6643	25149
2019-nCoV	19547	C	T	SNP	Heterozygous	orf1ab	QHD43415.1	2	c.19283C>T	p.Ser6428Leu	missense_variant	MODERATE	0.0165083	5.91973	10637
2019-nCoV	19677	G	T	SNP	Heterozygous	orf1ab	QHD43415.1	2	c.19413G>T	p.Gln6471His	missense_variant	MODERATE	0.017	6.77906	5886
2019-nCoV	19770	T	C	SNP	Heterozygous	orf1ab	QHD43415.1	2	c.19506T>C	p.Pro6502Pro	synonymous_variant	LOW	0.0215108	20.276	21159
2019-nCoV	19802	G	T	SNP	Heterozygous	orf1ab	QHD43415.1	2	c.19538G>T	p.Arg6513Leu	missense_variant	MODERATE	0.0185093	10.2686	15686
2019-nCoV	19914	T	C	SNP	Heterozygous	orf1ab	QHD43415.1	2	c.19650T>C	p.Thr6550Thr	synonymous_variant	LOW	0.032016	77.69	55623
2019-nCoV	19926	T	C	SNP	Heterozygous	orf1ab	QHD43415.1	2	c.19662T>C	p.Cys6554Cys	synonymous_variant	LOW	0.023	26.3162	54897
2019-nCoV	19955	C	T	SNP	Homozygous	orf1ab	QHD43415.1	2	c.19691C>T	p.Thr6564Ile	missense_variant	MODERATE	0.999499	36234.3	53391
2019-nCoV	20055	A	G	SNP	Homozygous	orf1ab	QHD43415.1	2	c.19791A>G	p.Glu6597Glu	synonymous_variant	LOW	1.0	33160.8	41084
2019-nCoV	20098	G	T	SNP	Heterozygous	orf1ab	QHD43415.1	2	c.19834G>T	p.Ala6612Ser	missense_variant	MODERATE	0.016	5.00018	2351
2019-nCoV	20132	C	T	SNP	Heterozygous	orf1ab	QHD43415.1	2	c.19868C>T	p.Ala6623Val	missense_variant	MODERATE	0.0250125	35.6338	22408
2019-nCoV	20377	G	T	SNP	Heterozygous	orf1ab	QHD43415.1	2	c.20113G>T	p.Gly6705*	stop_gained	HIGH	0.0215	4.9917	58180
2019-nCoV	20594	C	T	SNP	Heterozygous	orf1ab	QHD43415.1	2	c.20330C>T	p.Thr6777Ile	missense_variant	MODERATE	0.0245	33.1015	61006
2019-nCoV	20718	G	T	SNP	Heterozygous	orf1ab	QHD43415.1	2	c.20454G>T	p.Met6818Ile	missense_variant	MODERATE	0.0230461	26.4692	22045
2019-nCoV	21255	G	T	SNP	Heterozygous	orf1ab	QHD43415.1	2	c.20991G>T	p.Ala6997Ala	synonymous_variant	LOW	0.033	41.1494	46792
2019-nCoV	21306	C	T	SNP	Heterozygous	orf1ab	QHD43415.1	2	c.21042C>T	p.Arg7014Arg	synonymous_variant	LOW	0.0170085	6.95539	48378
2019-nCoV	21544	G	A	SNP	Heterozygous	orf1ab	QHD43415.1	2	c.21280G>A	p.Val7094Ile	missense_variant	MODERATE	0.0205	16.6039	6351
2019-nCoV	21570	T	G	SNP	Heterozygous	S	QHD43416.1	1	c.8T>G	p.Val3Gly	missense_variant	MODERATE	0.0466867	123.47	6563
2019-nCoV	21595	C	A	SNP	Heterozygous	S	QHD43416.1	1	c.33C>A	p.Val11Val	synonymous_variant	LOW	0.0201207	48.3753	6540
2019-nCoV	21618	C	T	SNP	Homozygous	S	QHD43416.1	1	c.56C>T	p.Thr19Ile	missense_variant	MODERATE	1.0	33858.7	22854
2019-nCoV	21632	TTACCCCCTG	T	DEL	Homozygous	S	QHD43416.1	1	c.71_79delTACCCCCTG	p.Leu24_Ala27delinsSer	disruptive_inframe_deletion	MODERATE	1.0	36240.8	22429
2019-nCoV	21646	C	T	SNP	Heterozygous	S	QHD43416.1	1	c.84C>T	p.Tyr28Tyr	synonymous_variant	LOW	0.0245	33.0707	22799
2019-nCoV	21667	T	G	SNP	Heterozygous	S	QHD43416.1	1	c.105T>G	p.Gly35Gly	synonymous_variant	LOW	0.0175088	8.05838	16599
2019-nCoV	21721	C	T	SNP	Heterozygous	S	QHD43416.1	1	c.159C>T	p.Asp53Asp	synonymous_variant	LOW	0.0282258	52.3659	16326
2019-nCoV	21764	ATACATG	A	DEL	Heterozygous	S	QHD43416.1	1	c.204_209delACATGT	p.His69_Val70del	disruptive_inframe_deletion	MODERATE	0.706209	21721.4	26397
2019-nCoV	21789	C	T	SNP	Heterozygous	S	QHD43416.1	1	c.227C>T	p.Thr76Ile	missense_variant	MODERATE	0.0165	5.78987	26756
2019-nCoV	21987	G	A	SNP	Homozygous	S	QHD43416.1	1	c.425G>A	p.Gly142Asp	missense_variant	MODERATE	1.0	33770.0	30628
2019-nCoV	22054	T	G	SNP	Heterozygous	S	QHD43416.1	1	c.492T>G	p.Asn164Lys	missense_variant	MODERATE	0.0235235	8.74441	50586
2019-nCoV	22200	T	G	SNP	Homozygous	S	QHD43416.1	1	c.638T>G	p.Val213Gly	missense_variant	MODERATE	0.9965	36136.2	23779
2019-nCoV	22323	C	T	SNP	Heterozygous	S	QHD43416.1	1	c.761C>T	p.Ser254Phe	missense_variant	MODERATE	0.0235	28.4764	7681
2019-nCoV	22331	G	T	SNP	Heterozygous	S	QHD43416.1	1	c.769G>T	p.Gly257Cys	missense_variant	MODERATE	0.016	57.5541	7614
2019-nCoV	22424	G	T	SNP	Heterozygous	S	QHD43416.1	1	c.862G>T	p.Ala288Ser	missense_variant	MODERATE	0.016008	5.06492	35439
2019-nCoV	22576	TGG	GA	MIXED	Homozygous	S	QHD43416.1	1	c.1014_1016delTGGinsGA	p.Phe338fs	frameshift_variant&missense_variant	HIGH	0.998984	35558.8	30125
2019-nCoV	22599	G	T	SNP	Heterozygous	S	QHD43416.1	1	c.1037G>T	p.Arg346Ile	missense_variant	MODERATE	0.0355	55.4099	3167
2019-nCoV	22616	G	T	SNP	Heterozygous	S	QHD43416.1	1	c.1054G>T	p.Ala352Ser	missense_variant	MODERATE	0.0425	164.362	3175
2019-nCoV	22674	C	T	SNP	Homozygous	S	QHD43416.1	1	c.1112C>T	p.Ser371Phe	missense_variant	MODERATE	1.0	33766.4	6246
2019-nCoV	22679	T	C	SNP	Homozygous	S	QHD43416.1	1	c.1117T>C	p.Ser373Pro	missense_variant	MODERATE	0.9995	33660.1	6162
2019-nCoV	22686	CCA	TCG	MNP	Homozygous	S	QHD43416.1	1	c.1124_1126delCCAinsTCG	p.SerThr375PheAla	missense_variant	MODERATE	1.0	33261.2	3033
2019-nCoV	22775	G	A	SNP	Homozygous	S	QHD43416.1	1	c.1213G>A	p.Asp405Asn	missense_variant	MODERATE	0.986466	33791.0	2946
2019-nCoV	22786	A	C	SNP	Homozygous	S	QHD43416.1	1	c.1224A>C	p.Arg408Ser	missense_variant	MODERATE	0.998998	36250.5	2915
2019-nCoV	22792	C	T	SNP	Heterozygous	S	QHD43416.1	1	c.1230C>T	p.Ile410Ile	synonymous_variant	LOW	0.2001	3072.53	2929
2019-nCoV	22812	AG	CT	MNP	Heterozygous	S	QHD43416.1	1	c.1250_1251delAGinsCT	p.Lys417Thr	missense_variant	MODERATE	0.0195098	33831.2	21856
2019-nCoV	22813	G	T	SNP	Heterozygous	S	QHD43416.1	1	c.1251G>T	p.Lys417Asn	missense_variant	MODERATE	0.98049	33831.2	21856
2019-nCoV	22882	T	G	SNP	Homozygous	S	QHD43416.1	1	c.1320T>G	p.Asn440Lys	missense_variant	MODERATE	0.999	33847.9	53958
2019-nCoV	22917	T	G	SNP	Heterozygous	S	QHD43416.1	1	c.1355T>G	p.Leu452Arg	missense_variant	MODERATE	0.6655	22204.4	54908
2019-nCoV	22992	GCAC	ACAA	MNP	Homozygous	S	QHD43416.1	1	c.1430_1433delGCACinsACAA	p.SerThr477AsnLys	missense_variant	MODERATE	1.0	36140.8	33842
2019-nCoV	23013	A	C	SNP	Homozygous	S	QHD43416.1	1	c.1451A>C	p.Glu484Ala	missense_variant	MODERATE	0.997997	36145.8	42418
2019-nCoV	23018	T	G	SNP	Heterozygous	S	QHD43416.1	1	c.1456T>G	p.Phe486Val	missense_variant	MODERATE	0.655	18347.7	42482
2019-nCoV	23040	A	G	SNP	Heterozygous	S	QHD43416.1	1	c.1478A>G	p.Gln493Arg	missense_variant	MODERATE	0.319416	6268.07	42017
2019-nCoV	23055	A	G	SNP	Homozygous	S	QHD43416.1	1	c.1493A>G	p.Gln498Arg	missense_variant	MODERATE	0.997994	36040.8	9046
2019-nCoV	23063	A	T	SNP	Homozygous	S	QHD43416.1	1	c.1501A>T	p.Asn501Tyr	missense_variant	MODERATE	0.992492	33129.5	9124
2019-nCoV	23075	T	C	SNP	Homozygous	S	QHD43416.1	1	c.1513T>C	p.Tyr505His	missense_variant	MODERATE	0.997496	33663.9	9242
2019-nCoV	23248	C	T	SNP	Heterozygous	S	QHD43416.1	1	c.1686C>T	p.Phe562Phe	synonymous_variant	LOW	0.0535624	176.253	12429
2019-nCoV	23403	A	G	SNP	Homozygous	S	QHD43416.1	1	c.1841A>G	p.Asp614Gly	missense_variant	MODERATE	0.998991	35869.7	57964
2019-nCoV	23501	G	T	SNP	Heterozygous	S	QHD43416.1	1	c.1939G>T	p.Ala647Ser	missense_variant	MODERATE	0.0175527	8.18278	98606
2019-nCoV	23525	C	T	SNP	Homozygous	S	QHD43416.1	1	c.1963C>T	p.His655Tyr	missense_variant	MODERATE	0.998498	33702.6	98452
2019-nCoV	23535	A	G	SNP	Heterozygous	S	QHD43416.1	1	c.1973A>G	p.Asn658Ser	missense_variant	MODERATE	0.0770385	591.09	98321
2019-nCoV	23599	T	G	SNP	Homozygous	S	QHD43416.1	1	c.2037T>G	p.Asn679Lys	missense_variant	MODERATE	0.991496	35675.5	135028
2019-nCoV	23604	C	A	SNP	Homozygous	S	QHD43416.1	1	c.2042C>A	p.Pro681His	missense_variant	MODERATE	0.996495	36107.5	135123
2019-nCoV	23673	C	T	SNP	Heterozygous	S	QHD43416.1	1	c.2111C>T	p.Ser704Leu	missense_variant	MODERATE	0.104156	1031.81	66698
2019-nCoV	23775	G	T	SNP	Heterozygous	S	QHD43416.1	1	c.2213G>T	p.Cys738Phe	missense_variant	MODERATE	0.029	57.858	21112
2019-nCoV	23854	C	A	SNP	Heterozygous	S	QHD43416.1	1	c.2292C>A	p.Asn764Lys	missense_variant	MODERATE	0.979726	32977.6	20693
2019-nCoV	23854	CCG	ACT	MNP	Heterozygous	S	QHD43416.1	1	c.2292_2294delCCGinsACT	p.AsnArg764LysLeu	missense_variant	MODERATE	0.0202737	32977.6	20693
2019-nCoV	23948	GATTTTG	TATTT	MIXED	Heterozygous	S	QHD43416.1	1	c.2386_2392delGATTTTGinsTATTT	p.Asp796fs	frameshift_variant&missense_variant	HIGH	0.0391551	32382.6	16040
2019-nCoV	23948	G	T	SNP	Heterozygous	S	QHD43416.1	1	c.2386G>T	p.Asp796Tyr	missense_variant	MODERATE	0.916538	32382.6	16040
2019-nCoV	24006	G	T	SNP	Heterozygous	S	QHD43416.1	1	c.2444G>T	p.Arg815Met	missense_variant	MODERATE	0.0205205	16.5681	7773
2019-nCoV	24081	G	T	SNP	Heterozygous	S	QHD43416.1	1	c.2519G>T	p.Cys840Phe	missense_variant	MODERATE	0.0175088	7.84297	36878
2019-nCoV	24198	C	T	SNP	Heterozygous	S	QHD43416.1	1	c.2636C>T	p.Ala879Val	missense_variant	MODERATE	0.025	12.7555	15256
2019-nCoV	24203	A	T	SNP	Heterozygous	S	QHD43416.1	1	c.2641A>T	p.Thr881Ser	missense_variant	MODERATE	0.025	34.809	15206
2019-nCoV	24301	G	T	SNP	Heterozygous	S	QHD43416.1	1	c.2739G>T	p.Gln913His	missense_variant	MODERATE	0.0245245	84.0499	29672
2019-nCoV	24401	A	T	SNP	Heterozygous	S	QHD43416.1	1	c.2839A>T	p.Lys947*	stop_gained	HIGH	0.018027	9.76859	12313
2019-nCoV	24424	A	T	SNP	Homozygous	S	QHD43416.1	1	c.2862A>T	p.Gln954His	missense_variant	MODERATE	0.994995	35939.9	29439
2019-nCoV	24469	T	A	SNP	Homozygous	S	QHD43416.1	1	c.2907T>A	p.Asn969Lys	missense_variant	MODERATE	1.0	33072.8	59014
2019-nCoV	24488	G	T	SNP	Heterozygous	S	QHD43416.1	1	c.2926G>T	p.Val976Phe	missense_variant	MODERATE	0.0241085	30.7323	60580
2019-nCoV	24680	G	T	SNP	Heterozygous	S	QHD43416.1	1	c.3118G>T	p.Val1040Phe	missense_variant	MODERATE	0.026026	15.7013	8571
2019-nCoV	24683	G	T	SNP	Heterozygous	S	QHD43416.1	1	c.3121G>T	p.Asp1041Tyr	missense_variant	MODERATE	0.031	69.4366	8309
2019-nCoV	24948	T	C	SNP	Heterozygous	S	QHD43416.1	1	c.3386T>C	p.Val1129Ala	missense_variant	MODERATE	0.023	26.359	12673
2019-nCoV	24967	C	T	SNP	Heterozygous	S	QHD43416.1	1	c.3405C>T	p.Asn1135Asn	synonymous_variant	LOW	0.019	11.8384	12735
2019-nCoV	25000	C	T	SNP	Homozygous	S	QHD43416.1	1	c.3438C>T	p.Asp1146Asp	synonymous_variant	LOW	1.0	33337.7	30233
2019-nCoV	25071	C	T	SNP	Heterozygous	S	QHD43416.1	1	c.3509C>T	p.Ser1170Phe	missense_variant	MODERATE	0.0175	8.04012	17756
2019-nCoV	25416	C	T	SNP	Heterozygous	ORF3a	QHD43417.1	1	c.24C>T	p.Phe8Phe	synonymous_variant	LOW	0.144572	1800.95	31122
2019-nCoV	25485	T	C	SNP	Heterozygous	ORF3a	QHD43417.1	1	c.93T>C	p.Ala31Ala	synonymous_variant	LOW	0.0175088	8.09993	18387
2019-nCoV	25584	C	T	SNP	Homozygous	ORF3a	QHD43417.1	1	c.192C>T	p.Thr64Thr	synonymous_variant	LOW	0.994486	35913.1	74224
2019-nCoV	25624	C	T	SNP	Heterozygous	ORF3a	QHD43417.1	1	c.232C>T	p.His78Tyr	missense_variant	MODERATE	0.034034	47.4304	30469
2019-nCoV	25634	G	T	SNP	Heterozygous	ORF3a	QHD43417.1	1	c.242G>T	p.Cys81Phe	missense_variant	MODERATE	0.0250125	34.8755	30522
2019-nCoV	25687	G	A	SNP	Heterozygous	ORF3a	QHD43417.1	1	c.295G>A	p.Ala99Thr	missense_variant	MODERATE	0.0190667	12.0827	54755
2019-nCoV	25708	C	T	SNP	Heterozygous	ORF3a	QHD43417.1	1	c.316C>T	p.Leu106Phe	missense_variant	MODERATE	0.0272774	199.985	54708
2019-nCoV	25710	C	T	SNP	Heterozygous	ORF3a	QHD43417.1	1	c.318C>T	p.Leu106Leu	synonymous_variant	LOW	0.022	22.1757	54708
2019-nCoV	25810	C	T	SNP	Heterozygous	ORF3a	QHD43417.1	1	c.418C>T	p.Leu140Phe	missense_variant	MODERATE	0.0165663	6.91435	23668
2019-nCoV	25888	T	C	SNP	Heterozygous	ORF3a	QHD43417.1	1	c.496T>C	p.Ser166Pro	missense_variant	MODERATE	0.033	41.9696	3287
2019-nCoV	26058	CAC	TAT	MNP	Heterozygous	ORF3a	QHD43417.1	1	c.666_668delCACinsTAT	p.Thr223Ile	missense_variant	MODERATE	0.0260736	33095.1	36140
2019-nCoV	26060	C	T	SNP	Heterozygous	ORF3a	QHD43417.1	1	c.668C>T	p.Thr223Ile	missense_variant	MODERATE	0.939162	33095.1	36140
2019-nCoV	26270	C	T	SNP	Homozygous	E	QHD43418.1	1	c.26C>T	p.Thr9Ile	missense_variant	MODERATE	1.0	33820.6	111725
2019-nCoV	26275	A	G	SNP	Heterozygous	E	QHD43418.1	1	c.31A>G	p.Thr11Ala	missense_variant	MODERATE	0.0165	5.92492	111530
2019-nCoV	26308	G	T	SNP	Heterozygous	E	QHD43418.1	1	c.64G>T	p.Ala22Ser	missense_variant	MODERATE	0.0280702	50.6941	76029
2019-nCoV	26529	G	A	SNP	Heterozygous	M	QHD43419.1	1	c.7G>A	p.Asp3Asn	missense_variant	MODERATE	0.536537	13620.1	12582
2019-nCoV	26577	C	G	SNP	Homozygous	M	QHD43419.1	1	c.55C>G	p.Gln19Glu	missense_variant	MODERATE	1.0	33641.6	8834
2019-nCoV	26709	G	A	SNP	Homozygous	M	QHD43419.1	1	c.187G>A	p.Ala63Thr	missense_variant	MODERATE	1.0	36326.5	23848
2019-nCoV	26858	C	T	SNP	Heterozygous	M	QHD43419.1	1	c.336C>T	p.Phe112Phe	synonymous_variant	LOW	0.59009	15630.2	31696
2019-nCoV	27014	G	T	SNP	Heterozygous	M	QHD43419.1	1	c.492G>T	p.Leu164Leu	synonymous_variant	LOW	0.0290145	57.9339	35910
2019-nCoV	27038	A	G	SNP	Heterozygous	M	QHD43419.1	1	c.516A>G	p.Thr172Thr	synonymous_variant	LOW	0.1255	1430.93	3730
2019-nCoV	27259	A	C	SNP	Heterozygous	ORF6	QHD43420.1	1	c.58A>C	p.Arg20Arg	synonymous_variant	LOW	0.489724	11879.4	25193
2019-nCoV	27382	GAT	CTC	MNP	Heterozygous	ORF6	QHD43420.1	1	c.181_183delGATinsCTC	p.Asp61Leu	missense_variant	MODERATE	0.592461	16203.3	4737
2019-nCoV	27412	T	G	SNP	Heterozygous	ORF7a	QHD43421.1	1	c.19T>G	p.Leu7Val	missense_variant	MODERATE	0.0205103	16.6525	20479
2019-nCoV	27425	CA	C	DEL	Heterozygous	ORF7a	QHD43421.1	1	c.33delA	p.Leu12fs	frameshift_variant	HIGH	0.016016	5.03489	20588
2019-nCoV	27438	T	C	SNP	Heterozygous	ORF7a	QHD43421.1	1	c.45T>C	p.Cys15Cys	synonymous_variant	LOW	0.542313	13120.7	20608
2019-nCoV	27470	G	T	SNP	Heterozygous	ORF7a	QHD43421.1	1	c.77G>T	p.Gly26Val	missense_variant	MODERATE	0.0220884	6.47223	15283
2019-nCoV	27513	C	T	SNP	Heterozygous	ORF7a	QHD43421.1	1	c.120C>T	p.Tyr40Tyr	synonymous_variant	LOW	0.0185093	10.5556	43552
2019-nCoV	27676	G	T	SNP	Heterozygous	ORF7a	QHD43421.1	1	c.283G>T	p.Glu95*	stop_gained	HIGH	0.0171112	88.3894	35855
2019-nCoV	27788	G	T	SNP	Heterozygous	ORF8	QHD43422.1	-1	c.-106G>T	.	upstream_gene_variant	MODIFIER	0.129259	1477.23	34211
2019-nCoV	27807	C	T	SNP	Homozygous	ORF8	QHD43422.1	-1	c.-87C>T	.	upstream_gene_variant	MODIFIER	0.998992	36002.1	35377
2019-nCoV	27889	C	T	SNP	Heterozygous	ORF8	QHD43422.1	-1	c.-5C>T	.	upstream_gene_variant	MODIFIER	0.46994	11181.5	26596
2019-nCoV	27987	G	T	SNP	Heterozygous	ORF8	QHD43422.1	1	c.94G>T	p.Val32Leu	missense_variant	MODERATE	0.021	18.3884	76055
2019-nCoV	28208	T	C	SNP	Heterozygous	ORF8	QHD43422.1	1	c.315T>C	p.Tyr105Tyr	synonymous_variant	LOW	0.0765	583.389	52378
2019-nCoV	28271	A	T	SNP	Homozygous	N	QHD43423.2	-1	c.-3A>T	.	upstream_gene_variant	MODIFIER	1.0	33298.1	97032
2019-nCoV	28311	C	T	SNP	Homozygous	N	QHD43423.2	1	c.38C>T	p.Pro13Leu	missense_variant	MODERATE	0.996498	36145.8	97096
2019-nCoV	28330	A	G	SNP	Heterozygous	N	QHD43423.2	1	c.57A>G	p.Gly19Gly	synonymous_variant	LOW	0.156627	2062.85	94389
2019-nCoV	28361	GGAGAACGCA	G	DEL	Homozygous	N	QHD43423.2	1	c.90_98delAGAACGCAG	p.Glu31_Ser33del	disruptive_inframe_deletion	MODERATE	0.990211	35147.7	17952
2019-nCoV	28681	G	T	SNP	Heterozygous	N	QHD43423.2	1	c.408G>T	p.Glu136Asp	missense_variant	MODERATE	0.0232206	26.5246	100416
2019-nCoV	28724	C	T	SNP	Heterozygous	N	QHD43423.2	1	c.451C>T	p.Pro151Ser	missense_variant	MODERATE	0.196	2513.1	99972
2019-nCoV	28826	C	T	SNP	Heterozygous	N	QHD43423.2	1	c.553C>T	p.Arg185Cys	missense_variant	MODERATE	0.02	14.9696	88993
2019-nCoV	28881	GGG	AAC	MNP	Homozygous	N	QHD43423.2	1	c.608_610delGGGinsAAC	p.ArgGly203LysArg	missense_variant	MODERATE	1.0	33681.7	23600
2019-nCoV	29032	G	A	SNP	Heterozygous	N	QHD43423.2	1	c.759G>A	p.Glu253Glu	synonymous_variant	LOW	0.05	150.511	3866
2019-nCoV	29296	C	T	SNP	Heterozygous	N	QHD43423.2	1	c.1023C>T	p.Asp341Asp	synonymous_variant	LOW	0.0165	5.92251	13831
2019-nCoV	29374	G	A	SNP	Heterozygous	N	QHD43423.2	1	c.1101G>A	p.Glu367Glu	synonymous_variant	LOW	0.0655	427.904	22044
2019-nCoV	29510	A	C	SNP	Homozygous	N	QHD43423.2	1	c.1237A>C	p.Ser413Arg	missense_variant	MODERATE	0.987481	33827.3	8553
2019-nCoV	29614	C	T	SNP	Heterozygous	ORF10	QHI42199.1	1	c.57C>T	p.Cys19Cys	synonymous_variant	LOW	0.045	184.811	5766
2019-nCoV	29645	G	T	SNP	Heterozygous	ORF10	QHI42199.1	1	c.88G>T	p.Val30Leu	missense_variant	MODERATE	0.0190285	12.0624	5772
2019-nCoV	29666	C	T	SNP	Heterozygous	ORF10	QHI42199.1	1	c.109C>T	p.Leu37Phe	missense_variant	MODERATE	0.3	5728.5	5748
2019-nCoV	29702	G	T	SNP	Heterozygous	S	QHD43416.1	-1	c.*4318G>T	.	downstream_gene_variant	MODIFIER	0.019019	11.9679	5696
2019-nCoV	29722	C	T	SNP	Heterozygous	S	QHD43416.1	-1	c.*4338C>T	.	downstream_gene_variant	MODIFIER	0.0370185	115.714	5136
2019-nCoV	29733	CGAGGCCACGCGGAGTACGATCGAGTG	C	DEL	Heterozygous	S	QHD43416.1	-1	c.*4350_*4375delGAGGCCACGCGGAGTACGATCGAGTG	.	downstream_gene_variant	MODIFIER	0.983871	34993.3	4160
2019-nCoV	29734	GAGGCCACGCGGAGTACGATCGAGTGTA	TT	MIXED	Heterozygous	S	QHD43416.1	-1	c.*4350_*4377delGAGGCCACGCGGAGTACGATCGAGTGTAinsTT	.	downstream_gene_variant	MODIFIER	0.016129	34993.3	4160
