CHROM	POS	REF	ALT	VARTYPE	GEN[*].GT	ANN[*].GENE	ANN[*].FEATUREID	EFF[*].RANK	ANN[*].HGVS_C	ANN[*].HGVS_P	ANN[*].EFFECT	EFF[*].IMPACT	AF	QUAL	DP
2019-nCoV	44	C	T	SNP	Homozygous	orf1ab	QHD43415.1	-1	c.-222C>T	.	upstream_gene_variant	MODIFIER	0.994494	32603.9	63342
2019-nCoV	173	C	T	SNP	Heterozygous	orf1ab	QHD43415.1	-1	c.-93C>T	.	upstream_gene_variant	MODIFIER	0.203102	3140.54	65996
2019-nCoV	222	C	T	SNP	Heterozygous	orf1ab	QHD43415.1	-1	c.-44C>T	.	upstream_gene_variant	MODIFIER	0.186	2305.74	64247
2019-nCoV	241	C	T	SNP	Homozygous	orf1ab	QHD43415.1	-1	c.-25C>T	.	upstream_gene_variant	MODIFIER	1.0	33403.1	3924
2019-nCoV	670	T	G	SNP	Homozygous	orf1ab	QHD43415.1	1	c.405T>G	p.Ser135Arg	missense_variant	MODERATE	0.993487	33298.2	62115
2019-nCoV	1627	C	T	SNP	Heterozygous	orf1ab	QHD43415.1	1	c.1362C>T	p.Leu454Leu	synonymous_variant	LOW	0.524262	11842.5	25462
2019-nCoV	1931	C	A	SNP	Heterozygous	orf1ab	QHD43415.1	1	c.1666C>A	p.Gln556Lys	missense_variant	MODERATE	0.420655	9229.97	10578
2019-nCoV	2393	G	A	SNP	Heterozygous	orf1ab	QHD43415.1	1	c.2128G>A	p.Val710Ile	missense_variant	MODERATE	0.04102	74.2897	903
2019-nCoV	2437	A	G	SNP	Heterozygous	orf1ab	QHD43415.1	1	c.2172A>G	p.Arg724Arg	synonymous_variant	LOW	0.047	208.859	5720
2019-nCoV	2790	C	T	SNP	Homozygous	orf1ab	QHD43415.1	1	c.2525C>T	p.Thr842Ile	missense_variant	MODERATE	1.0	30730.7	36242
2019-nCoV	2954	T	C	SNP	Heterozygous	orf1ab	QHD43415.1	1	c.2689T>C	p.Leu897Leu	synonymous_variant	LOW	0.43972	10173.5	30580
2019-nCoV	3037	C	T	SNP	Homozygous	orf1ab	QHD43415.1	1	c.2772C>T	p.Phe924Phe	synonymous_variant	LOW	0.9985	33708.1	26204
2019-nCoV	3569	A	G	SNP	Heterozygous	orf1ab	QHD43415.1	1	c.3304A>G	p.Ser1102Gly	missense_variant	MODERATE	0.0205	16.4995	12514
2019-nCoV	3796	C	T	SNP	Heterozygous	orf1ab	QHD43415.1	1	c.3531C>T	p.Val1177Val	synonymous_variant	LOW	0.0305764	66.2269	13697
2019-nCoV	3857	C	A	SNP	Heterozygous	orf1ab	QHD43415.1	1	c.3592C>A	p.Gln1198Lys	missense_variant	MODERATE	0.0354707	40.0998	1467
2019-nCoV	3927	C	T	SNP	Heterozygous	orf1ab	QHD43415.1	1	c.3662C>T	p.Ser1221Leu	missense_variant	MODERATE	0.0465	201.838	4529
2019-nCoV	3992	C	T	SNP	Heterozygous	orf1ab	QHD43415.1	1	c.3727C>T	p.Leu1243Leu	synonymous_variant	LOW	0.033	84.7341	2889
2019-nCoV	4076	G	A	SNP	Heterozygous	orf1ab	QHD43415.1	1	c.3811G>A	p.Val1271Ile	missense_variant	MODERATE	0.036018	58.2545	5767
2019-nCoV	4184	G	A	SNP	Homozygous	orf1ab	QHD43415.1	1	c.3919G>A	p.Gly1307Ser	missense_variant	MODERATE	0.996997	36116.5	7294
2019-nCoV	4321	C	T	SNP	Homozygous	orf1ab	QHD43415.1	1	c.4056C>T	p.Ala1352Ala	synonymous_variant	LOW	1.0	32703.9	18500
2019-nCoV	4586	C	T	SNP	Heterozygous	orf1ab	QHD43415.1	1	c.4321C>T	p.Leu1441Leu	synonymous_variant	LOW	0.0350175	95.9789	26852
2019-nCoV	4749	A	G	SNP	Heterozygous	orf1ab	QHD43415.1	1	c.4484A>G	p.Lys1495Arg	missense_variant	MODERATE	0.0255	37.903	22188
2019-nCoV	5183	C	T	SNP	Heterozygous	orf1ab	QHD43415.1	1	c.4918C>T	p.Pro1640Ser	missense_variant	MODERATE	0.031	30.6502	10578
2019-nCoV	5284	C	T	SNP	Heterozygous	orf1ab	QHD43415.1	1	c.5019C>T	p.Asn1673Asn	synonymous_variant	LOW	0.0630315	393.633	9249
2019-nCoV	6310	C	T	SNP	Heterozygous	orf1ab	QHD43415.1	1	c.6045C>T	p.Ser2015Ser	synonymous_variant	LOW	0.2065	3201.43	18434
2019-nCoV	6336	C	T	SNP	Heterozygous	orf1ab	QHD43415.1	1	c.6071C>T	p.Ser2024Leu	missense_variant	MODERATE	0.0281407	23.5309	18208
2019-nCoV	6666	C	T	SNP	Heterozygous	orf1ab	QHD43415.1	1	c.6401C>T	p.Pro2134Leu	missense_variant	MODERATE	0.0495495	144.321	26080
2019-nCoV	7235	G	A	SNP	Heterozygous	orf1ab	QHD43415.1	1	c.6970G>A	p.Val2324Ile	missense_variant	MODERATE	0.141064	1735.69	9740
2019-nCoV	7528	C	T	SNP	Heterozygous	orf1ab	QHD43415.1	1	c.7263C>T	p.Val2421Val	synonymous_variant	LOW	0.3705	7879.41	12809
2019-nCoV	8389	C	T	SNP	Heterozygous	orf1ab	QHD43415.1	1	c.8124C>T	p.Asn2708Asn	synonymous_variant	LOW	0.041041	150.84	35953
2019-nCoV	9107	T	C	SNP	Heterozygous	orf1ab	QHD43415.1	1	c.8842T>C	p.Leu2948Leu	synonymous_variant	LOW	0.022	22.1751	29556
2019-nCoV	9344	C	T	SNP	Homozygous	orf1ab	QHD43415.1	1	c.9079C>T	p.Leu3027Phe	missense_variant	MODERATE	1.0	31784.6	8618
2019-nCoV	9424	A	G	SNP	Homozygous	orf1ab	QHD43415.1	1	c.9159A>G	p.Val3053Val	synonymous_variant	LOW	1.0	36069.6	6664
2019-nCoV	9534	C	T	SNP	Homozygous	orf1ab	QHD43415.1	1	c.9269C>T	p.Thr3090Ile	missense_variant	MODERATE	1.0	12323.3	686
2019-nCoV	9866	C	T	SNP	Heterozygous	orf1ab	QHD43415.1	1	c.9601C>T	p.Leu3201Phe	missense_variant	MODERATE	0.0421053	151.984	15851
2019-nCoV	9985	C	T	SNP	Heterozygous	orf1ab	QHD43415.1	1	c.9720C>T	p.Asp3240Asp	synonymous_variant	LOW	0.024012	29.4647	22809
2019-nCoV	10029	C	T	SNP	Homozygous	orf1ab	QHD43415.1	1	c.9764C>T	p.Thr3255Ile	missense_variant	MODERATE	0.997497	36149.3	22573
2019-nCoV	10198	C	T	SNP	Homozygous	orf1ab	QHD43415.1	1	c.9933C>T	p.Asp3311Asp	synonymous_variant	LOW	0.999	36319.7	18692
2019-nCoV	10447	GCC	ACA	MNP	Homozygous	orf1ab	QHD43415.1	1	c.10182_10184delGCCinsACA	p.Pro3395His	missense_variant	MODERATE	1.0	34728.3	6676
2019-nCoV	10456	C	T	SNP	Heterozygous	orf1ab	QHD43415.1	1	c.10191C>T	p.Phe3397Phe	synonymous_variant	LOW	0.0245123	33.1966	6823
2019-nCoV	11287	GTCTGGTTTT	G	DEL	Homozygous	orf1ab	QHD43415.1	1	c.11023_11031delTCTGGTTTT	p.Ser3675_Phe3677del	conservative_inframe_deletion	MODERATE	1.0	35442.9	34565
2019-nCoV	11339	C	T	SNP	Heterozygous	orf1ab	QHD43415.1	1	c.11074C>T	p.Leu3692Leu	synonymous_variant	LOW	0.068	460.505	36401
2019-nCoV	11563	C	T	SNP	Heterozygous	orf1ab	QHD43415.1	1	c.11298C>T	p.Cys3766Cys	synonymous_variant	LOW	0.032032	35.7204	14473
2019-nCoV	11750	C	T	SNP	Heterozygous	orf1ab	QHD43415.1	1	c.11485C>T	p.Leu3829Phe	missense_variant	MODERATE	0.3635	7645.01	20286
2019-nCoV	12160	G	A	SNP	Heterozygous	orf1ab	QHD43415.1	1	c.11895G>A	p.Glu3965Glu	synonymous_variant	LOW	0.968453	33884.1	10089
2019-nCoV	12310	G	A	SNP	Heterozygous	orf1ab	QHD43415.1	1	c.12045G>A	p.Gln4015Gln	synonymous_variant	LOW	0.0790395	436.011	18443
2019-nCoV	12444	A	G	SNP	Heterozygous	orf1ab	QHD43415.1	1	c.12179A>G	p.Asn4060Ser	missense_variant	MODERATE	0.052	261.147	18463
2019-nCoV	12811	T	C	SNP	Heterozygous	orf1ab	QHD43415.1	1	c.12546T>C	p.Leu4182Leu	synonymous_variant	LOW	0.0575	326.496	13181
2019-nCoV	12880	C	T	SNP	Homozygous	orf1ab	QHD43415.1	1	c.12615C>T	p.Ile4205Ile	synonymous_variant	LOW	0.999499	36155.6	19485
2019-nCoV	13096	T	C	SNP	Heterozygous	orf1ab	QHD43415.1	1	c.12831T>C	p.Ala4277Ala	synonymous_variant	LOW	0.0255	38.0685	33496
2019-nCoV	14257	T	C	SNP	Heterozygous	orf1ab	QHD43415.1	2	c.13993T>C	p.Tyr4665His	missense_variant	MODERATE	0.413447	8238.78	12872
2019-nCoV	14408	C	T	SNP	Homozygous	orf1ab	QHD43415.1	2	c.14144C>T	p.Pro4715Leu	missense_variant	MODERATE	0.994	33294.0	2859
2019-nCoV	14593	G	A	SNP	Heterozygous	orf1ab	QHD43415.1	2	c.14329G>A	p.Gly4777Ser	missense_variant	MODERATE	0.0455228	193.53	9701
2019-nCoV	14622	G	A	SNP	Heterozygous	orf1ab	QHD43415.1	2	c.14358G>A	p.Thr4786Thr	synonymous_variant	LOW	0.206	3221.55	9684
2019-nCoV	15451	G	A	SNP	Heterozygous	orf1ab	QHD43415.1	2	c.15187G>A	p.Gly5063Ser	missense_variant	MODERATE	0.0610916	363.708	57452
2019-nCoV	15714	C	T	SNP	Homozygous	orf1ab	QHD43415.1	2	c.15450C>T	p.Leu5150Leu	synonymous_variant	LOW	1.0	36123.2	54319
2019-nCoV	15738	C	T	SNP	Heterozygous	orf1ab	QHD43415.1	2	c.15474C>T	p.Phe5158Phe	synonymous_variant	LOW	0.0876314	533.214	54542
2019-nCoV	16616	C	A	SNP	Heterozygous	orf1ab	QHD43415.1	2	c.16352C>A	p.Thr5451Asn	missense_variant	MODERATE	0.0715358	507.294	11012
2019-nCoV	16694	C	T	SNP	Heterozygous	orf1ab	QHD43415.1	2	c.16430C>T	p.Thr5477Ile	missense_variant	MODERATE	0.021	17.6131	24723
2019-nCoV	16935	G	A	SNP	Heterozygous	orf1ab	QHD43415.1	2	c.16671G>A	p.Met5557Ile	missense_variant	MODERATE	0.45996	10857.5	36772
2019-nCoV	17039	A	G	SNP	Heterozygous	orf1ab	QHD43415.1	2	c.16775A>G	p.Asn5592Ser	missense_variant	MODERATE	0.418919	8319.04	30698
2019-nCoV	17209	T	G	SNP	Heterozygous	orf1ab	QHD43415.1	2	c.16945T>G	p.Leu5649Val	missense_variant	MODERATE	0.2005	3085.93	61313
2019-nCoV	17410	C	T	SNP	Homozygous	orf1ab	QHD43415.1	2	c.17146C>T	p.Arg5716Cys	missense_variant	MODERATE	1.0	36380.2	47447
2019-nCoV	17859	T	C	SNP	Heterozygous	orf1ab	QHD43415.1	2	c.17595T>C	p.Tyr5865Tyr	synonymous_variant	LOW	0.023	26.0612	10100
2019-nCoV	18163	A	G	SNP	Homozygous	orf1ab	QHD43415.1	2	c.17899A>G	p.Ile5967Val	missense_variant	MODERATE	0.998499	33725.8	9765
2019-nCoV	18457	C	T	SNP	Heterozygous	orf1ab	QHD43415.1	2	c.18193C>T	p.Pro6065Ser	missense_variant	MODERATE	0.2205	3580.64	8712
2019-nCoV	18583	G	A	SNP	Heterozygous	orf1ab	QHD43415.1	2	c.18319G>A	p.Val6107Ile	missense_variant	MODERATE	0.032	77.5831	12932
2019-nCoV	19955	C	T	SNP	Homozygous	orf1ab	QHD43415.1	2	c.19691C>T	p.Thr6564Ile	missense_variant	MODERATE	1.0	33759.2	33369
2019-nCoV	20055	A	G	SNP	Heterozygous	orf1ab	QHD43415.1	2	c.19791A>G	p.Glu6597Glu	synonymous_variant	LOW	0.975988	32042.4	22101
2019-nCoV	20741	A	G	SNP	Heterozygous	orf1ab	QHD43415.1	2	c.20477A>G	p.Gln6826Arg	missense_variant	MODERATE	0.0260521	41.2281	10387
2019-nCoV	21575	C	T	SNP	Heterozygous	S	QHD43416.1	1	c.13C>T	p.Leu5Phe	missense_variant	MODERATE	0.18613	1896.96	3781
2019-nCoV	21618	C	T	SNP	Homozygous	S	QHD43416.1	1	c.56C>T	p.Thr19Ile	missense_variant	MODERATE	1.0	33872.7	9917
2019-nCoV	21632	TTACCCCCTG	T	DEL	Homozygous	S	QHD43416.1	1	c.71_79delTACCCCCTG	p.Leu24_Ala27delinsSer	disruptive_inframe_deletion	MODERATE	1.0	36172.0	9727
2019-nCoV	21764	ATACATG	A	DEL	Heterozygous	S	QHD43416.1	1	c.204_209delACATGT	p.His69_Val70del	disruptive_inframe_deletion	MODERATE	0.943939	32150.5	10847
2019-nCoV	21890	T	C	SNP	Heterozygous	S	QHD43416.1	1	c.328T>C	p.Leu110Leu	synonymous_variant	LOW	0.0476908	215.198	18264
2019-nCoV	21987	GTGTTTA	ATGT	MIXED	Heterozygous	S	QHD43416.1	1	c.425_431delGTGTTTAinsATGT	p.Gly142_Tyr144delinsAspVal	missense_variant&conservative_inframe_deletion	MODERATE	0.135645	35083.7	12649
2019-nCoV	21987	G	A	SNP	Heterozygous	S	QHD43416.1	1	c.425G>A	p.Gly142Asp	missense_variant	MODERATE	0.864355	35083.7	12649
2019-nCoV	22001	A	G	SNP	Heterozygous	S	QHD43416.1	1	c.439A>G	p.Lys147Glu	missense_variant	MODERATE	0.0461384	116.512	12456
2019-nCoV	22016	T	C	SNP	Heterozygous	S	QHD43416.1	1	c.454T>C	p.Trp152Arg	missense_variant	MODERATE	0.0465	203.113	12701
2019-nCoV	22033	C	A	SNP	Heterozygous	S	QHD43416.1	1	c.471C>A	p.Phe157Leu	missense_variant	MODERATE	0.0475475	134.798	23457
2019-nCoV	22200	T	G	SNP	Homozygous	S	QHD43416.1	1	c.638T>G	p.Val213Gly	missense_variant	MODERATE	0.988928	35062.5	5210
2019-nCoV	22326	C	T	SNP	Heterozygous	S	QHD43416.1	1	c.764C>T	p.Ser255Phe	missense_variant	MODERATE	0.027163	49.8128	8977
2019-nCoV	22331	G	A	SNP	Heterozygous	S	QHD43416.1	1	c.769G>A	p.Gly257Ser	missense_variant	MODERATE	0.049	145.876	8975
2019-nCoV	22577	GG	CA	MNP	Heterozygous	S	QHD43416.1	1	c.1015_1016delGGinsCA	p.Gly339His	missense_variant	MODERATE	0.0342397	33178.3	5098
2019-nCoV	22578	G	A	SNP	Heterozygous	S	QHD43416.1	1	c.1016G>A	p.Gly339Asp	missense_variant	MODERATE	0.96576	33178.3	5098
2019-nCoV	22599	G	C	SNP	Heterozygous	S	QHD43416.1	1	c.1037G>C	p.Arg346Thr	missense_variant	MODERATE	0.840121	26723.1	3136
2019-nCoV	22674	C	T	SNP	Homozygous	S	QHD43416.1	1	c.1112C>T	p.Ser371Phe	missense_variant	MODERATE	0.997993	33309.9	3585
2019-nCoV	22679	T	C	SNP	Homozygous	S	QHD43416.1	1	c.1117T>C	p.Ser373Pro	missense_variant	MODERATE	0.998996	33292.8	3500
2019-nCoV	22686	CCA	TCG	MNP	Homozygous	S	QHD43416.1	1	c.1124_1126delCCAinsTCG	p.SerThr375PheAla	missense_variant	MODERATE	0.996071	4937.98	611
2019-nCoV	22775	G	A	SNP	Homozygous	S	QHD43416.1	1	c.1213G>A	p.Asp405Asn	missense_variant	MODERATE	1.0	8333.43	493
2019-nCoV	22786	A	C	SNP	Homozygous	S	QHD43416.1	1	c.1224A>C	p.Arg408Ser	missense_variant	MODERATE	1.0	8550.61	482
2019-nCoV	22813	G	T	SNP	Homozygous	S	QHD43416.1	1	c.1251G>T	p.Lys417Asn	missense_variant	MODERATE	0.999499	33874.7	18334
2019-nCoV	22882	T	G	SNP	Homozygous	S	QHD43416.1	1	c.1320T>G	p.Asn440Lys	missense_variant	MODERATE	0.997999	33719.5	27279
2019-nCoV	22893	A	C	SNP	Heterozygous	S	QHD43416.1	1	c.1331A>C	p.Lys444Thr	missense_variant	MODERATE	0.459799	10789.4	27306
2019-nCoV	22894	G	T	SNP	Heterozygous	S	QHD43416.1	1	c.1332G>T	p.Lys444Asn	missense_variant	MODERATE	0.0521565	263.678	27306
2019-nCoV	22898	G	A	SNP	Heterozygous	S	QHD43416.1	1	c.1336G>A	p.Gly446Ser	missense_variant	MODERATE	0.0435218	172.709	27171
2019-nCoV	22917	T	G	SNP	Homozygous	S	QHD43416.1	1	c.1355T>G	p.Leu452Arg	missense_variant	MODERATE	0.989985	35571.0	26760
2019-nCoV	22942	T	A	SNP	Heterozygous	S	QHD43416.1	1	c.1380T>A	p.Asn460Lys	missense_variant	MODERATE	0.434586	12872.9	26332
2019-nCoV	22992	GCAC	ACAA	MNP	Homozygous	S	QHD43416.1	1	c.1430_1433delGCACinsACAA	p.SerThr477AsnLys	missense_variant	MODERATE	1.0	36052.0	8548
2019-nCoV	23013	A	C	SNP	Homozygous	S	QHD43416.1	1	c.1451A>C	p.Glu484Ala	missense_variant	MODERATE	0.998495	36174.4	17267
2019-nCoV	23018	T	G	SNP	Heterozygous	S	QHD43416.1	1	c.1456T>G	p.Phe486Val	missense_variant	MODERATE	0.964965	33871.8	17339
2019-nCoV	23019	T	C	SNP	Heterozygous	S	QHD43416.1	1	c.1457T>C	p.Phe486Ser	missense_variant	MODERATE	0.0255	38.0896	17339
2019-nCoV	23055	A	G	SNP	Homozygous	S	QHD43416.1	1	c.1493A>G	p.Gln498Arg	missense_variant	MODERATE	0.99144	35369.4	8957
2019-nCoV	23063	A	T	SNP	Homozygous	S	QHD43416.1	1	c.1501A>T	p.Asn501Tyr	missense_variant	MODERATE	0.98995	32372.0	9069
2019-nCoV	23075	T	C	SNP	Homozygous	S	QHD43416.1	1	c.1513T>C	p.Tyr505His	missense_variant	MODERATE	0.996997	36172.4	9268
2019-nCoV	23403	A	G	SNP	Homozygous	S	QHD43416.1	1	c.1841A>G	p.Asp614Gly	missense_variant	MODERATE	1.0	33597.9	43625
2019-nCoV	23525	C	T	SNP	Homozygous	S	QHD43416.1	1	c.1963C>T	p.His655Tyr	missense_variant	MODERATE	0.998496	33704.3	88958
2019-nCoV	23599	T	G	SNP	Homozygous	S	QHD43416.1	1	c.2037T>G	p.Asn679Lys	missense_variant	MODERATE	0.995491	35936.5	118122
2019-nCoV	23604	C	A	SNP	Homozygous	S	QHD43416.1	1	c.2042C>A	p.Pro681His	missense_variant	MODERATE	0.998998	19856.4	118144
2019-nCoV	23854	C	A	SNP	Homozygous	S	QHD43416.1	1	c.2292C>A	p.Asn764Lys	missense_variant	MODERATE	0.995984	32960.8	16342
2019-nCoV	23948	G	T	SNP	Homozygous	S	QHD43416.1	1	c.2386G>T	p.Asp796Tyr	missense_variant	MODERATE	1.0	26582.4	13250
2019-nCoV	24034	C	T	SNP	Heterozygous	S	QHD43416.1	1	c.2472C>T	p.Asn824Asn	synonymous_variant	LOW	0.21021	3320.62	25721
2019-nCoV	24424	A	T	SNP	Homozygous	S	QHD43416.1	1	c.2862A>T	p.Gln954His	missense_variant	MODERATE	0.9945	19503.3	29729
2019-nCoV	24469	T	A	SNP	Homozygous	S	QHD43416.1	1	c.2907T>A	p.Asn969Lys	missense_variant	MODERATE	0.98998	31162.1	38026
2019-nCoV	25000	C	T	SNP	Heterozygous	S	QHD43416.1	1	c.3438C>T	p.Asp1146Asp	synonymous_variant	LOW	0.945892	36331.0	22476
2019-nCoV	25000	CTC	TTT	MNP	Heterozygous	S	QHD43416.1	1	c.3438_3440delCTCinsTTT	p.Ser1147Leu	missense_variant	MODERATE	0.0541082	36331.0	22476
2019-nCoV	25416	C	T	SNP	Heterozygous	ORF3a	QHD43417.1	1	c.24C>T	p.Phe8Phe	synonymous_variant	LOW	0.0625626	381.595	26466
2019-nCoV	25452	C	T	SNP	Heterozygous	ORF3a	QHD43417.1	1	c.60C>T	p.Ile20Ile	synonymous_variant	LOW	0.215608	2951.84	25818
2019-nCoV	25584	C	T	SNP	Homozygous	ORF3a	QHD43417.1	1	c.192C>T	p.Thr64Thr	synonymous_variant	LOW	0.993979	35697.4	80952
2019-nCoV	25697	A	G	SNP	Heterozygous	ORF3a	QHD43417.1	1	c.305A>G	p.Glu102Gly	missense_variant	MODERATE	0.189189	2345.46	42126
2019-nCoV	25714	C	T	SNP	Heterozygous	ORF3a	QHD43417.1	1	c.322C>T	p.Leu108Phe	missense_variant	MODERATE	0.190836	2775.54	42106
2019-nCoV	26060	C	T	SNP	Homozygous	ORF3a	QHD43417.1	1	c.668C>T	p.Thr223Ile	missense_variant	MODERATE	1.0	33858.3	30405
2019-nCoV	26270	C	T	SNP	Homozygous	E	QHD43418.1	1	c.26C>T	p.Thr9Ile	missense_variant	MODERATE	0.999499	33833.7	70667
2019-nCoV	26275	A	G	SNP	Heterozygous	E	QHD43418.1	1	c.31A>G	p.Thr11Ala	missense_variant	MODERATE	0.044	176.913	70461
2019-nCoV	26428	G	T	SNP	Heterozygous	E	QHD43418.1	1	c.184G>T	p.Val62Phe	missense_variant	MODERATE	0.0535536	279.541	6527
2019-nCoV	26529	G	A	SNP	Heterozygous	M	QHD43419.1	1	c.7G>A	p.Asp3Asn	missense_variant	MODERATE	0.949	32843.4	7540
2019-nCoV	26577	C	G	SNP	Homozygous	M	QHD43419.1	1	c.55C>G	p.Gln19Glu	missense_variant	MODERATE	1.0	33930.2	2751
2019-nCoV	26709	G	A	SNP	Homozygous	M	QHD43419.1	1	c.187G>A	p.Ala63Thr	missense_variant	MODERATE	1.0	36412.1	15344
2019-nCoV	26858	C	T	SNP	Heterozygous	M	QHD43419.1	1	c.336C>T	p.Phe112Phe	synonymous_variant	LOW	0.0700701	486.185	36038
2019-nCoV	26907	C	T	SNP	Heterozygous	M	QHD43419.1	1	c.385C>T	p.Leu129Leu	synonymous_variant	LOW	0.180952	2522.33	40031
2019-nCoV	27012	C	T	SNP	Heterozygous	M	QHD43419.1	1	c.490C>T	p.Leu164Leu	synonymous_variant	LOW	0.103	793.07	40618
2019-nCoV	27038	A	G	SNP	Heterozygous	M	QHD43419.1	1	c.516A>G	p.Thr172Thr	synonymous_variant	LOW	0.3605	7578.1	4304
2019-nCoV	27259	A	C	SNP	Heterozygous	ORF6	QHD43420.1	1	c.58A>C	p.Arg20Arg	synonymous_variant	LOW	0.0561122	209.307	11044
2019-nCoV	27382	GAT	CTC	MNP	Heterozygous	ORF6	QHD43420.1	1	c.181_183delGATinsCTC	p.Asp61Leu	missense_variant	MODERATE	0.0906329	794.009	3783
2019-nCoV	27513	C	T	SNP	Heterozygous	ORF7a	QHD43421.1	1	c.120C>T	p.Tyr40Tyr	synonymous_variant	LOW	0.105158	1050.01	36946
2019-nCoV	27794	T	C	SNP	Heterozygous	ORF8	QHD43422.1	-1	c.-100T>C	.	upstream_gene_variant	MODIFIER	0.0210421	18.5228	27642
2019-nCoV	27807	C	T	SNP	Homozygous	ORF8	QHD43422.1	-1	c.-87C>T	.	upstream_gene_variant	MODIFIER	0.999	36382.1	27660
2019-nCoV	27889	C	T	SNP	Heterozygous	ORF8	QHD43422.1	-1	c.-5C>T	.	upstream_gene_variant	MODIFIER	0.927	31531.7	19735
2019-nCoV	28271	A	T	SNP	Heterozygous	N	QHD43423.2	-1	c.-3A>T	.	upstream_gene_variant	MODIFIER	0.962907	30786.2	82951
2019-nCoV	28311	C	T	SNP	Heterozygous	N	QHD43423.2	1	c.38C>T	p.Pro13Leu	missense_variant	MODERATE	0.568421	36220.5	83166
2019-nCoV	28311	CC	TT	MNP	Heterozygous	N	QHD43423.2	1	c.38_39delCCinsTT	p.Pro13Leu	missense_variant	MODERATE	0.431078	36220.5	83166
2019-nCoV	28330	A	G	SNP	Heterozygous	N	QHD43423.2	1	c.57A>G	p.Gly19Gly	synonymous_variant	LOW	0.483	11630.0	77985
2019-nCoV	28361	GGAGAACGCA	G	DEL	Heterozygous	N	QHD43423.2	1	c.90_98delAGAACGCAG	p.Glu31_Ser33del	disruptive_inframe_deletion	MODERATE	0.680143	35272.7	18082
2019-nCoV	28361	GGAGAACGCAG	TT	MIXED	Heterozygous	N	QHD43423.2	1	c.88_98delGGAGAACGCAGinsTT	p.Gly30_Ser33delinsPhe	missense_variant&disruptive_inframe_deletion	MODERATE	0.312692	35272.7	18082
2019-nCoV	28681	G	T	SNP	Heterozygous	N	QHD43423.2	1	c.408G>T	p.Glu136Asp	missense_variant	MODERATE	0.402701	8914.36	88314
2019-nCoV	28717	C	T	SNP	Heterozygous	N	QHD43423.2	1	c.444C>T	p.Thr148Thr	synonymous_variant	LOW	0.1995	3062.45	89337
2019-nCoV	28881	GGG	AAC	MNP	Homozygous	N	QHD43423.2	1	c.608_610delGGGinsAAC	p.ArgGly203LysArg	missense_variant	MODERATE	1.0	33505.9	34963
2019-nCoV	29048	C	T	SNP	Heterozygous	N	QHD43423.2	1	c.775C>T	p.Arg259Trp	missense_variant	MODERATE	0.0190095	11.8455	8281
2019-nCoV	29095	C	T	SNP	Heterozygous	N	QHD43423.2	1	c.822C>T	p.Phe274Phe	synonymous_variant	LOW	0.079	601.216	8454
2019-nCoV	29200	C	T	SNP	Heterozygous	N	QHD43423.2	1	c.927C>T	p.Pro309Pro	synonymous_variant	LOW	0.0544904	287.933	6582
2019-nCoV	29376	C	T	SNP	Heterozygous	N	QHD43423.2	1	c.1103C>T	p.Pro368Leu	missense_variant	MODERATE	0.044	107.713	21382
2019-nCoV	29510	A	C	SNP	Homozygous	N	QHD43423.2	1	c.1237A>C	p.Ser413Arg	missense_variant	MODERATE	0.998999	33625.5	7348
2019-nCoV	29614	C	T	SNP	Heterozygous	ORF10	QHI42199.1	1	c.57C>T	p.Cys19Cys	synonymous_variant	LOW	0.0315	35.3552	14187
2019-nCoV	29733	CGAGGCCACGCGGAGTACGATCGAGTG	C	DEL	Homozygous	S	QHD43416.1	-1	c.*4350_*4375delGAGGCCACGCGGAGTACGATCGAGTG	.	downstream_gene_variant	MODIFIER	1.0	35933.8	10970
2019-nCoV	29781	G	T	SNP	Heterozygous	S	QHD43416.1	-1	c.*4397G>T	.	downstream_gene_variant	MODIFIER	0.127	1180.42	11363
