CHROM	POS	REF	ALT	VARTYPE	GEN[*].GT	ANN[*].GENE	ANN[*].FEATUREID	EFF[*].RANK	ANN[*].HGVS_C	ANN[*].HGVS_P	ANN[*].EFFECT	EFF[*].IMPACT	AF	QUAL	DP
2019-nCoV	44	C	T	SNP	Homozygous	orf1ab	QHD43415.1	-1	c.-222C>T	.	upstream_gene_variant	MODIFIER	0.991996	32539.5	37708
2019-nCoV	241	C	T	SNP	Homozygous	orf1ab	QHD43415.1	-1	c.-25C>T	.	upstream_gene_variant	MODIFIER	0.999499	33462.6	5256
2019-nCoV	405	A	G	SNP	Heterozygous	orf1ab	QHD43415.1	1	c.140A>G	p.Lys47Arg	missense_variant	MODERATE	0.0795	628.179	50905
2019-nCoV	593	C	T	SNP	Heterozygous	orf1ab	QHD43415.1	1	c.328C>T	p.His110Tyr	missense_variant	MODERATE	0.0701052	490.763	55642
2019-nCoV	625	G	T	SNP	Heterozygous	orf1ab	QHD43415.1	1	c.360G>T	p.Lys120Asn	missense_variant	MODERATE	0.117027	1255.53	55810
2019-nCoV	670	T	G	SNP	Homozygous	orf1ab	QHD43415.1	1	c.405T>G	p.Ser135Arg	missense_variant	MODERATE	0.993474	33275.2	55629
2019-nCoV	1007	A	C	SNP	Heterozygous	orf1ab	QHD43415.1	1	c.742A>C	p.Ser248Arg	missense_variant	MODERATE	0.0265664	43.4605	15554
2019-nCoV	1627	C	T	SNP	Heterozygous	orf1ab	QHD43415.1	1	c.1362C>T	p.Leu454Leu	synonymous_variant	LOW	0.210105	2796.01	21217
2019-nCoV	1931	C	A	SNP	Heterozygous	orf1ab	QHD43415.1	1	c.1666C>A	p.Gln556Lys	missense_variant	MODERATE	0.564386	14017.6	6550
2019-nCoV	2164	G	A	SNP	Heterozygous	orf1ab	QHD43415.1	1	c.1899G>A	p.Glu633Glu	synonymous_variant	LOW	0.028	50.7781	10386
2019-nCoV	2790	C	T	SNP	Homozygous	orf1ab	QHD43415.1	1	c.2525C>T	p.Thr842Ile	missense_variant	MODERATE	0.998995	19186.3	22282
2019-nCoV	2954	T	C	SNP	Heterozygous	orf1ab	QHD43415.1	1	c.2689T>C	p.Leu897Leu	synonymous_variant	LOW	0.4195	9493.46	18764
2019-nCoV	2973	C	T	SNP	Heterozygous	orf1ab	QHD43415.1	1	c.2708C>T	p.Ala903Val	missense_variant	MODERATE	0.0405	144.007	21771
2019-nCoV	3037	C	T	SNP	Homozygous	orf1ab	QHD43415.1	1	c.2772C>T	p.Phe924Phe	synonymous_variant	LOW	0.997495	34068.5	17383
2019-nCoV	3339	T	C	SNP	Heterozygous	orf1ab	QHD43415.1	1	c.3074T>C	p.Val1025Ala	missense_variant	MODERATE	0.0945	866.784	2604
2019-nCoV	3686	C	A	SNP	Heterozygous	orf1ab	QHD43415.1	1	c.3421C>A	p.His1141Asn	missense_variant	MODERATE	0.0380571	123.845	18385
2019-nCoV	3796	C	T	SNP	Heterozygous	orf1ab	QHD43415.1	1	c.3531C>T	p.Val1177Val	synonymous_variant	LOW	0.145792	1765.06	12200
2019-nCoV	3927	C	T	SNP	Heterozygous	orf1ab	QHD43415.1	1	c.3662C>T	p.Ser1221Leu	missense_variant	MODERATE	0.137	1658.34	8595
2019-nCoV	4184	G	A	SNP	Homozygous	orf1ab	QHD43415.1	1	c.3919G>A	p.Gly1307Ser	missense_variant	MODERATE	0.988989	35469.9	8305
2019-nCoV	4321	C	T	SNP	Homozygous	orf1ab	QHD43415.1	1	c.4056C>T	p.Ala1352Ala	synonymous_variant	LOW	0.996979	32913.2	20502
2019-nCoV	4510	G	A	SNP	Heterozygous	orf1ab	QHD43415.1	1	c.4245G>A	p.Val1415Val	synonymous_variant	LOW	0.027	18.6534	19193
2019-nCoV	4586	C	T	SNP	Heterozygous	orf1ab	QHD43415.1	1	c.4321C>T	p.Leu1441Leu	synonymous_variant	LOW	0.103552	1018.15	30417
2019-nCoV	4927	C	T	SNP	Heterozygous	orf1ab	QHD43415.1	1	c.4662C>T	p.Asp1554Asp	synonymous_variant	LOW	0.0385	127.038	13155
2019-nCoV	5183	C	T	SNP	Heterozygous	orf1ab	QHD43415.1	1	c.4918C>T	p.Pro1640Ser	missense_variant	MODERATE	0.106	831.499	16704
2019-nCoV	5730	C	T	SNP	Heterozygous	orf1ab	QHD43415.1	1	c.5465C>T	p.Thr1822Ile	missense_variant	MODERATE	0.0461847	203.079	33072
2019-nCoV	6040	C	T	SNP	Heterozygous	orf1ab	QHD43415.1	1	c.5775C>T	p.Phe1925Phe	synonymous_variant	LOW	0.0718954	372.915	14795
2019-nCoV	6070	C	T	SNP	Heterozygous	orf1ab	QHD43415.1	1	c.5805C>T	p.Ile1935Ile	synonymous_variant	LOW	0.0755	568.09	14965
2019-nCoV	7390	C	A	SNP	Heterozygous	orf1ab	QHD43415.1	1	c.7125C>A	p.Ala2375Ala	synonymous_variant	LOW	0.0315	74.1499	5647
2019-nCoV	7528	C	T	SNP	Heterozygous	orf1ab	QHD43415.1	1	c.7263C>T	p.Val2421Val	synonymous_variant	LOW	0.02	14.9574	11572
2019-nCoV	7735	C	T	SNP	Heterozygous	orf1ab	QHD43415.1	1	c.7470C>T	p.Ile2490Ile	synonymous_variant	LOW	0.0355178	102.959	22389
2019-nCoV	8251	C	T	SNP	Heterozygous	orf1ab	QHD43415.1	1	c.7986C>T	p.Asp2662Asp	synonymous_variant	LOW	0.043	169.019	15393
2019-nCoV	8692	C	T	SNP	Heterozygous	orf1ab	QHD43415.1	1	c.8427C>T	p.Tyr2809Tyr	synonymous_variant	LOW	0.135568	1327.63	9653
2019-nCoV	9344	C	T	SNP	Homozygous	orf1ab	QHD43415.1	1	c.9079C>T	p.Leu3027Phe	missense_variant	MODERATE	0.999496	31854.6	8731
2019-nCoV	9424	A	G	SNP	Homozygous	orf1ab	QHD43415.1	1	c.9159A>G	p.Val3053Val	synonymous_variant	LOW	1.0	36456.4	6369
2019-nCoV	9534	C	T	SNP	Homozygous	orf1ab	QHD43415.1	1	c.9269C>T	p.Thr3090Ile	missense_variant	MODERATE	1.0	14347.7	789
2019-nCoV	9866	C	T	SNP	Heterozygous	orf1ab	QHD43415.1	1	c.9601C>T	p.Leu3201Phe	missense_variant	MODERATE	0.278112	4747.28	20260
2019-nCoV	10029	C	T	SNP	Homozygous	orf1ab	QHD43415.1	1	c.9764C>T	p.Thr3255Ile	missense_variant	MODERATE	0.995998	35999.1	28782
2019-nCoV	10198	C	T	SNP	Homozygous	orf1ab	QHD43415.1	1	c.9933C>T	p.Asp3311Asp	synonymous_variant	LOW	0.9965	33623.8	21513
2019-nCoV	10370	A	G	SNP	Heterozygous	orf1ab	QHD43415.1	1	c.10105A>G	p.Ile3369Val	missense_variant	MODERATE	0.0425	164.292	9849
2019-nCoV	10447	GCC	ACA	MNP	Homozygous	orf1ab	QHD43415.1	1	c.10182_10184delGCCinsACA	p.Pro3395His	missense_variant	MODERATE	0.994439	35449.4	6650
2019-nCoV	11287	GTCTGGTTTT	G	DEL	Homozygous	orf1ab	QHD43415.1	1	c.11023_11031delTCTGGTTTT	p.Ser3675_Phe3677del	conservative_inframe_deletion	MODERATE	0.996947	35362.9	31317
2019-nCoV	11515	T	C	SNP	Heterozygous	orf1ab	QHD43415.1	1	c.11250T>C	p.Thr3750Thr	synonymous_variant	LOW	0.026013	40.6658	7442
2019-nCoV	11750	C	T	SNP	Heterozygous	orf1ab	QHD43415.1	1	c.11485C>T	p.Leu3829Phe	missense_variant	MODERATE	0.46	10862.3	16212
2019-nCoV	11758	C	T	SNP	Heterozygous	orf1ab	QHD43415.1	1	c.11493C>T	p.Pro3831Pro	synonymous_variant	LOW	0.0261569	41.2637	16181
2019-nCoV	11866	C	T	SNP	Heterozygous	orf1ab	QHD43415.1	1	c.11601C>T	p.Cys3867Cys	synonymous_variant	LOW	0.057	218.839	42135
2019-nCoV	12160	G	A	SNP	Heterozygous	orf1ab	QHD43415.1	1	c.11895G>A	p.Glu3965Glu	synonymous_variant	LOW	0.7145	20756.7	12936
2019-nCoV	12310	G	A	SNP	Heterozygous	orf1ab	QHD43415.1	1	c.12045G>A	p.Gln4015Gln	synonymous_variant	LOW	0.0442656	107.216	16217
2019-nCoV	12444	A	G	SNP	Heterozygous	orf1ab	QHD43415.1	1	c.12179A>G	p.Asn4060Ser	missense_variant	MODERATE	0.2275	3760.85	16424
2019-nCoV	12880	C	T	SNP	Homozygous	orf1ab	QHD43415.1	1	c.12615C>T	p.Ile4205Ile	synonymous_variant	LOW	1.0	36338.5	20251
2019-nCoV	13342	C	T	SNP	Heterozygous	orf1ab	QHD43415.1	1	c.13077C>T	p.Asp4359Asp	synonymous_variant	LOW	0.0215323	20.889	19183
2019-nCoV	13760	A	G	SNP	Heterozygous	orf1ab	QHD43415.1	2	c.13496A>G	p.Asp4499Gly	missense_variant	MODERATE	0.0315631	74.1682	12881
2019-nCoV	14257	T	C	SNP	Heterozygous	orf1ab	QHD43415.1	2	c.13993T>C	p.Tyr4665His	missense_variant	MODERATE	0.511791	11412.6	16115
2019-nCoV	14408	C	T	SNP	Homozygous	orf1ab	QHD43415.1	2	c.14144C>T	p.Pro4715Leu	missense_variant	MODERATE	0.997494	33616.8	4943
2019-nCoV	15451	G	A	SNP	Heterozygous	orf1ab	QHD43415.1	2	c.15187G>A	p.Gly5063Ser	missense_variant	MODERATE	0.3205	6334.59	51234
2019-nCoV	15714	C	T	SNP	Homozygous	orf1ab	QHD43415.1	2	c.15450C>T	p.Leu5150Leu	synonymous_variant	LOW	0.9995	36262.8	54545
2019-nCoV	15738	C	T	SNP	Heterozygous	orf1ab	QHD43415.1	2	c.15474C>T	p.Phe5158Phe	synonymous_variant	LOW	0.0626881	258.961	54459
2019-nCoV	15939	T	C	SNP	Heterozygous	orf1ab	QHD43415.1	2	c.15675T>C	p.Asp5225Asp	synonymous_variant	LOW	0.0795398	625.932	30405
2019-nCoV	16342	T	C	SNP	Heterozygous	orf1ab	QHD43415.1	2	c.16078T>C	p.Ser5360Pro	missense_variant	MODERATE	0.103552	1018.31	41183
2019-nCoV	16413	T	C	SNP	Heterozygous	orf1ab	QHD43415.1	2	c.16149T>C	p.Asp5383Asp	synonymous_variant	LOW	0.0965	901.151	56270
2019-nCoV	16616	C	A	SNP	Heterozygous	orf1ab	QHD43415.1	2	c.16352C>A	p.Thr5451Asn	missense_variant	MODERATE	0.0405	144.701	12376
2019-nCoV	16935	G	A	SNP	Heterozygous	orf1ab	QHD43415.1	2	c.16671G>A	p.Met5557Ile	missense_variant	MODERATE	0.5405	13797.0	41114
2019-nCoV	17025	TAG	GAA	MNP	Heterozygous	orf1ab	QHD43415.1	2	c.16761_16763delTAGinsGAA	p.Ser5588Asn	missense_variant	MODERATE	0.0336008	88.7662	31833
2019-nCoV	17039	A	G	SNP	Heterozygous	orf1ab	QHD43415.1	2	c.16775A>G	p.Asn5592Ser	missense_variant	MODERATE	0.433367	8782.37	31531
2019-nCoV	17410	C	T	SNP	Homozygous	orf1ab	QHD43415.1	2	c.17146C>T	p.Arg5716Cys	missense_variant	MODERATE	1.0	36418.2	44353
2019-nCoV	17859	T	C	SNP	Heterozygous	orf1ab	QHD43415.1	2	c.17595T>C	p.Tyr5865Tyr	synonymous_variant	LOW	0.104552	1037.65	15466
2019-nCoV	18163	A	G	SNP	Homozygous	orf1ab	QHD43415.1	2	c.17899A>G	p.Ile5967Val	missense_variant	MODERATE	0.998999	36294.7	10701
2019-nCoV	18583	G	A	SNP	Heterozygous	orf1ab	QHD43415.1	2	c.18319G>A	p.Val6107Ile	missense_variant	MODERATE	0.162039	2172.75	14640
2019-nCoV	19021	G	A	SNP	Heterozygous	orf1ab	QHD43415.1	2	c.18757G>A	p.Val6253Ile	missense_variant	MODERATE	0.0271357	44.2096	7911
2019-nCoV	19326	A	G	SNP	Heterozygous	orf1ab	QHD43415.1	2	c.19062A>G	p.Pro6354Pro	synonymous_variant	LOW	0.076	570.407	27206
2019-nCoV	19955	C	T	SNP	Homozygous	orf1ab	QHD43415.1	2	c.19691C>T	p.Thr6564Ile	missense_variant	MODERATE	0.998998	33730.4	30500
2019-nCoV	20055	A	G	SNP	Heterozygous	orf1ab	QHD43415.1	2	c.19791A>G	p.Glu6597Glu	synonymous_variant	LOW	0.972486	31726.2	19525
2019-nCoV	20235	C	T	SNP	Heterozygous	orf1ab	QHD43415.1	2	c.19971C>T	p.Pro6657Pro	synonymous_variant	LOW	0.0570856	320.937	6821
2019-nCoV	21618	C	T	SNP	Homozygous	S	QHD43416.1	1	c.56C>T	p.Thr19Ile	missense_variant	MODERATE	0.995493	35968.2	14393
2019-nCoV	21632	TTACCCCCTG	T	DEL	Homozygous	S	QHD43416.1	1	c.71_79delTACCCCCTG	p.Leu24_Ala27delinsSer	disruptive_inframe_deletion	MODERATE	1.0	35904.0	14093
2019-nCoV	21764	ATACATG	A	DEL	Heterozygous	S	QHD43416.1	1	c.204_209delACATGT	p.His69_Val70del	disruptive_inframe_deletion	MODERATE	0.698589	20025.2	13250
2019-nCoV	21987	G	A	SNP	Homozygous	S	QHD43416.1	1	c.425G>A	p.Gly142Asp	missense_variant	MODERATE	0.995498	33528.6	18037
2019-nCoV	21990	TTTA	T	DEL	Heterozygous	S	QHD43416.1	1	c.432_434delTTA	p.Tyr145del	disruptive_inframe_deletion	MODERATE	0.363405	7319.34	18010
2019-nCoV	22000	C	A	SNP	Heterozygous	S	QHD43416.1	1	c.438C>A	p.His146Gln	missense_variant	MODERATE	0.0867111	1152.43	17463
2019-nCoV	22001	A	G	SNP	Heterozygous	S	QHD43416.1	1	c.439A>G	p.Lys147Glu	missense_variant	MODERATE	0.236153	3369.12	17463
2019-nCoV	22016	T	C	SNP	Heterozygous	S	QHD43416.1	1	c.454T>C	p.Trp152Arg	missense_variant	MODERATE	0.1835	2677.8	18166
2019-nCoV	22033	C	A	SNP	Heterozygous	S	QHD43416.1	1	c.471C>A	p.Phe157Leu	missense_variant	MODERATE	0.158897	2116.02	26428
2019-nCoV	22109	C	G	SNP	Heterozygous	S	QHD43416.1	1	c.547C>G	p.Gln183Glu	missense_variant	MODERATE	0.0701052	352.66	18434
2019-nCoV	22190	A	G	SNP	Heterozygous	S	QHD43416.1	1	c.628A>G	p.Ile210Val	missense_variant	MODERATE	0.0405405	85.0662	10412
2019-nCoV	22200	T	A	SNP	Heterozygous	S	QHD43416.1	1	c.638T>A	p.Val213Glu	missense_variant	MODERATE	0.129565	35960.4	10274
2019-nCoV	22200	T	G	SNP	Heterozygous	S	QHD43416.1	1	c.638T>G	p.Val213Gly	missense_variant	MODERATE	0.866933	35960.4	10274
2019-nCoV	22317	G	T	SNP	Heterozygous	S	QHD43416.1	1	c.755G>T	p.Gly252Val	missense_variant	MODERATE	0.114	961.041	22106
2019-nCoV	22331	G	A	SNP	Heterozygous	S	QHD43416.1	1	c.769G>A	p.Gly257Ser	missense_variant	MODERATE	0.219	3027.36	11284
2019-nCoV	22576	TGG	CA	MIXED	Heterozygous	S	QHD43416.1	1	c.1014_1016delTGGinsCA	p.Gly339fs	frameshift_variant&missense_variant	HIGH	0.2471	35067.3	8090
2019-nCoV	22576	TGG	GA	MIXED	Heterozygous	S	QHD43416.1	1	c.1014_1016delTGGinsGA	p.Phe338fs	frameshift_variant&missense_variant	HIGH	0.718608	35067.3	8090
2019-nCoV	22599	G	C	SNP	Heterozygous	S	QHD43416.1	1	c.1037G>C	p.Arg346Thr	missense_variant	MODERATE	0.786075	23998.1	4935
2019-nCoV	22629	A	C	SNP	Heterozygous	S	QHD43416.1	1	c.1067A>C	p.Lys356Thr	missense_variant	MODERATE	0.082288	502.891	6121
2019-nCoV	22664	C	A	SNP	Heterozygous	S	QHD43416.1	1	c.1102C>A	p.Leu368Ile	missense_variant	MODERATE	0.1015	986.047	6142
2019-nCoV	22674	C	T	SNP	Homozygous	S	QHD43416.1	1	c.1112C>T	p.Ser371Phe	missense_variant	MODERATE	0.9995	33627.0	5997
2019-nCoV	22679	T	C	SNP	Homozygous	S	QHD43416.1	1	c.1117T>C	p.Ser373Pro	missense_variant	MODERATE	0.998999	33575.7	5927
2019-nCoV	22686	CCA	TCG	MNP	Heterozygous	S	QHD43416.1	1	c.1124_1126delCCAinsTCG	p.SerThr375PheAla	missense_variant	MODERATE	0.988945	16393.3	1213
2019-nCoV	22687	CAC	GCT	MNP	Heterozygous	S	QHD43416.1	1	c.1125_1127delCACinsGCT	p.Thr376Leu	missense_variant	MODERATE	0.0100503	16393.3	1213
2019-nCoV	22775	G	A	SNP	Homozygous	S	QHD43416.1	1	c.1213G>A	p.Asp405Asn	missense_variant	MODERATE	1.0	15207.3	898
2019-nCoV	22786	A	C	SNP	Homozygous	S	QHD43416.1	1	c.1224A>C	p.Arg408Ser	missense_variant	MODERATE	0.996568	15573.8	880
2019-nCoV	22813	G	T	SNP	Homozygous	S	QHD43416.1	1	c.1251G>T	p.Lys417Asn	missense_variant	MODERATE	1.0	33743.2	18135
2019-nCoV	22882	T	G	SNP	Homozygous	S	QHD43416.1	1	c.1320T>G	p.Asn440Lys	missense_variant	MODERATE	0.997497	36179.0	26742
2019-nCoV	22893	A	C	SNP	Heterozygous	S	QHD43416.1	1	c.1331A>C	p.Lys444Thr	missense_variant	MODERATE	0.578259	15140.7	26437
2019-nCoV	22894	G	T	SNP	Heterozygous	S	QHD43416.1	1	c.1332G>T	p.Lys444Asn	missense_variant	MODERATE	0.0291457	58.4648	26437
2019-nCoV	22898	G	A	SNP	Heterozygous	S	QHD43416.1	1	c.1336G>A	p.Gly446Ser	missense_variant	MODERATE	0.200807	4981.47	26364
2019-nCoV	22917	T	G	SNP	Heterozygous	S	QHD43416.1	1	c.1355T>G	p.Leu452Arg	missense_variant	MODERATE	0.753754	22668.1	25981
2019-nCoV	22942	T	A	SNP	Heterozygous	S	QHD43416.1	1	c.1380T>A	p.Asn460Lys	missense_variant	MODERATE	0.591888	28862.1	25369
2019-nCoV	22942	T	G	SNP	Heterozygous	S	QHD43416.1	1	c.1380T>G	p.Asn460Lys	missense_variant	MODERATE	0.288933	28862.1	25369
2019-nCoV	22992	GCAC	ACAA	MNP	Homozygous	S	QHD43416.1	1	c.1430_1433delGCACinsACAA	p.SerThr477AsnLys	missense_variant	MODERATE	0.998995	35988.1	8783
2019-nCoV	23013	A	C	SNP	Homozygous	S	QHD43416.1	1	c.1451A>C	p.Glu484Ala	missense_variant	MODERATE	0.998993	35922.8	20072
2019-nCoV	23018	T	G	SNP	Heterozygous	S	QHD43416.1	1	c.1456T>G	p.Phe486Val	missense_variant	MODERATE	0.762192	29442.0	20171
2019-nCoV	23031	T	C	SNP	Heterozygous	S	QHD43416.1	1	c.1469T>C	p.Phe490Ser	missense_variant	MODERATE	0.2405	4101.59	20289
2019-nCoV	23055	A	G	SNP	Homozygous	S	QHD43416.1	1	c.1493A>G	p.Gln498Arg	missense_variant	MODERATE	0.989919	35221.3	11661
2019-nCoV	23063	A	T	SNP	Homozygous	S	QHD43416.1	1	c.1501A>T	p.Asn501Tyr	missense_variant	MODERATE	0.996496	32895.5	11818
2019-nCoV	23075	T	C	SNP	Homozygous	S	QHD43416.1	1	c.1513T>C	p.Tyr505His	missense_variant	MODERATE	0.996979	35874.8	11977
2019-nCoV	23403	A	G	SNP	Homozygous	S	QHD43416.1	1	c.1841A>G	p.Asp614Gly	missense_variant	MODERATE	0.999499	33482.4	58013
2019-nCoV	23525	C	T	SNP	Homozygous	S	QHD43416.1	1	c.1963C>T	p.His655Tyr	missense_variant	MODERATE	0.998498	33775.9	90178
2019-nCoV	23579	A	G	SNP	Heterozygous	S	QHD43416.1	1	c.2017A>G	p.Ser673Gly	missense_variant	MODERATE	0.044022	179.078	68726
2019-nCoV	23599	T	G	SNP	Homozygous	S	QHD43416.1	1	c.2037T>G	p.Asn679Lys	missense_variant	MODERATE	0.993493	35846.8	108843
2019-nCoV	23604	C	A	SNP	Homozygous	S	QHD43416.1	1	c.2042C>A	p.Pro681His	missense_variant	MODERATE	0.998998	36262.9	108883
2019-nCoV	23608	G	T	SNP	Heterozygous	S	QHD43416.1	1	c.2046G>T	p.Arg682Arg	synonymous_variant	LOW	0.0185185	10.3998	109039
2019-nCoV	23854	C	A	SNP	Homozygous	S	QHD43416.1	1	c.2292C>A	p.Asn764Lys	missense_variant	MODERATE	0.997497	33359.8	21419
2019-nCoV	23948	GATTTTG	TATTT	MIXED	Heterozygous	S	QHD43416.1	1	c.2386_2392delGATTTTGinsTATTT	p.Asp796fs	frameshift_variant&missense_variant	HIGH	0.0433647	32188.9	14763
2019-nCoV	23948	G	T	SNP	Heterozygous	S	QHD43416.1	1	c.2386G>T	p.Asp796Tyr	missense_variant	MODERATE	0.956635	32188.9	14763
2019-nCoV	24023	C	T	SNP	Heterozygous	S	QHD43416.1	1	c.2461C>T	p.Leu821Leu	synonymous_variant	LOW	0.0325163	79.309	31923
2019-nCoV	24210	C	T	SNP	Heterozygous	S	QHD43416.1	1	c.2648C>T	p.Thr883Ile	missense_variant	MODERATE	0.0365	60.2645	21605
2019-nCoV	24424	AAA	TAAT	MIXED	Homozygous	S	QHD43416.1	1	c.2862_2864delAAAinsTAAT	p.Gln954fs	frameshift_variant&missense_variant	HIGH	0.997988	19685.3	24356
2019-nCoV	24469	T	A	SNP	Homozygous	S	QHD43416.1	1	c.2907T>A	p.Asn969Lys	missense_variant	MODERATE	0.996498	31745.0	34004
2019-nCoV	24904	C	T	SNP	Heterozygous	S	QHD43416.1	1	c.3342C>T	p.Ile1114Ile	synonymous_variant	LOW	0.0185	10.8923	16722
2019-nCoV	25000	C	T	SNP	Homozygous	S	QHD43416.1	1	c.3438C>T	p.Asp1146Asp	synonymous_variant	LOW	0.996997	36101.3	29251
2019-nCoV	25416	C	T	SNP	Heterozygous	ORF3a	QHD43417.1	1	c.24C>T	p.Phe8Phe	synonymous_variant	LOW	0.315974	6158.41	27891
2019-nCoV	25438	A	G	SNP	Heterozygous	ORF3a	QHD43417.1	1	c.46A>G	p.Lys16Glu	missense_variant	MODERATE	0.0405	85.0937	27202
2019-nCoV	25500	G	T	SNP	Heterozygous	ORF3a	QHD43417.1	1	c.108G>T	p.Pro36Pro	synonymous_variant	LOW	0.0246851	33.7753	17896
2019-nCoV	25509	C	T	SNP	Heterozygous	ORF3a	QHD43417.1	1	c.117C>T	p.Ala39Ala	synonymous_variant	LOW	0.0306071	31.0099	17836
2019-nCoV	25584	C	T	SNP	Homozygous	ORF3a	QHD43417.1	1	c.192C>T	p.Thr64Thr	synonymous_variant	LOW	0.994483	35784.5	73961
2019-nCoV	26060	C	T	SNP	Homozygous	ORF3a	QHD43417.1	1	c.668C>T	p.Thr223Ile	missense_variant	MODERATE	0.999498	36243.8	24548
2019-nCoV	26078	C	T	SNP	Heterozygous	ORF3a	QHD43417.1	1	c.686C>T	p.Thr229Ile	missense_variant	MODERATE	0.0585	339.207	24470
2019-nCoV	26160	T	C	SNP	Heterozygous	ORF3a	QHD43417.1	1	c.768T>C	p.Val256Val	synonymous_variant	LOW	0.0465233	201.66	22263
2019-nCoV	26270	C	T	SNP	Homozygous	E	QHD43418.1	1	c.26C>T	p.Thr9Ile	missense_variant	MODERATE	0.993997	33425.1	79368
2019-nCoV	26275	A	G	SNP	Heterozygous	E	QHD43418.1	1	c.31A>G	p.Thr11Ala	missense_variant	MODERATE	0.3685	7824.85	79121
2019-nCoV	26459	A	G	SNP	Heterozygous	E	QHD43418.1	1	c.215A>G	p.Asp72Gly	missense_variant	MODERATE	0.0295	59.289	12619
2019-nCoV	26529	G	A	SNP	Heterozygous	M	QHD43419.1	1	c.7G>A	p.Asp3Asn	missense_variant	MODERATE	0.631	17305.2	13998
2019-nCoV	26577	C	G	SNP	Homozygous	M	QHD43419.1	1	c.55C>G	p.Gln19Glu	missense_variant	MODERATE	0.998997	33691.7	6263
2019-nCoV	26709	G	A	SNP	Homozygous	M	QHD43419.1	1	c.187G>A	p.Ala63Thr	missense_variant	MODERATE	0.99349	35841.7	32031
2019-nCoV	26858	C	T	SNP	Heterozygous	M	QHD43419.1	1	c.336C>T	p.Phe112Phe	synonymous_variant	LOW	0.3495	7210.79	46377
2019-nCoV	27012	C	T	SNP	Heterozygous	M	QHD43419.1	1	c.490C>T	p.Leu164Leu	synonymous_variant	LOW	0.054	190.342	56065
2019-nCoV	27038	A	G	SNP	Heterozygous	M	QHD43419.1	1	c.516A>G	p.Thr172Thr	synonymous_variant	LOW	0.0645	415.577	9295
2019-nCoV	27259	A	C	SNP	Heterozygous	ORF6	QHD43420.1	1	c.58A>C	p.Arg20Arg	synonymous_variant	LOW	0.327145	6496.58	18091
2019-nCoV	27382	GAT	CTC	MNP	Heterozygous	ORF6	QHD43420.1	1	c.181_183delGATinsCTC	p.Asp61Leu	missense_variant	MODERATE	0.395145	8400.85	6987
2019-nCoV	27476	C	T	SNP	Heterozygous	ORF7a	QHD43421.1	1	c.83C>T	p.Thr28Ile	missense_variant	MODERATE	0.0310155	70.5023	9537
2019-nCoV	27513	C	T	SNP	Heterozygous	ORF7a	QHD43421.1	1	c.120C>T	p.Tyr40Tyr	synonymous_variant	LOW	0.052026	263.917	24367
2019-nCoV	27600	C	T	SNP	Heterozygous	ORF7a	QHD43421.1	1	c.207C>T	p.Asp69Asp	synonymous_variant	LOW	0.064	408.953	15113
2019-nCoV	27807	C	T	SNP	Homozygous	ORF8	QHD43422.1	-1	c.-87C>T	.	upstream_gene_variant	MODIFIER	0.993497	35882.3	41296
2019-nCoV	27889	C	T	SNP	Heterozygous	ORF8	QHD43422.1	-1	c.-5C>T	.	upstream_gene_variant	MODIFIER	0.6605	16948.3	22769
2019-nCoV	27915	G	T	SNP	Heterozygous	ORF8	QHD43422.1	1	c.22G>T	p.Gly8*	stop_gained	HIGH	0.157079	2069.91	32737
2019-nCoV	28163	C	T	SNP	Heterozygous	ORF8	QHD43422.1	1	c.270C>T	p.Cys90Cys	synonymous_variant	LOW	0.0250125	34.5589	57264
2019-nCoV	28271	A	T	SNP	Heterozygous	N	QHD43423.2	-1	c.-3A>T	.	upstream_gene_variant	MODIFIER	0.970292	30849.5	62257
2019-nCoV	28311	C	T	SNP	Heterozygous	N	QHD43423.2	1	c.38C>T	p.Pro13Leu	missense_variant	MODERATE	0.437846	35816.3	62589
2019-nCoV	28311	CC	TT	MNP	Heterozygous	N	QHD43423.2	1	c.38_39delCCinsTT	p.Pro13Leu	missense_variant	MODERATE	0.557625	35816.3	62589
2019-nCoV	28330	A	G	SNP	Heterozygous	N	QHD43423.2	1	c.57A>G	p.Gly19Gly	synonymous_variant	LOW	0.0951904	872.091	61671
2019-nCoV	28361	GGAGAACGCA	G	DEL	Heterozygous	N	QHD43423.2	1	c.90_98delAGAACGCAG	p.Glu31_Ser33del	disruptive_inframe_deletion	MODERATE	0.951294	34733.6	10404
2019-nCoV	28361	GGAGAACGCAG	TT	MIXED	Heterozygous	N	QHD43423.2	1	c.88_98delGGAGAACGCAGinsTT	p.Gly30_Ser33delinsPhe	missense_variant&disruptive_inframe_deletion	MODERATE	0.0380518	34733.6	10404
2019-nCoV	28422	C	T	SNP	Heterozygous	N	QHD43423.2	1	c.149C>T	p.Ala50Val	missense_variant	MODERATE	0.03	29.6766	32161
2019-nCoV	28681	G	T	SNP	Heterozygous	N	QHD43423.2	1	c.408G>T	p.Glu136Asp	missense_variant	MODERATE	0.588265	15577.8	75966
2019-nCoV	28711	T	C	SNP	Heterozygous	N	QHD43423.2	1	c.438T>C	p.Ile146Ile	synonymous_variant	LOW	0.0210105	18.3411	76503
2019-nCoV	28881	GGG	AAC	MNP	Homozygous	N	QHD43423.2	1	c.608_610delGGGinsAAC	p.ArgGly203LysArg	missense_variant	MODERATE	1.0	33066.7	36873
2019-nCoV	29421	C	A	SNP	Heterozygous	N	QHD43423.2	1	c.1148C>A	p.Pro383Gln	missense_variant	MODERATE	0.0255511	38.292	32458
2019-nCoV	29510	A	C	SNP	Homozygous	N	QHD43423.2	1	c.1237A>C	p.Ser413Arg	missense_variant	MODERATE	0.996991	33467.0	10545
2019-nCoV	29573	GTTTTCGCTTTTCCGT	G	DEL	Heterozygous	ORF10	QHI42199.1	1	c.19_33delTTCGCTTTTCCGTTT	p.Phe7_Phe11del	conservative_inframe_deletion	MODERATE	0.864286	1808.05	140
2019-nCoV	29733	CGAGGCCACGCGGAGTACGATCGAGTG	C	DEL	Homozygous	S	QHD43416.1	-1	c.*4350_*4375delGAGGCCACGCGGAGTACGATCGAGTG	.	downstream_gene_variant	MODIFIER	1.0	35598.3	7299
2019-nCoV	29758	TG	CC	MNP	Homozygous	S	QHD43416.1	-1	c.*4374_*4375delTGinsCC	.	downstream_gene_variant	MODIFIER	0.998956	18571.0	19
