CHROM	POS	REF	ALT	VARTYPE	GEN[*].GT	ANN[*].GENE	ANN[*].FEATUREID	EFF[*].RANK	ANN[*].HGVS_C	ANN[*].HGVS_P	ANN[*].EFFECT	EFF[*].IMPACT	AF	QUAL	DP
2019-nCoV	44	C	T	SNP	Heterozygous	orf1ab	QHD43415.1	-1	c.-222C>T	.	upstream_gene_variant	MODIFIER	0.959439	30985.6	118866
2019-nCoV	61	G	T	SNP	Heterozygous	orf1ab	QHD43415.1	-1	c.-205G>T	.	upstream_gene_variant	MODIFIER	0.0235353	27.6085	132018
2019-nCoV	66	C	T	SNP	Heterozygous	orf1ab	QHD43415.1	-1	c.-200C>T	.	upstream_gene_variant	MODIFIER	0.018	9.23847	132150
2019-nCoV	83	TC	T	DEL	Heterozygous	orf1ab	QHD43415.1	-1	c.-182delC	.	upstream_gene_variant	MODIFIER	0.0221886	23.1853	131073
2019-nCoV	182	T	C	SNP	Heterozygous	orf1ab	QHD43415.1	-1	c.-84T>C	.	upstream_gene_variant	MODIFIER	0.0210526	4.77972	128747
2019-nCoV	185	G	T	SNP	Heterozygous	orf1ab	QHD43415.1	-1	c.-81G>T	.	upstream_gene_variant	MODIFIER	0.025025	35.6256	128257
2019-nCoV	241	C	T	SNP	Homozygous	orf1ab	QHD43415.1	-1	c.-25C>T	.	upstream_gene_variant	MODIFIER	1.0	33610.7	10941
2019-nCoV	341	G	A	SNP	Heterozygous	orf1ab	QHD43415.1	1	c.76G>A	p.Val26Met	missense_variant	MODERATE	0.0195098	13.4195	86783
2019-nCoV	509	GGTCATGTTA	G	DEL	Heterozygous	orf1ab	QHD43415.1	1	c.245_253delGTCATGTTA	p.Gly82_Met85delinsVal	disruptive_inframe_deletion	MODERATE	0.0269309	45.2361	53694
2019-nCoV	522	T	C	SNP	Heterozygous	orf1ab	QHD43415.1	1	c.257T>C	p.Val86Ala	missense_variant	MODERATE	0.0150981	93.8588	122957
2019-nCoV	591	CT	C	DEL	Heterozygous	orf1ab	QHD43415.1	1	c.327delT	p.His110fs	frameshift_variant	HIGH	0.015752	5.0734	92650
2019-nCoV	621	G	A	SNP	Heterozygous	orf1ab	QHD43415.1	1	c.356G>A	p.Arg119His	missense_variant	MODERATE	0.1295	1225.49	93024
2019-nCoV	670	T	G	SNP	Heterozygous	orf1ab	QHD43415.1	1	c.405T>G	p.Ser135Arg	missense_variant	MODERATE	0.953477	30773.9	92629
2019-nCoV	677	G	A	SNP	Heterozygous	orf1ab	QHD43415.1	1	c.412G>A	p.Ala138Thr	missense_variant	MODERATE	0.0555	204.995	92781
2019-nCoV	685	AAAGTCATTT	A	DEL	Heterozygous	orf1ab	QHD43415.1	1	c.421_429delAAGTCATTT	p.Lys141_Phe143del	conservative_inframe_deletion	MODERATE	0.0484604	218.712	91470
2019-nCoV	731	G	T	SNP	Heterozygous	orf1ab	QHD43415.1	1	c.466G>T	p.Asp156Tyr	missense_variant	MODERATE	0.048217	220.601	20292
2019-nCoV	832	C	T	SNP	Heterozygous	orf1ab	QHD43415.1	1	c.567C>T	p.Asn189Asn	synonymous_variant	LOW	0.035	99.6326	30886
2019-nCoV	940	G	T	SNP	Heterozygous	orf1ab	QHD43415.1	1	c.675G>T	p.Lys225Asn	missense_variant	MODERATE	0.0215108	5.47844	55631
2019-nCoV	1067	G	A	SNP	Heterozygous	orf1ab	QHD43415.1	1	c.802G>A	p.Gly268Arg	missense_variant	MODERATE	0.0291311	60.6882	14588
2019-nCoV	1156	G	T	SNP	Heterozygous	orf1ab	QHD43415.1	1	c.891G>T	p.Met297Ile	missense_variant	MODERATE	0.022579	7.59361	21143
2019-nCoV	1392	C	T	SNP	Heterozygous	orf1ab	QHD43415.1	1	c.1127C>T	p.Ser376Leu	missense_variant	MODERATE	0.018	9.22539	64176
2019-nCoV	1426	C	T	SNP	Heterozygous	orf1ab	QHD43415.1	1	c.1161C>T	p.Tyr387Tyr	synonymous_variant	LOW	0.0665	316.455	35960
2019-nCoV	1486	A	G	SNP	Heterozygous	orf1ab	QHD43415.1	1	c.1221A>G	p.Gly407Gly	synonymous_variant	LOW	0.0205103	17.4327	85083
2019-nCoV	1492	T	C	SNP	Heterozygous	orf1ab	QHD43415.1	1	c.1227T>C	p.Cys409Cys	synonymous_variant	LOW	0.024	10.381	85304
2019-nCoV	1514	C	T	SNP	Heterozygous	orf1ab	QHD43415.1	1	c.1249C>T	p.His417Tyr	missense_variant	MODERATE	0.0515	257.155	85382
2019-nCoV	1551	C	T	SNP	Heterozygous	orf1ab	QHD43415.1	1	c.1286C>T	p.Ala429Val	missense_variant	MODERATE	0.0215	20.2279	85497
2019-nCoV	1585	A	C	SNP	Heterozygous	orf1ab	QHD43415.1	1	c.1320A>C	p.Gly440Gly	synonymous_variant	LOW	0.0350877	100.083	49267
2019-nCoV	1601	CT	C	DEL	Heterozygous	orf1ab	QHD43415.1	1	c.1338delT	p.Asn447fs	frameshift_variant	HIGH	0.0417085	76.7166	49170
2019-nCoV	1738	G	T	SNP	Heterozygous	orf1ab	QHD43415.1	1	c.1473G>T	p.Val491Val	synonymous_variant	LOW	0.040265	137.772	22670
2019-nCoV	1835	G	A	SNP	Heterozygous	orf1ab	QHD43415.1	1	c.1570G>A	p.Gly524Ser	missense_variant	MODERATE	0.0345	95.891	11765
2019-nCoV	1884	C	T	SNP	Heterozygous	orf1ab	QHD43415.1	1	c.1619C>T	p.Ala540Val	missense_variant	MODERATE	0.067	448.903	24776
2019-nCoV	1886	G	T	SNP	Heterozygous	orf1ab	QHD43415.1	1	c.1621G>T	p.Ala541Ser	missense_variant	MODERATE	0.017017	6.96919	24793
2019-nCoV	1919	CT	C	DEL	Heterozygous	orf1ab	QHD43415.1	1	c.1656delT	p.Glu553fs	frameshift_variant	HIGH	0.0341023	36.4481	13464
2019-nCoV	1928	G	C	SNP	Heterozygous	orf1ab	QHD43415.1	1	c.1663G>C	p.Ala555Pro	missense_variant	MODERATE	0.0295443	61.2333	13494
2019-nCoV	1931	C	A	SNP	Heterozygous	orf1ab	QHD43415.1	1	c.1666C>A	p.Gln556Lys	missense_variant	MODERATE	0.203023	3059.51	13492
2019-nCoV	2004	T	C	SNP	Heterozygous	orf1ab	QHD43415.1	1	c.1739T>C	p.Leu580Pro	missense_variant	MODERATE	0.0185	10.5225	25352
2019-nCoV	2141	C	T	SNP	Heterozygous	orf1ab	QHD43415.1	1	c.1876C>T	p.Pro626Ser	missense_variant	MODERATE	0.0215431	20.3443	42258
2019-nCoV	2151	A	G	SNP	Heterozygous	orf1ab	QHD43415.1	1	c.1886A>G	p.Asp629Gly	missense_variant	MODERATE	0.0325	81.1389	42337
2019-nCoV	2173	G	T	SNP	Heterozygous	orf1ab	QHD43415.1	1	c.1908G>T	p.Lys636Asn	missense_variant	MODERATE	0.0400601	141.765	32154
2019-nCoV	2197	C	T	SNP	Heterozygous	orf1ab	QHD43415.1	1	c.1932C>T	p.Asp644Asp	synonymous_variant	LOW	0.063	395.592	32245
2019-nCoV	2254	A	T	SNP	Heterozygous	orf1ab	QHD43415.1	1	c.1989A>T	p.Gln663His	missense_variant	MODERATE	0.02	14.9677	35857
2019-nCoV	2371	C	T	SNP	Heterozygous	orf1ab	QHD43415.1	1	c.2106C>T	p.Ala702Ala	synonymous_variant	LOW	0.078	448.468	3190
2019-nCoV	2426	G	T	SNP	Heterozygous	orf1ab	QHD43415.1	1	c.2161G>T	p.Val721Phe	missense_variant	MODERATE	0.0325	81.1375	17562
2019-nCoV	2431	A	C	SNP	Heterozygous	orf1ab	QHD43415.1	1	c.2166A>C	p.Lys722Asn	missense_variant	MODERATE	0.0270541	46.8593	17564
2019-nCoV	2472	CAA	C	DEL	Heterozygous	orf1ab	QHD43415.1	1	c.2210_2211delAA	p.Lys737fs	frameshift_variant	HIGH	0.0263825	273.563	21629
2019-nCoV	2504	C	T	SNP	Heterozygous	orf1ab	QHD43415.1	1	c.2239C>T	p.Leu747Phe	missense_variant	MODERATE	0.022579	23.7565	21728
2019-nCoV	2539	G	A	SNP	Heterozygous	orf1ab	QHD43415.1	1	c.2274G>A	p.Leu758Leu	synonymous_variant	LOW	0.0306995	67.9079	21837
2019-nCoV	2567	C	T	SNP	Heterozygous	orf1ab	QHD43415.1	1	c.2302C>T	p.Gln768*	stop_gained	HIGH	0.028014	51.6024	21783
2019-nCoV	2790	C	T	SNP	Heterozygous	orf1ab	QHD43415.1	1	c.2525C>T	p.Thr842Ile	missense_variant	MODERATE	0.978446	27996.7	53303
2019-nCoV	2866	A	G	SNP	Heterozygous	orf1ab	QHD43415.1	1	c.2601A>G	p.Glu867Glu	synonymous_variant	LOW	0.027	18.6717	15158
2019-nCoV	2978	T	C	SNP	Heterozygous	orf1ab	QHD43415.1	1	c.2713T>C	p.Tyr905His	missense_variant	MODERATE	0.0245	33.1387	72106
2019-nCoV	3036	TC	T	DEL	Heterozygous	orf1ab	QHD43415.1	1	c.2772delC	p.Tyr925fs	frameshift_variant	HIGH	0.0538229	36116.2	70738
2019-nCoV	3037	C	T	SNP	Heterozygous	orf1ab	QHD43415.1	1	c.2772C>T	p.Phe924Phe	synonymous_variant	LOW	0.946177	36116.2	70738
2019-nCoV	3181	A	T	SNP	Heterozygous	orf1ab	QHD43415.1	1	c.2916A>T	p.Glu972Asp	missense_variant	MODERATE	0.0205103	16.6396	26230
2019-nCoV	3208	T	C	SNP	Heterozygous	orf1ab	QHD43415.1	1	c.2943T>C	p.Asp981Asp	synonymous_variant	LOW	0.0265133	43.4085	26233
2019-nCoV	3215	A	G	SNP	Heterozygous	orf1ab	QHD43415.1	1	c.2950A>G	p.Ser984Gly	missense_variant	MODERATE	0.0165	5.92315	26250
2019-nCoV	3217	T	C	SNP	Heterozygous	orf1ab	QHD43415.1	1	c.2952T>C	p.Ser984Ser	synonymous_variant	LOW	0.0295295	61.1303	26164
2019-nCoV	3485	G	A	SNP	Heterozygous	orf1ab	QHD43415.1	1	c.3220G>A	p.Ala1074Thr	missense_variant	MODERATE	0.025	35.4192	11077
2019-nCoV	3490	A	T	SNP	Heterozygous	orf1ab	QHD43415.1	1	c.3225A>T	p.Leu1075Phe	missense_variant	MODERATE	0.0235	8.42952	11008
2019-nCoV	3574	T	C	SNP	Heterozygous	orf1ab	QHD43415.1	1	c.3309T>C	p.Cys1103Cys	synonymous_variant	LOW	0.028	22.0295	26401
2019-nCoV	3582	G	T	SNP	Heterozygous	orf1ab	QHD43415.1	1	c.3317G>T	p.Ser1106Ile	missense_variant	MODERATE	0.0285	54.7995	26428
2019-nCoV	3620	G	A	SNP	Heterozygous	orf1ab	QHD43415.1	1	c.3355G>A	p.Gly1119Ser	missense_variant	MODERATE	0.0210105	18.4204	71117
2019-nCoV	3792	CTG	C	DEL	Heterozygous	orf1ab	QHD43415.1	1	c.3529_3530delGT	p.Val1177fs	frameshift_variant	HIGH	0.0171112	7.1584	52944
2019-nCoV	3875	G	A	SNP	Heterozygous	orf1ab	QHD43415.1	1	c.3610G>A	p.Ala1204Thr	missense_variant	MODERATE	0.025	12.8759	8923
2019-nCoV	3955	G	T	SNP	Heterozygous	orf1ab	QHD43415.1	1	c.3690G>T	p.Lys1230Asn	missense_variant	MODERATE	0.0215863	21.1559	22918
2019-nCoV	4012	C	T	SNP	Heterozygous	orf1ab	QHD43415.1	1	c.3747C>T	p.Leu1249Leu	synonymous_variant	LOW	0.0305	67.4288	14015
2019-nCoV	4111	T	C	SNP	Heterozygous	orf1ab	QHD43415.1	1	c.3846T>C	p.Asp1282Asp	synonymous_variant	LOW	0.0355178	103.73	9870
2019-nCoV	4156	TG	T	DEL	Heterozygous	orf1ab	QHD43415.1	1	c.3892delG	p.Ala1298fs	frameshift_variant	HIGH	0.0306071	64.326	9808
2019-nCoV	4184	G	A	SNP	Homozygous	orf1ab	QHD43415.1	1	c.3919G>A	p.Gly1307Ser	missense_variant	MODERATE	0.998498	33838.7	37299
2019-nCoV	4319	GCC	CCT	MNP	Heterozygous	orf1ab	QHD43415.1	1	c.4054_4056delGCCinsCCT	p.Ala1352Pro	missense_variant	MODERATE	0.0256024	35955.0	83052
2019-nCoV	4321	C	T	SNP	Heterozygous	orf1ab	QHD43415.1	1	c.4056C>T	p.Ala1352Ala	synonymous_variant	LOW	0.973896	35955.0	83052
2019-nCoV	4461	T	C	SNP	Heterozygous	orf1ab	QHD43415.1	1	c.4196T>C	p.Val1399Ala	missense_variant	MODERATE	0.0215431	20.2353	96500
2019-nCoV	4597	T	C	SNP	Heterozygous	orf1ab	QHD43415.1	1	c.4332T>C	p.Thr1444Thr	synonymous_variant	LOW	0.0165083	5.93844	76463
2019-nCoV	4958	G	T	SNP	Heterozygous	orf1ab	QHD43415.1	1	c.4693G>T	p.Val1565Leu	missense_variant	MODERATE	0.0175	7.8782	32333
2019-nCoV	5031	C	T	SNP	Heterozygous	orf1ab	QHD43415.1	1	c.4766C>T	p.Thr1589Ile	missense_variant	MODERATE	0.0265	43.3183	20739
2019-nCoV	5222	A	C	SNP	Heterozygous	orf1ab	QHD43415.1	1	c.4957A>C	p.Thr1653Pro	missense_variant	MODERATE	0.0248605	38.7481	26831
2019-nCoV	5276	G	T	SNP	Heterozygous	orf1ab	QHD43415.1	1	c.5011G>T	p.Asp1671Tyr	missense_variant	MODERATE	0.0245	33.1302	26861
2019-nCoV	5354	G	T	SNP	Heterozygous	orf1ab	QHD43415.1	1	c.5089G>T	p.Asp1697Tyr	missense_variant	MODERATE	0.0275413	171.267	27514
2019-nCoV	5386	T	G	SNP	Heterozygous	orf1ab	QHD43415.1	1	c.5121T>G	p.Ala1707Ala	synonymous_variant	LOW	0.0375563	67.0427	27311
2019-nCoV	5826	C	G	SNP	Heterozygous	orf1ab	QHD43415.1	1	c.5561C>G	p.Thr1854Arg	missense_variant	MODERATE	0.0305458	30.4126	4371
2019-nCoV	6178	TTA	T	DEL	Heterozygous	orf1ab	QHD43415.1	1	c.5916_5917delTA	p.Tyr1972fs	frameshift_variant	HIGH	0.0211587	19.0868	43426
2019-nCoV	6342	A	G	SNP	Heterozygous	orf1ab	QHD43415.1	1	c.6077A>G	p.Asp2026Gly	missense_variant	MODERATE	0.142571	1772.29	15606
2019-nCoV	6434	A	T	SNP	Heterozygous	orf1ab	QHD43415.1	1	c.6169A>T	p.Ile2057Leu	missense_variant	MODERATE	0.0405608	86.1126	56478
2019-nCoV	6731	A	G	SNP	Heterozygous	orf1ab	QHD43415.1	1	c.6466A>G	p.Ile2156Val	missense_variant	MODERATE	0.0270135	46.1637	40841
2019-nCoV	6775	TTA	T	DEL	Heterozygous	orf1ab	QHD43415.1	1	c.6512_6513delAT	p.Tyr2171fs	frameshift_variant	HIGH	0.0314561	73.9163	40252
2019-nCoV	6979	T	G	SNP	Heterozygous	orf1ab	QHD43415.1	1	c.6714T>G	p.Val2238Val	synonymous_variant	LOW	0.0270135	46.1645	12433
2019-nCoV	7225	T	C	SNP	Heterozygous	orf1ab	QHD43415.1	1	c.6960T>C	p.Ala2320Ala	synonymous_variant	LOW	0.0255767	65.5476	25684
2019-nCoV	7273	G	T	SNP	Heterozygous	orf1ab	QHD43415.1	1	c.7008G>T	p.Arg2336Ser	missense_variant	MODERATE	0.0195685	32.3199	25444
2019-nCoV	7299	C	T	SNP	Heterozygous	orf1ab	QHD43415.1	1	c.7034C>T	p.Ala2345Val	missense_variant	MODERATE	0.065	422.212	11408
2019-nCoV	7420	C	T	SNP	Heterozygous	orf1ab	QHD43415.1	1	c.7155C>T	p.Ile2385Ile	synonymous_variant	LOW	0.0670335	447.51	10213
2019-nCoV	7826	T	C	SNP	Heterozygous	orf1ab	QHD43415.1	1	c.7561T>C	p.Phe2521Leu	missense_variant	MODERATE	0.0315948	74.986	30446
2019-nCoV	8006	GGT	G	DEL	Heterozygous	orf1ab	QHD43415.1	1	c.7743_7744delTG	p.Asp2582fs	frameshift_variant	HIGH	0.0260782	41.1482	43797
2019-nCoV	8027	G	T	SNP	Heterozygous	orf1ab	QHD43415.1	1	c.7762G>T	p.Val2588Phe	missense_variant	MODERATE	0.047047	208.474	28659
2019-nCoV	8271	G	T	SNP	Heterozygous	orf1ab	QHD43415.1	1	c.8006G>T	p.Ser2669Ile	missense_variant	MODERATE	0.0245123	33.0738	31963
2019-nCoV	8408	G	T	SNP	Heterozygous	orf1ab	QHD43415.1	1	c.8143G>T	p.Val2715Phe	missense_variant	MODERATE	0.0265	17.0755	30155
2019-nCoV	8671	T	C	SNP	Heterozygous	orf1ab	QHD43415.1	1	c.8406T>C	p.Phe2802Phe	synonymous_variant	LOW	0.0366834	113.186	30267
2019-nCoV	8739	C	T	SNP	Heterozygous	orf1ab	QHD43415.1	1	c.8474C>T	p.Thr2825Ile	missense_variant	MODERATE	0.0490245	227.058	14697
2019-nCoV	8942	G	T	SNP	Heterozygous	orf1ab	QHD43415.1	1	c.8677G>T	p.Gly2893Cys	missense_variant	MODERATE	0.043043	101.767	20942
2019-nCoV	9072	C	T	SNP	Heterozygous	orf1ab	QHD43415.1	1	c.8807C>T	p.Thr2936Ile	missense_variant	MODERATE	0.028	51.8289	19153
2019-nCoV	9272	A	G	SNP	Heterozygous	orf1ab	QHD43415.1	1	c.9007A>G	p.Arg3003Gly	missense_variant	MODERATE	0.0185	10.5311	15142
2019-nCoV	9344	C	T	SNP	Homozygous	orf1ab	QHD43415.1	1	c.9079C>T	p.Leu3027Phe	missense_variant	MODERATE	1.0	33587.8	14820
2019-nCoV	9424	A	G	SNP	Homozygous	orf1ab	QHD43415.1	1	c.9159A>G	p.Val3053Val	synonymous_variant	LOW	1.0	36439.1	7421
2019-nCoV	9519	TCC	T	DEL	Heterozygous	orf1ab	QHD43415.1	1	c.9255_9256delCC	p.Leu3086fs	frameshift_variant	HIGH	0.0816633	641.654	2511
2019-nCoV	9534	C	T	SNP	Homozygous	orf1ab	QHD43415.1	1	c.9269C>T	p.Thr3090Ile	missense_variant	MODERATE	0.9995	33891.3	2524
2019-nCoV	9541	CTGTTTAACACCAGTTTACTCATTCTTACCTGG	C	DEL	Heterozygous	orf1ab	QHD43415.1	1	c.9283_9314delACACCAGTTTACTCATTCTTACCTGGTGTTTA	p.Thr3095fs	frameshift_variant	HIGH	0.183077	2606.72	2511
2019-nCoV	9803	CTG	C	DEL	Heterozygous	orf1ab	QHD43415.1	1	c.9541_9542delTG	p.Cys3181fs	frameshift_variant	HIGH	0.0416667	156.074	8459
2019-nCoV	9857	C	T	SNP	Heterozygous	orf1ab	QHD43415.1	1	c.9592C>T	p.Leu3198Leu	synonymous_variant	LOW	0.048048	219.409	8467
2019-nCoV	9866	C	T	SNP	Heterozygous	orf1ab	QHD43415.1	1	c.9601C>T	p.Leu3201Phe	missense_variant	MODERATE	0.456369	10722.0	16605
2019-nCoV	10029	C	T	SNP	Homozygous	orf1ab	QHD43415.1	1	c.9764C>T	p.Thr3255Ile	missense_variant	MODERATE	0.994489	35888.9	29821
2019-nCoV	10198	C	T	SNP	Homozygous	orf1ab	QHD43415.1	1	c.9933C>T	p.Asp3311Asp	synonymous_variant	LOW	0.9995	33929.7	26646
2019-nCoV	10262	G	A	SNP	Heterozygous	orf1ab	QHD43415.1	1	c.9997G>A	p.Ala3333Thr	missense_variant	MODERATE	0.021	18.3341	26793
2019-nCoV	10447	GCC	ACA	MNP	Homozygous	orf1ab	QHD43415.1	1	c.10182_10184delGCCinsACA	p.Pro3395His	missense_variant	MODERATE	1.0	36050.1	8149
2019-nCoV	10489	TG	T	DEL	Heterozygous	orf1ab	QHD43415.1	1	c.10226delG	p.Gly3409fs	frameshift_variant	HIGH	0.0531595	161.19	8068
2019-nCoV	10507	C	T	SNP	Heterozygous	orf1ab	QHD43415.1	1	c.10242C>T	p.Asn3414Asn	synonymous_variant	LOW	0.0465465	204.39	8070
2019-nCoV	10739	G	T	SNP	Heterozygous	orf1ab	QHD43415.1	1	c.10474G>T	p.Asp3492Tyr	missense_variant	MODERATE	0.02	14.9889	56278
2019-nCoV	10870	G	T	SNP	Heterozygous	orf1ab	QHD43415.1	1	c.10605G>T	p.Leu3535Leu	synonymous_variant	LOW	0.0326141	81.7243	37716
2019-nCoV	10970	C	A	SNP	Heterozygous	orf1ab	QHD43415.1	1	c.10705C>A	p.Gln3569Lys	missense_variant	MODERATE	0.02471	12.7542	20601
2019-nCoV	10979	G	T	SNP	Heterozygous	orf1ab	QHD43415.1	1	c.10714G>T	p.Val3572Leu	missense_variant	MODERATE	0.0347432	97.6357	20652
2019-nCoV	11146	GT	G	DEL	Heterozygous	orf1ab	QHD43415.1	1	c.10884delT	p.Phe3628fs	frameshift_variant	HIGH	0.0371673	35.8416	27274
2019-nCoV	11162	C	T	SNP	Heterozygous	orf1ab	QHD43415.1	1	c.10897C>T	p.His3633Tyr	missense_variant	MODERATE	0.026	41.2438	56392
2019-nCoV	11287	GTCTGGTTTT	G	DEL	Homozygous	orf1ab	QHD43415.1	1	c.11023_11031delTCTGGTTTT	p.Ser3675_Phe3677del	conservative_inframe_deletion	MODERATE	0.989442	36097.6	60457
2019-nCoV	11350	G	T	SNP	Heterozygous	orf1ab	QHD43415.1	1	c.11085G>T	p.Met3695Ile	missense_variant	MODERATE	0.0390195	132.309	61585
2019-nCoV	11410	G	T	SNP	Heterozygous	orf1ab	QHD43415.1	1	c.11145G>T	p.Leu3715Phe	missense_variant	MODERATE	0.0225	23.8096	32886
2019-nCoV	11674	C	T	SNP	Heterozygous	orf1ab	QHD43415.1	1	c.11409C>T	p.Tyr3803Tyr	synonymous_variant	LOW	0.0365183	111.699	30547
2019-nCoV	11686	TC	T	DEL	Heterozygous	orf1ab	QHD43415.1	1	c.11422delC	p.Gly3809fs	frameshift_variant	HIGH	0.0260521	40.9258	71073
2019-nCoV	11704	C	T	SNP	Heterozygous	orf1ab	QHD43415.1	1	c.11439C>T	p.Tyr3813Tyr	synonymous_variant	LOW	0.0585	223.286	71500
2019-nCoV	12097	A	G	SNP	Heterozygous	orf1ab	QHD43415.1	1	c.11832A>G	p.Ile3944Met	missense_variant	MODERATE	0.0165	5.92301	12173
2019-nCoV	12160	G	A	SNP	Heterozygous	orf1ab	QHD43415.1	1	c.11895G>A	p.Glu3965Glu	synonymous_variant	LOW	0.209605	3307.31	12341
2019-nCoV	12516	G	A	SNP	Heterozygous	orf1ab	QHD43415.1	1	c.12251G>A	p.Cys4084Tyr	missense_variant	MODERATE	0.0235	28.4756	36243
2019-nCoV	12574	T	C	SNP	Heterozygous	orf1ab	QHD43415.1	1	c.12309T>C	p.Asp4103Asp	synonymous_variant	LOW	0.0385	128.333	55059
2019-nCoV	12612	T	C	SNP	Heterozygous	orf1ab	QHD43415.1	1	c.12347T>C	p.Met4116Thr	missense_variant	MODERATE	0.016008	5.01789	55434
2019-nCoV	12664	C	T	SNP	Heterozygous	orf1ab	QHD43415.1	1	c.12399C>T	p.Ala4133Ala	synonymous_variant	LOW	0.0170085	6.95993	55655
2019-nCoV	12718	G	A	SNP	Heterozygous	orf1ab	QHD43415.1	1	c.12453G>A	p.Gln4151Gln	synonymous_variant	LOW	0.0550551	287.938	36484
2019-nCoV	12721	G	T	SNP	Heterozygous	orf1ab	QHD43415.1	1	c.12456G>T	p.Met4152Ile	missense_variant	MODERATE	0.041	150.457	36570
2019-nCoV	12754	C	T	SNP	Heterozygous	orf1ab	QHD43415.1	1	c.12489C>T	p.Cys4163Cys	synonymous_variant	LOW	0.021	18.3486	36229
2019-nCoV	12762	AC	A	DEL	Heterozygous	orf1ab	QHD43415.1	1	c.12498delC	p.Asp4166fs	frameshift_variant	HIGH	0.0644512	407.278	36076
2019-nCoV	12781	C	G	SNP	Heterozygous	orf1ab	QHD43415.1	1	c.12516C>G	p.Tyr4172*	stop_gained	HIGH	0.0375188	119.946	56905
2019-nCoV	12789	C	T	SNP	Heterozygous	orf1ab	QHD43415.1	1	c.12524C>T	p.Thr4175Ile	missense_variant	MODERATE	0.0402617	80.2675	21350
2019-nCoV	12880	C	T	SNP	Heterozygous	orf1ab	QHD43415.1	1	c.12615C>T	p.Ile4205Ile	synonymous_variant	LOW	0.972486	34386.4	43017
2019-nCoV	13256	C	T	SNP	Heterozygous	orf1ab	QHD43415.1	1	c.12991C>T	p.Arg4331Cys	missense_variant	MODERATE	0.0235	28.4746	33116
2019-nCoV	13268	G	T	SNP	Heterozygous	orf1ab	QHD43415.1	1	c.13003G>T	p.Asp4335Tyr	missense_variant	MODERATE	0.05	156.376	33004
2019-nCoV	13412	T	C	SNP	Heterozygous	orf1ab	QHD43415.1	1	c.13147T>C	p.Cys4383Arg	missense_variant	MODERATE	0.0265133	43.3835	60713
2019-nCoV	13708	C	T	SNP	Heterozygous	orf1ab	QHD43415.1	2	c.13444C>T	p.Leu4482Phe	missense_variant	MODERATE	0.0365548	61.3026	8715
2019-nCoV	13813	GC	G	DEL	Heterozygous	orf1ab	QHD43415.1	2	c.13550delC	p.Ala4517fs	frameshift_variant	HIGH	0.0311871	68.7157	12958
2019-nCoV	14009	T	C	SNP	Heterozygous	orf1ab	QHD43415.1	2	c.13745T>C	p.Val4582Ala	missense_variant	MODERATE	0.03	64.0752	35776
2019-nCoV	14092	G	A	SNP	Heterozygous	orf1ab	QHD43415.1	2	c.13828G>A	p.Asp4610Asn	missense_variant	MODERATE	0.017	6.9342	19470
2019-nCoV	14117	C	T	SNP	Heterozygous	orf1ab	QHD43415.1	2	c.13853C>T	p.Thr4618Met	missense_variant	MODERATE	0.021	4.70209	41204
2019-nCoV	14408	C	T	SNP	Homozygous	orf1ab	QHD43415.1	2	c.14144C>T	p.Pro4715Leu	missense_variant	MODERATE	0.993997	33455.5	16792
2019-nCoV	14419	G	T	SNP	Heterozygous	orf1ab	QHD43415.1	2	c.14155G>T	p.Gly4719*	stop_gained	HIGH	0.021608	5.54562	46131
2019-nCoV	14462	T	C	SNP	Heterozygous	orf1ab	QHD43415.1	2	c.14198T>C	p.Val4733Ala	missense_variant	MODERATE	0.0196177	125.542	45573
2019-nCoV	14482	T	C	SNP	Heterozygous	orf1ab	QHD43415.1	2	c.14218T>C	p.Phe4740Leu	missense_variant	MODERATE	0.03	29.465	29693
2019-nCoV	14763	CTTT	C	DEL	Heterozygous	orf1ab	QHD43415.1	2	c.14500_14502delTTT	p.Phe4834del	conservative_inframe_deletion	MODERATE	0.039196	131.287	30690
2019-nCoV	14781	T	C	SNP	Heterozygous	orf1ab	QHD43415.1	2	c.14517T>C	p.Asn4839Asn	synonymous_variant	LOW	0.0185093	10.5525	46392
2019-nCoV	15009	T	C	SNP	Heterozygous	orf1ab	QHD43415.1	2	c.14745T>C	p.Asp4915Asp	synonymous_variant	LOW	0.0805	482.206	46647
2019-nCoV	15111	A	G	SNP	Heterozygous	orf1ab	QHD43415.1	2	c.14847A>G	p.Val4949Val	synonymous_variant	LOW	0.018	9.23529	40907
2019-nCoV	15141	C	T	SNP	Heterozygous	orf1ab	QHD43415.1	2	c.14877C>T	p.Thr4959Thr	synonymous_variant	LOW	0.037	115.728	68895
2019-nCoV	15406	G	T	SNP	Heterozygous	orf1ab	QHD43415.1	2	c.15142G>T	p.Ala5048Ser	missense_variant	MODERATE	0.0450225	188.653	99105
2019-nCoV	15534	A	G	SNP	Heterozygous	orf1ab	QHD43415.1	2	c.15270A>G	p.Gln5090Gln	synonymous_variant	LOW	0.0205	4.19088	39838
2019-nCoV	15545	C	T	SNP	Heterozygous	orf1ab	QHD43415.1	2	c.15281C>T	p.Ala5094Val	missense_variant	MODERATE	0.018	9.36966	39627
2019-nCoV	15637	AG	A	DEL	Heterozygous	orf1ab	QHD43415.1	2	c.15374delG	p.Arg5125fs	frameshift_variant	HIGH	0.020572	17.76	78626
2019-nCoV	15654	C	T	SNP	Heterozygous	orf1ab	QHD43415.1	2	c.15390C>T	p.Asp5130Asp	synonymous_variant	LOW	0.0215108	20.3182	77780
2019-nCoV	15672	G	T	SNP	Heterozygous	orf1ab	QHD43415.1	2	c.15408G>T	p.Glu5136Asp	missense_variant	MODERATE	0.0206341	16.5495	76732
2019-nCoV	15714	C	T	SNP	Homozygous	orf1ab	QHD43415.1	2	c.15450C>T	p.Leu5150Leu	synonymous_variant	LOW	1.0	35977.5	75798
2019-nCoV	15725	CTG	C	DEL	Heterozygous	orf1ab	QHD43415.1	2	c.15463_15464delGT	p.Val5155fs	frameshift_variant	HIGH	0.0170768	7.58428	75048
2019-nCoV	15738	C	T	SNP	Heterozygous	orf1ab	QHD43415.1	2	c.15474C>T	p.Phe5158Phe	synonymous_variant	LOW	0.0246107	11.8603	74969
2019-nCoV	15752	C	T	SNP	Heterozygous	orf1ab	QHD43415.1	2	c.15488C>T	p.Ala5163Val	missense_variant	MODERATE	0.032	77.5903	2723
2019-nCoV	15931	T	C	SNP	Heterozygous	orf1ab	QHD43415.1	2	c.15667T>C	p.Tyr5223His	missense_variant	MODERATE	0.097	909.388	52460
2019-nCoV	15961	G	T	SNP	Heterozygous	orf1ab	QHD43415.1	2	c.15697G>T	p.Gly5233Cys	missense_variant	MODERATE	0.0170597	7.04906	51783
2019-nCoV	16058	CT	C	DEL	Heterozygous	orf1ab	QHD43415.1	2	c.15795delT	p.Asn5266fs	frameshift_variant	HIGH	0.0190859	12.2866	62761
2019-nCoV	16092	C	T	SNP	Heterozygous	orf1ab	QHD43415.1	2	c.15828C>T	p.Tyr5276Tyr	synonymous_variant	LOW	0.0330165	42.2607	26563
2019-nCoV	16527	T	G	SNP	Heterozygous	orf1ab	QHD43415.1	2	c.16263T>G	p.Cys5421Trp	missense_variant	MODERATE	0.019019	12.4427	64032
2019-nCoV	16580	C	T	SNP	Heterozygous	orf1ab	QHD43415.1	2	c.16316C>T	p.Thr5439Ile	missense_variant	MODERATE	0.0301205	28.9291	30633
2019-nCoV	16685	G	A	SNP	Heterozygous	orf1ab	QHD43415.1	2	c.16421G>A	p.Gly5474Asp	missense_variant	MODERATE	0.02	14.9687	56301
2019-nCoV	16871	G	T	SNP	Heterozygous	orf1ab	QHD43415.1	2	c.16607G>T	p.Arg5536Leu	missense_variant	MODERATE	0.0250878	13.0842	24569
2019-nCoV	16963	C	T	SNP	Heterozygous	orf1ab	QHD43415.1	2	c.16699C>T	p.Gln5567*	stop_gained	HIGH	0.0185	10.4801	103109
2019-nCoV	17017	G	A	SNP	Heterozygous	orf1ab	QHD43415.1	2	c.16753G>A	p.Glu5585Lys	missense_variant	MODERATE	0.021	18.3878	78679
2019-nCoV	17370	G	T	SNP	Heterozygous	orf1ab	QHD43415.1	2	c.17106G>T	p.Met5702Ile	missense_variant	MODERATE	0.0265265	17.6578	36328
2019-nCoV	17410	C	T	SNP	Homozygous	orf1ab	QHD43415.1	2	c.17146C>T	p.Arg5716Cys	missense_variant	MODERATE	0.987994	35475.7	61677
2019-nCoV	17462	G	T	SNP	Heterozygous	orf1ab	QHD43415.1	2	c.17198G>T	p.Arg5733Leu	missense_variant	MODERATE	0.0335335	88.532	25280
2019-nCoV	17482	A	G	SNP	Heterozygous	orf1ab	QHD43415.1	2	c.17218A>G	p.Thr5740Ala	missense_variant	MODERATE	0.0255	38.0845	25123
2019-nCoV	17676	C	T	SNP	Heterozygous	orf1ab	QHD43415.1	2	c.17412C>T	p.Ile5804Ile	synonymous_variant	LOW	0.0260391	41.8923	61556
2019-nCoV	17720	TG	T	DEL	Heterozygous	orf1ab	QHD43415.1	2	c.17458delG	p.Val5820fs	frameshift_variant	HIGH	0.0345518	41.1158	8673
2019-nCoV	17760	A	G	SNP	Heterozygous	orf1ab	QHD43415.1	2	c.17496A>G	p.Lys5832Lys	synonymous_variant	LOW	0.0547189	194.614	32141
2019-nCoV	17767	T	C	SNP	Heterozygous	orf1ab	QHD43415.1	2	c.17503T>C	p.Phe5835Leu	missense_variant	MODERATE	0.0346734	51.21	33902
2019-nCoV	18020	G	C	SNP	Heterozygous	orf1ab	QHD43415.1	2	c.17756G>C	p.Arg5919Thr	missense_variant	MODERATE	0.03	29.5289	5738
2019-nCoV	18153	A	G	SNP	Heterozygous	orf1ab	QHD43415.1	2	c.17889A>G	p.Leu5963Leu	synonymous_variant	LOW	0.0215972	5.50376	33416
2019-nCoV	18163	A	G	SNP	Homozygous	orf1ab	QHD43415.1	2	c.17899A>G	p.Ile5967Val	missense_variant	MODERATE	0.997999	36185.7	33451
2019-nCoV	18221	A	T	SNP	Heterozygous	orf1ab	QHD43415.1	2	c.17957A>T	p.Lys5986Ile	missense_variant	MODERATE	0.0196672	17.3057	53319
2019-nCoV	18283	C	T	SNP	Heterozygous	orf1ab	QHD43415.1	2	c.18019C>T	p.His6007Tyr	missense_variant	MODERATE	0.0410205	150.101	20269
2019-nCoV	18326	C	T	SNP	Heterozygous	orf1ab	QHD43415.1	2	c.18062C>T	p.Ala6021Val	missense_variant	MODERATE	0.0175088	8.05834	39272
2019-nCoV	18486	C	T	SNP	Heterozygous	orf1ab	QHD43415.1	2	c.18222C>T	p.Leu6074Leu	synonymous_variant	LOW	0.0325163	81.2123	36393
2019-nCoV	18551	G	T	SNP	Heterozygous	orf1ab	QHD43415.1	2	c.18287G>T	p.Ser6096Ile	missense_variant	MODERATE	0.0241085	58.4479	39201
2019-nCoV	18816	G	T	SNP	Heterozygous	orf1ab	QHD43415.1	2	c.18552G>T	p.Leu6184Leu	synonymous_variant	LOW	0.019	11.6751	55337
2019-nCoV	18925	T	C	SNP	Heterozygous	orf1ab	QHD43415.1	2	c.18661T>C	p.Tyr6221His	missense_variant	MODERATE	0.0255	14.2203	53944
2019-nCoV	19231	G	A	SNP	Heterozygous	orf1ab	QHD43415.1	2	c.18967G>A	p.Val6323Ile	missense_variant	MODERATE	0.0201106	4.14403	61069
2019-nCoV	19449	T	C	SNP	Heterozygous	orf1ab	QHD43415.1	2	c.19185T>C	p.Ser6395Ser	synonymous_variant	LOW	0.0255	38.0873	24073
2019-nCoV	19552	G	T	SNP	Heterozygous	orf1ab	QHD43415.1	2	c.19288G>T	p.Gly6430Cys	missense_variant	MODERATE	0.024	10.3965	18174
2019-nCoV	19565	G	T	SNP	Heterozygous	orf1ab	QHD43415.1	2	c.19301G>T	p.Trp6434Leu	missense_variant	MODERATE	0.037037	64.8474	18011
2019-nCoV	19580	T	C	SNP	Heterozygous	orf1ab	QHD43415.1	2	c.19316T>C	p.Phe6439Ser	missense_variant	MODERATE	0.0265	43.3556	27677
2019-nCoV	19753	AAT	A	DEL	Heterozygous	orf1ab	QHD43415.1	2	c.19491_19492delTA	p.Asn6497fs	frameshift_variant	HIGH	0.0187247	12.1272	28447
2019-nCoV	19792	T	C	SNP	Heterozygous	orf1ab	QHD43415.1	2	c.19528T>C	p.Trp6510Arg	missense_variant	MODERATE	0.0196276	13.9227	29261
2019-nCoV	19955	C	T	SNP	Homozygous	orf1ab	QHD43415.1	2	c.19691C>T	p.Thr6564Ile	missense_variant	MODERATE	0.987481	32909.5	65904
2019-nCoV	20055	A	G	SNP	Homozygous	orf1ab	QHD43415.1	2	c.19791A>G	p.Glu6597Glu	synonymous_variant	LOW	1.0	33681.4	49327
2019-nCoV	20104	C	T	SNP	Heterozygous	orf1ab	QHD43415.1	2	c.19840C>T	p.Leu6614Phe	missense_variant	MODERATE	0.0365	111.644	2885
2019-nCoV	20125	G	T	SNP	Heterozygous	orf1ab	QHD43415.1	2	c.19861G>T	p.Gly6621*	stop_gained	HIGH	0.0285	23.6674	34998
2019-nCoV	20303	A	T	SNP	Heterozygous	orf1ab	QHD43415.1	2	c.20039A>T	p.Glu6680Val	missense_variant	MODERATE	0.0285285	54.9319	73041
2019-nCoV	20590	T	C	SNP	Heterozygous	orf1ab	QHD43415.1	2	c.20326T>C	p.Tyr6776His	missense_variant	MODERATE	0.034	91.4653	65269
2019-nCoV	20600	T	C	SNP	Heterozygous	orf1ab	QHD43415.1	2	c.20336T>C	p.Ile6779Thr	missense_variant	MODERATE	0.0255767	14.2663	64886
2019-nCoV	20620	A	T	SNP	Heterozygous	orf1ab	QHD43415.1	2	c.20356A>T	p.Lys6786*	stop_gained	HIGH	0.0470235	132.326	14212
2019-nCoV	20953	G	T	SNP	Heterozygous	orf1ab	QHD43415.1	2	c.20689G>T	p.Asp6897Tyr	missense_variant	MODERATE	0.025	12.8823	64580
2019-nCoV	21084	A	G	SNP	Heterozygous	orf1ab	QHD43415.1	2	c.20820A>G	p.Glu6940Glu	synonymous_variant	LOW	0.0165	5.92424	116331
2019-nCoV	21400	A	G	SNP	Heterozygous	orf1ab	QHD43415.1	2	c.21136A>G	p.Ser7046Gly	missense_variant	MODERATE	0.0165083	5.71761	16543
2019-nCoV	21520	G	T	SNP	Heterozygous	orf1ab	QHD43415.1	2	c.21256G>T	p.Val7086Phe	missense_variant	MODERATE	0.0185185	10.596	20865
2019-nCoV	21570	T	G	SNP	Heterozygous	S	QHD43416.1	1	c.8T>G	p.Val3Gly	missense_variant	MODERATE	0.0277497	21.0124	8024
2019-nCoV	21618	C	T	SNP	Homozygous	S	QHD43416.1	1	c.56C>T	p.Thr19Ile	missense_variant	MODERATE	1.0	33846.6	30198
2019-nCoV	21622	C	T	SNP	Heterozygous	S	QHD43416.1	1	c.60C>T	p.Thr20Thr	synonymous_variant	LOW	0.022	22.1759	30162
2019-nCoV	21632	TTACCCCCTG	T	DEL	Homozygous	S	QHD43416.1	1	c.71_79delTACCCCCTG	p.Leu24_Ala27delinsSer	disruptive_inframe_deletion	MODERATE	1.0	36159.5	29635
2019-nCoV	21646	C	T	SNP	Heterozygous	S	QHD43416.1	1	c.84C>T	p.Tyr28Tyr	synonymous_variant	LOW	0.07	488.54	30234
2019-nCoV	21648	C	T	SNP	Heterozygous	S	QHD43416.1	1	c.86C>T	p.Thr29Ile	missense_variant	MODERATE	0.0165	5.92354	30261
2019-nCoV	21675	A	G	SNP	Heterozygous	S	QHD43416.1	1	c.113A>G	p.Tyr38Cys	missense_variant	MODERATE	0.018	9.23847	21936
2019-nCoV	21721	C	T	SNP	Heterozygous	S	QHD43416.1	1	c.159C>T	p.Asp53Asp	synonymous_variant	LOW	0.0693119	471.195	22261
2019-nCoV	21752	T	C	SNP	Heterozygous	S	QHD43416.1	1	c.190T>C	p.Trp64Arg	missense_variant	MODERATE	0.2055	2728.99	22424
2019-nCoV	21764	ATACATG	A	DEL	Heterozygous	S	QHD43416.1	1	c.204_209delACATGT	p.His69_Val70del	disruptive_inframe_deletion	MODERATE	0.281676	5168.01	37216
2019-nCoV	21987	G	A	SNP	Homozygous	S	QHD43416.1	1	c.425G>A	p.Gly142Asp	missense_variant	MODERATE	0.989924	35880.8	35626
2019-nCoV	22054	T	G	SNP	Heterozygous	S	QHD43416.1	1	c.492T>G	p.Asn164Lys	missense_variant	MODERATE	0.0415	92.0101	65288
2019-nCoV	22193	AATT	A	DEL	Heterozygous	S	QHD43416.1	1	c.632_634delATT	p.Asn211_Leu212delinsIle	disruptive_inframe_deletion	MODERATE	0.0275551	353.61	35718
2019-nCoV	22200	T	G	SNP	Heterozygous	S	QHD43416.1	1	c.638T>G	p.Val213Gly	missense_variant	MODERATE	0.9555	33278.2	35605
2019-nCoV	22200	T	TGAGGG	INS	Heterozygous	S	QHD43416.1	1	c.639_640insAGGGG	p.Asp215fs	frameshift_variant	HIGH	0.0175527	8.52241	35605
2019-nCoV	22204	T	TGAGCCAGAA	INS	Heterozygous	S	QHD43416.1	1	c.644_645insGCCAGAAGA	p.Arg214_Asp215insGluProGlu	disruptive_inframe_insertion	MODERATE	0.0290581	58.2492	35992
2019-nCoV	22207	T	C	SNP	Heterozygous	S	QHD43416.1	1	c.645T>C	p.Asp215Asp	synonymous_variant	LOW	0.0225451	24.4205	35987
2019-nCoV	22305	A	C	SNP	Heterozygous	S	QHD43416.1	1	c.743A>C	p.Tyr248Ser	missense_variant	MODERATE	0.037	115.741	50391
2019-nCoV	22346	G	T	SNP	Heterozygous	S	QHD43416.1	1	c.784G>T	p.Ala262Ser	missense_variant	MODERATE	0.0205103	16.6662	13785
2019-nCoV	22432	C	T	SNP	Heterozygous	S	QHD43416.1	1	c.870C>T	p.Asp290Asp	synonymous_variant	LOW	0.0235	28.1678	50057
2019-nCoV	22578	G	A	SNP	Homozygous	S	QHD43416.1	1	c.1016G>A	p.Gly339Asp	missense_variant	MODERATE	0.997496	36196.9	43895
2019-nCoV	22673	TC	CT	MNP	Heterozygous	S	QHD43416.1	1	c.1111_1112delTCinsCT	p.Ser371Leu	missense_variant	MODERATE	0.0275138	36299.2	15378
2019-nCoV	22674	C	T	SNP	Heterozygous	S	QHD43416.1	1	c.1112C>T	p.Ser371Phe	missense_variant	MODERATE	0.971486	36299.2	15378
2019-nCoV	22679	T	C	SNP	Homozygous	S	QHD43416.1	1	c.1117T>C	p.Ser373Pro	missense_variant	MODERATE	0.997	33605.6	15174
2019-nCoV	22686	C	T	SNP	Heterozygous	S	QHD43416.1	1	c.1124C>T	p.Ser375Phe	missense_variant	MODERATE	0.0434124	33189.0	6366
2019-nCoV	22686	CCA	TCG	MNP	Heterozygous	S	QHD43416.1	1	c.1124_1126delCCAinsTCG	p.SerThr375PheAla	missense_variant	MODERATE	0.95154	33189.0	6366
2019-nCoV	22775	G	A	SNP	Heterozygous	S	QHD43416.1	1	c.1213G>A	p.Asp405Asn	missense_variant	MODERATE	0.942828	30011.9	6269
2019-nCoV	22786	A	C	SNP	Heterozygous	S	QHD43416.1	1	c.1224A>C	p.Arg408Ser	missense_variant	MODERATE	0.424609	32443.2	6194
2019-nCoV	22786	ACA	CC	MIXED	Heterozygous	S	QHD43416.1	1	c.1224_1226delACAinsCC	p.Arg408fs	frameshift_variant&missense_variant	HIGH	0.522945	32443.2	6194
2019-nCoV	22792	C	T	SNP	Heterozygous	S	QHD43416.1	1	c.1230C>T	p.Ile410Ile	synonymous_variant	LOW	0.523571	13115.8	6195
2019-nCoV	22813	G	T	SNP	Homozygous	S	QHD43416.1	1	c.1251G>T	p.Lys417Asn	missense_variant	MODERATE	1.0	33838.6	30424
2019-nCoV	22882	T	G	SNP	Heterozygous	S	QHD43416.1	1	c.1320T>G	p.Asn440Lys	missense_variant	MODERATE	0.976988	34692.3	57495
2019-nCoV	22898	G	A	SNP	Heterozygous	S	QHD43416.1	1	c.1336G>A	p.Gly446Ser	missense_variant	MODERATE	0.0195	13.3774	58477
2019-nCoV	22917	T	G	SNP	Heterozygous	S	QHD43416.1	1	c.1355T>G	p.Leu452Arg	missense_variant	MODERATE	0.408515	13133.8	58541
2019-nCoV	22937	T	C	SNP	Heterozygous	S	QHD43416.1	1	c.1375T>C	p.Ser459Pro	missense_variant	MODERATE	0.018009	9.25458	58048
2019-nCoV	22992	GCAC	ACAA	MNP	Homozygous	S	QHD43416.1	1	c.1430_1433delGCACinsACAA	p.SerThr477AsnLys	missense_variant	MODERATE	1.0	36281.3	32225
2019-nCoV	23013	A	C	SNP	Homozygous	S	QHD43416.1	1	c.1451A>C	p.Glu484Ala	missense_variant	MODERATE	0.998495	36122.5	53134
2019-nCoV	23018	T	G	SNP	Heterozygous	S	QHD43416.1	1	c.1456T>G	p.Phe486Val	missense_variant	MODERATE	0.31994	6329.5	53207
2019-nCoV	23040	A	G	SNP	Heterozygous	S	QHD43416.1	1	c.1478A>G	p.Gln493Arg	missense_variant	MODERATE	0.677241	19119.6	52990
2019-nCoV	23055	A	G	SNP	Homozygous	S	QHD43416.1	1	c.1493A>G	p.Gln498Arg	missense_variant	MODERATE	0.998494	36147.5	22155
2019-nCoV	23063	A	G	SNP	Heterozygous	S	QHD43416.1	1	c.1501A>G	p.Asn501Asp	missense_variant	MODERATE	0.021021	33496.1	22292
2019-nCoV	23063	A	T	SNP	Heterozygous	S	QHD43416.1	1	c.1501A>T	p.Asn501Tyr	missense_variant	MODERATE	0.974474	33496.1	22292
2019-nCoV	23069	GTTGGTT	C	MIXED	Heterozygous	S	QHD43416.1	1	c.1507_1513delGTTGGTTinsC	p.Val503_Tyr505delinsHis	missense_variant&disruptive_inframe_deletion	MODERATE	0.0199387	35489.2	22531
2019-nCoV	23075	T	C	SNP	Heterozygous	S	QHD43416.1	1	c.1513T>C	p.Tyr505His	missense_variant	MODERATE	0.960123	35489.2	22531
2019-nCoV	23202	C	A	SNP	Heterozygous	S	QHD43416.1	1	c.1640C>A	p.Thr547Lys	missense_variant	MODERATE	0.019	11.3798	41460
2019-nCoV	23280	C	T	SNP	Heterozygous	S	QHD43416.1	1	c.1718C>T	p.Thr573Ile	missense_variant	MODERATE	0.032	77.5648	71528
2019-nCoV	23403	A	G	SNP	Homozygous	S	QHD43416.1	1	c.1841A>G	p.Asp614Gly	missense_variant	MODERATE	0.99799	35990.6	97606
2019-nCoV	23473	TAC	T	DEL	Heterozygous	S	QHD43416.1	1	c.1913_1914delCA	p.Thr638fs	frameshift_variant	HIGH	0.0175439	8.153	45902
2019-nCoV	23525	C	T	SNP	Homozygous	S	QHD43416.1	1	c.1963C>T	p.His655Tyr	missense_variant	MODERATE	0.997495	33642.4	161740
2019-nCoV	23538	CAT	C	DEL	Heterozygous	S	QHD43416.1	1	c.1979_1980delAT	p.Tyr660fs	frameshift_variant	HIGH	0.0176145	8.65023	116482
2019-nCoV	23599	TTCTCC	GTCCCA	MNP	Heterozygous	S	QHD43416.1	1	c.2037_2042delTTCTCCinsGTCCCA	p.AsnSerPro679LysSerHis	missense_variant	MODERATE	0.0156487	35998.0	173991
2019-nCoV	23599	TTCTCC	GTCTCA	MNP	Heterozygous	S	QHD43416.1	1	c.2037_2042delTTCTCCinsGTCTCA	p.AsnSerPro679LysSerHis	missense_variant	MODERATE	0.984351	35998.0	173991
2019-nCoV	23673	C	T	SNP	Heterozygous	S	QHD43416.1	1	c.2111C>T	p.Ser704Leu	missense_variant	MODERATE	0.0530531	274.207	58581
2019-nCoV	23809	C	T	SNP	Heterozygous	S	QHD43416.1	1	c.2247C>T	p.Cys749Cys	synonymous_variant	LOW	0.018	9.23349	33437
2019-nCoV	23818	T	C	SNP	Heterozygous	S	QHD43416.1	1	c.2256T>C	p.Leu752Leu	synonymous_variant	LOW	0.023104	27.6525	33287
2019-nCoV	23854	C	A	SNP	Homozygous	S	QHD43416.1	1	c.2292C>A	p.Asn764Lys	missense_variant	MODERATE	0.999497	33496.9	32764
2019-nCoV	23867	G	T	SNP	Heterozygous	S	QHD43416.1	1	c.2305G>T	p.Gly769*	stop_gained	HIGH	0.0205	4.00737	32596
2019-nCoV	23948	GATTTTGG	TATTGTGGT	MIXED	Heterozygous	S	QHD43416.1	1	c.2386_2393delGATTTTGGinsTATTGTGGT	p.Asp796fs	frameshift_variant&missense_variant	HIGH	0.0549508	34762.9	27038
2019-nCoV	23948	G	T	SNP	Heterozygous	S	QHD43416.1	1	c.2386G>T	p.Asp796Tyr	missense_variant	MODERATE	0.90254	34762.9	27038
2019-nCoV	24019	A	G	SNP	Heterozygous	S	QHD43416.1	1	c.2457A>G	p.Glu819Glu	synonymous_variant	LOW	0.0365183	61.1353	18178
2019-nCoV	24197	G	T	SNP	Heterozygous	S	QHD43416.1	1	c.2635G>T	p.Ala879Ser	missense_variant	MODERATE	0.0235	28.471	32517
2019-nCoV	24383	A	G	SNP	Heterozygous	S	QHD43416.1	1	c.2821A>G	p.Thr941Ala	missense_variant	MODERATE	0.018	9.23777	16108
2019-nCoV	24424	A	T	SNP	Homozygous	S	QHD43416.1	1	c.2862A>T	p.Gln954His	missense_variant	MODERATE	0.993997	33452.7	46272
2019-nCoV	24449	G	T	SNP	Heterozygous	S	QHD43416.1	1	c.2887G>T	p.Val963Phe	missense_variant	MODERATE	0.03003	63.7286	46509
2019-nCoV	24469	T	A	SNP	Homozygous	S	QHD43416.1	1	c.2907T>A	p.Asn969Lys	missense_variant	MODERATE	0.99497	32781.5	82215
2019-nCoV	24511	T	C	SNP	Heterozygous	S	QHD43416.1	1	c.2949T>C	p.Arg983Arg	synonymous_variant	LOW	0.027	46.1077	83856
2019-nCoV	24569	A	C	SNP	Heterozygous	S	QHD43416.1	1	c.3007A>C	p.Ser1003Arg	missense_variant	MODERATE	0.0270812	46.4389	37121
2019-nCoV	24577	G	T	SNP	Heterozygous	S	QHD43416.1	1	c.3015G>T	p.Gln1005His	missense_variant	MODERATE	0.047	132.151	37127
2019-nCoV	24580	A	T	SNP	Heterozygous	S	QHD43416.1	1	c.3018A>T	p.Thr1006Thr	synonymous_variant	LOW	0.048024	219.227	37036
2019-nCoV	24693	G	A	SNP	Heterozygous	S	QHD43416.1	1	c.3131G>A	p.Gly1044Glu	missense_variant	MODERATE	0.0211907	5.77261	19637
2019-nCoV	24791	ACTG	A	DEL	Heterozygous	S	QHD43416.1	1	c.3232_3234delGCT	p.Ala1078del	conservative_inframe_deletion	MODERATE	0.0447461	182.614	22895
2019-nCoV	24869	TTTG	T	DEL	Heterozygous	S	QHD43416.1	1	c.3309_3311delTGT	p.Phe1103_Val1104delinsLeu	disruptive_inframe_deletion	MODERATE	0.0246231	194.37	34098
2019-nCoV	24916	C	T	SNP	Heterozygous	S	QHD43416.1	1	c.3354C>T	p.Asp1118Asp	synonymous_variant	LOW	0.023	26.3024	34320
2019-nCoV	25000	C	T	SNP	Homozygous	S	QHD43416.1	1	c.3438C>T	p.Asp1146Asp	synonymous_variant	LOW	0.997497	36184.4	49395
2019-nCoV	25074	G	T	SNP	Heterozygous	S	QHD43416.1	1	c.3512G>T	p.Gly1171Val	missense_variant	MODERATE	0.0290436	25.4361	18830
2019-nCoV	25096	C	T	SNP	Heterozygous	S	QHD43416.1	1	c.3534C>T	p.Asn1178Asn	synonymous_variant	LOW	0.039	132.878	18734
2019-nCoV	25249	G	T	SNP	Heterozygous	S	QHD43416.1	1	c.3687G>T	p.Met1229Ile	missense_variant	MODERATE	0.034017	47.7762	52330
2019-nCoV	25416	C	T	SNP	Heterozygous	ORF3a	QHD43417.1	1	c.24C>T	p.Phe8Phe	synonymous_variant	LOW	0.076	576.044	47688
2019-nCoV	25512	A	G	SNP	Heterozygous	ORF3a	QHD43417.1	1	c.120A>G	p.Ser40Ser	synonymous_variant	LOW	0.0255	14.2217	32616
2019-nCoV	25563	G	C	SNP	Heterozygous	ORF3a	QHD43417.1	1	c.171G>C	p.Gln57His	missense_variant	MODERATE	0.052	173.552	96328
2019-nCoV	25584	C	T	SNP	Homozygous	ORF3a	QHD43417.1	1	c.192C>T	p.Thr64Thr	synonymous_variant	LOW	0.992947	35604.8	63948
2019-nCoV	25624	C	T	SNP	Heterozygous	ORF3a	QHD43417.1	1	c.232C>T	p.His78Tyr	missense_variant	MODERATE	0.1395	1401.45	48335
2019-nCoV	25630	G	T	SNP	Heterozygous	ORF3a	QHD43417.1	1	c.238G>T	p.Val80Phe	missense_variant	MODERATE	0.0205308	14.8947	48236
2019-nCoV	25640	T	C	SNP	Heterozygous	ORF3a	QHD43417.1	1	c.248T>C	p.Leu83Ser	missense_variant	MODERATE	0.0305	67.4219	48537
2019-nCoV	25658	C	T	SNP	Heterozygous	ORF3a	QHD43417.1	1	c.266C>T	p.Thr89Ile	missense_variant	MODERATE	0.0755	568.496	48521
2019-nCoV	25708	C	T	SNP	Heterozygous	ORF3a	QHD43417.1	1	c.316C>T	p.Leu106Phe	missense_variant	MODERATE	0.0177215	19.4714	77404
2019-nCoV	25721	C	T	SNP	Heterozygous	ORF3a	QHD43417.1	1	c.329C>T	p.Ala110Val	missense_variant	MODERATE	0.0567839	307.509	77309
2019-nCoV	25810	C	T	SNP	Heterozygous	ORF3a	QHD43417.1	1	c.418C>T	p.Leu140Phe	missense_variant	MODERATE	0.0306841	64.2125	28514
2019-nCoV	25987	G	T	SNP	Heterozygous	ORF3a	QHD43417.1	1	c.595G>T	p.Asp199Tyr	missense_variant	MODERATE	0.0217611	4.82579	58711
2019-nCoV	26010	C	T	SNP	Heterozygous	ORF3a	QHD43417.1	1	c.618C>T	p.Tyr206Tyr	synonymous_variant	LOW	0.023	7.45399	58950
2019-nCoV	26039	C	T	SNP	Heterozygous	ORF3a	QHD43417.1	1	c.647C>T	p.Ser216Leu	missense_variant	MODERATE	0.025	35.5556	58929
2019-nCoV	26060	C	T	SNP	Heterozygous	ORF3a	QHD43417.1	1	c.668C>T	p.Thr223Ile	missense_variant	MODERATE	0.97999	34885.6	53983
2019-nCoV	26078	C	T	SNP	Heterozygous	ORF3a	QHD43417.1	1	c.686C>T	p.Thr229Ile	missense_variant	MODERATE	0.0435218	174.088	53968
2019-nCoV	26270	C	T	SNP	Homozygous	E	QHD43418.1	1	c.26C>T	p.Thr9Ile	missense_variant	MODERATE	1.0	33900.9	163587
2019-nCoV	26291	G	T	SNP	Heterozygous	E	QHD43418.1	1	c.47G>T	p.Ser16Ile	missense_variant	MODERATE	0.0215	20.2432	161821
2019-nCoV	26336	T	C	SNP	Heterozygous	E	QHD43418.1	1	c.92T>C	p.Leu31Pro	missense_variant	MODERATE	0.021	18.3882	108675
2019-nCoV	26371	T	C	SNP	Heterozygous	E	QHD43418.1	1	c.127T>C	p.Cys43Arg	missense_variant	MODERATE	0.021	18.383	7976
2019-nCoV	26529	G	A	SNP	Heterozygous	M	QHD43419.1	1	c.7G>A	p.Asp3Asn	missense_variant	MODERATE	0.157735	2071.56	26733
2019-nCoV	26530	A	G	SNP	Heterozygous	M	QHD43419.1	1	c.8A>G	p.Asp3Gly	missense_variant	MODERATE	0.0245	33.1357	26759
2019-nCoV	26577	C	G	SNP	Homozygous	M	QHD43419.1	1	c.55C>G	p.Gln19Glu	missense_variant	MODERATE	1.0	33913.4	17958
2019-nCoV	26709	G	A	SNP	Homozygous	M	QHD43419.1	1	c.187G>A	p.Ala63Thr	missense_variant	MODERATE	0.998996	36257.8	62381
2019-nCoV	26814	G	A	SNP	Heterozygous	M	QHD43419.1	1	c.292G>A	p.Ala98Thr	missense_variant	MODERATE	0.017017	6.96556	38580
2019-nCoV	26858	C	T	SNP	Heterozygous	M	QHD43419.1	1	c.336C>T	p.Phe112Phe	synonymous_variant	LOW	0.81991	25825.7	59678
2019-nCoV	27203	TG	T	DEL	Heterozygous	ORF6	QHD43420.1	1	c.3delG	p.Met1fs	frameshift_variant&start_lost	HIGH	0.0186398	12.8543	35102
2019-nCoV	27259	A	C	SNP	Heterozygous	ORF6	QHD43420.1	1	c.58A>C	p.Arg20Arg	synonymous_variant	LOW	0.839637	26519.5	45015
2019-nCoV	27278	T	C	SNP	Heterozygous	ORF6	QHD43420.1	1	c.77T>C	p.Ile26Thr	missense_variant	MODERATE	0.0185557	10.686	45658
2019-nCoV	27330	A	G	SNP	Heterozygous	ORF6	QHD43420.1	1	c.129A>G	p.Ser43Ser	synonymous_variant	LOW	0.0635636	282.717	46282
2019-nCoV	27372	A	T	SNP	Heterozygous	ORF6	QHD43420.1	1	c.171A>T	p.Pro57Pro	synonymous_variant	LOW	0.0195098	13.4243	10713
2019-nCoV	27382	GAT	CTC	MNP	Heterozygous	ORF6	QHD43420.1	1	c.181_183delGATinsCTC	p.Asp61Leu	missense_variant	MODERATE	0.800101	26108.4	10655
2019-nCoV	27438	T	C	SNP	Heterozygous	ORF7a	QHD43421.1	1	c.45T>C	p.Cys15Cys	synonymous_variant	LOW	0.105	823.451	25961
2019-nCoV	27697	CTTA	C	DEL	Heterozygous	ORF7a	QHD43421.1	1	c.307_309delATT	p.Ile103del	conservative_inframe_deletion	MODERATE	0.019598	13.2089	21143
2019-nCoV	27788	G	T	SNP	Heterozygous	ORF8	QHD43422.1	-1	c.-106G>T	.	upstream_gene_variant	MODIFIER	0.022	20.1594	61971
2019-nCoV	27804	C	T	SNP	Heterozygous	ORF8	QHD43422.1	-1	c.-90C>T	.	upstream_gene_variant	MODIFIER	0.0205823	15.6444	62059
2019-nCoV	27807	C	T	SNP	Homozygous	ORF8	QHD43422.1	-1	c.-87C>T	.	upstream_gene_variant	MODIFIER	0.997996	36223.7	62076
2019-nCoV	27823	T	C	SNP	Heterozygous	ORF8	QHD43422.1	-1	c.-71T>C	.	upstream_gene_variant	MODIFIER	0.017	6.93017	62472
2019-nCoV	27877	G	A	SNP	Heterozygous	ORF8	QHD43422.1	-1	c.-17G>A	.	upstream_gene_variant	MODIFIER	0.0195	13.3975	39445
2019-nCoV	27889	C	T	SNP	Heterozygous	ORF8	QHD43422.1	-1	c.-5C>T	.	upstream_gene_variant	MODIFIER	0.2115	3357.5	39365
2019-nCoV	27933	G	T	SNP	Heterozygous	ORF8	QHD43422.1	1	c.40G>T	p.Ala14Ser	missense_variant	MODERATE	0.0185185	10.5761	96422
2019-nCoV	27945	C	T	SNP	Heterozygous	ORF8	QHD43422.1	1	c.52C>T	p.Gln18*	stop_gained	HIGH	0.033	84.7215	96442
2019-nCoV	28027	G	A	SNP	Heterozygous	ORF8	QHD43422.1	1	c.134G>A	p.Trp45*	stop_gained	HIGH	0.019	11.9714	158049
2019-nCoV	28077	G	T	SNP	Heterozygous	ORF8	QHD43422.1	1	c.184G>T	p.Val62Leu	missense_variant	MODERATE	0.0205205	16.6846	157425
2019-nCoV	28221	G	C	SNP	Heterozygous	ORF8	QHD43422.1	1	c.328G>C	p.Glu110Gln	missense_variant	MODERATE	0.0210421	18.5156	61782
2019-nCoV	28253	CA	C	DEL	Heterozygous	ORF8	QHD43422.1	1	c.361delA	p.Ile121fs	frameshift_variant	HIGH	0.024024	25.8813	87964
2019-nCoV	28271	A	T	SNP	Homozygous	N	QHD43423.2	-1	c.-3A>T	.	upstream_gene_variant	MODIFIER	1.0	33707.7	116183
2019-nCoV	28298	C	T	SNP	Heterozygous	N	QHD43423.2	1	c.25C>T	p.Gln9*	stop_gained	HIGH	0.0165083	5.93883	116498
2019-nCoV	28311	C	T	SNP	Homozygous	N	QHD43423.2	1	c.38C>T	p.Pro13Leu	missense_variant	MODERATE	0.994497	33433.0	116262
2019-nCoV	28361	GGAGAACGCA	G	DEL	Homozygous	N	QHD43423.2	1	c.90_98delAGAACGCAG	p.Glu31_Ser33del	disruptive_inframe_deletion	MODERATE	1.0	36170.6	28112
2019-nCoV	28432	C	T	SNP	Heterozygous	N	QHD43423.2	1	c.159C>T	p.Phe53Phe	synonymous_variant	LOW	0.0410205	150.412	74378
2019-nCoV	28435	C	T	SNP	Heterozygous	N	QHD43423.2	1	c.162C>T	p.Thr54Thr	synonymous_variant	LOW	0.042	159.675	74496
2019-nCoV	28475	C	A	SNP	Heterozygous	N	QHD43423.2	1	c.202C>A	p.Arg68Arg	synonymous_variant	LOW	0.0235	28.4738	47175
2019-nCoV	28681	G	T	SNP	Heterozygous	N	QHD43423.2	1	c.408G>T	p.Glu136Asp	missense_variant	MODERATE	0.022011	22.2005	134109
2019-nCoV	28720	C	T	SNP	Heterozygous	N	QHD43423.2	1	c.447C>T	p.Arg149Arg	synonymous_variant	LOW	0.019	11.9119	134195
2019-nCoV	28724	C	T	SNP	Heterozygous	N	QHD43423.2	1	c.451C>T	p.Pro151Ser	missense_variant	MODERATE	0.072	378.628	133978
2019-nCoV	28727	G	T	SNP	Heterozygous	N	QHD43423.2	1	c.454G>T	p.Ala152Ser	missense_variant	MODERATE	0.022033	22.2827	133950
2019-nCoV	28732	C	T	SNP	Heterozygous	N	QHD43423.2	1	c.459C>T	p.Asn153Asn	synonymous_variant	LOW	0.0485	224.465	133599
2019-nCoV	28786	C	T	SNP	Heterozygous	N	QHD43423.2	1	c.513C>T	p.Phe171Phe	synonymous_variant	LOW	0.0446115	184.846	131235
2019-nCoV	28878	GTAGGG	AAC	MIXED	Heterozygous	N	QHD43423.2	1	c.605_610delGTAGGGinsAAC	p.Ser202_Gly204delinsLysArg	missense_variant&disruptive_inframe_deletion	MODERATE	0.0167598	33288.8	45341
2019-nCoV	28881	GGG	AAC	MNP	Heterozygous	N	QHD43423.2	1	c.608_610delGGGinsAAC	p.ArgGly203LysArg	missense_variant	MODERATE	0.969528	33288.8	45341
2019-nCoV	29366	C	T	SNP	Heterozygous	N	QHD43423.2	1	c.1093C>T	p.Pro365Ser	missense_variant	MODERATE	0.0205205	4.02207	33357
2019-nCoV	29382	A	G	SNP	Heterozygous	N	QHD43423.2	1	c.1109A>G	p.Lys370Arg	missense_variant	MODERATE	0.0326797	39.6592	33298
2019-nCoV	29476	T	C	SNP	Heterozygous	N	QHD43423.2	1	c.1203T>C	p.Asp401Asp	synonymous_variant	LOW	0.046023	198.779	14687
2019-nCoV	29510	A	C	SNP	Homozygous	N	QHD43423.2	1	c.1237A>C	p.Ser413Arg	missense_variant	MODERATE	0.996495	33576.0	14633
2019-nCoV	29598	A	G	SNP	Heterozygous	ORF10	QHI42199.1	1	c.41A>G	p.Tyr14Cys	missense_variant	MODERATE	0.0490245	148.337	5807
2019-nCoV	29614	C	T	SNP	Heterozygous	ORF10	QHI42199.1	1	c.57C>T	p.Cys19Cys	synonymous_variant	LOW	0.059	344.864	5882
2019-nCoV	29645	G	T	SNP	Heterozygous	ORF10	QHI42199.1	1	c.88G>T	p.Val30Leu	missense_variant	MODERATE	0.0450676	188.744	5908
2019-nCoV	29651	G	T	SNP	Heterozygous	ORF10	QHI42199.1	1	c.94G>T	p.Val32Leu	missense_variant	MODERATE	0.0510511	251.978	5928
2019-nCoV	29687	AGT	A	DEL	Heterozygous	S	QHD43416.1	-1	c.*4304_*4305delGT	.	downstream_gene_variant	MODIFIER	0.0468278	202.017	5894
2019-nCoV	29695	A	G	SNP	Heterozygous	S	QHD43416.1	-1	c.*4311A>G	.	downstream_gene_variant	MODIFIER	0.0270135	46.1651	5896
2019-nCoV	29733	CGAGGCCACGCGGAGTACGATCGAGTG	C	DEL	Homozygous	S	QHD43416.1	-1	c.*4350_*4375delGAGGCCACGCGGAGTACGATCGAGTG	.	downstream_gene_variant	MODIFIER	1.0	35928.0	4613
2019-nCoV	29762	C	T	SNP	Heterozygous	S	QHD43416.1	-1	c.*4378C>T	.	downstream_gene_variant	MODIFIER	0.0441103	110.062	4753
