CHROM	POS	REF	ALT	VARTYPE	GEN[*].GT	ANN[*].GENE	ANN[*].FEATUREID	EFF[*].RANK	ANN[*].HGVS_C	ANN[*].HGVS_P	ANN[*].EFFECT	EFF[*].IMPACT	AF	QUAL	DP
2019-nCoV	44	C	T	SNP	Homozygous	orf1ab	QHD43415.1	-1	c.-222C>T	.	upstream_gene_variant	MODIFIER	0.991	32561.9	50109
2019-nCoV	241	C	T	SNP	Homozygous	orf1ab	QHD43415.1	-1	c.-25C>T	.	upstream_gene_variant	MODIFIER	0.999499	19748.5	3824
2019-nCoV	337	C	T	SNP	Heterozygous	orf1ab	QHD43415.1	1	c.72C>T	p.Arg24Arg	synonymous_variant	LOW	0.0455	116.635	49248
2019-nCoV	405	A	G	SNP	Heterozygous	orf1ab	QHD43415.1	1	c.140A>G	p.Lys47Arg	missense_variant	MODERATE	0.024	30.782	49363
2019-nCoV	670	T	G	SNP	Homozygous	orf1ab	QHD43415.1	1	c.405T>G	p.Ser135Arg	missense_variant	MODERATE	0.992481	33162.1	54220
2019-nCoV	910	G	T	SNP	Heterozygous	orf1ab	QHD43415.1	1	c.645G>T	p.Leu215Phe	missense_variant	MODERATE	0.0516032	255.939	29887
2019-nCoV	1102	C	T	SNP	Heterozygous	orf1ab	QHD43415.1	1	c.837C>T	p.Ser279Ser	synonymous_variant	LOW	0.0250125	35.5743	4074
2019-nCoV	1426	C	T	SNP	Heterozygous	orf1ab	QHD43415.1	1	c.1161C>T	p.Tyr387Tyr	synonymous_variant	LOW	0.037	63.8877	17603
2019-nCoV	1440	G	A	SNP	Heterozygous	orf1ab	QHD43415.1	1	c.1175G>A	p.Gly392Asp	missense_variant	MODERATE	0.067	319.919	17536
2019-nCoV	1627	C	T	SNP	Heterozygous	orf1ab	QHD43415.1	1	c.1362C>T	p.Leu454Leu	synonymous_variant	LOW	0.172932	2029.63	20974
2019-nCoV	1879	A	G	SNP	Heterozygous	orf1ab	QHD43415.1	1	c.1614A>G	p.Ser538Ser	synonymous_variant	LOW	0.0466867	204.826	13184
2019-nCoV	1931	C	A	SNP	Heterozygous	orf1ab	QHD43415.1	1	c.1666C>A	p.Gln556Lys	missense_variant	MODERATE	0.60444	15770.1	10401
2019-nCoV	2299	C	A	SNP	Heterozygous	orf1ab	QHD43415.1	1	c.2034C>A	p.Phe678Leu	missense_variant	MODERATE	0.0255255	37.1538	14849
2019-nCoV	2441	G	A	SNP	Heterozygous	orf1ab	QHD43415.1	1	c.2176G>A	p.Glu726Lys	missense_variant	MODERATE	0.026026	40.9896	7509
2019-nCoV	2790	C	T	SNP	Homozygous	orf1ab	QHD43415.1	1	c.2525C>T	p.Thr842Ile	missense_variant	MODERATE	0.999499	18878.5	34115
2019-nCoV	2954	T	C	SNP	Heterozygous	orf1ab	QHD43415.1	1	c.2689T>C	p.Leu897Leu	synonymous_variant	LOW	0.642354	17729.0	25554
2019-nCoV	3037	C	T	SNP	Homozygous	orf1ab	QHD43415.1	1	c.2772C>T	p.Phe924Phe	synonymous_variant	LOW	0.998	33722.4	22897
2019-nCoV	3796	C	T	SNP	Heterozygous	orf1ab	QHD43415.1	1	c.3531C>T	p.Val1177Val	synonymous_variant	LOW	0.101559	958.438	15285
2019-nCoV	3857	C	A	SNP	Heterozygous	orf1ab	QHD43415.1	1	c.3592C>A	p.Gln1198Lys	missense_variant	MODERATE	0.0491228	139.164	2073
2019-nCoV	3927	C	T	SNP	Heterozygous	orf1ab	QHD43415.1	1	c.3662C>T	p.Ser1221Leu	missense_variant	MODERATE	0.0925463	831.698	6337
2019-nCoV	4184	G	A	SNP	Homozygous	orf1ab	QHD43415.1	1	c.3919G>A	p.Gly1307Ser	missense_variant	MODERATE	0.9975	36116.7	8682
2019-nCoV	4255	G	A	SNP	Heterozygous	orf1ab	QHD43415.1	1	c.3990G>A	p.Pro1330Pro	synonymous_variant	LOW	0.0605755	354.052	5978
2019-nCoV	4321	C	T	SNP	Homozygous	orf1ab	QHD43415.1	1	c.4056C>T	p.Ala1352Ala	synonymous_variant	LOW	0.998993	32935.5	23499
2019-nCoV	4402	T	A	SNP	Heterozygous	orf1ab	QHD43415.1	1	c.4137T>A	p.Leu1379Leu	synonymous_variant	LOW	0.0540541	285.898	17632
2019-nCoV	4586	C	T	SNP	Heterozygous	orf1ab	QHD43415.1	1	c.4321C>T	p.Leu1441Leu	synonymous_variant	LOW	0.067	448.593	31164
2019-nCoV	4881	G	A	SNP	Heterozygous	orf1ab	QHD43415.1	1	c.4616G>A	p.Ser1539Asn	missense_variant	MODERATE	0.0276104	49.7295	6434
2019-nCoV	5183	C	T	SNP	Heterozygous	orf1ab	QHD43415.1	1	c.4918C>T	p.Pro1640Ser	missense_variant	MODERATE	0.097	700.319	12057
2019-nCoV	6067	T	C	SNP	Heterozygous	orf1ab	QHD43415.1	1	c.5802T>C	p.Asn1934Asn	synonymous_variant	LOW	0.021	18.0081	14472
2019-nCoV	7267	C	T	SNP	Heterozygous	orf1ab	QHD43415.1	1	c.7002C>T	p.Phe2334Phe	synonymous_variant	LOW	0.0281266	48.9444	11849
2019-nCoV	7528	C	T	SNP	Heterozygous	orf1ab	QHD43415.1	1	c.7263C>T	p.Val2421Val	synonymous_variant	LOW	0.0475	214.001	14303
2019-nCoV	7600	C	T	SNP	Heterozygous	orf1ab	QHD43415.1	1	c.7335C>T	p.Cys2445Cys	synonymous_variant	LOW	0.0235	28.2791	25033
2019-nCoV	8106	C	T	SNP	Heterozygous	orf1ab	QHD43415.1	1	c.7841C>T	p.Ala2614Val	missense_variant	MODERATE	0.0316265	74.6935	32716
2019-nCoV	8140	C	T	SNP	Heterozygous	orf1ab	QHD43415.1	1	c.7875C>T	p.Ser2625Ser	synonymous_variant	LOW	0.032	36.9595	32833
2019-nCoV	8251	C	T	SNP	Heterozygous	orf1ab	QHD43415.1	1	c.7986C>T	p.Asp2662Asp	synonymous_variant	LOW	0.0265	43.2091	20719
2019-nCoV	9344	C	T	SNP	Homozygous	orf1ab	QHD43415.1	1	c.9079C>T	p.Leu3027Phe	missense_variant	MODERATE	1.0	32415.2	9651
2019-nCoV	9424	A	G	SNP	Homozygous	orf1ab	QHD43415.1	1	c.9159A>G	p.Val3053Val	synonymous_variant	LOW	1.0	36455.0	7413
2019-nCoV	9491	C	T	SNP	Heterozygous	orf1ab	QHD43415.1	1	c.9226C>T	p.His3076Tyr	missense_variant	MODERATE	0.0344168	32.5334	523
2019-nCoV	9534	C	T	SNP	Homozygous	orf1ab	QHD43415.1	1	c.9269C>T	p.Thr3090Ile	missense_variant	MODERATE	1.0	9588.58	527
2019-nCoV	9559	C	T	SNP	Heterozygous	orf1ab	QHD43415.1	1	c.9294C>T	p.Tyr3098Tyr	synonymous_variant	LOW	0.0383142	25.7769	521
2019-nCoV	9866	C	T	SNP	Heterozygous	orf1ab	QHD43415.1	1	c.9601C>T	p.Leu3201Phe	missense_variant	MODERATE	0.0717511	476.31	17289
2019-nCoV	9967	C	T	SNP	Heterozygous	orf1ab	QHD43415.1	1	c.9702C>T	p.Leu3234Leu	synonymous_variant	LOW	0.066	310.914	23377
2019-nCoV	9985	C	T	SNP	Heterozygous	orf1ab	QHD43415.1	1	c.9720C>T	p.Asp3240Asp	synonymous_variant	LOW	0.0245	32.5267	23363
2019-nCoV	10029	C	T	SNP	Homozygous	orf1ab	QHD43415.1	1	c.9764C>T	p.Thr3255Ile	missense_variant	MODERATE	0.994997	36008.4	23151
2019-nCoV	10198	C	T	SNP	Homozygous	orf1ab	QHD43415.1	1	c.9933C>T	p.Asp3311Asp	synonymous_variant	LOW	0.9975	33735.4	19716
2019-nCoV	10447	GCC	ACA	MNP	Homozygous	orf1ab	QHD43415.1	1	c.10182_10184delGCCinsACA	p.Pro3395His	missense_variant	MODERATE	1.0	35639.2	8354
2019-nCoV	11287	GTCTGGTTTT	G	DEL	Homozygous	orf1ab	QHD43415.1	1	c.11023_11031delTCTGGTTTT	p.Ser3675_Phe3677del	conservative_inframe_deletion	MODERATE	1.0	35773.7	29445
2019-nCoV	11542	T	C	SNP	Heterozygous	orf1ab	QHD43415.1	1	c.11277T>C	p.Val3759Val	synonymous_variant	LOW	0.119	1303.3	15325
2019-nCoV	11750	C	T	SNP	Heterozygous	orf1ab	QHD43415.1	1	c.11485C>T	p.Leu3829Phe	missense_variant	MODERATE	0.6475	18016.6	18719
2019-nCoV	12160	G	A	SNP	Heterozygous	orf1ab	QHD43415.1	1	c.11895G>A	p.Glu3965Glu	synonymous_variant	LOW	0.933934	31774.3	9775
2019-nCoV	12310	G	A	SNP	Heterozygous	orf1ab	QHD43415.1	1	c.12045G>A	p.Gln4015Gln	synonymous_variant	LOW	0.0551655	193.983	18261
2019-nCoV	12444	A	G	SNP	Heterozygous	orf1ab	QHD43415.1	1	c.12179A>G	p.Asn4060Ser	missense_variant	MODERATE	0.0750375	560.359	18244
2019-nCoV	12769	G	A	SNP	Heterozygous	orf1ab	QHD43415.1	1	c.12504G>A	p.Ala4168Ala	synonymous_variant	LOW	0.0370185	115.807	22032
2019-nCoV	12787	A	G	SNP	Heterozygous	orf1ab	QHD43415.1	1	c.12522A>G	p.Thr4174Thr	synonymous_variant	LOW	0.0205617	17.1493	31194
2019-nCoV	12880	C	T	SNP	Homozygous	orf1ab	QHD43415.1	1	c.12615C>T	p.Ile4205Ile	synonymous_variant	LOW	1.0	36192.3	17018
2019-nCoV	13818	C	T	SNP	Heterozygous	orf1ab	QHD43415.1	2	c.13554C>T	p.Asp4518Asp	synonymous_variant	LOW	0.0246649	31.773	1864
2019-nCoV	13944	C	T	SNP	Heterozygous	orf1ab	QHD43415.1	2	c.13680C>T	p.Asn4560Asn	synonymous_variant	LOW	0.0205411	16.8304	13861
2019-nCoV	14202	G	A	SNP	Heterozygous	orf1ab	QHD43415.1	2	c.13938G>A	p.Glu4646Glu	synonymous_variant	LOW	0.108216	1091.89	16117
2019-nCoV	14257	T	C	SNP	Heterozygous	orf1ab	QHD43415.1	2	c.13993T>C	p.Tyr4665His	missense_variant	MODERATE	0.622043	15321.2	13364
2019-nCoV	14408	C	T	SNP	Homozygous	orf1ab	QHD43415.1	2	c.14144C>T	p.Pro4715Leu	missense_variant	MODERATE	0.9985	33714.6	3571
2019-nCoV	14599	C	T	SNP	Heterozygous	orf1ab	QHD43415.1	2	c.14335C>T	p.Leu4779Leu	synonymous_variant	LOW	0.0455	193.586	8810
2019-nCoV	15451	G	A	SNP	Heterozygous	orf1ab	QHD43415.1	2	c.15187G>A	p.Gly5063Ser	missense_variant	MODERATE	0.0790395	616.26	47822
2019-nCoV	15543	G	T	SNP	Heterozygous	orf1ab	QHD43415.1	2	c.15279G>T	p.Thr5093Thr	synonymous_variant	LOW	0.0250125	35.3201	21895
2019-nCoV	15585	T	C	SNP	Heterozygous	orf1ab	QHD43415.1	2	c.15321T>C	p.Ile5107Ile	synonymous_variant	LOW	0.026	40.4902	43629
2019-nCoV	15714	C	T	SNP	Homozygous	orf1ab	QHD43415.1	2	c.15450C>T	p.Leu5150Leu	synonymous_variant	LOW	1.0	36220.6	43723
2019-nCoV	16323	C	T	SNP	Heterozygous	orf1ab	QHD43415.1	2	c.16059C>T	p.Cys5353Cys	synonymous_variant	LOW	0.022	21.8888	36587
2019-nCoV	16342	T	C	SNP	Heterozygous	orf1ab	QHD43415.1	2	c.16078T>C	p.Ser5360Pro	missense_variant	MODERATE	0.0275	48.8734	36686
2019-nCoV	16413	T	C	SNP	Heterozygous	orf1ab	QHD43415.1	2	c.16149T>C	p.Asp5383Asp	synonymous_variant	LOW	0.026	40.5732	52483
2019-nCoV	16461	T	C	SNP	Heterozygous	orf1ab	QHD43415.1	2	c.16197T>C	p.His5399His	synonymous_variant	LOW	0.038	69.9063	52417
2019-nCoV	16616	C	A	SNP	Heterozygous	orf1ab	QHD43415.1	2	c.16352C>A	p.Thr5451Asn	missense_variant	MODERATE	0.0580581	333.353	10418
2019-nCoV	16887	C	T	SNP	Heterozygous	orf1ab	QHD43415.1	2	c.16623C>T	p.Tyr5541Tyr	synonymous_variant	LOW	0.0365365	61.0371	33459
2019-nCoV	16935	G	A	SNP	Heterozygous	orf1ab	QHD43415.1	2	c.16671G>A	p.Met5557Ile	missense_variant	MODERATE	0.683842	19578.1	34584
2019-nCoV	17039	A	G	SNP	Heterozygous	orf1ab	QHD43415.1	2	c.16775A>G	p.Asn5592Ser	missense_variant	MODERATE	0.519	11638.9	28132
2019-nCoV	17125	C	T	SNP	Heterozygous	orf1ab	QHD43415.1	2	c.16861C>T	p.Leu5621Phe	missense_variant	MODERATE	0.02	14.9745	10988
2019-nCoV	17410	C	T	SNP	Homozygous	orf1ab	QHD43415.1	2	c.17146C>T	p.Arg5716Cys	missense_variant	MODERATE	0.998995	36206.1	43328
2019-nCoV	17859	T	C	SNP	Heterozygous	orf1ab	QHD43415.1	2	c.17595T>C	p.Tyr5865Tyr	synonymous_variant	LOW	0.038	123.306	12418
2019-nCoV	18163	A	G	SNP	Homozygous	orf1ab	QHD43415.1	2	c.17899A>G	p.Ile5967Val	missense_variant	MODERATE	0.999498	33786.0	10301
2019-nCoV	18383	T	C	SNP	Heterozygous	orf1ab	QHD43415.1	2	c.18119T>C	p.Val6040Ala	missense_variant	MODERATE	0.1215	1354.45	24697
2019-nCoV	18583	G	A	SNP	Heterozygous	orf1ab	QHD43415.1	2	c.18319G>A	p.Val6107Ile	missense_variant	MODERATE	0.0255	37.489	16849
2019-nCoV	19326	A	G	SNP	Heterozygous	orf1ab	QHD43415.1	2	c.19062A>G	p.Pro6354Pro	synonymous_variant	LOW	0.032	77.4581	22146
2019-nCoV	19524	C	T	SNP	Heterozygous	orf1ab	QHD43415.1	2	c.19260C>T	p.Leu6420Leu	synonymous_variant	LOW	0.026013	15.8099	19240
2019-nCoV	19955	C	T	SNP	Homozygous	orf1ab	QHD43415.1	2	c.19691C>T	p.Thr6564Ile	missense_variant	MODERATE	1.0	33705.6	31804
2019-nCoV	19983	C	A	SNP	Heterozygous	orf1ab	QHD43415.1	2	c.19719C>A	p.Val6573Val	synonymous_variant	LOW	0.0316265	74.381	19312
2019-nCoV	20055	A	G	SNP	Homozygous	orf1ab	QHD43415.1	2	c.19791A>G	p.Glu6597Glu	synonymous_variant	LOW	0.981973	32429.6	21245
2019-nCoV	21618	C	T	SNP	Homozygous	S	QHD43416.1	1	c.56C>T	p.Thr19Ile	missense_variant	MODERATE	1.0	33964.5	12884
2019-nCoV	21632	TTACCCCCTG	T	DEL	Homozygous	S	QHD43416.1	1	c.71_79delTACCCCCTG	p.Leu24_Ala27delinsSer	disruptive_inframe_deletion	MODERATE	1.0	36172.3	12629
2019-nCoV	21676	C	T	SNP	Heterozygous	S	QHD43416.1	1	c.114C>T	p.Tyr38Tyr	synonymous_variant	LOW	0.0210105	18.2683	7045
2019-nCoV	21764	ATACATG	A	DEL	Heterozygous	S	QHD43416.1	1	c.204_209delACATGT	p.His69_Val70del	disruptive_inframe_deletion	MODERATE	0.948137	32513.9	14029
2019-nCoV	21855	C	T	SNP	Heterozygous	S	QHD43416.1	1	c.293C>T	p.Ser98Phe	missense_variant	MODERATE	0.0335335	89.5711	21183
2019-nCoV	21987	G	A	SNP	Homozygous	S	QHD43416.1	1	c.425G>A	p.Gly142Asp	missense_variant	MODERATE	0.992	33288.3	15500
2019-nCoV	21990	TTTA	T	DEL	Heterozygous	S	QHD43416.1	1	c.432_434delTTA	p.Tyr145del	disruptive_inframe_deletion	MODERATE	0.225774	3543.13	15451
2019-nCoV	21995	T	C	SNP	Heterozygous	S	QHD43416.1	1	c.433T>C	p.Tyr145His	missense_variant	MODERATE	0.0500751	239.221	15501
2019-nCoV	21997	C	T	SNP	Heterozygous	S	QHD43416.1	1	c.435C>T	p.Tyr145Tyr	synonymous_variant	LOW	0.0335335	87.7854	15528
2019-nCoV	22000	C	A	SNP	Heterozygous	S	QHD43416.1	1	c.438C>A	p.His146Gln	missense_variant	MODERATE	0.0322906	82.9617	15323
2019-nCoV	22001	A	G	SNP	Heterozygous	S	QHD43416.1	1	c.439A>G	p.Lys147Glu	missense_variant	MODERATE	0.0353001	52.2727	15323
2019-nCoV	22005	A	G	SNP	Heterozygous	S	QHD43416.1	1	c.443A>G	p.Asn148Ser	missense_variant	MODERATE	0.022033	20.3843	15497
2019-nCoV	22010	A	G	SNP	Heterozygous	S	QHD43416.1	1	c.448A>G	p.Lys150Glu	missense_variant	MODERATE	0.0225225	23.3561	15486
2019-nCoV	22016	T	C	SNP	Heterozygous	S	QHD43416.1	1	c.454T>C	p.Trp152Arg	missense_variant	MODERATE	0.037	115.102	15530
2019-nCoV	22200	T	A	SNP	Heterozygous	S	QHD43416.1	1	c.638T>A	p.Val213Glu	missense_variant	MODERATE	0.041	35782.5	7351
2019-nCoV	22200	T	G	SNP	Heterozygous	S	QHD43416.1	1	c.638T>G	p.Val213Gly	missense_variant	MODERATE	0.954	35782.5	7351
2019-nCoV	22317	G	T	SNP	Heterozygous	S	QHD43416.1	1	c.755G>T	p.Gly252Val	missense_variant	MODERATE	0.03	29.1527	18417
2019-nCoV	22331	G	A	SNP	Heterozygous	S	QHD43416.1	1	c.769G>A	p.Gly257Ser	missense_variant	MODERATE	0.0445892	112.89	10526
2019-nCoV	22450	C	T	SNP	Heterozygous	S	QHD43416.1	1	c.888C>T	p.Leu296Leu	synonymous_variant	LOW	0.0195	13.4053	3877
2019-nCoV	22576	TGG	GA	MIXED	Heterozygous	S	QHD43416.1	1	c.1014_1016delTGGinsGA	p.Phe338fs	frameshift_variant&missense_variant	HIGH	0.786592	32679.7	7148
2019-nCoV	22578	G	A	SNP	Heterozygous	S	QHD43416.1	1	c.1016G>A	p.Gly339Asp	missense_variant	MODERATE	0.150972	32679.7	7148
2019-nCoV	22599	G	C	SNP	Heterozygous	S	QHD43416.1	1	c.1037G>C	p.Arg346Thr	missense_variant	MODERATE	0.724862	21379.6	4029
2019-nCoV	22624	C	T	SNP	Heterozygous	S	QHD43416.1	1	c.1062C>T	p.Asn354Asn	synonymous_variant	LOW	0.0365183	60.869	4753
2019-nCoV	22664	C	A	SNP	Heterozygous	S	QHD43416.1	1	c.1102C>A	p.Leu368Ile	missense_variant	MODERATE	0.0305	67.2356	4776
2019-nCoV	22674	C	T	SNP	Homozygous	S	QHD43416.1	1	c.1112C>T	p.Ser371Phe	missense_variant	MODERATE	0.9985	33545.3	4665
2019-nCoV	22679	T	C	SNP	Homozygous	S	QHD43416.1	1	c.1117T>C	p.Ser373Pro	missense_variant	MODERATE	0.998999	33511.1	4605
2019-nCoV	22686	CCA	TCG	MNP	Heterozygous	S	QHD43416.1	1	c.1124_1126delCCAinsTCG	p.SerThr375PheAla	missense_variant	MODERATE	0.994021	11014.9	831
2019-nCoV	22687	CAC	GCT	MNP	Heterozygous	S	QHD43416.1	1	c.1125_1127delCACinsGCT	p.Thr376Leu	missense_variant	MODERATE	0.0044843	11014.9	831
2019-nCoV	22775	G	A	SNP	Homozygous	S	QHD43416.1	1	c.1213G>A	p.Asp405Asn	missense_variant	MODERATE	1.0	11147.6	665
2019-nCoV	22786	A	C	SNP	Homozygous	S	QHD43416.1	1	c.1224A>C	p.Arg408Ser	missense_variant	MODERATE	0.997001	11823.0	661
2019-nCoV	22813	G	T	SNP	Homozygous	S	QHD43416.1	1	c.1251G>T	p.Lys417Asn	missense_variant	MODERATE	1.0	33923.0	20399
2019-nCoV	22882	T	G	SNP	Homozygous	S	QHD43416.1	1	c.1320T>G	p.Asn440Lys	missense_variant	MODERATE	0.997997	33708.0	27585
2019-nCoV	22893	A	C	SNP	Heterozygous	S	QHD43416.1	1	c.1331A>C	p.Lys444Thr	missense_variant	MODERATE	0.634665	19684.6	27345
2019-nCoV	22917	T	G	SNP	Heterozygous	S	QHD43416.1	1	c.1355T>G	p.Leu452Arg	missense_variant	MODERATE	0.962481	33705.9	26965
2019-nCoV	22942	T	A	SNP	Heterozygous	S	QHD43416.1	1	c.1380T>A	p.Asn460Lys	missense_variant	MODERATE	0.616116	19528.4	26540
2019-nCoV	22992	GCAC	ACAA	MNP	Homozygous	S	QHD43416.1	1	c.1430_1433delGCACinsACAA	p.SerThr477AsnLys	missense_variant	MODERATE	1.0	36107.9	7183
2019-nCoV	23013	A	C	SNP	Homozygous	S	QHD43416.1	1	c.1451A>C	p.Glu484Ala	missense_variant	MODERATE	0.998995	36158.8	18413
2019-nCoV	23018	T	G	SNP	Heterozygous	S	QHD43416.1	1	c.1456T>G	p.Phe486Val	missense_variant	MODERATE	0.91946	31125.0	18531
2019-nCoV	23019	T	C	SNP	Heterozygous	S	QHD43416.1	1	c.1457T>C	p.Phe486Ser	missense_variant	MODERATE	0.0470235	208.994	18531
2019-nCoV	23031	T	C	SNP	Heterozygous	S	QHD43416.1	1	c.1469T>C	p.Phe490Ser	missense_variant	MODERATE	0.045	188.595	18651
2019-nCoV	23055	A	G	SNP	Homozygous	S	QHD43416.1	1	c.1493A>G	p.Gln498Arg	missense_variant	MODERATE	0.994992	35899.4	11568
2019-nCoV	23063	A	T	SNP	Homozygous	S	QHD43416.1	1	c.1501A>T	p.Asn501Tyr	missense_variant	MODERATE	0.993991	33015.1	11643
2019-nCoV	23075	T	C	SNP	Homozygous	S	QHD43416.1	1	c.1513T>C	p.Tyr505His	missense_variant	MODERATE	0.997999	36276.3	11912
2019-nCoV	23403	A	G	SNP	Homozygous	S	QHD43416.1	1	c.1841A>G	p.Asp614Gly	missense_variant	MODERATE	0.999499	33432.0	40987
2019-nCoV	23525	C	T	SNP	Homozygous	S	QHD43416.1	1	c.1963C>T	p.His655Tyr	missense_variant	MODERATE	0.998998	33763.9	71887
2019-nCoV	23535	A	G	SNP	Heterozygous	S	QHD43416.1	1	c.1973A>G	p.Asn658Ser	missense_variant	MODERATE	0.041	150.438	71896
2019-nCoV	23599	T	G	SNP	Homozygous	S	QHD43416.1	1	c.2037T>G	p.Asn679Lys	missense_variant	MODERATE	0.998495	33612.6	95262
2019-nCoV	23604	C	A	SNP	Homozygous	S	QHD43416.1	1	c.2042C>A	p.Pro681His	missense_variant	MODERATE	0.997494	36074.7	95429
2019-nCoV	23707	C	T	SNP	Heterozygous	S	QHD43416.1	1	c.2145C>T	p.Pro715Pro	synonymous_variant	LOW	0.0255128	38.1188	50927
2019-nCoV	23854	C	A	SNP	Homozygous	S	QHD43416.1	1	c.2292C>A	p.Asn764Lys	missense_variant	MODERATE	0.999499	33492.1	19197
2019-nCoV	23948	GATTTTG	TATTT	MIXED	Heterozygous	S	QHD43416.1	1	c.2386_2392delGATTTTGinsTATTT	p.Asp796fs	frameshift_variant&missense_variant	HIGH	0.0732364	30386.1	17943
2019-nCoV	23948	G	T	SNP	Heterozygous	S	QHD43416.1	1	c.2386G>T	p.Asp796Tyr	missense_variant	MODERATE	0.875067	30386.1	17943
2019-nCoV	24040	G	T	SNP	Heterozygous	S	QHD43416.1	1	c.2478G>T	p.Val826Val	synonymous_variant	LOW	0.0235118	28.4898	29639
2019-nCoV	24424	A	T	SNP	Homozygous	S	QHD43416.1	1	c.2862A>T	p.Gln954His	missense_variant	MODERATE	0.991996	35591.9	30444
2019-nCoV	24469	T	A	SNP	Homozygous	S	QHD43416.1	1	c.2907T>A	p.Asn969Lys	missense_variant	MODERATE	0.991466	31783.6	41230
2019-nCoV	25000	C	T	SNP	Homozygous	S	QHD43416.1	1	c.3438C>T	p.Asp1146Asp	synonymous_variant	LOW	1.0	33891.8	26478
2019-nCoV	25025	T	C	SNP	Heterozygous	S	QHD43416.1	1	c.3463T>C	p.Tyr1155His	missense_variant	MODERATE	0.0436528	174.688	26527
2019-nCoV	25416	C	T	SNP	Heterozygous	ORF3a	QHD43417.1	1	c.24C>T	p.Phe8Phe	synonymous_variant	LOW	0.0722529	512.776	27499
2019-nCoV	25549	C	T	SNP	Heterozygous	ORF3a	QHD43417.1	1	c.157C>T	p.Leu53Phe	missense_variant	MODERATE	0.0190285	13.0217	83149
2019-nCoV	25584	C	T	SNP	Homozygous	ORF3a	QHD43417.1	1	c.192C>T	p.Thr64Thr	synonymous_variant	LOW	0.993484	35778.4	64211
2019-nCoV	25594	A	G	SNP	Heterozygous	ORF3a	QHD43417.1	1	c.202A>G	p.Arg68Gly	missense_variant	MODERATE	0.0445223	183.79	64289
2019-nCoV	25647	G	T	SNP	Heterozygous	ORF3a	QHD43417.1	1	c.255G>T	p.Leu85Phe	missense_variant	MODERATE	0.0517328	242.04	28301
2019-nCoV	25721	C	T	SNP	Heterozygous	ORF3a	QHD43417.1	1	c.329C>T	p.Ala110Val	missense_variant	MODERATE	0.0226131	28.1267	42069
2019-nCoV	25810	C	T	SNP	Heterozygous	ORF3a	QHD43417.1	1	c.418C>T	p.Leu140Phe	missense_variant	MODERATE	0.0216298	23.0387	13042
2019-nCoV	25973	A	G	SNP	Heterozygous	ORF3a	QHD43417.1	1	c.581A>G	p.Glu194Gly	missense_variant	MODERATE	0.0530265	174.179	30764
2019-nCoV	26060	C	T	SNP	Homozygous	ORF3a	QHD43417.1	1	c.668C>T	p.Thr223Ile	missense_variant	MODERATE	0.9935	35897.1	28274
2019-nCoV	26158	G	T	SNP	Heterozygous	ORF3a	QHD43417.1	1	c.766G>T	p.Val256Phe	missense_variant	MODERATE	0.023	26.1467	17158
2019-nCoV	26270	C	T	SNP	Homozygous	E	QHD43418.1	1	c.26C>T	p.Thr9Ile	missense_variant	MODERATE	1.0	33893.9	61490
2019-nCoV	26275	A	G	SNP	Heterozygous	E	QHD43418.1	1	c.31A>G	p.Thr11Ala	missense_variant	MODERATE	0.0810405	651.066	61310
2019-nCoV	26459	A	G	SNP	Heterozygous	E	QHD43418.1	1	c.215A>G	p.Asp72Gly	missense_variant	MODERATE	0.0305305	31.5358	8272
2019-nCoV	26529	G	A	SNP	Heterozygous	M	QHD43419.1	1	c.7G>A	p.Asp3Asn	missense_variant	MODERATE	0.8445	27006.6	9191
2019-nCoV	26577	C	G	SNP	Homozygous	M	QHD43419.1	1	c.55C>G	p.Gln19Glu	missense_variant	MODERATE	1.0	33969.2	3757
2019-nCoV	26681	C	T	SNP	Heterozygous	M	QHD43419.1	1	c.159C>T	p.Phe53Phe	synonymous_variant	LOW	0.0592369	233.394	17194
2019-nCoV	26709	G	A	SNP	Homozygous	M	QHD43419.1	1	c.187G>A	p.Ala63Thr	missense_variant	MODERATE	1.0	36372.0	17247
2019-nCoV	26858	C	T	SNP	Heterozygous	M	QHD43419.1	1	c.336C>T	p.Phe112Phe	synonymous_variant	LOW	0.138	1681.1	31405
2019-nCoV	26951	G	C	SNP	Heterozygous	M	QHD43419.1	1	c.429G>C	p.Val143Val	synonymous_variant	LOW	0.033	42.4229	36364
2019-nCoV	27012	C	T	SNP	Heterozygous	M	QHD43419.1	1	c.490C>T	p.Leu164Leu	synonymous_variant	LOW	0.078	448.24	36284
2019-nCoV	27038	A	G	SNP	Heterozygous	M	QHD43419.1	1	c.516A>G	p.Thr172Thr	synonymous_variant	LOW	0.0955	884.213	4618
2019-nCoV	27259	A	C	SNP	Heterozygous	ORF6	QHD43420.1	1	c.58A>C	p.Arg20Arg	synonymous_variant	LOW	0.107608	1091.76	10927
2019-nCoV	27382	GAT	CTC	MNP	Heterozygous	ORF6	QHD43420.1	1	c.181_183delGATinsCTC	p.Asp61Leu	missense_variant	MODERATE	0.121914	1352.36	4177
2019-nCoV	27438	T	C	SNP	Heterozygous	ORF7a	QHD43421.1	1	c.45T>C	p.Cys15Cys	synonymous_variant	LOW	0.06	245.24	17976
2019-nCoV	27513	C	T	SNP	Heterozygous	ORF7a	QHD43421.1	1	c.120C>T	p.Tyr40Tyr	synonymous_variant	LOW	0.077193	592.07	34842
2019-nCoV	27807	C	T	SNP	Homozygous	ORF8	QHD43422.1	-1	c.-87C>T	.	upstream_gene_variant	MODIFIER	0.999	36364.4	26954
2019-nCoV	27889	C	T	SNP	Heterozygous	ORF8	QHD43422.1	-1	c.-5C>T	.	upstream_gene_variant	MODIFIER	0.864865	28102.6	18320
2019-nCoV	27915	G	T	SNP	Heterozygous	ORF8	QHD43422.1	1	c.22G>T	p.Gly8*	stop_gained	HIGH	0.0561685	305.819	24143
2019-nCoV	28098	T	C	SNP	Heterozygous	ORF8	QHD43422.1	1	c.205T>C	p.Ser69Pro	missense_variant	MODERATE	0.0295	60.9148	23688
2019-nCoV	28271	A	T	SNP	Heterozygous	N	QHD43423.2	-1	c.-3A>T	.	upstream_gene_variant	MODIFIER	0.962607	30547.2	68606
2019-nCoV	28311	C	T	SNP	Heterozygous	N	QHD43423.2	1	c.38C>T	p.Pro13Leu	missense_variant	MODERATE	0.402617	36167.2	68511
2019-nCoV	28311	CC	TT	MNP	Heterozygous	N	QHD43423.2	1	c.38_39delCCinsTT	p.Pro13Leu	missense_variant	MODERATE	0.59688	36167.2	68511
2019-nCoV	28330	A	G	SNP	Heterozygous	N	QHD43423.2	1	c.57A>G	p.Gly19Gly	synonymous_variant	LOW	0.123062	1372.58	67099
2019-nCoV	28361	GGAGAACGCA	G	DEL	Heterozygous	N	QHD43423.2	1	c.90_98delAGAACGCAG	p.Glu31_Ser33del	disruptive_inframe_deletion	MODERATE	0.96344	35290.2	16940
2019-nCoV	28361	GGAGAACGCAG	TT	MIXED	Heterozygous	N	QHD43423.2	1	c.88_98delGGAGAACGCAGinsTT	p.Gly30_Ser33delinsPhe	missense_variant&disruptive_inframe_deletion	MODERATE	0.0365602	35290.2	16940
2019-nCoV	28681	G	T	SNP	Heterozygous	N	QHD43423.2	1	c.408G>T	p.Glu136Asp	missense_variant	MODERATE	0.655328	18307.0	78042
2019-nCoV	28693	T	C	SNP	Heterozygous	N	QHD43423.2	1	c.420T>C	p.Asn140Asn	synonymous_variant	LOW	0.0265	16.709	78733
2019-nCoV	28877	AGTAGGG	TCTAAAC	MNP	Heterozygous	N	QHD43423.2	1	c.604_610delAGTAGGGinsTCTAAAC	p.ArgGly203LysArg	missense_variant	MODERATE	0.0362173	35835.5	34911
2019-nCoV	28881	GGG	AAC	MNP	Heterozygous	N	QHD43423.2	1	c.608_610delGGGinsAAC	p.ArgGly203LysArg	missense_variant	MODERATE	0.963783	35835.5	34911
2019-nCoV	28905	C	T	SNP	Heterozygous	N	QHD43423.2	1	c.632C>T	p.Ala211Val	missense_variant	MODERATE	0.0455	191.513	59993
2019-nCoV	29095	C	T	SNP	Heterozygous	N	QHD43423.2	1	c.822C>T	p.Phe274Phe	synonymous_variant	LOW	0.044044	178.541	12412
2019-nCoV	29155	A	G	SNP	Heterozygous	N	QHD43423.2	1	c.882A>G	p.Gln294Gln	synonymous_variant	LOW	0.031	32.4719	12480
2019-nCoV	29353	C	T	SNP	Heterozygous	N	QHD43423.2	1	c.1080C>T	p.Tyr360Tyr	synonymous_variant	LOW	0.029029	57.9352	28997
2019-nCoV	29510	A	C	SNP	Homozygous	N	QHD43423.2	1	c.1237A>C	p.Ser413Arg	missense_variant	MODERATE	0.998999	33707.2	10832
2019-nCoV	29614	C	T	SNP	Heterozygous	ORF10	QHI42199.1	1	c.57C>T	p.Cys19Cys	synonymous_variant	LOW	0.0325163	80.7484	11812
2019-nCoV	29666	C	T	SNP	Heterozygous	ORF10	QHI42199.1	1	c.109C>T	p.Leu37Phe	missense_variant	MODERATE	0.0745373	549.297	11851
2019-nCoV	29733	CGAGGCCACGCGGAGTACGATCGAGTG	C	DEL	Homozygous	S	QHD43416.1	-1	c.*4350_*4375delGAGGCCACGCGGAGTACGATCGAGTG	.	downstream_gene_variant	MODIFIER	1.0	35754.3	9394
