CHROM	POS	REF	ALT	VARTYPE	GEN[*].GT	ANN[*].GENE	ANN[*].FEATUREID	EFF[*].RANK	ANN[*].HGVS_C	ANN[*].HGVS_P	ANN[*].EFFECT	EFF[*].IMPACT	AF	QUAL	DP
2019-nCoV	44	C	T	SNP	Homozygous	orf1ab	QHD43415.1	-1	c.-222C>T	.	upstream_gene_variant	MODIFIER	0.988994	32221.1	44481
2019-nCoV	147	C	T	SNP	Heterozygous	orf1ab	QHD43415.1	-1	c.-119C>T	.	upstream_gene_variant	MODIFIER	0.0265531	17.1913	46518
2019-nCoV	241	C	T	SNP	Homozygous	orf1ab	QHD43415.1	-1	c.-25C>T	.	upstream_gene_variant	MODIFIER	1.0	33341.6	2734
2019-nCoV	337	C	T	SNP	Heterozygous	orf1ab	QHD43415.1	1	c.72C>T	p.Arg24Arg	synonymous_variant	LOW	0.196598	2524.81	38980
2019-nCoV	508	TGGTCATGTTATG	T	DEL	Heterozygous	orf1ab	QHD43415.1	1	c.245_256delGTCATGTTATGG	p.Gly82_Met85del	disruptive_inframe_deletion	MODERATE	0.261891	3966.36	25758
2019-nCoV	670	T	G	SNP	Homozygous	orf1ab	QHD43415.1	1	c.405T>G	p.Ser135Arg	missense_variant	MODERATE	0.996	33563.3	35706
2019-nCoV	1102	C	T	SNP	Heterozygous	orf1ab	QHD43415.1	1	c.837C>T	p.Ser279Ser	synonymous_variant	LOW	0.0375188	120.077	4336
2019-nCoV	1216	T	C	SNP	Heterozygous	orf1ab	QHD43415.1	1	c.951T>C	p.Leu317Leu	synonymous_variant	LOW	0.067	448.965	2080
2019-nCoV	1440	G	A	SNP	Heterozygous	orf1ab	QHD43415.1	1	c.1175G>A	p.Gly392Asp	missense_variant	MODERATE	0.0455	119.715	14229
2019-nCoV	1585	A	G	SNP	Heterozygous	orf1ab	QHD43415.1	1	c.1320A>G	p.Gly440Gly	synonymous_variant	LOW	0.04815	218.454	15456
2019-nCoV	1627	C	T	SNP	Heterozygous	orf1ab	QHD43415.1	1	c.1362C>T	p.Leu454Leu	synonymous_variant	LOW	0.3325	5837.33	19504
2019-nCoV	1931	C	A	SNP	Heterozygous	orf1ab	QHD43415.1	1	c.1666C>A	p.Gln556Lys	missense_variant	MODERATE	0.460101	10409.0	5504
2019-nCoV	2098	G	T	SNP	Heterozygous	orf1ab	QHD43415.1	1	c.1833G>T	p.Gln611His	missense_variant	MODERATE	0.022	21.7644	6995
2019-nCoV	2101	G	T	SNP	Heterozygous	orf1ab	QHD43415.1	1	c.1836G>T	p.Trp612Cys	missense_variant	MODERATE	0.031	70.4311	6957
2019-nCoV	2650	C	T	SNP	Heterozygous	orf1ab	QHD43415.1	1	c.2385C>T	p.Asp795Asp	synonymous_variant	LOW	0.0460691	199.104	3676
2019-nCoV	2659	G	T	SNP	Heterozygous	orf1ab	QHD43415.1	1	c.2394G>T	p.Lys798Asn	missense_variant	MODERATE	0.0435653	103.103	3658
2019-nCoV	2713	A	G	SNP	Heterozygous	orf1ab	QHD43415.1	1	c.2448A>G	p.Lys816Lys	synonymous_variant	LOW	0.028	20.884	26643
2019-nCoV	2790	C	T	SNP	Homozygous	orf1ab	QHD43415.1	1	c.2525C>T	p.Thr842Ile	missense_variant	MODERATE	1.0	32653.9	27984
2019-nCoV	2887	T	C	SNP	Heterozygous	orf1ab	QHD43415.1	1	c.2622T>C	p.Val874Val	synonymous_variant	LOW	0.0205103	16.6672	14792
2019-nCoV	2954	T	C	SNP	Heterozygous	orf1ab	QHD43415.1	1	c.2689T>C	p.Leu897Leu	synonymous_variant	LOW	0.2365	3996.78	20546
2019-nCoV	3013	G	T	SNP	Heterozygous	orf1ab	QHD43415.1	1	c.2748G>T	p.Leu916Phe	missense_variant	MODERATE	0.032032	36.4677	26486
2019-nCoV	3037	C	T	SNP	Homozygous	orf1ab	QHD43415.1	1	c.2772C>T	p.Phe924Phe	synonymous_variant	LOW	0.9995	33412.2	19515
2019-nCoV	3074	G	T	SNP	Heterozygous	orf1ab	QHD43415.1	1	c.2809G>T	p.Glu937*	stop_gained	HIGH	0.0225113	23.7244	5695
2019-nCoV	3091	G	A	SNP	Heterozygous	orf1ab	QHD43415.1	1	c.2826G>A	p.Glu942Glu	synonymous_variant	LOW	0.049	224.66	5944
2019-nCoV	3569	A	G	SNP	Heterozygous	orf1ab	QHD43415.1	1	c.3304A>G	p.Ser1102Gly	missense_variant	MODERATE	0.0875	751.897	15172
2019-nCoV	3716	G	T	SNP	Heterozygous	orf1ab	QHD43415.1	1	c.3451G>T	p.Ala1151Ser	missense_variant	MODERATE	0.026013	40.729	10277
2019-nCoV	4184	G	A	SNP	Homozygous	orf1ab	QHD43415.1	1	c.3919G>A	p.Gly1307Ser	missense_variant	MODERATE	0.996997	36000.9	8565
2019-nCoV	4321	C	T	SNP	Homozygous	orf1ab	QHD43415.1	1	c.4056C>T	p.Ala1352Ala	synonymous_variant	LOW	1.0	32998.4	17544
2019-nCoV	4586	C	T	SNP	Heterozygous	orf1ab	QHD43415.1	1	c.4321C>T	p.Leu1441Leu	synonymous_variant	LOW	0.029029	57.9945	35268
2019-nCoV	4881	G	A	SNP	Heterozygous	orf1ab	QHD43415.1	1	c.4616G>A	p.Ser1539Asn	missense_variant	MODERATE	0.127	1455.17	5565
2019-nCoV	4898	C	T	SNP	Heterozygous	orf1ab	QHD43415.1	1	c.4633C>T	p.His1545Tyr	missense_variant	MODERATE	0.0325	80.718	5514
2019-nCoV	4961	A	G	SNP	Heterozygous	orf1ab	QHD43415.1	1	c.4696A>G	p.Arg1566Gly	missense_variant	MODERATE	0.0630315	398.149	11711
2019-nCoV	5183	C	T	SNP	Heterozygous	orf1ab	QHD43415.1	1	c.4918C>T	p.Pro1640Ser	missense_variant	MODERATE	0.0415208	90.1277	14286
2019-nCoV	5310	C	T	SNP	Heterozygous	orf1ab	QHD43415.1	1	c.5045C>T	p.Thr1682Ile	missense_variant	MODERATE	0.136637	1338.5	12264
2019-nCoV	5512	C	T	SNP	Heterozygous	orf1ab	QHD43415.1	1	c.5247C>T	p.Asn1749Asn	synonymous_variant	LOW	0.0190095	11.8855	7386
2019-nCoV	5907	C	T	SNP	Heterozygous	orf1ab	QHD43415.1	1	c.5642C>T	p.Thr1881Ile	missense_variant	MODERATE	0.0305153	28.6914	7747
2019-nCoV	6336	C	T	SNP	Heterozygous	orf1ab	QHD43415.1	1	c.6071C>T	p.Ser2024Leu	missense_variant	MODERATE	0.088044	562.837	20821
2019-nCoV	6354	C	T	SNP	Heterozygous	orf1ab	QHD43415.1	1	c.6089C>T	p.Ser2030Leu	missense_variant	MODERATE	0.035	51.1836	10076
2019-nCoV	6468	C	T	SNP	Heterozygous	orf1ab	QHD43415.1	1	c.6203C>T	p.Thr2068Ile	missense_variant	MODERATE	0.0285285	54.9144	25240
2019-nCoV	6726	C	T	SNP	Heterozygous	orf1ab	QHD43415.1	1	c.6461C>T	p.Thr2154Ile	missense_variant	MODERATE	0.0425	98.7145	26622
2019-nCoV	6786	C	T	SNP	Heterozygous	orf1ab	QHD43415.1	1	c.6521C>T	p.Thr2174Ile	missense_variant	MODERATE	0.0245737	32.371	25177
2019-nCoV	6856	T	C	SNP	Heterozygous	orf1ab	QHD43415.1	1	c.6591T>C	p.Thr2197Thr	synonymous_variant	LOW	0.0327553	48.0717	1039
2019-nCoV	7267	C	T	SNP	Heterozygous	orf1ab	QHD43415.1	1	c.7002C>T	p.Phe2334Phe	synonymous_variant	LOW	0.0816224	622.55	9265
2019-nCoV	7306	G	T	SNP	Heterozygous	orf1ab	QHD43415.1	1	c.7041G>T	p.Met2347Ile	missense_variant	MODERATE	0.027027	46.2217	3631
2019-nCoV	7393	G	T	SNP	Heterozygous	orf1ab	QHD43415.1	1	c.7128G>T	p.Pro2376Pro	synonymous_variant	LOW	0.0245245	32.6067	5776
2019-nCoV	7528	C	T	SNP	Heterozygous	orf1ab	QHD43415.1	1	c.7263C>T	p.Val2421Val	synonymous_variant	LOW	0.3225	6399.1	13202
2019-nCoV	7678	A	G	SNP	Heterozygous	orf1ab	QHD43415.1	1	c.7413A>G	p.Arg2471Arg	synonymous_variant	LOW	0.123562	1392.79	17861
2019-nCoV	7897	T	C	SNP	Heterozygous	orf1ab	QHD43415.1	1	c.7632T>C	p.Asp2544Asp	synonymous_variant	LOW	0.050025	155.811	18406
2019-nCoV	8106	C	T	SNP	Heterozygous	orf1ab	QHD43415.1	1	c.7841C>T	p.Ala2614Val	missense_variant	MODERATE	0.0205103	16.6056	26343
2019-nCoV	8140	C	T	SNP	Heterozygous	orf1ab	QHD43415.1	1	c.7875C>T	p.Ser2625Ser	synonymous_variant	LOW	0.0365	60.2464	26397
2019-nCoV	8710	T	C	SNP	Heterozygous	orf1ab	QHD43415.1	1	c.8445T>C	p.Gly2815Gly	synonymous_variant	LOW	0.0215	19.9854	6960
2019-nCoV	8772	C	T	SNP	Heterozygous	orf1ab	QHD43415.1	1	c.8507C>T	p.Thr2836Ile	missense_variant	MODERATE	0.0245	33.1379	3974
2019-nCoV	8817	G	T	SNP	Heterozygous	orf1ab	QHD43415.1	1	c.8552G>T	p.Cys2851Phe	missense_variant	MODERATE	0.0390782	131.632	10983
2019-nCoV	8837	A	G	SNP	Heterozygous	orf1ab	QHD43415.1	1	c.8572A>G	p.Ile2858Val	missense_variant	MODERATE	0.114	1204.85	11053
2019-nCoV	9223	C	T	SNP	Heterozygous	orf1ab	QHD43415.1	1	c.8958C>T	p.His2986His	synonymous_variant	LOW	0.0435218	174.006	3637
2019-nCoV	9344	C	T	SNP	Homozygous	orf1ab	QHD43415.1	1	c.9079C>T	p.Leu3027Phe	missense_variant	MODERATE	1.0	32309.8	8237
2019-nCoV	9424	A	G	SNP	Homozygous	orf1ab	QHD43415.1	1	c.9159A>G	p.Val3053Val	synonymous_variant	LOW	0.999499	36343.2	5872
2019-nCoV	9487	C	T	SNP	Heterozygous	orf1ab	QHD43415.1	1	c.9222C>T	p.Tyr3074Tyr	synonymous_variant	LOW	0.0808625	363.016	1112
2019-nCoV	9534	C	T	SNP	Heterozygous	orf1ab	QHD43415.1	1	c.9269C>T	p.Thr3090Ile	missense_variant	MODERATE	0.969643	20344.1	1115
2019-nCoV	9534	CTG	TTT	MNP	Heterozygous	orf1ab	QHD43415.1	1	c.9269_9271delCTGinsTTT	p.ThrVal3090IleLeu	missense_variant	MODERATE	0.0303571	20344.1	1115
2019-nCoV	9866	C	T	SNP	Heterozygous	orf1ab	QHD43415.1	1	c.9601C>T	p.Leu3201Phe	missense_variant	MODERATE	0.0275413	47.9072	12153
2019-nCoV	10029	C	T	SNP	Homozygous	orf1ab	QHD43415.1	1	c.9764C>T	p.Thr3255Ile	missense_variant	MODERATE	0.993497	35845.8	17909
2019-nCoV	10198	C	T	SNP	Homozygous	orf1ab	QHD43415.1	1	c.9933C>T	p.Asp3311Asp	synonymous_variant	LOW	0.9995	36383.8	12526
2019-nCoV	10447	GCC	ACA	MNP	Homozygous	orf1ab	QHD43415.1	1	c.10182_10184delGCCinsACA	p.Pro3395His	missense_variant	MODERATE	1.0	35170.6	2398
2019-nCoV	10631	G	T	SNP	Heterozygous	orf1ab	QHD43415.1	1	c.10366G>T	p.Ala3456Ser	missense_variant	MODERATE	0.0540541	20.2792	75
2019-nCoV	10885	T	C	SNP	Heterozygous	orf1ab	QHD43415.1	1	c.10620T>C	p.Asn3540Asn	synonymous_variant	LOW	0.0475	131.838	9355
2019-nCoV	10939	T	C	SNP	Heterozygous	orf1ab	QHD43415.1	1	c.10674T>C	p.Asp3558Asp	synonymous_variant	LOW	0.022011	22.1185	19821
2019-nCoV	11020	C	T	SNP	Heterozygous	orf1ab	QHD43415.1	1	c.10755C>T	p.Leu3585Leu	synonymous_variant	LOW	0.034	47.345	13663
2019-nCoV	11175	G	T	SNP	Heterozygous	orf1ab	QHD43415.1	1	c.10910G>T	p.Cys3637Phe	missense_variant	MODERATE	0.024	30.1251	17873
2019-nCoV	11287	GTCTGGTTTT	G	DEL	Homozygous	orf1ab	QHD43415.1	1	c.11023_11031delTCTGGTTTT	p.Ser3675_Phe3677del	conservative_inframe_deletion	MODERATE	1.0	35420.8	30640
2019-nCoV	11374	T	C	SNP	Heterozygous	orf1ab	QHD43415.1	1	c.11109T>C	p.Asp3703Asp	synonymous_variant	LOW	0.0560561	308.978	16885
2019-nCoV	11521	G	T	SNP	Heterozygous	orf1ab	QHD43415.1	1	c.11256G>T	p.Met3752Ile	missense_variant	MODERATE	0.0245984	31.6919	6071
2019-nCoV	11750	C	T	SNP	Heterozygous	orf1ab	QHD43415.1	1	c.11485C>T	p.Leu3829Phe	missense_variant	MODERATE	0.311434	6036.62	15843
2019-nCoV	11944	G	T	SNP	Heterozygous	orf1ab	QHD43415.1	1	c.11679G>T	p.Gln3893His	missense_variant	MODERATE	0.0185278	11.4829	23360
2019-nCoV	12160	G	A	SNP	Heterozygous	orf1ab	QHD43415.1	1	c.11895G>A	p.Glu3965Glu	synonymous_variant	LOW	0.973961	34304.5	5532
2019-nCoV	12310	G	A	SNP	Heterozygous	orf1ab	QHD43415.1	1	c.12045G>A	p.Gln4015Gln	synonymous_variant	LOW	0.0620931	260.422	16087
2019-nCoV	12444	A	G	SNP	Heterozygous	orf1ab	QHD43415.1	1	c.12179A>G	p.Asn4060Ser	missense_variant	MODERATE	0.031	70.6878	16099
2019-nCoV	12464	G	T	SNP	Heterozygous	orf1ab	QHD43415.1	1	c.12199G>T	p.Ala4067Ser	missense_variant	MODERATE	0.0295443	59.2706	8561
2019-nCoV	12628	T	C	SNP	Heterozygous	orf1ab	QHD43415.1	1	c.12363T>C	p.Asn4121Asn	synonymous_variant	LOW	0.0290145	24.7468	32472
2019-nCoV	12747	C	T	SNP	Heterozygous	orf1ab	QHD43415.1	1	c.12482C>T	p.Thr4161Ile	missense_variant	MODERATE	0.114057	1207.72	16414
2019-nCoV	12769	G	A	SNP	Heterozygous	orf1ab	QHD43415.1	1	c.12504G>A	p.Ala4168Ala	synonymous_variant	LOW	0.048	219.281	16257
2019-nCoV	12787	A	G	SNP	Heterozygous	orf1ab	QHD43415.1	1	c.12522A>G	p.Thr4174Thr	synonymous_variant	LOW	0.0250376	35.1303	25706
2019-nCoV	12880	C	T	SNP	Homozygous	orf1ab	QHD43415.1	1	c.12615C>T	p.Ile4205Ile	synonymous_variant	LOW	0.999499	35996.5	18157
2019-nCoV	13096	T	C	SNP	Heterozygous	orf1ab	QHD43415.1	1	c.12831T>C	p.Ala4277Ala	synonymous_variant	LOW	0.093	835.233	28138
2019-nCoV	13498	A	G	SNP	Heterozygous	orf1ab	QHD43415.1	2	c.13234A>G	p.Thr4412Ala	missense_variant	MODERATE	0.0235	27.4163	24221
2019-nCoV	13860	C	T	SNP	Heterozygous	orf1ab	QHD43415.1	2	c.13596C>T	p.Asp4532Asp	synonymous_variant	LOW	0.028	51.1488	12583
2019-nCoV	13944	C	T	SNP	Heterozygous	orf1ab	QHD43415.1	2	c.13680C>T	p.Asn4560Asn	synonymous_variant	LOW	0.106713	1078.24	12634
2019-nCoV	14257	T	C	SNP	Heterozygous	orf1ab	QHD43415.1	2	c.13993T>C	p.Tyr4665His	missense_variant	MODERATE	0.390586	7557.01	9632
2019-nCoV	14408	C	T	SNP	Homozygous	orf1ab	QHD43415.1	2	c.14144C>T	p.Pro4715Leu	missense_variant	MODERATE	1.0	33755.5	2795
2019-nCoV	14424	A	C	SNP	Heterozygous	orf1ab	QHD43415.1	2	c.14160A>C	p.Pro4720Pro	synonymous_variant	LOW	0.0285285	56.069	24644
2019-nCoV	14495	G	T	SNP	Heterozygous	orf1ab	QHD43415.1	2	c.14231G>T	p.Gly4744Val	missense_variant	MODERATE	0.0370185	64.5524	21743
2019-nCoV	14599	C	T	SNP	Heterozygous	orf1ab	QHD43415.1	2	c.14335C>T	p.Leu4779Leu	synonymous_variant	LOW	0.0545273	292.613	9117
2019-nCoV	15047	T	C	SNP	Heterozygous	orf1ab	QHD43415.1	2	c.14783T>C	p.Ile4928Thr	missense_variant	MODERATE	0.0395	135.246	23860
2019-nCoV	15714	C	T	SNP	Homozygous	orf1ab	QHD43415.1	2	c.15450C>T	p.Leu5150Leu	synonymous_variant	LOW	0.9995	36161.5	44361
2019-nCoV	15769	G	T	SNP	Heterozygous	orf1ab	QHD43415.1	2	c.15505G>T	p.Ala5169Ser	missense_variant	MODERATE	0.0472441	74.0643	636
2019-nCoV	15773	G	T	SNP	Heterozygous	orf1ab	QHD43415.1	2	c.15509G>T	p.Ser5170Ile	missense_variant	MODERATE	0.0235849	14.556	635
2019-nCoV	16221	G	T	SNP	Heterozygous	orf1ab	QHD43415.1	2	c.15957G>T	p.Pro5319Pro	synonymous_variant	LOW	0.0305153	67.3368	36441
2019-nCoV	16428	C	T	SNP	Heterozygous	orf1ab	QHD43415.1	2	c.16164C>T	p.Tyr5388Tyr	synonymous_variant	LOW	0.046	123.985	58463
2019-nCoV	16616	C	A	SNP	Heterozygous	orf1ab	QHD43415.1	2	c.16352C>A	p.Thr5451Asn	missense_variant	MODERATE	0.0485	224.492	11678
2019-nCoV	16853	G	T	SNP	Heterozygous	orf1ab	QHD43415.1	2	c.16589G>T	p.Gly5530Val	missense_variant	MODERATE	0.031031	32.1693	9440
2019-nCoV	16861	G	T	SNP	Heterozygous	orf1ab	QHD43415.1	2	c.16597G>T	p.Val5533Phe	missense_variant	MODERATE	0.0190095	11.9442	9424
2019-nCoV	16935	G	A	SNP	Heterozygous	orf1ab	QHD43415.1	2	c.16671G>A	p.Met5557Ile	missense_variant	MODERATE	0.296241	5621.77	38293
2019-nCoV	17039	A	G	SNP	Heterozygous	orf1ab	QHD43415.1	2	c.16775A>G	p.Asn5592Ser	missense_variant	MODERATE	0.209605	2760.31	29275
2019-nCoV	17184	A	G	SNP	Heterozygous	orf1ab	QHD43415.1	2	c.16920A>G	p.Ala5640Ala	synonymous_variant	LOW	0.0315	73.9936	64580
2019-nCoV	17329	G	T	SNP	Heterozygous	orf1ab	QHD43415.1	2	c.17065G>T	p.Glu5689*	stop_gained	HIGH	0.0225	23.9496	20881
2019-nCoV	17410	C	T	SNP	Homozygous	orf1ab	QHD43415.1	2	c.17146C>T	p.Arg5716Cys	missense_variant	MODERATE	0.996496	36113.7	31410
2019-nCoV	17590	G	T	SNP	Heterozygous	orf1ab	QHD43415.1	2	c.17326G>T	p.Val5776Leu	missense_variant	MODERATE	0.0186398	11.3218	17231
2019-nCoV	17770	A	G	SNP	Heterozygous	orf1ab	QHD43415.1	2	c.17506A>G	p.Ile5836Val	missense_variant	MODERATE	0.026	40.1751	9427
2019-nCoV	18163	A	G	SNP	Homozygous	orf1ab	QHD43415.1	2	c.17899A>G	p.Ile5967Val	missense_variant	MODERATE	0.998998	36250.3	8845
2019-nCoV	18383	T	C	SNP	Heterozygous	orf1ab	QHD43415.1	2	c.18119T>C	p.Val6040Ala	missense_variant	MODERATE	0.038	123.581	18704
2019-nCoV	18498	G	T	SNP	Heterozygous	orf1ab	QHD43415.1	2	c.18234G>T	p.Met6078Ile	missense_variant	MODERATE	0.02002	15.8763	10007
2019-nCoV	18606	C	T	SNP	Heterozygous	orf1ab	QHD43415.1	2	c.18342C>T	p.Gly6114Gly	synonymous_variant	LOW	0.0517848	255.235	15410
2019-nCoV	18700	T	A	SNP	Heterozygous	orf1ab	QHD43415.1	2	c.18436T>A	p.Ser6146Thr	missense_variant	MODERATE	0.052	262.818	3965
2019-nCoV	18747	C	T	SNP	Heterozygous	orf1ab	QHD43415.1	2	c.18483C>T	p.Val6161Val	synonymous_variant	LOW	0.036036	104.929	5246
2019-nCoV	18816	G	T	SNP	Heterozygous	orf1ab	QHD43415.1	2	c.18552G>T	p.Leu6184Leu	synonymous_variant	LOW	0.0281407	49.1588	18867
2019-nCoV	19061	T	C	SNP	Heterozygous	orf1ab	QHD43415.1	2	c.18797T>C	p.Val6266Ala	missense_variant	MODERATE	0.0330165	42.3819	18392
2019-nCoV	19419	G	A	SNP	Heterozygous	orf1ab	QHD43415.1	2	c.19155G>A	p.Val6385Val	synonymous_variant	LOW	0.059	345.186	10150
2019-nCoV	19955	C	T	SNP	Homozygous	orf1ab	QHD43415.1	2	c.19691C>T	p.Thr6564Ile	missense_variant	MODERATE	1.0	33887.4	28223
2019-nCoV	20055	A	G	SNP	Homozygous	orf1ab	QHD43415.1	2	c.19791A>G	p.Glu6597Glu	synonymous_variant	LOW	0.980303	32004.2	21959
2019-nCoV	20160	G	T	SNP	Heterozygous	orf1ab	QHD43415.1	2	c.19896G>T	p.Lys6632Asn	missense_variant	MODERATE	0.0305153	30.2711	6424
2019-nCoV	20411	A	G	SNP	Heterozygous	orf1ab	QHD43415.1	2	c.20147A>G	p.Glu6716Gly	missense_variant	MODERATE	0.0885	540.569	30031
2019-nCoV	21268	G	T	SNP	Heterozygous	orf1ab	QHD43415.1	2	c.21004G>T	p.Ala7002Ser	missense_variant	MODERATE	0.032016	77.6874	34328
2019-nCoV	21483	T	C	SNP	Heterozygous	orf1ab	QHD43415.1	2	c.21219T>C	p.Leu7073Leu	synonymous_variant	LOW	0.0985	931.442	6433
2019-nCoV	21575	C	T	SNP	Heterozygous	S	QHD43416.1	1	c.13C>T	p.Leu5Phe	missense_variant	MODERATE	0.0701844	350.595	2589
2019-nCoV	21618	C	T	SNP	Homozygous	S	QHD43416.1	1	c.56C>T	p.Thr19Ile	missense_variant	MODERATE	0.999499	33803.4	9671
2019-nCoV	21632	TTACCCCCTG	T	DEL	Homozygous	S	QHD43416.1	1	c.71_79delTACCCCCTG	p.Leu24_Ala27delinsSer	disruptive_inframe_deletion	MODERATE	1.0	36153.6	9415
2019-nCoV	21763	TATACATG	CA	MIXED	Heterozygous	S	QHD43416.1	1	c.201_208delTATACATGinsCA	p.His69_Val70del	disruptive_inframe_deletion&synonymous_variant	MODERATE	0.113475	34529.7	11156
2019-nCoV	21764	ATACATG	A	DEL	Heterozygous	S	QHD43416.1	1	c.204_209delACATGT	p.His69_Val70del	disruptive_inframe_deletion	MODERATE	0.870314	34529.7	11156
2019-nCoV	21987	G	A	SNP	Homozygous	S	QHD43416.1	1	c.425G>A	p.Gly142Asp	missense_variant	MODERATE	0.987	32790.6	15643
2019-nCoV	22014	G	T	SNP	Heterozygous	S	QHD43416.1	1	c.452G>T	p.Ser151Ile	missense_variant	MODERATE	0.0290581	58.1584	15761
2019-nCoV	22104	G	T	SNP	Heterozygous	S	QHD43416.1	1	c.542G>T	p.Gly181Val	missense_variant	MODERATE	0.121561	1354.44	20203
2019-nCoV	22200	T	G	SNP	Heterozygous	S	QHD43416.1	1	c.638T>G	p.Val213Gly	missense_variant	MODERATE	0.977878	34393.6	6235
2019-nCoV	22331	G	A	SNP	Heterozygous	S	QHD43416.1	1	c.769G>A	p.Gly257Ser	missense_variant	MODERATE	0.0660661	308.548	7529
2019-nCoV	22450	C	T	SNP	Heterozygous	S	QHD43416.1	1	c.888C>T	p.Leu296Leu	synonymous_variant	LOW	0.0195195	14.0355	4509
2019-nCoV	22578	G	A	SNP	Homozygous	S	QHD43416.1	1	c.1016G>A	p.Gly339Asp	missense_variant	MODERATE	0.990964	33058.9	5909
2019-nCoV	22599	G	C	SNP	Heterozygous	S	QHD43416.1	1	c.1037G>C	p.Arg346Thr	missense_variant	MODERATE	0.704852	20491.7	2052
2019-nCoV	22600	A	T	SNP	Heterozygous	S	QHD43416.1	1	c.1038A>T	p.Arg346Ser	missense_variant	MODERATE	0.036	106.621	2055
2019-nCoV	22624	C	T	SNP	Heterozygous	S	QHD43416.1	1	c.1062C>T	p.Asn354Asn	synonymous_variant	LOW	0.142571	1447.34	2787
2019-nCoV	22629	A	C	SNP	Heterozygous	S	QHD43416.1	1	c.1067A>C	p.Lys356Thr	missense_variant	MODERATE	0.0240602	29.5754	2801
2019-nCoV	22674	CCGCAT	TCGCAC	MNP	Heterozygous	S	QHD43416.1	1	c.1112_1117delCCGCATinsTCGCAC	p.SerAlaSer371PheAlaPro	missense_variant	MODERATE	0.973751	33337.3	2660
2019-nCoV	22674	CCGCAT	TCTCAC	MNP	Heterozygous	S	QHD43416.1	1	c.1112_1117delCCGCATinsTCTCAC	p.SerAlaSer371PheSerPro	missense_variant	MODERATE	0.0262494	33337.3	2660
2019-nCoV	22686	CCA	TCG	MNP	Heterozygous	S	QHD43416.1	1	c.1124_1126delCCAinsTCG	p.SerThr375PheAla	missense_variant	MODERATE	0.941985	10328.2	798
2019-nCoV	22687	CAC	GCT	MNP	Heterozygous	S	QHD43416.1	1	c.1125_1127delCACinsGCT	p.Thr376Leu	missense_variant	MODERATE	0.0427481	10328.2	798
2019-nCoV	22775	G	A	SNP	Homozygous	S	QHD43416.1	1	c.1213G>A	p.Asp405Asn	missense_variant	MODERATE	1.0	10368.4	629
2019-nCoV	22786	A	C	SNP	Homozygous	S	QHD43416.1	1	c.1224A>C	p.Arg408Ser	missense_variant	MODERATE	0.993464	10759.8	614
2019-nCoV	22813	G	T	SNP	Homozygous	S	QHD43416.1	1	c.1251G>T	p.Lys417Asn	missense_variant	MODERATE	1.0	33915.5	15890
2019-nCoV	22855	C	T	SNP	Heterozygous	S	QHD43416.1	1	c.1293C>T	p.Gly431Gly	synonymous_variant	LOW	0.047	131.909	15671
2019-nCoV	22882	T	G	SNP	Homozygous	S	QHD43416.1	1	c.1320T>G	p.Asn440Lys	missense_variant	MODERATE	0.998497	33693.3	26920
2019-nCoV	22893	A	C	SNP	Heterozygous	S	QHD43416.1	1	c.1331A>C	p.Lys444Thr	missense_variant	MODERATE	0.232523	3839.38	26969
2019-nCoV	22894	G	T	SNP	Heterozygous	S	QHD43416.1	1	c.1332G>T	p.Lys444Asn	missense_variant	MODERATE	0.041041	150.387	26969
2019-nCoV	22896	T	C	SNP	Heterozygous	S	QHD43416.1	1	c.1334T>C	p.Val445Ala	missense_variant	MODERATE	0.0315158	74.2378	26823
2019-nCoV	22898	G	A	SNP	Heterozygous	S	QHD43416.1	1	c.1336G>A	p.Gly446Ser	missense_variant	MODERATE	0.0351582	100.17	26823
2019-nCoV	22910	A	G	SNP	Heterozygous	S	QHD43416.1	1	c.1348A>G	p.Asn450Asp	missense_variant	MODERATE	0.0470235	208.974	26700
2019-nCoV	22917	T	G	SNP	Heterozygous	S	QHD43416.1	1	c.1355T>G	p.Leu452Arg	missense_variant	MODERATE	0.969485	34168.6	26580
2019-nCoV	22942	T	A	SNP	Heterozygous	S	QHD43416.1	1	c.1380T>A	p.Asn460Lys	missense_variant	MODERATE	0.213461	4977.77	25941
2019-nCoV	22992	GCAC	ACAA	MNP	Homozygous	S	QHD43416.1	1	c.1430_1433delGCACinsACAA	p.SerThr477AsnLys	missense_variant	MODERATE	0.99949	35523.9	10675
2019-nCoV	23013	A	C	SNP	Homozygous	S	QHD43416.1	1	c.1451A>C	p.Glu484Ala	missense_variant	MODERATE	0.999498	36236.4	18742
2019-nCoV	23018	T	G	SNP	Heterozygous	S	QHD43416.1	1	c.1456T>G	p.Phe486Val	missense_variant	MODERATE	0.9805	34960.6	18796
2019-nCoV	23055	A	G	SNP	Homozygous	S	QHD43416.1	1	c.1493A>G	p.Gln498Arg	missense_variant	MODERATE	0.994949	35575.4	8128
2019-nCoV	23063	A	T	SNP	Homozygous	S	QHD43416.1	1	c.1501A>T	p.Asn501Tyr	missense_variant	MODERATE	0.987	32387.0	8279
2019-nCoV	23075	T	C	SNP	Homozygous	S	QHD43416.1	1	c.1513T>C	p.Tyr505His	missense_variant	MODERATE	0.999499	19797.4	8466
2019-nCoV	23191	C	T	SNP	Heterozygous	S	QHD43416.1	1	c.1629C>T	p.Phe543Phe	synonymous_variant	LOW	0.101551	977.519	17329
2019-nCoV	23305	A	G	SNP	Heterozygous	S	QHD43416.1	1	c.1743A>G	p.Thr581Thr	synonymous_variant	LOW	0.0375188	119.585	34020
2019-nCoV	23403	A	G	SNP	Homozygous	S	QHD43416.1	1	c.1841A>G	p.Asp614Gly	missense_variant	MODERATE	1.0	33389.3	46263
2019-nCoV	23525	C	T	SNP	Homozygous	S	QHD43416.1	1	c.1963C>T	p.His655Tyr	missense_variant	MODERATE	0.998489	33558.0	76266
2019-nCoV	23535	A	G	SNP	Heterozygous	S	QHD43416.1	1	c.1973A>G	p.Asn658Ser	missense_variant	MODERATE	0.0645	415.276	76856
2019-nCoV	23599	T	G	SNP	Homozygous	S	QHD43416.1	1	c.2037T>G	p.Asn679Lys	missense_variant	MODERATE	0.999497	33634.4	101060
2019-nCoV	23604	C	A	SNP	Homozygous	S	QHD43416.1	1	c.2042C>A	p.Pro681His	missense_variant	MODERATE	0.997994	19780.6	101540
2019-nCoV	23854	C	A	SNP	Homozygous	S	QHD43416.1	1	c.2292C>A	p.Asn764Lys	missense_variant	MODERATE	0.996498	33365.5	11902
2019-nCoV	23858	G	T	SNP	Heterozygous	S	QHD43416.1	1	c.2296G>T	p.Ala766Ser	missense_variant	MODERATE	0.0285571	52.8542	12127
2019-nCoV	23948	GATTTTG	TATTT	MIXED	Heterozygous	S	QHD43416.1	1	c.2386_2392delGATTTTGinsTATTT	p.Asp796fs	frameshift_variant&missense_variant	HIGH	0.0799773	29428.7	10322
2019-nCoV	23948	G	T	SNP	Heterozygous	S	QHD43416.1	1	c.2386G>T	p.Asp796Tyr	missense_variant	MODERATE	0.920023	29428.7	10322
2019-nCoV	24040	G	T	SNP	Heterozygous	S	QHD43416.1	1	c.2478G>T	p.Val826Val	synonymous_variant	LOW	0.0305153	67.3128	24350
2019-nCoV	24358	C	A	SNP	Heterozygous	S	QHD43416.1	1	c.2796C>A	p.Gly932Gly	synonymous_variant	LOW	0.0481256	216.673	5329
2019-nCoV	24424	AAA	TAAT	MIXED	Homozygous	S	QHD43416.1	1	c.2862_2864delAAAinsTAAT	p.Gln954fs	frameshift_variant&missense_variant	HIGH	0.99698	19534.8	20248
2019-nCoV	24469	T	A	SNP	Homozygous	S	QHD43416.1	1	c.2907T>A	p.Asn969Lys	missense_variant	MODERATE	0.993493	31572.4	27727
2019-nCoV	24817	A	T	SNP	Heterozygous	S	QHD43416.1	1	c.3255A>T	p.Gly1085Gly	synonymous_variant	LOW	0.0197044	10.0036	736
2019-nCoV	25000	C	T	SNP	Homozygous	S	QHD43416.1	1	c.3438C>T	p.Asp1146Asp	synonymous_variant	LOW	0.998999	36178.4	18368
2019-nCoV	25025	T	C	SNP	Heterozygous	S	QHD43416.1	1	c.3463T>C	p.Tyr1155His	missense_variant	MODERATE	0.037037	114.798	18557
2019-nCoV	25067	A	G	SNP	Heterozygous	S	QHD43416.1	1	c.3505A>G	p.Ile1169Val	missense_variant	MODERATE	0.0395	136.994	7920
2019-nCoV	25416	C	T	SNP	Heterozygous	ORF3a	QHD43417.1	1	c.24C>T	p.Phe8Phe	synonymous_variant	LOW	0.0790791	611.459	22623
2019-nCoV	25584	C	T	SNP	Homozygous	ORF3a	QHD43417.1	1	c.192C>T	p.Thr64Thr	synonymous_variant	LOW	0.99247	35640.9	74944
2019-nCoV	25594	A	G	SNP	Heterozygous	ORF3a	QHD43417.1	1	c.202A>G	p.Arg68Gly	missense_variant	MODERATE	0.0445	183.004	75078
2019-nCoV	26031	G	A	SNP	Heterozygous	ORF3a	QHD43417.1	1	c.639G>A	p.Gln213Gln	synonymous_variant	LOW	0.0425316	161.781	27782
2019-nCoV	26060	C	T	SNP	Homozygous	ORF3a	QHD43417.1	1	c.668C>T	p.Thr223Ile	missense_variant	MODERATE	1.0	33914.3	26248
2019-nCoV	26078	C	T	SNP	Heterozygous	ORF3a	QHD43417.1	1	c.686C>T	p.Thr229Ile	missense_variant	MODERATE	0.0335168	88.4894	26203
2019-nCoV	26158	G	T	SNP	Heterozygous	ORF3a	QHD43417.1	1	c.766G>T	p.Val256Phe	missense_variant	MODERATE	0.078039	594.079	14069
2019-nCoV	26270	C	T	SNP	Homozygous	E	QHD43418.1	1	c.26C>T	p.Thr9Ile	missense_variant	MODERATE	1.0	33879.3	52050
2019-nCoV	26275	A	G	SNP	Heterozygous	E	QHD43418.1	1	c.31A>G	p.Thr11Ala	missense_variant	MODERATE	0.072	515.717	51836
2019-nCoV	26529	G	A	SNP	Heterozygous	M	QHD43419.1	1	c.7G>A	p.Asp3Asn	missense_variant	MODERATE	0.9025	30105.9	6183
2019-nCoV	26577	C	G	SNP	Homozygous	M	QHD43419.1	1	c.55C>G	p.Gln19Glu	missense_variant	MODERATE	0.999499	33857.7	3093
2019-nCoV	26681	C	T	SNP	Heterozygous	M	QHD43419.1	1	c.159C>T	p.Phe53Phe	synonymous_variant	LOW	0.038019	67.4341	12863
2019-nCoV	26702	A	T	SNP	Heterozygous	M	QHD43419.1	1	c.180A>T	p.Val60Val	synonymous_variant	LOW	0.0515516	168.202	12875
2019-nCoV	26709	G	A	SNP	Homozygous	M	QHD43419.1	1	c.187G>A	p.Ala63Thr	missense_variant	MODERATE	1.0	36351.0	12828
2019-nCoV	26858	C	T	SNP	Heterozygous	M	QHD43419.1	1	c.336C>T	p.Phe112Phe	synonymous_variant	LOW	0.164665	2237.71	21146
2019-nCoV	26885	C	T	SNP	Heterozygous	M	QHD43419.1	1	c.363C>T	p.Asn121Asn	synonymous_variant	LOW	0.035	52.8258	21203
2019-nCoV	26951	G	C	SNP	Heterozygous	M	QHD43419.1	1	c.429G>C	p.Val143Val	synonymous_variant	LOW	0.0970485	704.991	24677
2019-nCoV	27012	C	T	SNP	Heterozygous	M	QHD43419.1	1	c.490C>T	p.Leu164Leu	synonymous_variant	LOW	0.059	236.825	24591
2019-nCoV	27038	A	G	SNP	Heterozygous	M	QHD43419.1	1	c.516A>G	p.Thr172Thr	synonymous_variant	LOW	0.231616	3867.05	3092
2019-nCoV	27119	C	T	SNP	Heterozygous	M	QHD43419.1	1	c.597C>T	p.Tyr199Tyr	synonymous_variant	LOW	0.056	209.676	14280
2019-nCoV	27147	G	T	SNP	Heterozygous	M	QHD43419.1	1	c.625G>T	p.Asp209Tyr	missense_variant	MODERATE	0.0265	17.0851	21050
2019-nCoV	27259	A	C	SNP	Heterozygous	ORF6	QHD43420.1	1	c.58A>C	p.Arg20Arg	synonymous_variant	LOW	0.107554	1088.98	9910
2019-nCoV	27378	G	T	SNP	Heterozygous	ORF6	QHD43420.1	1	c.177G>T	p.Glu59Asp	missense_variant	MODERATE	0.0300254	62.2274	2376
2019-nCoV	27382	GAT	CTC	MNP	Heterozygous	ORF6	QHD43420.1	1	c.181_183delGATinsCTC	p.Asp61Leu	missense_variant	MODERATE	0.168394	2256.98	2459
2019-nCoV	27432	T	C	SNP	Heterozygous	ORF7a	QHD43421.1	1	c.39T>C	p.Ala13Ala	synonymous_variant	LOW	0.063	395.886	15932
2019-nCoV	27438	T	C	SNP	Heterozygous	ORF7a	QHD43421.1	1	c.45T>C	p.Cys15Cys	synonymous_variant	LOW	0.091	616.153	15957
2019-nCoV	27506	G	C	SNP	Heterozygous	ORF7a	QHD43421.1	1	c.113G>C	p.Gly38Ala	missense_variant	MODERATE	0.0270135	46.1655	32504
2019-nCoV	27513	C	T	SNP	Heterozygous	ORF7a	QHD43421.1	1	c.120C>T	p.Tyr40Tyr	synonymous_variant	LOW	0.130065	1520.06	32594
2019-nCoV	27549	C	T	SNP	Heterozygous	ORF7a	QHD43421.1	1	c.156C>T	p.Asn52Asn	synonymous_variant	LOW	0.02003	15.0485	33572
2019-nCoV	27788	G	T	SNP	Heterozygous	ORF8	QHD43422.1	-1	c.-106G>T	.	upstream_gene_variant	MODIFIER	0.0650976	417.22	24983
2019-nCoV	27794	T	C	SNP	Heterozygous	ORF8	QHD43422.1	-1	c.-100T>C	.	upstream_gene_variant	MODIFIER	0.048	219.27	25130
2019-nCoV	27807	C	T	SNP	Homozygous	ORF8	QHD43422.1	-1	c.-87C>T	.	upstream_gene_variant	MODIFIER	0.998997	36250.2	25077
2019-nCoV	27841	G	A	SNP	Heterozygous	ORF8	QHD43422.1	-1	c.-53G>A	.	upstream_gene_variant	MODIFIER	0.0330993	85.1128	25034
2019-nCoV	27889	C	T	SNP	Heterozygous	ORF8	QHD43422.1	-1	c.-5C>T	.	upstream_gene_variant	MODIFIER	0.806403	25137.5	18708
2019-nCoV	27925	C	A	SNP	Heterozygous	ORF8	QHD43422.1	1	c.32C>A	p.Thr11Lys	missense_variant	MODERATE	0.336514	6688.16	3473
2019-nCoV	27942	C	T	SNP	Heterozygous	ORF8	QHD43422.1	1	c.49C>T	p.His17Tyr	missense_variant	MODERATE	0.674837	17307.9	3452
2019-nCoV	28005	C	T	SNP	Heterozygous	ORF8	QHD43422.1	1	c.112C>T	p.Pro38Ser	missense_variant	MODERATE	0.028	21.7997	23508
2019-nCoV	28109	G	T	SNP	Heterozygous	ORF8	QHD43422.1	1	c.216G>T	p.Gln72His	missense_variant	MODERATE	0.0185185	10.4778	20117
2019-nCoV	28134	G	A	SNP	Heterozygous	ORF8	QHD43422.1	1	c.241G>A	p.Val81Ile	missense_variant	MODERATE	0.0245245	32.8609	38263
2019-nCoV	28198	G	T	SNP	Heterozygous	ORF8	QHD43422.1	1	c.305G>T	p.Cys102Phe	missense_variant	MODERATE	0.0250125	34.2942	19376
2019-nCoV	28271	A	T	SNP	Heterozygous	N	QHD43423.2	-1	c.-3A>T	.	upstream_gene_variant	MODIFIER	0.965431	31014.5	61655
2019-nCoV	28276	G	T	SNP	Heterozygous	N	QHD43423.2	1	c.3G>T	p.Met1?	start_lost	HIGH	0.029	57.8574	62270
2019-nCoV	28311	C	T	SNP	Heterozygous	N	QHD43423.2	1	c.38C>T	p.Pro13Leu	missense_variant	MODERATE	0.691805	36216.8	62144
2019-nCoV	28311	CC	TT	MNP	Heterozygous	N	QHD43423.2	1	c.38_39delCCinsTT	p.Pro13Leu	missense_variant	MODERATE	0.307692	36216.8	62144
2019-nCoV	28330	A	G	SNP	Heterozygous	N	QHD43423.2	1	c.57A>G	p.Gly19Gly	synonymous_variant	LOW	0.276777	5050.31	58920
2019-nCoV	28361	GGAGAACGCA	G	DEL	Heterozygous	N	QHD43423.2	1	c.90_98delAGAACGCAG	p.Glu31_Ser33del	disruptive_inframe_deletion	MODERATE	0.765128	34845.1	9941
2019-nCoV	28361	GGAGAACGCAG	TT	MIXED	Heterozygous	N	QHD43423.2	1	c.88_98delGGAGAACGCAGinsTT	p.Gly30_Ser33delinsPhe	missense_variant&disruptive_inframe_deletion	MODERATE	0.234872	34845.1	9941
2019-nCoV	28419	C	T	SNP	Heterozygous	N	QHD43423.2	1	c.146C>T	p.Thr49Ile	missense_variant	MODERATE	0.037	64.8616	27363
2019-nCoV	28510	T	C	SNP	Heterozygous	N	QHD43423.2	1	c.237T>C	p.Ser79Ser	synonymous_variant	LOW	0.0390586	133.422	17810
2019-nCoV	28681	G	T	SNP	Heterozygous	N	QHD43423.2	1	c.408G>T	p.Glu136Asp	missense_variant	MODERATE	0.375439	8011.2	55915
2019-nCoV	28693	T	C	SNP	Heterozygous	N	QHD43423.2	1	c.420T>C	p.Asn140Asn	synonymous_variant	LOW	0.101551	770.96	56647
2019-nCoV	28724	C	T	SNP	Heterozygous	N	QHD43423.2	1	c.451C>T	p.Pro151Ser	missense_variant	MODERATE	0.05	155.003	56591
2019-nCoV	28881	GGG	AAC	MNP	Homozygous	N	QHD43423.2	1	c.608_610delGGGinsAAC	p.ArgGly203LysArg	missense_variant	MODERATE	1.0	33098.3	16754
2019-nCoV	29066	A	T	SNP	Heterozygous	N	QHD43423.2	1	c.793A>T	p.Thr265Ser	missense_variant	MODERATE	0.0345345	50.0471	6778
2019-nCoV	29358	C	T	SNP	Heterozygous	N	QHD43423.2	1	c.1085C>T	p.Thr362Ile	missense_variant	MODERATE	0.0245368	33.1559	15122
2019-nCoV	29510	A	C	SNP	Homozygous	N	QHD43423.2	1	c.1237A>C	p.Ser413Arg	missense_variant	MODERATE	0.998497	33427.2	3944
2019-nCoV	29627	C	T	SNP	Heterozygous	ORF10	QHI42199.1	1	c.70C>T	p.Arg24Cys	missense_variant	MODERATE	0.0205308	16.8767	3359
2019-nCoV	29633	T	C	SNP	Heterozygous	ORF10	QHI42199.1	1	c.76T>C	p.Tyr26His	missense_variant	MODERATE	0.0405203	146.591	3356
2019-nCoV	29642	C	T	SNP	Heterozygous	ORF10	QHI42199.1	1	c.85C>T	p.Gln29*	stop_gained	HIGH	0.0555	204.436	3365
2019-nCoV	29666	C	T	SNP	Heterozygous	ORF10	QHI42199.1	1	c.109C>T	p.Leu37Phe	missense_variant	MODERATE	0.0905453	801.589	3365
2019-nCoV	29679	C	T	SNP	Heterozygous	S	QHD43416.1	-1	c.*4295C>T	.	downstream_gene_variant	MODIFIER	0.028014	51.6422	3355
2019-nCoV	29681	T	C	SNP	Heterozygous	S	QHD43416.1	-1	c.*4297T>C	.	downstream_gene_variant	MODIFIER	0.0305153	67.4953	3354
2019-nCoV	29700	A	G	SNP	Heterozygous	S	QHD43416.1	-1	c.*4316A>G	.	downstream_gene_variant	MODIFIER	0.028	51.2561	3328
2019-nCoV	29733	CGAGGCCACGCGGAGTACGATCGAGTG	C	DEL	Homozygous	S	QHD43416.1	-1	c.*4350_*4375delGAGGCCACGCGGAGTACGATCGAGTG	.	downstream_gene_variant	MODIFIER	1.0	35867.1	2748
