CHROM	POS	REF	ALT	VARTYPE	GEN[*].GT	ANN[*].GENE	ANN[*].FEATUREID	EFF[*].RANK	ANN[*].HGVS_C	ANN[*].HGVS_P	ANN[*].EFFECT	EFF[*].IMPACT	AF	QUAL	DP
2019-nCoV	44	C	T	SNP	Heterozygous	orf1ab	QHD43415.1	-1	c.-222C>T	.	upstream_gene_variant	MODIFIER	0.2675	1023.89	55966
2019-nCoV	210	G	T	SNP	Heterozygous	orf1ab	QHD43415.1	-1	c.-56G>T	.	upstream_gene_variant	MODIFIER	0.1575	528.492	64402
2019-nCoV	241	C	T	SNP	Homozygous	orf1ab	QHD43415.1	-1	c.-25C>T	.	upstream_gene_variant	MODIFIER	1.0	7796.03	11679
2019-nCoV	670	T	G	SNP	Heterozygous	orf1ab	QHD43415.1	1	c.405T>G	p.Ser135Arg	missense_variant	MODERATE	0.218593	860.327	51968
2019-nCoV	2470	C	T	SNP	Heterozygous	orf1ab	QHD43415.1	1	c.2205C>T	p.Ala735Ala	synonymous_variant	LOW	0.1775	637.886	13957
2019-nCoV	2790	C	T	SNP	Heterozygous	orf1ab	QHD43415.1	1	c.2525C>T	p.Thr842Ile	missense_variant	MODERATE	0.231552	722.745	43248
2019-nCoV	2832	A	G	SNP	Heterozygous	orf1ab	QHD43415.1	1	c.2567A>G	p.Lys856Arg	missense_variant	MODERATE	0.566416	3339.5	46896
2019-nCoV	3037	C	T	SNP	Homozygous	orf1ab	QHD43415.1	1	c.2772C>T	p.Phe924Phe	synonymous_variant	LOW	1.0	7192.45	38142
2019-nCoV	4184	G	A	SNP	Heterozygous	orf1ab	QHD43415.1	1	c.3919G>A	p.Gly1307Ser	missense_variant	MODERATE	0.263158	1129.22	20955
2019-nCoV	4321	C	T	SNP	Heterozygous	orf1ab	QHD43415.1	1	c.4056C>T	p.Ala1352Ala	synonymous_variant	LOW	0.2325	940.862	46992
2019-nCoV	5386	T	G	SNP	Heterozygous	orf1ab	QHD43415.1	1	c.5121T>G	p.Ala1707Ala	synonymous_variant	LOW	0.6225	3830.08	18516
2019-nCoV	6512	AGTT	A	DEL	Heterozygous	orf1ab	QHD43415.1	1	c.6248_6250delGTT	p.Ser2083_Leu2084delinsIle	disruptive_inframe_deletion	MODERATE	0.670051	3994.34	30339
2019-nCoV	8393	G	A	SNP	Heterozygous	orf1ab	QHD43415.1	1	c.8128G>A	p.Ala2710Thr	missense_variant	MODERATE	0.6575	4144.66	31777
2019-nCoV	9344	C	T	SNP	Heterozygous	orf1ab	QHD43415.1	1	c.9079C>T	p.Leu3027Phe	missense_variant	MODERATE	0.1725	530.551	13755
2019-nCoV	9866	C	T	SNP	Heterozygous	orf1ab	QHD43415.1	1	c.9601C>T	p.Leu3201Phe	missense_variant	MODERATE	0.198492	720.913	19964
2019-nCoV	10029	C	T	SNP	Homozygous	orf1ab	QHD43415.1	1	c.9764C>T	p.Thr3255Ile	missense_variant	MODERATE	0.995	7907.39	24068
2019-nCoV	10198	C	T	SNP	Heterozygous	orf1ab	QHD43415.1	1	c.9933C>T	p.Asp3311Asp	synonymous_variant	LOW	0.2425	1006.28	22671
2019-nCoV	10447	GCC	ACA	MNP	Heterozygous	orf1ab	QHD43415.1	1	c.10182_10184delGCCinsACA	p.Pro3395His	missense_variant	MODERATE	0.235443	6489.83	6577
2019-nCoV	10449	C	A	SNP	Heterozygous	orf1ab	QHD43415.1	1	c.10184C>A	p.Pro3395His	missense_variant	MODERATE	0.660759	6489.83	6577
2019-nCoV	11282	AGTTTGTCTG	A	DEL	Heterozygous	orf1ab	QHD43415.1	1	c.11022_11030delGTCTGGTTT	p.Leu3674_Gly3676del	disruptive_inframe_deletion	MODERATE	0.888179	4981.9	43203
2019-nCoV	11537	A	G	SNP	Heterozygous	orf1ab	QHD43415.1	1	c.11272A>G	p.Ile3758Val	missense_variant	MODERATE	0.615	3777.94	26192
2019-nCoV	12880	C	T	SNP	Heterozygous	orf1ab	QHD43415.1	1	c.12615C>T	p.Ile4205Ile	synonymous_variant	LOW	0.2525	1057.72	28435
2019-nCoV	13195	T	C	SNP	Heterozygous	orf1ab	QHD43415.1	1	c.12930T>C	p.Val4310Val	synonymous_variant	LOW	0.615	3777.27	39315
2019-nCoV	14408	C	T	SNP	Homozygous	orf1ab	QHD43415.1	2	c.14144C>T	p.Pro4715Leu	missense_variant	MODERATE	0.9925	7855.43	7632
2019-nCoV	15240	C	T	SNP	Heterozygous	orf1ab	QHD43415.1	2	c.14976C>T	p.Asn4992Asn	synonymous_variant	LOW	0.636591	3950.61	36578
2019-nCoV	15714	C	T	SNP	Heterozygous	orf1ab	QHD43415.1	2	c.15450C>T	p.Leu5150Leu	synonymous_variant	LOW	0.23	926.293	38639
2019-nCoV	17410	C	T	SNP	Heterozygous	orf1ab	QHD43415.1	2	c.17146C>T	p.Arg5716Cys	missense_variant	MODERATE	0.195	732.853	39635
2019-nCoV	18163	A	G	SNP	Heterozygous	orf1ab	QHD43415.1	2	c.17899A>G	p.Ile5967Val	missense_variant	MODERATE	0.869674	6250.18	15337
2019-nCoV	19955	C	T	SNP	Heterozygous	orf1ab	QHD43415.1	2	c.19691C>T	p.Thr6564Ile	missense_variant	MODERATE	0.2175	855.731	35674
2019-nCoV	20055	A	G	SNP	Heterozygous	orf1ab	QHD43415.1	2	c.19791A>G	p.Glu6597Glu	synonymous_variant	LOW	0.230576	927.842	30745
2019-nCoV	21618	C	T	SNP	Heterozygous	S	QHD43416.1	1	c.56C>T	p.Thr19Ile	missense_variant	MODERATE	0.289086	1103.52	16223
2019-nCoV	21632	TTACCCCCTG	T	DEL	Heterozygous	S	QHD43416.1	1	c.71_79delTACCCCCTG	p.Leu24_Ala27delinsSer	disruptive_inframe_deletion	MODERATE	0.258228	1081.58	15956
2019-nCoV	21762	CTATACATG	TTA	MIXED	Heterozygous	S	QHD43416.1	1	c.200_208delCTATACATGinsTTA	p.Ala67_Val70delinsValIle	missense_variant&disruptive_inframe_deletion	MODERATE	0.523196	2868.69	11074
2019-nCoV	21846	C	T	SNP	Heterozygous	S	QHD43416.1	1	c.284C>T	p.Thr95Ile	missense_variant	MODERATE	0.168	346.932	251
2019-nCoV	21987	G	A	SNP	Homozygous	S	QHD43416.1	1	c.425G>A	p.Gly142Asp	missense_variant	MODERATE	0.99	7824.73	7144
2019-nCoV	22082	C	T	SNP	Heterozygous	S	QHD43416.1	1	c.520C>T	p.Pro174Ser	missense_variant	MODERATE	0.160804	547.958	6289
2019-nCoV	22193	AATT	A	DEL	Heterozygous	S	QHD43416.1	1	c.632_634delATT	p.Asn211_Leu212delinsIle	disruptive_inframe_deletion	MODERATE	0.545	3174.96	15984
2019-nCoV	22200	T	G	SNP	Heterozygous	S	QHD43416.1	1	c.638T>G	p.Val213Gly	missense_variant	MODERATE	0.37594	1876.21	16035
2019-nCoV	22204	T	TGAGCCAGAA	INS	Heterozygous	S	QHD43416.1	1	c.644_645insGCCAGAAGA	p.Arg214_Asp215insGluProGlu	disruptive_inframe_insertion	MODERATE	0.535176	3026.15	16134
2019-nCoV	22578	G	A	SNP	Heterozygous	S	QHD43416.1	1	c.1016G>A	p.Gly339Asp	missense_variant	MODERATE	0.867168	6243.13	13065
2019-nCoV	22599	G	A	SNP	Heterozygous	S	QHD43416.1	1	c.1037G>A	p.Arg346Lys	missense_variant	MODERATE	0.1875	691.913	1713
2019-nCoV	22673	TC	CT	MNP	Heterozygous	S	QHD43416.1	1	c.1111_1112delTCinsCT	p.Ser371Leu	missense_variant	MODERATE	0.67655	4027.7	3650
2019-nCoV	22679	T	C	SNP	Heterozygous	S	QHD43416.1	1	c.1117T>C	p.Ser373Pro	missense_variant	MODERATE	0.73183	4784.71	3625
2019-nCoV	22686	C	T	SNP	Heterozygous	S	QHD43416.1	1	c.1124C>T	p.Ser375Phe	missense_variant	MODERATE	0.67268	5319.89	1635
2019-nCoV	22686	CCA	TCG	MNP	Heterozygous	S	QHD43416.1	1	c.1124_1126delCCAinsTCG	p.SerThr375PheAla	missense_variant	MODERATE	0.206186	5319.89	1635
2019-nCoV	22775	G	A	SNP	Heterozygous	S	QHD43416.1	1	c.1213G>A	p.Asp405Asn	missense_variant	MODERATE	0.1725	610.487	1950
2019-nCoV	22786	A	C	SNP	Heterozygous	S	QHD43416.1	1	c.1224A>C	p.Arg408Ser	missense_variant	MODERATE	0.1825	654.144	1947
2019-nCoV	22792	C	T	SNP	Heterozygous	S	QHD43416.1	1	c.1230C>T	p.Ile410Ile	synonymous_variant	LOW	0.18797	691.927	1946
2019-nCoV	22813	G	T	SNP	Heterozygous	S	QHD43416.1	1	c.1251G>T	p.Lys417Asn	missense_variant	MODERATE	0.815	5702.0	27663
2019-nCoV	22882	T	G	SNP	Heterozygous	S	QHD43416.1	1	c.1320T>G	p.Asn440Lys	missense_variant	MODERATE	0.8025	5576.12	37335
2019-nCoV	22898	G	A	SNP	Heterozygous	S	QHD43416.1	1	c.1336G>A	p.Gly446Ser	missense_variant	MODERATE	0.655	4135.75	37561
2019-nCoV	22917	T	G	SNP	Heterozygous	S	QHD43416.1	1	c.1355T>G	p.Leu452Arg	missense_variant	MODERATE	0.20802	803.143	38009
2019-nCoV	22992	GCAC	ACAA	MNP	Heterozygous	S	QHD43416.1	1	c.1430_1433delGCACinsACAA	p.SerThr477AsnLys	missense_variant	MODERATE	0.792929	7848.17	11500
2019-nCoV	22995	C	A	SNP	Heterozygous	S	QHD43416.1	1	c.1433C>A	p.Thr478Lys	missense_variant	MODERATE	0.207071	7848.17	11500
2019-nCoV	23013	A	C	SNP	Heterozygous	S	QHD43416.1	1	c.1451A>C	p.Glu484Ala	missense_variant	MODERATE	0.80402	5560.07	11392
2019-nCoV	23040	A	G	SNP	Heterozygous	S	QHD43416.1	1	c.1478A>G	p.Gln493Arg	missense_variant	MODERATE	0.770235	4977.91	10653
2019-nCoV	23202	C	A	SNP	Heterozygous	S	QHD43416.1	1	c.1640C>A	p.Thr547Lys	missense_variant	MODERATE	0.5475	3184.05	8509
2019-nCoV	23403	A	G	SNP	Homozygous	S	QHD43416.1	1	c.1841A>G	p.Asp614Gly	missense_variant	MODERATE	1.0	7844.57	47937
2019-nCoV	23525	C	T	SNP	Heterozygous	S	QHD43416.1	1	c.1963C>T	p.His655Tyr	missense_variant	MODERATE	0.84	5969.14	71717
2019-nCoV	23599	T	G	SNP	Heterozygous	S	QHD43416.1	1	c.2037T>G	p.Asn679Lys	missense_variant	MODERATE	0.847118	6034.71	85312
2019-nCoV	23604	C	A	SNP	Homozygous	S	QHD43416.1	1	c.2042C>A	p.Pro681His	missense_variant	MODERATE	0.994169	6775.9	85368
2019-nCoV	23854	C	A	SNP	Heterozygous	S	QHD43416.1	1	c.2292C>A	p.Asn764Lys	missense_variant	MODERATE	0.836272	5816.7	13202
2019-nCoV	23948	G	T	SNP	Heterozygous	S	QHD43416.1	1	c.2386G>T	p.Asp796Tyr	missense_variant	MODERATE	0.884422	6421.04	9057
2019-nCoV	24130	C	A	SNP	Heterozygous	S	QHD43416.1	1	c.2568C>A	p.Asn856Lys	missense_variant	MODERATE	0.593909	3536.2	17746
2019-nCoV	24424	A	T	SNP	Heterozygous	S	QHD43416.1	1	c.2862A>T	p.Gln954His	missense_variant	MODERATE	0.889724	6495.78	13086
2019-nCoV	24469	T	A	SNP	Heterozygous	S	QHD43416.1	1	c.2907T>A	p.Asn969Lys	missense_variant	MODERATE	0.876574	6111.91	29827
2019-nCoV	24503	C	T	SNP	Heterozygous	S	QHD43416.1	1	c.2941C>T	p.Leu981Phe	missense_variant	MODERATE	0.6525	4076.48	31705
2019-nCoV	25000	C	T	SNP	Heterozygous	S	QHD43416.1	1	c.3438C>T	p.Asp1146Asp	synonymous_variant	LOW	0.8825	6390.46	31525
2019-nCoV	25584	C	T	SNP	Heterozygous	ORF3a	QHD43417.1	1	c.192C>T	p.Thr64Thr	synonymous_variant	LOW	0.868354	6194.49	58842
2019-nCoV	26060	C	T	SNP	Heterozygous	ORF3a	QHD43417.1	1	c.668C>T	p.Thr223Ile	missense_variant	MODERATE	0.265	1144.41	28833
2019-nCoV	26270	C	T	SNP	Heterozygous	E	QHD43418.1	1	c.26C>T	p.Thr9Ile	missense_variant	MODERATE	0.849624	6040.39	88155
2019-nCoV	26530	A	G	SNP	Heterozygous	M	QHD43419.1	1	c.8A>G	p.Asp3Gly	missense_variant	MODERATE	0.6675	4257.54	19884
2019-nCoV	26577	C	G	SNP	Heterozygous	M	QHD43419.1	1	c.55C>G	p.Gln19Glu	missense_variant	MODERATE	0.8675	6267.33	10823
2019-nCoV	26709	G	A	SNP	Heterozygous	M	QHD43419.1	1	c.187G>A	p.Ala63Thr	missense_variant	MODERATE	0.81203	5658.57	22910
2019-nCoV	26767	T	C	SNP	Heterozygous	M	QHD43419.1	1	c.245T>C	p.Ile82Thr	missense_variant	MODERATE	0.1675	584.812	22870
2019-nCoV	26858	C	T	SNP	Heterozygous	M	QHD43419.1	1	c.336C>T	p.Phe112Phe	synonymous_variant	LOW	0.183417	652.974	26848
2019-nCoV	27259	A	C	SNP	Heterozygous	ORF6	QHD43420.1	1	c.58A>C	p.Arg20Arg	synonymous_variant	LOW	0.895	6580.17	30818
2019-nCoV	27382	GAT	CTC	MNP	Heterozygous	ORF6	QHD43420.1	1	c.181_183delGATinsCTC	p.Asp61Leu	missense_variant	MODERATE	0.28392	1257.69	9893
2019-nCoV	27807	C	T	SNP	Heterozygous	ORF8	QHD43422.1	-1	c.-87C>T	.	upstream_gene_variant	MODIFIER	0.8675	6267.78	44073
2019-nCoV	28271	A	T	SNP	Heterozygous	N	QHD43423.2	-1	c.-3A>T	.	upstream_gene_variant	MODIFIER	0.949602	6306.42	74384
2019-nCoV	28311	C	T	SNP	Heterozygous	N	QHD43423.2	1	c.38C>T	p.Pro13Leu	missense_variant	MODERATE	0.8975	6621.77	81865
2019-nCoV	28361	GGAGAACGCA	G	DEL	Heterozygous	N	QHD43423.2	1	c.90_98delAGAACGCAG	p.Glu31_Ser33del	disruptive_inframe_deletion	MODERATE	0.903646	6385.21	21655
2019-nCoV	28461	A	G	SNP	Heterozygous	N	QHD43423.2	1	c.188A>G	p.Asp63Gly	missense_variant	MODERATE	0.20802	795.544	3418
2019-nCoV	28881	GGG	AAC	MNP	Homozygous	N	QHD43423.2	1	c.608_610delGGGinsAAC	p.ArgGly203LysArg	missense_variant	MODERATE	1.0	6888.65	26059
2019-nCoV	28916	G	T	SNP	Heterozygous	N	QHD43423.2	1	c.643G>T	p.Gly215Cys	missense_variant	MODERATE	0.135338	423.569	73398
2019-nCoV	29301	A	G	SNP	Heterozygous	N	QHD43423.2	1	c.1028A>G	p.Asp343Gly	missense_variant	MODERATE	0.1925	705.385	10503
2019-nCoV	29510	A	C	SNP	Heterozygous	N	QHD43423.2	1	c.1237A>C	p.Ser413Arg	missense_variant	MODERATE	0.140351	445.865	17938
2019-nCoV	29733	CGAGGCCACGCGGAGTACGATCGAGTG	C	DEL	Heterozygous	S	QHD43416.1	-1	c.*4350_*4375delGAGGCCACGCGGAGTACGATCGAGTG	.	downstream_gene_variant	MODIFIER	0.231198	1492.09	4260
