CHROM	POS	REF	ALT	VARTYPE	GEN[*].GT	ANN[*].GENE	ANN[*].FEATUREID	EFF[*].RANK	ANN[*].HGVS_C	ANN[*].HGVS_P	ANN[*].EFFECT	EFF[*].IMPACT	AF	QUAL	DP
2019-nCoV	44	C	T	SNP	Homozygous	orf1ab	QHD43415.1	-1	c.-222C>T	.	upstream_gene_variant	MODIFIER	0.989	32248.4	71897
2019-nCoV	222	C	T	SNP	Heterozygous	orf1ab	QHD43415.1	-1	c.-44C>T	.	upstream_gene_variant	MODIFIER	0.029029	25.4028	69102
2019-nCoV	239	TTC	CTT	MNP	Heterozygous	orf1ab	QHD43415.1	-1	c.-27_-25delTTCinsCTT	.	upstream_gene_variant	MODIFIER	0.0290436	35607.6	2883
2019-nCoV	241	C	T	SNP	Heterozygous	orf1ab	QHD43415.1	-1	c.-25C>T	.	upstream_gene_variant	MODIFIER	0.970456	35607.6	2883
2019-nCoV	670	T	G	SNP	Homozygous	orf1ab	QHD43415.1	1	c.405T>G	p.Ser135Arg	missense_variant	MODERATE	0.994987	33357.5	51999
2019-nCoV	1044	C	T	SNP	Heterozygous	orf1ab	QHD43415.1	1	c.779C>T	p.Ala260Val	missense_variant	MODERATE	0.0586172	337.174	13167
2019-nCoV	1288	C	T	SNP	Heterozygous	orf1ab	QHD43415.1	1	c.1023C>T	p.Cys341Cys	synonymous_variant	LOW	0.032	77.6128	16735
2019-nCoV	1377	C	T	SNP	Heterozygous	orf1ab	QHD43415.1	1	c.1112C>T	p.Pro371Leu	missense_variant	MODERATE	0.0285	54.7957	33343
2019-nCoV	1570	T	C	SNP	Heterozygous	orf1ab	QHD43415.1	1	c.1305T>C	p.His435His	synonymous_variant	LOW	0.0735368	392.355	17812
2019-nCoV	1627	C	T	SNP	Heterozygous	orf1ab	QHD43415.1	1	c.1362C>T	p.Leu454Leu	synonymous_variant	LOW	0.369685	6934.29	20761
2019-nCoV	1779	C	T	SNP	Heterozygous	orf1ab	QHD43415.1	1	c.1514C>T	p.Ser505Phe	missense_variant	MODERATE	0.036	57.7296	4817
2019-nCoV	1931	C	A	SNP	Heterozygous	orf1ab	QHD43415.1	1	c.1666C>A	p.Gln556Lys	missense_variant	MODERATE	0.331661	6530.41	4905
2019-nCoV	2189	C	A	SNP	Heterozygous	orf1ab	QHD43415.1	1	c.1924C>A	p.Leu642Ile	missense_variant	MODERATE	0.0435218	104.885	9003
2019-nCoV	2393	G	A	SNP	Heterozygous	orf1ab	QHD43415.1	1	c.2128G>A	p.Val710Ile	missense_variant	MODERATE	0.0488889	35.3933	225
2019-nCoV	2790	C	T	SNP	Homozygous	orf1ab	QHD43415.1	1	c.2525C>T	p.Thr842Ile	missense_variant	MODERATE	1.0	29747.8	29472
2019-nCoV	2894	G	A	SNP	Heterozygous	orf1ab	QHD43415.1	1	c.2629G>A	p.Asp877Asn	missense_variant	MODERATE	0.0866733	734.356	48008
2019-nCoV	2929	A	G	SNP	Heterozygous	orf1ab	QHD43415.1	1	c.2664A>G	p.Glu888Glu	synonymous_variant	LOW	0.043	168.89	36882
2019-nCoV	2954	T	C	SNP	Heterozygous	orf1ab	QHD43415.1	1	c.2689T>C	p.Leu897Leu	synonymous_variant	LOW	0.208	3270.87	37256
2019-nCoV	3037	C	T	SNP	Homozygous	orf1ab	QHD43415.1	1	c.2772C>T	p.Phe924Phe	synonymous_variant	LOW	1.0	34328.1	33076
2019-nCoV	3040	C	T	SNP	Heterozygous	orf1ab	QHD43415.1	1	c.2775C>T	p.Tyr925Tyr	synonymous_variant	LOW	0.0425	163.88	36831
2019-nCoV	3070	TT	G	MIXED	Heterozygous	orf1ab	QHD43415.1	1	c.2805_2806delTTinsG	p.Asp935fs	frameshift_variant&missense_variant	HIGH	0.0230115	26.4154	2809
2019-nCoV	3078	A	G	SNP	Heterozygous	orf1ab	QHD43415.1	1	c.2813A>G	p.Glu938Gly	missense_variant	MODERATE	0.0270135	18.5123	2847
2019-nCoV	3231	G	T	SNP	Heterozygous	orf1ab	QHD43415.1	1	c.2966G>T	p.Gly989Val	missense_variant	MODERATE	0.0265133	16.1561	6006
2019-nCoV	3738	C	T	SNP	Heterozygous	orf1ab	QHD43415.1	1	c.3473C>T	p.Pro1158Leu	missense_variant	MODERATE	0.0365	59.0134	11814
2019-nCoV	3796	C	T	SNP	Heterozygous	orf1ab	QHD43415.1	1	c.3531C>T	p.Val1177Val	synonymous_variant	LOW	0.0446787	176.465	11931
2019-nCoV	3927	C	T	SNP	Heterozygous	orf1ab	QHD43415.1	1	c.3662C>T	p.Ser1221Leu	missense_variant	MODERATE	0.0585293	336.329	2720
2019-nCoV	3992	C	T	SNP	Heterozygous	orf1ab	QHD43415.1	1	c.3727C>T	p.Leu1243Leu	synonymous_variant	LOW	0.0389544	129.245	1949
2019-nCoV	4184	G	A	SNP	Homozygous	orf1ab	QHD43415.1	1	c.3919G>A	p.Gly1307Ser	missense_variant	MODERATE	0.995998	36000.0	6796
2019-nCoV	4293	A	G	SNP	Heterozygous	orf1ab	QHD43415.1	1	c.4028A>G	p.Lys1343Arg	missense_variant	MODERATE	0.0355	54.7522	21980
2019-nCoV	4321	C	T	SNP	Homozygous	orf1ab	QHD43415.1	1	c.4056C>T	p.Ala1352Ala	synonymous_variant	LOW	1.0	32792.7	20828
2019-nCoV	4576	A	T	SNP	Heterozygous	orf1ab	QHD43415.1	1	c.4311A>T	p.Thr1437Thr	synonymous_variant	LOW	0.041041	150.633	38776
2019-nCoV	4579	T	A	SNP	Heterozygous	orf1ab	QHD43415.1	1	c.4314T>A	p.Leu1438Leu	synonymous_variant	LOW	0.045	115.349	38766
2019-nCoV	4586	C	T	SNP	Heterozygous	orf1ab	QHD43415.1	1	c.4321C>T	p.Leu1441Leu	synonymous_variant	LOW	0.051	249.093	38731
2019-nCoV	5015	G	T	SNP	Heterozygous	orf1ab	QHD43415.1	1	c.4750G>T	p.Val1584Leu	missense_variant	MODERATE	0.0195489	13.8553	16917
2019-nCoV	5183	C	T	SNP	Heterozygous	orf1ab	QHD43415.1	1	c.4918C>T	p.Pro1640Ser	missense_variant	MODERATE	0.035	52.3935	12895
2019-nCoV	5284	C	T	SNP	Heterozygous	orf1ab	QHD43415.1	1	c.5019C>T	p.Asn1673Asn	synonymous_variant	LOW	0.045	188.624	11696
2019-nCoV	5623	T	G	SNP	Heterozygous	orf1ab	QHD43415.1	1	c.5358T>G	p.Pro1786Pro	synonymous_variant	LOW	0.0485243	223.573	27215
2019-nCoV	5704	G	T	SNP	Heterozygous	orf1ab	QHD43415.1	1	c.5439G>T	p.Gln1813His	missense_variant	MODERATE	0.0185093	10.6011	24868
2019-nCoV	6058	A	G	SNP	Heterozygous	orf1ab	QHD43415.1	1	c.5793A>G	p.Val1931Val	synonymous_variant	LOW	0.0385	128.222	8603
2019-nCoV	6730	C	T	SNP	Heterozygous	orf1ab	QHD43415.1	1	c.6465C>T	p.Asn2155Asn	synonymous_variant	LOW	0.039	75.5644	23669
2019-nCoV	7124	C	T	SNP	Heterozygous	orf1ab	QHD43415.1	1	c.6859C>T	p.Pro2287Ser	missense_variant	MODERATE	0.033	42.1614	5036
2019-nCoV	7303	C	T	SNP	Heterozygous	orf1ab	QHD43415.1	1	c.7038C>T	p.Ile2346Ile	synonymous_variant	LOW	0.0519481	129.535	921
2019-nCoV	7528	C	T	SNP	Heterozygous	orf1ab	QHD43415.1	1	c.7263C>T	p.Val2421Val	synonymous_variant	LOW	0.0975	916.247	9819
2019-nCoV	8174	G	A	SNP	Heterozygous	orf1ab	QHD43415.1	1	c.7909G>A	p.Ala2637Thr	missense_variant	MODERATE	0.0360541	57.9076	11778
2019-nCoV	9286	C	T	SNP	Heterozygous	orf1ab	QHD43415.1	1	c.9021C>T	p.Asn3007Asn	synonymous_variant	LOW	0.0405812	84.9041	6529
2019-nCoV	9344	C	T	SNP	Homozygous	orf1ab	QHD43415.1	1	c.9079C>T	p.Leu3027Phe	missense_variant	MODERATE	0.987921	33766.7	5926
2019-nCoV	9424	A	G	SNP	Heterozygous	orf1ab	QHD43415.1	1	c.9159A>G	p.Val3053Val	synonymous_variant	LOW	0.98099	34921.4	5010
2019-nCoV	9534	C	T	SNP	Homozygous	orf1ab	QHD43415.1	1	c.9269C>T	p.Thr3090Ile	missense_variant	MODERATE	1.0	2095.14	118
2019-nCoV	9866	C	T	SNP	Heterozygous	orf1ab	QHD43415.1	1	c.9601C>T	p.Leu3201Phe	missense_variant	MODERATE	0.0275551	47.5486	10548
2019-nCoV	10029	C	T	SNP	Homozygous	orf1ab	QHD43415.1	1	c.9764C>T	p.Thr3255Ile	missense_variant	MODERATE	0.996498	36133.9	14869
2019-nCoV	10198	C	T	SNP	Homozygous	orf1ab	QHD43415.1	1	c.9933C>T	p.Asp3311Asp	synonymous_variant	LOW	1.0	33949.4	12621
2019-nCoV	10447	GCC	ACA	MNP	Homozygous	orf1ab	QHD43415.1	1	c.10182_10184delGCCinsACA	p.Pro3395His	missense_variant	MODERATE	1.0	35752.0	3119
2019-nCoV	10728	C	T	SNP	Heterozygous	orf1ab	QHD43415.1	1	c.10463C>T	p.Thr3488Ile	missense_variant	MODERATE	0.029	25.5709	24154
2019-nCoV	10775	C	T	SNP	Heterozygous	orf1ab	QHD43415.1	1	c.10510C>T	p.Pro3504Ser	missense_variant	MODERATE	0.024024	30.8699	24186
2019-nCoV	11255	A	G	SNP	Heterozygous	orf1ab	QHD43415.1	1	c.10990A>G	p.Met3664Val	missense_variant	MODERATE	0.026	40.6023	21372
2019-nCoV	11287	GTCTGGTTTT	G	DEL	Homozygous	orf1ab	QHD43415.1	1	c.11023_11031delTCTGGTTTT	p.Ser3675_Phe3677del	conservative_inframe_deletion	MODERATE	1.0	35646.9	32018
2019-nCoV	11497	C	G	SNP	Heterozygous	orf1ab	QHD43415.1	1	c.11232C>G	p.Tyr3744*	stop_gained	HIGH	0.0245123	33.0957	2820
2019-nCoV	11514	C	T	SNP	Heterozygous	orf1ab	QHD43415.1	1	c.11249C>T	p.Thr3750Ile	missense_variant	MODERATE	0.0355178	55.0714	2899
2019-nCoV	11750	C	T	SNP	Heterozygous	orf1ab	QHD43415.1	1	c.11485C>T	p.Leu3829Phe	missense_variant	MODERATE	0.508	12520.8	17221
2019-nCoV	11956	C	T	SNP	Heterozygous	orf1ab	QHD43415.1	1	c.11691C>T	p.Asp3897Asp	synonymous_variant	LOW	0.036	107.367	26370
2019-nCoV	12061	A	G	SNP	Heterozygous	orf1ab	QHD43415.1	1	c.11796A>G	p.Glu3932Glu	synonymous_variant	LOW	0.0565	213.436	5115
2019-nCoV	12160	G	A	SNP	Heterozygous	orf1ab	QHD43415.1	1	c.11895G>A	p.Glu3965Glu	synonymous_variant	LOW	0.97047	34077.1	5143
2019-nCoV	12283	T	C	SNP	Heterozygous	orf1ab	QHD43415.1	1	c.12018T>C	p.Asp4006Asp	synonymous_variant	LOW	0.0215323	20.3113	7771
2019-nCoV	12310	G	A	SNP	Heterozygous	orf1ab	QHD43415.1	1	c.12045G>A	p.Gln4015Gln	synonymous_variant	LOW	0.207812	2669.02	12822
2019-nCoV	12554	G	A	SNP	Heterozygous	orf1ab	QHD43415.1	1	c.12289G>A	p.Glu4097Lys	missense_variant	MODERATE	0.0415	90.4125	21485
2019-nCoV	12655	T	C	SNP	Heterozygous	orf1ab	QHD43415.1	1	c.12390T>C	p.Ala4130Ala	synonymous_variant	LOW	0.028	20.7118	41105
2019-nCoV	12779	T	C	SNP	Heterozygous	orf1ab	QHD43415.1	1	c.12514T>C	p.Tyr4172His	missense_variant	MODERATE	0.0205205	17.7801	33591
2019-nCoV	12880	C	T	SNP	Homozygous	orf1ab	QHD43415.1	1	c.12615C>T	p.Ile4205Ile	synonymous_variant	LOW	0.995495	35671.7	17576
2019-nCoV	13019	C	T	SNP	Heterozygous	orf1ab	QHD43415.1	1	c.12754C>T	p.Leu4252Leu	synonymous_variant	LOW	0.0475949	214.491	3517
2019-nCoV	14257	T	C	SNP	Heterozygous	orf1ab	QHD43415.1	2	c.13993T>C	p.Tyr4665His	missense_variant	MODERATE	0.42807	8673.3	12164
2019-nCoV	14313	T	C	SNP	Heterozygous	orf1ab	QHD43415.1	2	c.14049T>C	p.Asp4683Asp	synonymous_variant	LOW	0.044022	178.856	12051
2019-nCoV	14408	C	T	SNP	Homozygous	orf1ab	QHD43415.1	2	c.14144C>T	p.Pro4715Leu	missense_variant	MODERATE	0.994189	31553.8	1929
2019-nCoV	15451	G	A	SNP	Heterozygous	orf1ab	QHD43415.1	2	c.15187G>A	p.Gly5063Ser	missense_variant	MODERATE	0.0805471	623.237	72369
2019-nCoV	15714	C	T	SNP	Homozygous	orf1ab	QHD43415.1	2	c.15450C>T	p.Leu5150Leu	synonymous_variant	LOW	0.999499	19861.9	70934
2019-nCoV	16616	C	A	SNP	Heterozygous	orf1ab	QHD43415.1	2	c.16352C>A	p.Thr5451Asn	missense_variant	MODERATE	0.144645	2541.98	12012
2019-nCoV	16935	G	A	SNP	Heterozygous	orf1ab	QHD43415.1	2	c.16671G>A	p.Met5557Ile	missense_variant	MODERATE	0.336168	6812.77	75440
2019-nCoV	17039	A	G	SNP	Heterozygous	orf1ab	QHD43415.1	2	c.16775A>G	p.Asn5592Ser	missense_variant	MODERATE	0.293	4813.76	69422
2019-nCoV	17410	C	T	SNP	Homozygous	orf1ab	QHD43415.1	2	c.17146C>T	p.Arg5716Cys	missense_variant	MODERATE	0.993	35860.2	51455
2019-nCoV	17676	C	T	SNP	Heterozygous	orf1ab	QHD43415.1	2	c.17412C>T	p.Ile5804Ile	synonymous_variant	LOW	0.026026	40.7511	13093
2019-nCoV	17934	C	T	SNP	Heterozygous	orf1ab	QHD43415.1	2	c.17670C>T	p.Thr5890Thr	synonymous_variant	LOW	0.0325978	81.1449	8596
2019-nCoV	18083	T	C	SNP	Heterozygous	orf1ab	QHD43415.1	2	c.17819T>C	p.Ile5940Thr	missense_variant	MODERATE	0.0275138	48.8916	12919
2019-nCoV	18163	A	G	SNP	Homozygous	orf1ab	QHD43415.1	2	c.17899A>G	p.Ile5967Val	missense_variant	MODERATE	0.997999	36136.6	8693
2019-nCoV	18804	C	T	SNP	Heterozygous	orf1ab	QHD43415.1	2	c.18540C>T	p.Ser6180Ser	synonymous_variant	LOW	0.038	123.11	4212
2019-nCoV	19160	C	T	SNP	Heterozygous	orf1ab	QHD43415.1	2	c.18896C>T	p.Ser6299Phe	missense_variant	MODERATE	0.035	99.641	8183
2019-nCoV	19176	T	G	SNP	Heterozygous	orf1ab	QHD43415.1	2	c.18912T>G	p.Asp6304Glu	missense_variant	MODERATE	0.0285	23.2545	7796
2019-nCoV	19326	A	G	SNP	Heterozygous	orf1ab	QHD43415.1	2	c.19062A>G	p.Pro6354Pro	synonymous_variant	LOW	0.022	22.4338	19864
2019-nCoV	19443	A	G	SNP	Heterozygous	orf1ab	QHD43415.1	2	c.19179A>G	p.Leu6393Leu	synonymous_variant	LOW	0.0285714	22.8474	6911
2019-nCoV	19955	C	T	SNP	Homozygous	orf1ab	QHD43415.1	2	c.19691C>T	p.Thr6564Ile	missense_variant	MODERATE	1.0	33777.4	40455
2019-nCoV	20055	AG	GA	MNP	Heterozygous	orf1ab	QHD43415.1	2	c.19791_19792delAGinsGA	p.Gly6598Ser	missense_variant	MODERATE	0.0205823	34541.7	24684
2019-nCoV	20055	A	G	SNP	Heterozygous	orf1ab	QHD43415.1	2	c.19791A>G	p.Glu6597Glu	synonymous_variant	LOW	0.958835	34541.7	24684
2019-nCoV	20677	C	T	SNP	Heterozygous	orf1ab	QHD43415.1	2	c.20413C>T	p.Pro6805Ser	missense_variant	MODERATE	0.023	26.1188	26350
2019-nCoV	21483	T	C	SNP	Heterozygous	orf1ab	QHD43415.1	2	c.21219T>C	p.Leu7073Leu	synonymous_variant	LOW	0.019	11.5361	7247
2019-nCoV	21618	C	T	SNP	Homozygous	S	QHD43416.1	1	c.56C>T	p.Thr19Ile	missense_variant	MODERATE	0.999499	33831.4	11842
2019-nCoV	21632	TTACCCCCTG	T	DEL	Homozygous	S	QHD43416.1	1	c.71_79delTACCCCCTG	p.Leu24_Ala27delinsSer	disruptive_inframe_deletion	MODERATE	1.0	35874.4	11498
2019-nCoV	21764	ATACATG	A	DEL	Heterozygous	S	QHD43416.1	1	c.204_209delACATGT	p.His69_Val70del	disruptive_inframe_deletion	MODERATE	0.97218	33930.4	13214
2019-nCoV	21987	G	A	SNP	Homozygous	S	QHD43416.1	1	c.425G>A	p.Gly142Asp	missense_variant	MODERATE	0.99	33102.4	14254
2019-nCoV	21995	T	C	SNP	Heterozygous	S	QHD43416.1	1	c.433T>C	p.Tyr145His	missense_variant	MODERATE	0.0415832	153.335	14247
2019-nCoV	22001	A	G	SNP	Heterozygous	S	QHD43416.1	1	c.439A>G	p.Lys147Glu	missense_variant	MODERATE	0.0505253	156.216	13864
2019-nCoV	22016	T	C	SNP	Heterozygous	S	QHD43416.1	1	c.454T>C	p.Trp152Arg	missense_variant	MODERATE	0.064	407.584	14290
2019-nCoV	22104	G	T	SNP	Heterozygous	S	QHD43416.1	1	c.542G>T	p.Gly181Val	missense_variant	MODERATE	0.0210105	18.4055	29150
2019-nCoV	22200	T	G	SNP	Heterozygous	S	QHD43416.1	1	c.638T>G	p.Val213Gly	missense_variant	MODERATE	0.920892	30702.8	3124
2019-nCoV	22326	C	T	SNP	Heterozygous	S	QHD43416.1	1	c.764C>T	p.Ser255Phe	missense_variant	MODERATE	0.0392552	141.461	6575
2019-nCoV	22576	TGG	GA	MIXED	Heterozygous	S	QHD43416.1	1	c.1014_1016delTGGinsGA	p.Phe338fs	frameshift_variant&missense_variant	HIGH	0.972945	32858.1	4338
2019-nCoV	22577	GG	CA	MNP	Heterozygous	S	QHD43416.1	1	c.1015_1016delGGinsCA	p.Gly339His	missense_variant	MODERATE	0.0245023	32858.1	4338
2019-nCoV	22599	G	C	SNP	Heterozygous	S	QHD43416.1	1	c.1037G>C	p.Arg346Thr	missense_variant	MODERATE	0.600642	14937.7	1869
2019-nCoV	22623	A	G	SNP	Heterozygous	S	QHD43416.1	1	c.1061A>G	p.Asn354Ser	missense_variant	MODERATE	0.0220472	21.6867	1905
2019-nCoV	22674	C	T	SNP	Homozygous	S	QHD43416.1	1	c.1112C>T	p.Ser371Phe	missense_variant	MODERATE	0.998498	33480.1	2058
2019-nCoV	22679	T	C	SNP	Homozygous	S	QHD43416.1	1	c.1117T>C	p.Ser373Pro	missense_variant	MODERATE	0.9985	33460.5	2017
2019-nCoV	22686	CCA	TCG	MNP	Heterozygous	S	QHD43416.1	1	c.1124_1126delCCAinsTCG	p.SerThr375PheAla	missense_variant	MODERATE	0.926829	2913.41	224
2019-nCoV	22775	G	A	SNP	Homozygous	S	QHD43416.1	1	c.1213G>A	p.Asp405Asn	missense_variant	MODERATE	1.0	2939.0	178
2019-nCoV	22786	A	C	SNP	Heterozygous	S	QHD43416.1	1	c.1224A>C	p.Arg408Ser	missense_variant	MODERATE	0.966667	2955.69	183
2019-nCoV	22813	G	T	SNP	Homozygous	S	QHD43416.1	1	c.1251G>T	p.Lys417Asn	missense_variant	MODERATE	1.0	33931.8	28866
2019-nCoV	22882	T	G	SNP	Homozygous	S	QHD43416.1	1	c.1320T>G	p.Asn440Lys	missense_variant	MODERATE	0.994997	33472.4	36294
2019-nCoV	22893	A	C	SNP	Heterozygous	S	QHD43416.1	1	c.1331A>C	p.Lys444Thr	missense_variant	MODERATE	0.340285	6828.8	36268
2019-nCoV	22896	T	C	SNP	Heterozygous	S	QHD43416.1	1	c.1334T>C	p.Val445Ala	missense_variant	MODERATE	0.0485485	223.794	36082
2019-nCoV	22910	A	G	SNP	Heterozygous	S	QHD43416.1	1	c.1348A>G	p.Asn450Asp	missense_variant	MODERATE	0.0515	257.203	35622
2019-nCoV	22916	CT	AG	MNP	Heterozygous	S	QHD43416.1	1	c.1354_1355delCTinsAG	p.Leu452Arg	missense_variant	MODERATE	0.0250878	34674.4	35437
2019-nCoV	22917	T	G	SNP	Heterozygous	S	QHD43416.1	1	c.1355T>G	p.Leu452Arg	missense_variant	MODERATE	0.953838	34674.4	35437
2019-nCoV	22942	T	A	SNP	Heterozygous	S	QHD43416.1	1	c.1380T>A	p.Asn460Lys	missense_variant	MODERATE	0.342184	7565.66	34529
2019-nCoV	22992	GCAC	ACAA	MNP	Homozygous	S	QHD43416.1	1	c.1430_1433delGCACinsACAA	p.SerThr477AsnLys	missense_variant	MODERATE	1.0	35533.5	5929
2019-nCoV	23013	A	C	SNP	Homozygous	S	QHD43416.1	1	c.1451A>C	p.Glu484Ala	missense_variant	MODERATE	0.994461	35731.6	13298
2019-nCoV	23018	T	G	SNP	Heterozygous	S	QHD43416.1	1	c.1456T>G	p.Phe486Val	missense_variant	MODERATE	0.968941	33554.0	13327
2019-nCoV	23055	A	G	SNP	Homozygous	S	QHD43416.1	1	c.1493A>G	p.Gln498Arg	missense_variant	MODERATE	0.994481	35766.2	7510
2019-nCoV	23063	A	T	SNP	Homozygous	S	QHD43416.1	1	c.1501A>T	p.Asn501Tyr	missense_variant	MODERATE	0.995992	33070.6	7612
2019-nCoV	23075	T	C	SNP	Homozygous	S	QHD43416.1	1	c.1513T>C	p.Tyr505His	missense_variant	MODERATE	0.998498	19744.9	7782
2019-nCoV	23130	C	A	SNP	Heterozygous	S	QHD43416.1	1	c.1568C>A	p.Thr523Asn	missense_variant	MODERATE	0.023023	26.1664	12191
2019-nCoV	23356	A	T	SNP	Heterozygous	S	QHD43416.1	1	c.1794A>T	p.Ile598Ile	synonymous_variant	LOW	0.0365183	61.0185	52216
2019-nCoV	23403	A	G	SNP	Homozygous	S	QHD43416.1	1	c.1841A>G	p.Asp614Gly	missense_variant	MODERATE	1.0	33324.4	49567
2019-nCoV	23525	C	T	SNP	Homozygous	S	QHD43416.1	1	c.1963C>T	p.His655Tyr	missense_variant	MODERATE	0.9995	33763.9	106144
2019-nCoV	23599	T	G	SNP	Homozygous	S	QHD43416.1	1	c.2037T>G	p.Asn679Lys	missense_variant	MODERATE	0.996997	33624.8	168114
2019-nCoV	23604	C	A	SNP	Homozygous	S	QHD43416.1	1	c.2042C>A	p.Pro681His	missense_variant	MODERATE	0.998998	19835.4	168209
2019-nCoV	23679	C	T	SNP	Heterozygous	S	QHD43416.1	1	c.2117C>T	p.Ala706Val	missense_variant	MODERATE	0.0275551	50.2775	72279
2019-nCoV	23854	C	A	SNP	Homozygous	S	QHD43416.1	1	c.2292C>A	p.Asn764Lys	missense_variant	MODERATE	0.995491	33029.9	15417
2019-nCoV	23948	GATTTTGG	TATTTGTGGT	MIXED	Heterozygous	S	QHD43416.1	1	c.2386_2393delGATTTTGGinsTATTTGTGGT	p.Asp796fs	frameshift_variant&missense_variant	HIGH	0.0673278	33448.5	10914
2019-nCoV	23948	G	T	SNP	Heterozygous	S	QHD43416.1	1	c.2386G>T	p.Asp796Tyr	missense_variant	MODERATE	0.871086	33448.5	10914
2019-nCoV	24424	A	T	SNP	Homozygous	S	QHD43416.1	1	c.2862A>T	p.Gln954His	missense_variant	MODERATE	0.990486	35545.4	39448
2019-nCoV	24469	T	A	SNP	Homozygous	S	QHD43416.1	1	c.2907T>A	p.Asn969Lys	missense_variant	MODERATE	1.0	32811.2	49830
2019-nCoV	24706	T	C	SNP	Heterozygous	S	QHD43416.1	1	c.3144T>C	p.His1048His	synonymous_variant	LOW	0.022	22.179	10956
2019-nCoV	25000	C	T	SNP	Homozygous	S	QHD43416.1	1	c.3438C>T	p.Asp1146Asp	synonymous_variant	LOW	0.991996	33179.1	24096
2019-nCoV	25166	G	C	SNP	Heterozygous	S	QHD43416.1	1	c.3604G>C	p.Glu1202Gln	missense_variant	MODERATE	0.0385	126.223	47267
2019-nCoV	25350	C	A	SNP	Heterozygous	S	QHD43416.1	1	c.3788C>A	p.Pro1263Gln	missense_variant	MODERATE	0.026	15.3227	2991
2019-nCoV	25416	C	T	SNP	Heterozygous	ORF3a	QHD43417.1	1	c.24C>T	p.Phe8Phe	synonymous_variant	LOW	0.0275275	47.5393	35571
2019-nCoV	25584	C	T	SNP	Heterozygous	ORF3a	QHD43417.1	1	c.192C>T	p.Thr64Thr	synonymous_variant	LOW	0.980461	34838.3	184813
2019-nCoV	26022	C	T	SNP	Heterozygous	ORF3a	QHD43417.1	1	c.630C>T	p.Asp210Asp	synonymous_variant	LOW	0.0465	203.713	51669
2019-nCoV	26060	C	T	SNP	Heterozygous	ORF3a	QHD43417.1	1	c.668C>T	p.Thr223Ile	missense_variant	MODERATE	0.984484	35149.5	48143
2019-nCoV	26270	C	T	SNP	Homozygous	E	QHD43418.1	1	c.26C>T	p.Thr9Ile	missense_variant	MODERATE	0.994492	33431.0	107441
2019-nCoV	26275	A	G	SNP	Heterozygous	E	QHD43418.1	1	c.31A>G	p.Thr11Ala	missense_variant	MODERATE	0.068	462.582	107051
2019-nCoV	26464	C	T	SNP	Heterozygous	E	QHD43418.1	1	c.220C>T	p.Leu74Leu	synonymous_variant	LOW	0.021021	19.1851	4914
2019-nCoV	26529	G	A	SNP	Heterozygous	M	QHD43419.1	1	c.7G>A	p.Asp3Asn	missense_variant	MODERATE	0.9265	31494.7	8157
2019-nCoV	26541	A	G	SNP	Heterozygous	M	QHD43419.1	1	c.19A>G	p.Thr7Ala	missense_variant	MODERATE	0.0285858	24.0005	4418
2019-nCoV	26577	C	G	SNP	Heterozygous	M	QHD43419.1	1	c.55C>G	p.Gln19Glu	missense_variant	MODERATE	0.922384	35868.0	3704
2019-nCoV	26577	CAA	GAG	MNP	Heterozygous	M	QHD43419.1	1	c.55_57delCAAinsGAG	p.Gln19Glu	missense_variant	MODERATE	0.0726089	35868.0	3704
2019-nCoV	26709	G	A	SNP	Homozygous	M	QHD43419.1	1	c.187G>A	p.Ala63Thr	missense_variant	MODERATE	0.997994	36151.3	11459
2019-nCoV	26858	C	T	SNP	Heterozygous	M	QHD43419.1	1	c.336C>T	p.Phe112Phe	synonymous_variant	LOW	0.062	376.222	51239
2019-nCoV	27012	C	T	SNP	Heterozygous	M	QHD43419.1	1	c.490C>T	p.Leu164Leu	synonymous_variant	LOW	0.1515	1612.44	54452
2019-nCoV	27038	A	G	SNP	Heterozygous	M	QHD43419.1	1	c.516A>G	p.Thr172Thr	synonymous_variant	LOW	0.249	4327.68	2451
2019-nCoV	27213	C	T	SNP	Heterozygous	ORF6	QHD43420.1	1	c.12C>T	p.Leu4Leu	synonymous_variant	LOW	0.0385	126.939	8955
2019-nCoV	27259	A	C	SNP	Heterozygous	ORF6	QHD43420.1	1	c.58A>C	p.Arg20Arg	synonymous_variant	LOW	0.0675676	454.34	13557
2019-nCoV	27382	GAT	CTC	MNP	Heterozygous	ORF6	QHD43420.1	1	c.181_183delGATinsCTC	p.Asp61Leu	missense_variant	MODERATE	0.0553019	296.988	4551
2019-nCoV	27389	C	T	SNP	Heterozygous	ORF7a	QHD43421.1	-1	c.-5C>T	.	upstream_gene_variant	MODIFIER	0.024012	30.7356	7286
2019-nCoV	27438	T	C	SNP	Heterozygous	ORF7a	QHD43421.1	1	c.45T>C	p.Cys15Cys	synonymous_variant	LOW	0.103052	774.27	26877
2019-nCoV	27476	C	T	SNP	Heterozygous	ORF7a	QHD43421.1	1	c.83C>T	p.Thr28Ile	missense_variant	MODERATE	0.0505	244.481	16368
2019-nCoV	27513	C	T	SNP	Heterozygous	ORF7a	QHD43421.1	1	c.120C>T	p.Tyr40Tyr	synonymous_variant	LOW	0.182	2645.97	32784
2019-nCoV	27807	C	T	SNP	Homozygous	ORF8	QHD43422.1	-1	c.-87C>T	.	upstream_gene_variant	MODIFIER	0.987988	35451.4	25003
2019-nCoV	27889	C	T	SNP	Heterozygous	ORF8	QHD43422.1	-1	c.-5C>T	.	upstream_gene_variant	MODIFIER	0.936937	29759.2	21427
2019-nCoV	28117	A	T	SNP	Heterozygous	ORF8	QHD43422.1	1	c.224A>T	p.Asp75Val	missense_variant	MODERATE	0.0210105	18.414	27674
2019-nCoV	28271	A	T	SNP	Homozygous	N	QHD43423.2	-1	c.-3A>T	.	upstream_gene_variant	MODIFIER	0.981266	31320.4	84397
2019-nCoV	28311	C	T	SNP	Heterozygous	N	QHD43423.2	1	c.38C>T	p.Pro13Leu	missense_variant	MODERATE	0.69659	36224.3	85194
2019-nCoV	28311	CC	TT	MNP	Heterozygous	N	QHD43423.2	1	c.38_39delCCinsTT	p.Pro13Leu	missense_variant	MODERATE	0.301906	36224.3	85194
2019-nCoV	28330	A	G	SNP	Heterozygous	N	QHD43423.2	1	c.57A>G	p.Gly19Gly	synonymous_variant	LOW	0.3925	8505.16	81783
2019-nCoV	28361	GGAGAACGCA	G	DEL	Heterozygous	N	QHD43423.2	1	c.90_98delAGAACGCAG	p.Glu31_Ser33del	disruptive_inframe_deletion	MODERATE	0.82703	35421.9	14364
2019-nCoV	28361	GGAGAACGCAG	TT	MIXED	Heterozygous	N	QHD43423.2	1	c.88_98delGGAGAACGCAGinsTT	p.Gly30_Ser33delinsPhe	missense_variant&disruptive_inframe_deletion	MODERATE	0.126072	35421.9	14364
2019-nCoV	28681	G	T	SNP	Heterozygous	N	QHD43423.2	1	c.408G>T	p.Glu136Asp	missense_variant	MODERATE	0.304457	5846.51	75040
2019-nCoV	28777	A	G	SNP	Heterozygous	N	QHD43423.2	1	c.504A>G	p.Pro168Pro	synonymous_variant	LOW	0.02001	14.9279	41318
2019-nCoV	28791	C	T	SNP	Heterozygous	N	QHD43423.2	1	c.518C>T	p.Ala173Val	missense_variant	MODERATE	0.0305	30.191	70748
2019-nCoV	28881	GGG	AAC	MNP	Homozygous	N	QHD43423.2	1	c.608_610delGGGinsAAC	p.ArgGly203LysArg	missense_variant	MODERATE	1.0	33608.7	25975
2019-nCoV	29235	G	A	SNP	Heterozygous	N	QHD43423.2	1	c.962G>A	p.Gly321Asp	missense_variant	MODERATE	0.0460405	96.8726	1625
2019-nCoV	29239	G	A	SNP	Heterozygous	N	QHD43423.2	1	c.966G>A	p.Met322Ile	missense_variant	MODERATE	0.0235	28.402	6080
2019-nCoV	29510	A	C	SNP	Homozygous	N	QHD43423.2	1	c.1237A>C	p.Ser413Arg	missense_variant	MODERATE	1.0	33623.4	4065
2019-nCoV	29614	C	T	SNP	Heterozygous	ORF10	QHI42199.1	1	c.57C>T	p.Cys19Cys	synonymous_variant	LOW	0.0410205	88.1711	9507
2019-nCoV	29666	C	T	SNP	Heterozygous	ORF10	QHI42199.1	1	c.109C>T	p.Leu37Phe	missense_variant	MODERATE	0.0785393	613.419	9603
2019-nCoV	29733	CGAGGCCACGCGGAGTACGATCGAGTG	C	DEL	Homozygous	S	QHD43416.1	-1	c.*4350_*4375delGAGGCCACGCGGAGTACGATCGAGTG	.	downstream_gene_variant	MODIFIER	0.986336	35923.3	7548
2019-nCoV	29758	TG	CC	MNP	Homozygous	S	QHD43416.1	-1	c.*4374_*4375delTGinsCC	.	downstream_gene_variant	MODIFIER	0.999493	31994.1	18
