CHROM	POS	REF	ALT	VARTYPE	GEN[*].GT	ANN[*].GENE	ANN[*].FEATUREID	EFF[*].RANK	ANN[*].HGVS_C	ANN[*].HGVS_P	ANN[*].EFFECT	EFF[*].IMPACT	AF	QUAL	DP
2019-nCoV	44	C	T	SNP	Homozygous	orf1ab	QHD43415.1	-1	c.-222C>T	.	upstream_gene_variant	MODIFIER	0.983	31805.1	48790
2019-nCoV	241	C	T	SNP	Homozygous	orf1ab	QHD43415.1	-1	c.-25C>T	.	upstream_gene_variant	MODIFIER	1.0	33357.1	5884
2019-nCoV	511	T	C	SNP	Heterozygous	orf1ab	QHD43415.1	1	c.246T>C	p.Gly82Gly	synonymous_variant	LOW	0.085213	714.66	31834
2019-nCoV	593	C	T	SNP	Heterozygous	orf1ab	QHD43415.1	1	c.328C>T	p.His110Tyr	missense_variant	MODERATE	0.0290727	58.8137	48432
2019-nCoV	670	T	G	SNP	Homozygous	orf1ab	QHD43415.1	1	c.405T>G	p.Ser135Arg	missense_variant	MODERATE	0.990991	33107.6	47895
2019-nCoV	799	C	T	SNP	Heterozygous	orf1ab	QHD43415.1	1	c.534C>T	p.Asn178Asn	synonymous_variant	LOW	0.032016	76.6887	18293
2019-nCoV	1108	C	T	SNP	Heterozygous	orf1ab	QHD43415.1	1	c.843C>T	p.Ile281Ile	synonymous_variant	LOW	0.0395	133.386	19999
2019-nCoV	1288	C	T	SNP	Heterozygous	orf1ab	QHD43415.1	1	c.1023C>T	p.Cys341Cys	synonymous_variant	LOW	0.181	2622.3	32343
2019-nCoV	1463	G	A	SNP	Heterozygous	orf1ab	QHD43415.1	1	c.1198G>A	p.Gly400Ser	missense_variant	MODERATE	0.035	99.6437	54033
2019-nCoV	1547	A	G	SNP	Heterozygous	orf1ab	QHD43415.1	1	c.1282A>G	p.Ser428Gly	missense_variant	MODERATE	0.054027	284.628	54578
2019-nCoV	1570	T	C	SNP	Heterozygous	orf1ab	QHD43415.1	1	c.1305T>C	p.His435His	synonymous_variant	LOW	0.0385	71.2819	29467
2019-nCoV	1627	C	T	SNP	Heterozygous	orf1ab	QHD43415.1	1	c.1362C>T	p.Leu454Leu	synonymous_variant	LOW	0.29853	4846.81	35970
2019-nCoV	1714	C	T	SNP	Heterozygous	orf1ab	QHD43415.1	1	c.1449C>T	p.Ser483Ser	synonymous_variant	LOW	0.028014	22.1949	8224
2019-nCoV	1912	C	T	SNP	Heterozygous	orf1ab	QHD43415.1	1	c.1647C>T	p.Ser549Ser	synonymous_variant	LOW	0.0385193	128.43	15610
2019-nCoV	1931	C	A	SNP	Heterozygous	orf1ab	QHD43415.1	1	c.1666C>A	p.Gln556Lys	missense_variant	MODERATE	0.369246	7442.38	15628
2019-nCoV	2393	G	A	SNP	Heterozygous	orf1ab	QHD43415.1	1	c.2128G>A	p.Val710Ile	missense_variant	MODERATE	0.0730365	532.68	9542
2019-nCoV	2508	C	T	SNP	Heterozygous	orf1ab	QHD43415.1	1	c.2243C>T	p.Pro748Leu	missense_variant	MODERATE	0.209209	3297.58	27901
2019-nCoV	2790	C	T	SNP	Homozygous	orf1ab	QHD43415.1	1	c.2525C>T	p.Thr842Ile	missense_variant	MODERATE	0.999498	30568.4	52403
2019-nCoV	2937	C	T	SNP	Heterozygous	orf1ab	QHD43415.1	1	c.2672C>T	p.Thr891Ile	missense_variant	MODERATE	0.0325	40.4418	35309
2019-nCoV	2954	T	C	SNP	Heterozygous	orf1ab	QHD43415.1	1	c.2689T>C	p.Leu897Leu	synonymous_variant	LOW	0.364	7688.27	35512
2019-nCoV	3037	C	T	SNP	Homozygous	orf1ab	QHD43415.1	1	c.2772C>T	p.Phe924Phe	synonymous_variant	LOW	0.999	32972.5	33595
2019-nCoV	3604	C	T	SNP	Heterozygous	orf1ab	QHD43415.1	1	c.3339C>T	p.His1113His	synonymous_variant	LOW	0.1155	987.413	41962
2019-nCoV	3796	C	T	SNP	Heterozygous	orf1ab	QHD43415.1	1	c.3531C>T	p.Val1177Val	synonymous_variant	LOW	0.217043	3346.0	38031
2019-nCoV	3857	C	A	SNP	Heterozygous	orf1ab	QHD43415.1	1	c.3592C>A	p.Gln1198Lys	missense_variant	MODERATE	0.212563	2783.34	16578
2019-nCoV	3927	C	T	SNP	Heterozygous	orf1ab	QHD43415.1	1	c.3662C>T	p.Ser1221Leu	missense_variant	MODERATE	0.229459	3778.87	29991
2019-nCoV	3992	C	T	SNP	Heterozygous	orf1ab	QHD43415.1	1	c.3727C>T	p.Leu1243Leu	synonymous_variant	LOW	0.0345	94.7528	13103
2019-nCoV	4184	G	A	SNP	Homozygous	orf1ab	QHD43415.1	1	c.3919G>A	p.Gly1307Ser	missense_variant	MODERATE	0.996992	35949.1	25859
2019-nCoV	4321	C	T	SNP	Homozygous	orf1ab	QHD43415.1	1	c.4056C>T	p.Ala1352Ala	synonymous_variant	LOW	0.997472	32295.6	45396
2019-nCoV	4586	C	T	SNP	Heterozygous	orf1ab	QHD43415.1	1	c.4321C>T	p.Leu1441Leu	synonymous_variant	LOW	0.228343	3747.92	54461
2019-nCoV	5183	C	T	SNP	Heterozygous	orf1ab	QHD43415.1	1	c.4918C>T	p.Pro1640Ser	missense_variant	MODERATE	0.186593	2281.88	24504
2019-nCoV	6127	G	T	SNP	Heterozygous	orf1ab	QHD43415.1	1	c.5862G>T	p.Glu1954Asp	missense_variant	MODERATE	0.0270406	46.2818	49600
2019-nCoV	6274	T	C	SNP	Heterozygous	orf1ab	QHD43415.1	1	c.6009T>C	p.Tyr2003Tyr	synonymous_variant	LOW	0.041	88.1029	30784
2019-nCoV	7086	C	T	SNP	Heterozygous	orf1ab	QHD43415.1	1	c.6821C>T	p.Thr2274Ile	missense_variant	MODERATE	0.1965	2977.57	23265
2019-nCoV	7528	C	T	SNP	Heterozygous	orf1ab	QHD43415.1	1	c.7263C>T	p.Val2421Val	synonymous_variant	LOW	0.098	925.785	31985
2019-nCoV	8293	C	T	SNP	Heterozygous	orf1ab	QHD43415.1	1	c.8028C>T	p.Thr2676Thr	synonymous_variant	LOW	0.031	33.4103	31631
2019-nCoV	8389	C	T	SNP	Heterozygous	orf1ab	QHD43415.1	1	c.8124C>T	p.Asn2708Asn	synonymous_variant	LOW	0.1135	1202.41	44248
2019-nCoV	9344	C	T	SNP	Homozygous	orf1ab	QHD43415.1	1	c.9079C>T	p.Leu3027Phe	missense_variant	MODERATE	1.0	32008.0	20524
2019-nCoV	9424	A	G	SNP	Homozygous	orf1ab	QHD43415.1	1	c.9159A>G	p.Val3053Val	synonymous_variant	LOW	0.998999	36315.5	11890
2019-nCoV	9534	C	T	SNP	Homozygous	orf1ab	QHD43415.1	1	c.9269C>T	p.Thr3090Ile	missense_variant	MODERATE	0.999	36371.1	2377
2019-nCoV	9866	C	T	SNP	Heterozygous	orf1ab	QHD43415.1	1	c.9601C>T	p.Leu3201Phe	missense_variant	MODERATE	0.206015	2883.77	32541
2019-nCoV	9985	C	T	SNP	Heterozygous	orf1ab	QHD43415.1	1	c.9720C>T	p.Asp3240Asp	synonymous_variant	LOW	0.0575288	326.071	37305
2019-nCoV	10029	C	T	SNP	Homozygous	orf1ab	QHD43415.1	1	c.9764C>T	p.Thr3255Ile	missense_variant	MODERATE	0.997499	36061.8	36778
2019-nCoV	10198	C	T	SNP	Homozygous	orf1ab	QHD43415.1	1	c.9933C>T	p.Asp3311Asp	synonymous_variant	LOW	0.9975	36191.2	37167
2019-nCoV	10447	GCC	ACA	MNP	Homozygous	orf1ab	QHD43415.1	1	c.10182_10184delGCCinsACA	p.Pro3395His	missense_variant	MODERATE	1.0	35362.9	10602
2019-nCoV	10998	G	A	SNP	Heterozygous	orf1ab	QHD43415.1	1	c.10733G>A	p.Gly3578Asp	missense_variant	MODERATE	0.1145	1216.93	33219
2019-nCoV	11146	G	T	SNP	Heterozygous	orf1ab	QHD43415.1	1	c.10881G>T	p.Met3627Ile	missense_variant	MODERATE	0.0396786	139.435	16611
2019-nCoV	11287	GTCTGGTTTT	G	DEL	Homozygous	orf1ab	QHD43415.1	1	c.11023_11031delTCTGGTTTT	p.Ser3675_Phe3677del	conservative_inframe_deletion	MODERATE	1.0	35429.8	46863
2019-nCoV	11344	C	T	SNP	Heterozygous	orf1ab	QHD43415.1	1	c.11079C>T	p.Ile3693Ile	synonymous_variant	LOW	0.028014	21.0268	49071
2019-nCoV	11750	C	T	SNP	Heterozygous	orf1ab	QHD43415.1	1	c.11485C>T	p.Leu3829Phe	missense_variant	MODERATE	0.326827	6488.47	25973
2019-nCoV	11760	A	G	SNP	Heterozygous	orf1ab	QHD43415.1	1	c.11495A>G	p.Lys3832Arg	missense_variant	MODERATE	0.0645	290.19	25983
2019-nCoV	12160	G	A	SNP	Heterozygous	orf1ab	QHD43415.1	1	c.11895G>A	p.Glu3965Glu	synonymous_variant	LOW	0.767151	23126.9	17094
2019-nCoV	12310	G	A	SNP	Heterozygous	orf1ab	QHD43415.1	1	c.12045G>A	p.Gln4015Gln	synonymous_variant	LOW	0.225564	3047.68	33888
2019-nCoV	12444	A	G	SNP	Heterozygous	orf1ab	QHD43415.1	1	c.12179A>G	p.Asn4060Ser	missense_variant	MODERATE	0.2295	3799.38	34063
2019-nCoV	12880	C	T	SNP	Homozygous	orf1ab	QHD43415.1	1	c.12615C>T	p.Ile4205Ile	synonymous_variant	LOW	1.0	36165.9	35751
2019-nCoV	13051	C	T	SNP	Heterozygous	orf1ab	QHD43415.1	1	c.12786C>T	p.Ala4262Ala	synonymous_variant	LOW	0.03	63.6511	53255
2019-nCoV	13118	G	T	SNP	Heterozygous	orf1ab	QHD43415.1	1	c.12853G>T	p.Ala4285Ser	missense_variant	MODERATE	0.0855856	721.599	55958
2019-nCoV	13119	C	T	SNP	Heterozygous	orf1ab	QHD43415.1	1	c.12854C>T	p.Ala4285Val	missense_variant	MODERATE	0.0295295	61.0923	55948
2019-nCoV	13423	C	T	SNP	Heterozygous	orf1ab	QHD43415.1	1	c.13158C>T	p.Leu4386Leu	synonymous_variant	LOW	0.1035	799.313	61011
2019-nCoV	13677	C	T	SNP	Heterozygous	orf1ab	QHD43415.1	2	c.13413C>T	p.Asn4471Asn	synonymous_variant	LOW	0.031	67.6722	27371
2019-nCoV	14257	T	C	SNP	Heterozygous	orf1ab	QHD43415.1	2	c.13993T>C	p.Tyr4665His	missense_variant	MODERATE	0.341855	6130.71	28534
2019-nCoV	14408	C	T	SNP	Homozygous	orf1ab	QHD43415.1	2	c.14144C>T	p.Pro4715Leu	missense_variant	MODERATE	0.990486	33094.0	11696
2019-nCoV	15002	A	G	SNP	Heterozygous	orf1ab	QHD43415.1	2	c.14738A>G	p.Tyr4913Cys	missense_variant	MODERATE	0.029	57.2844	48071
2019-nCoV	15451	G	A	SNP	Heterozygous	orf1ab	QHD43415.1	2	c.15187G>A	p.Gly5063Ser	missense_variant	MODERATE	0.273684	4944.09	64449
2019-nCoV	15714	C	T	SNP	Homozygous	orf1ab	QHD43415.1	2	c.15450C>T	p.Leu5150Leu	synonymous_variant	LOW	0.9995	36133.5	45907
2019-nCoV	15897	A	G	SNP	Heterozygous	orf1ab	QHD43415.1	2	c.15633A>G	p.Leu5211Leu	synonymous_variant	LOW	0.056	305.516	36951
2019-nCoV	16049	C	T	SNP	Heterozygous	orf1ab	QHD43415.1	2	c.15785C>T	p.Thr5262Ile	missense_variant	MODERATE	0.0415415	91.4943	52152
2019-nCoV	16413	T	C	SNP	Heterozygous	orf1ab	QHD43415.1	2	c.16149T>C	p.Asp5383Asp	synonymous_variant	LOW	0.021	18.2822	75693
2019-nCoV	16616	C	A	SNP	Heterozygous	orf1ab	QHD43415.1	2	c.16352C>A	p.Thr5451Asn	missense_variant	MODERATE	0.189664	2813.0	19932
2019-nCoV	16818	A	G	SNP	Heterozygous	orf1ab	QHD43415.1	2	c.16554A>G	p.Gln5518Gln	synonymous_variant	LOW	0.1235	1391.78	39576
2019-nCoV	16935	G	A	SNP	Heterozygous	orf1ab	QHD43415.1	2	c.16671G>A	p.Met5557Ile	missense_variant	MODERATE	0.366733	7758.76	65698
2019-nCoV	17039	A	G	SNP	Heterozygous	orf1ab	QHD43415.1	2	c.16775A>G	p.Asn5592Ser	missense_variant	MODERATE	0.316658	5392.47	47903
2019-nCoV	17304	C	T	SNP	Heterozygous	orf1ab	QHD43415.1	2	c.17040C>T	p.Val5680Val	synonymous_variant	LOW	0.0983855	855.392	82156
2019-nCoV	17410	C	T	SNP	Homozygous	orf1ab	QHD43415.1	2	c.17146C>T	p.Arg5716Cys	missense_variant	MODERATE	0.998496	36240.7	49086
2019-nCoV	17676	C	T	SNP	Heterozygous	orf1ab	QHD43415.1	2	c.17412C>T	p.Ile5804Ile	synonymous_variant	LOW	0.022011	22.2075	38515
2019-nCoV	17744	A	G	SNP	Heterozygous	orf1ab	QHD43415.1	2	c.17480A>G	p.Asn5827Ser	missense_variant	MODERATE	0.052	262.426	7290
2019-nCoV	17913	C	T	SNP	Heterozygous	orf1ab	QHD43415.1	2	c.17649C>T	p.Asn5883Asn	synonymous_variant	LOW	0.0195098	13.3842	26706
2019-nCoV	18163	A	G	SNP	Homozygous	orf1ab	QHD43415.1	2	c.17899A>G	p.Ile5967Val	missense_variant	MODERATE	0.999499	33765.0	19172
2019-nCoV	18399	A	G	SNP	Heterozygous	orf1ab	QHD43415.1	2	c.18135A>G	p.Val6045Val	synonymous_variant	LOW	0.238739	4040.16	20782
2019-nCoV	18583	G	A	SNP	Heterozygous	orf1ab	QHD43415.1	2	c.18319G>A	p.Val6107Ile	missense_variant	MODERATE	0.250625	4367.38	30501
2019-nCoV	18647	C	T	SNP	Heterozygous	orf1ab	QHD43415.1	2	c.18383C>T	p.Pro6128Leu	missense_variant	MODERATE	0.0681704	329.161	30944
2019-nCoV	18868	A	G	SNP	Heterozygous	orf1ab	QHD43415.1	2	c.18604A>G	p.Thr6202Ala	missense_variant	MODERATE	0.034	92.0527	33232
2019-nCoV	19955	C	T	SNP	Homozygous	orf1ab	QHD43415.1	2	c.19691C>T	p.Thr6564Ile	missense_variant	MODERATE	0.999499	33729.1	48153
2019-nCoV	20055	A	G	SNP	Heterozygous	orf1ab	QHD43415.1	2	c.19791A>G	p.Glu6597Glu	synonymous_variant	LOW	0.971958	31634.1	33769
2019-nCoV	20091	C	A	SNP	Heterozygous	orf1ab	QHD43415.1	2	c.19827C>A	p.Pro6609Pro	synonymous_variant	LOW	0.0345518	47.459	4450
2019-nCoV	20235	C	T	SNP	Heterozygous	orf1ab	QHD43415.1	2	c.19971C>T	p.Pro6657Pro	synonymous_variant	LOW	0.0335335	88.3761	18321
2019-nCoV	20741	A	G	SNP	Heterozygous	orf1ab	QHD43415.1	2	c.20477A>G	p.Gln6826Arg	missense_variant	MODERATE	0.243354	4091.39	22798
2019-nCoV	21367	A	G	SNP	Heterozygous	orf1ab	QHD43415.1	2	c.21103A>G	p.Ile7035Val	missense_variant	MODERATE	0.0366098	111.242	18245
2019-nCoV	21618	C	T	SNP	Homozygous	S	QHD43416.1	1	c.56C>T	p.Thr19Ile	missense_variant	MODERATE	1.0	33755.1	31528
2019-nCoV	21632	TTACCCCCTG	T	DEL	Homozygous	S	QHD43416.1	1	c.71_79delTACCCCCTG	p.Leu24_Ala27delinsSer	disruptive_inframe_deletion	MODERATE	1.0	36107.3	30655
2019-nCoV	21764	ATACATG	A	DEL	Heterozygous	S	QHD43416.1	1	c.204_209delACATGT	p.His69_Val70del	disruptive_inframe_deletion	MODERATE	0.727593	21322.6	34295
2019-nCoV	21786	G	T	SNP	Heterozygous	S	QHD43416.1	1	c.224G>T	p.Gly75Val	missense_variant	MODERATE	0.0275	19.6563	35052
2019-nCoV	21809	G	T	SNP	Heterozygous	S	QHD43416.1	1	c.247G>T	p.Val83Phe	missense_variant	MODERATE	0.0365183	110.37	13899
2019-nCoV	21987	G	A	SNP	Homozygous	S	QHD43416.1	1	c.425G>A	p.Gly142Asp	missense_variant	MODERATE	0.994497	33364.5	31403
2019-nCoV	22001	A	G	SNP	Heterozygous	S	QHD43416.1	1	c.439A>G	p.Lys147Glu	missense_variant	MODERATE	0.251256	3702.52	30739
2019-nCoV	22014	G	T	SNP	Heterozygous	S	QHD43416.1	1	c.452G>T	p.Ser151Ile	missense_variant	MODERATE	0.0655	417.554	31685
2019-nCoV	22016	T	C	SNP	Heterozygous	S	QHD43416.1	1	c.454T>C	p.Trp152Arg	missense_variant	MODERATE	0.282	5228.88	31698
2019-nCoV	22033	C	A	SNP	Heterozygous	S	QHD43416.1	1	c.471C>A	p.Phe157Leu	missense_variant	MODERATE	0.2006	2607.63	46045
2019-nCoV	22190	A	G	SNP	Heterozygous	S	QHD43416.1	1	c.628A>G	p.Ile210Val	missense_variant	MODERATE	0.048	135.11	17791
2019-nCoV	22200	T	G	SNP	Homozygous	S	QHD43416.1	1	c.638T>G	p.Val213Gly	missense_variant	MODERATE	0.995933	35177.7	17449
2019-nCoV	22326	C	T	SNP	Heterozygous	S	QHD43416.1	1	c.764C>T	p.Ser255Phe	missense_variant	MODERATE	0.0899899	715.281	17036
2019-nCoV	22331	G	A	SNP	Heterozygous	S	QHD43416.1	1	c.769G>A	p.Gly257Ser	missense_variant	MODERATE	0.240982	3530.64	17304
2019-nCoV	22530	C	T	SNP	Heterozygous	S	QHD43416.1	1	c.968C>T	p.Thr323Ile	missense_variant	MODERATE	0.143072	1783.59	19954
2019-nCoV	22576	TGG	CA	MIXED	Heterozygous	S	QHD43416.1	1	c.1014_1016delTGGinsCA	p.Gly339fs	frameshift_variant&missense_variant	HIGH	0.124937	32912.4	17648
2019-nCoV	22576	TGG	GA	MIXED	Heterozygous	S	QHD43416.1	1	c.1014_1016delTGGinsGA	p.Phe338fs	frameshift_variant&missense_variant	HIGH	0.844836	32912.4	17648
2019-nCoV	22599	G	C	SNP	Heterozygous	S	QHD43416.1	1	c.1037G>C	p.Arg346Thr	missense_variant	MODERATE	0.5285	14195.9	7306
2019-nCoV	22629	A	C	SNP	Heterozygous	S	QHD43416.1	1	c.1067A>C	p.Lys356Thr	missense_variant	MODERATE	0.0375375	119.603	12141
2019-nCoV	22674	C	T	SNP	Homozygous	S	QHD43416.1	1	c.1112C>T	p.Ser371Phe	missense_variant	MODERATE	0.997999	33265.0	11807
2019-nCoV	22679	T	C	SNP	Homozygous	S	QHD43416.1	1	c.1117T>C	p.Ser373Pro	missense_variant	MODERATE	0.998	35851.8	11812
2019-nCoV	22686	CCA	TCG	MNP	Homozygous	S	QHD43416.1	1	c.1124_1126delCCAinsTCG	p.SerThr375PheAla	missense_variant	MODERATE	1.0	33000.2	6076
2019-nCoV	22775	G	A	SNP	Homozygous	S	QHD43416.1	1	c.1213G>A	p.Asp405Asn	missense_variant	MODERATE	0.999499	36137.9	4640
2019-nCoV	22786	A	C	SNP	Homozygous	S	QHD43416.1	1	c.1224A>C	p.Arg408Ser	missense_variant	MODERATE	1.0	35807.8	4556
2019-nCoV	22813	G	T	SNP	Homozygous	S	QHD43416.1	1	c.1251G>T	p.Lys417Asn	missense_variant	MODERATE	0.999499	33840.4	27135
2019-nCoV	22882	T	G	SNP	Homozygous	S	QHD43416.1	1	c.1320T>G	p.Asn440Lys	missense_variant	MODERATE	0.997998	33727.7	43441
2019-nCoV	22893	A	C	SNP	Heterozygous	S	QHD43416.1	1	c.1331A>C	p.Lys444Thr	missense_variant	MODERATE	0.52557	13070.6	43567
2019-nCoV	22894	G	T	SNP	Heterozygous	S	QHD43416.1	1	c.1332G>T	p.Lys444Asn	missense_variant	MODERATE	0.1091	1110.23	43567
2019-nCoV	22898	G	A	SNP	Heterozygous	S	QHD43416.1	1	c.1336G>A	p.Gly446Ser	missense_variant	MODERATE	0.1665	2286.82	43555
2019-nCoV	22910	A	G	SNP	Heterozygous	S	QHD43416.1	1	c.1348A>G	p.Asn450Asp	missense_variant	MODERATE	0.069	476.189	43411
2019-nCoV	22917	T	G	SNP	Heterozygous	S	QHD43416.1	1	c.1355T>G	p.Leu452Arg	missense_variant	MODERATE	0.945892	32626.9	43330
2019-nCoV	22942	T	A	SNP	Heterozygous	S	QHD43416.1	1	c.1380T>A	p.Asn460Lys	missense_variant	MODERATE	0.389389	18997.8	42698
2019-nCoV	22992	GCAC	ACAA	MNP	Homozygous	S	QHD43416.1	1	c.1430_1433delGCACinsACAA	p.SerThr477AsnLys	missense_variant	MODERATE	1.0	36147.2	19531
2019-nCoV	23013	A	C	SNP	Homozygous	S	QHD43416.1	1	c.1451A>C	p.Glu484Ala	missense_variant	MODERATE	0.998497	36200.8	34112
2019-nCoV	23018	T	G	SNP	Heterozygous	S	QHD43416.1	1	c.1456T>G	p.Phe486Val	missense_variant	MODERATE	0.852	27480.5	34195
2019-nCoV	23019	T	C	SNP	Heterozygous	S	QHD43416.1	1	c.1457T>C	p.Phe486Ser	missense_variant	MODERATE	0.123123	1383.64	34195
2019-nCoV	23031	T	C	SNP	Heterozygous	S	QHD43416.1	1	c.1469T>C	p.Phe490Ser	missense_variant	MODERATE	0.047	208.856	34179
2019-nCoV	23055	A	G	SNP	Homozygous	S	QHD43416.1	1	c.1493A>G	p.Gln498Arg	missense_variant	MODERATE	0.992954	35513.3	15040
2019-nCoV	23063	A	T	SNP	Homozygous	S	QHD43416.1	1	c.1501A>T	p.Asn501Tyr	missense_variant	MODERATE	0.985993	32495.7	15330
2019-nCoV	23075	T	C	SNP	Homozygous	S	QHD43416.1	1	c.1513T>C	p.Tyr505His	missense_variant	MODERATE	0.997499	36078.8	15724
2019-nCoV	23403	A	G	SNP	Homozygous	S	QHD43416.1	1	c.1841A>G	p.Asp614Gly	missense_variant	MODERATE	1.0	33377.1	58842
2019-nCoV	23525	C	T	SNP	Homozygous	S	QHD43416.1	1	c.1963C>T	p.His655Tyr	missense_variant	MODERATE	0.998497	33635.4	84523
2019-nCoV	23586	A	T	SNP	Heterozygous	S	QHD43416.1	1	c.2024A>T	p.Gln675Leu	missense_variant	MODERATE	0.214822	3428.79	96458
2019-nCoV	23599	T	G	SNP	Homozygous	S	QHD43416.1	1	c.2037T>G	p.Asn679Lys	missense_variant	MODERATE	0.996991	36065.1	96452
2019-nCoV	23604	C	A	SNP	Homozygous	S	QHD43416.1	1	c.2042C>A	p.Pro681His	missense_variant	MODERATE	0.996992	35991.0	96491
2019-nCoV	23854	C	A	SNP	Homozygous	S	QHD43416.1	1	c.2292C>A	p.Asn764Lys	missense_variant	MODERATE	0.996994	33207.4	29289
2019-nCoV	23948	GATTTTG	TATTT	MIXED	Heterozygous	S	QHD43416.1	1	c.2386_2392delGATTTTGinsTATTT	p.Asp796fs	frameshift_variant&missense_variant	HIGH	0.0591487	30267.5	26949
2019-nCoV	23948	G	T	SNP	Heterozygous	S	QHD43416.1	1	c.2386G>T	p.Asp796Tyr	missense_variant	MODERATE	0.940299	30267.5	26949
2019-nCoV	24040	G	T	SNP	Heterozygous	S	QHD43416.1	1	c.2478G>T	p.Val826Val	synonymous_variant	LOW	0.098648	931.989	46795
2019-nCoV	24424	A	T	SNP	Homozygous	S	QHD43416.1	1	c.2862A>T	p.Gln954His	missense_variant	MODERATE	1.0	35527.9	31509
2019-nCoV	24469	T	A	SNP	Homozygous	S	QHD43416.1	1	c.2907T>A	p.Asn969Lys	missense_variant	MODERATE	0.989975	30764.1	50262
2019-nCoV	24517	C	T	SNP	Heterozygous	S	QHD43416.1	1	c.2955C>T	p.Asp985Asp	synonymous_variant	LOW	0.0360541	107.674	53810
2019-nCoV	24843	T	C	SNP	Heterozygous	S	QHD43416.1	1	c.3281T>C	p.Val1094Ala	missense_variant	MODERATE	0.0825413	669.778	4908
2019-nCoV	25000	C	T	SNP	Homozygous	S	QHD43416.1	1	c.3438C>T	p.Asp1146Asp	synonymous_variant	LOW	0.998998	33589.7	45371
2019-nCoV	25062	G	A	SNP	Heterozygous	S	QHD43416.1	1	c.3500G>A	p.Gly1167Asp	missense_variant	MODERATE	0.022022	22.2402	45007
2019-nCoV	25416	C	T	SNP	Heterozygous	ORF3a	QHD43417.1	1	c.24C>T	p.Phe8Phe	synonymous_variant	LOW	0.251885	4318.89	44628
2019-nCoV	25584	C	T	SNP	Homozygous	ORF3a	QHD43417.1	1	c.192C>T	p.Thr64Thr	synonymous_variant	LOW	0.992972	35715.4	68235
2019-nCoV	26022	C	T	SNP	Heterozygous	ORF3a	QHD43417.1	1	c.630C>T	p.Asp210Asp	synonymous_variant	LOW	0.023	26.312	43302
2019-nCoV	26060	C	T	SNP	Homozygous	ORF3a	QHD43417.1	1	c.668C>T	p.Thr223Ile	missense_variant	MODERATE	0.998	36230.6	39776
2019-nCoV	26078	C	T	SNP	Heterozygous	ORF3a	QHD43417.1	1	c.686C>T	p.Thr229Ile	missense_variant	MODERATE	0.0365183	111.895	39665
2019-nCoV	26121	T	C	SNP	Heterozygous	ORF3a	QHD43417.1	1	c.729T>C	p.His243His	synonymous_variant	LOW	0.229	3258.69	66159
2019-nCoV	26270	C	T	SNP	Homozygous	E	QHD43418.1	1	c.26C>T	p.Thr9Ile	missense_variant	MODERATE	1.0	33860.8	86839
2019-nCoV	26275	A	G	SNP	Heterozygous	E	QHD43418.1	1	c.31A>G	p.Thr11Ala	missense_variant	MODERATE	0.272	4943.28	86512
2019-nCoV	26415	C	T	SNP	Heterozygous	E	QHD43418.1	1	c.171C>T	p.Tyr57Tyr	synonymous_variant	LOW	0.0430215	168.94	21897
2019-nCoV	26428	G	T	SNP	Heterozygous	E	QHD43418.1	1	c.184G>T	p.Val62Phe	missense_variant	MODERATE	0.126253	1404.51	22120
2019-nCoV	26529	G	A	SNP	Heterozygous	M	QHD43419.1	1	c.7G>A	p.Asp3Asn	missense_variant	MODERATE	0.7165	20972.9	24416
2019-nCoV	26577	C	G	SNP	Heterozygous	M	QHD43419.1	1	c.55C>G	p.Gln19Glu	missense_variant	MODERATE	0.972486	33854.5	13329
2019-nCoV	26577	CAA	GAG	MNP	Heterozygous	M	QHD43419.1	1	c.55_57delCAAinsGAG	p.Gln19Glu	missense_variant	MODERATE	0.0275138	33854.5	13329
2019-nCoV	26645	C	T	SNP	Heterozygous	M	QHD43419.1	1	c.123C>T	p.Asn41Asn	synonymous_variant	LOW	0.032016	37.4808	13571
2019-nCoV	26681	C	T	SNP	Heterozygous	M	QHD43419.1	1	c.159C>T	p.Phe53Phe	synonymous_variant	LOW	0.0260391	15.1709	38903
2019-nCoV	26709	G	A	SNP	Homozygous	M	QHD43419.1	1	c.187G>A	p.Ala63Thr	missense_variant	MODERATE	1.0	36394.3	38863
2019-nCoV	26858	C	T	SNP	Heterozygous	M	QHD43419.1	1	c.336C>T	p.Phe112Phe	synonymous_variant	LOW	0.29965	5678.53	37838
2019-nCoV	27012	C	T	SNP	Heterozygous	M	QHD43419.1	1	c.490C>T	p.Leu164Leu	synonymous_variant	LOW	0.25	3739.23	50788
2019-nCoV	27038	A	G	SNP	Heterozygous	M	QHD43419.1	1	c.516A>G	p.Thr172Thr	synonymous_variant	LOW	0.0890445	777.147	12127
2019-nCoV	27259	A	C	SNP	Heterozygous	ORF6	QHD43420.1	1	c.58A>C	p.Arg20Arg	synonymous_variant	LOW	0.304652	5844.87	30906
2019-nCoV	27382	GAT	CTC	MNP	Heterozygous	ORF6	QHD43420.1	1	c.181_183delGATinsCTC	p.Asp61Leu	missense_variant	MODERATE	0.296164	5501.18	11131
2019-nCoV	27513	C	T	SNP	Heterozygous	ORF7a	QHD43421.1	1	c.120C>T	p.Tyr40Tyr	synonymous_variant	LOW	0.27451	5001.04	64463
2019-nCoV	27576	T	C	SNP	Heterozygous	ORF7a	QHD43421.1	1	c.183T>C	p.Thr61Thr	synonymous_variant	LOW	0.1685	2309.08	66199
2019-nCoV	27807	C	T	SNP	Homozygous	ORF8	QHD43422.1	-1	c.-87C>T	.	upstream_gene_variant	MODIFIER	0.997499	36212.2	70451
2019-nCoV	27889	C	T	SNP	Heterozygous	ORF8	QHD43422.1	-1	c.-5C>T	.	upstream_gene_variant	MODIFIER	0.767768	23297.0	43092
2019-nCoV	27987	G	T	SNP	Heterozygous	ORF8	QHD43422.1	1	c.94G>T	p.Val32Leu	missense_variant	MODERATE	0.0235118	28.5347	70226
2019-nCoV	28271	A	T	SNP	Heterozygous	N	QHD43423.2	-1	c.-3A>T	.	upstream_gene_variant	MODIFIER	0.951752	29580.8	96655
2019-nCoV	28311	C	T	SNP	Heterozygous	N	QHD43423.2	1	c.38C>T	p.Pro13Leu	missense_variant	MODERATE	0.636959	36204.6	96674
2019-nCoV	28311	CC	TT	MNP	Heterozygous	N	QHD43423.2	1	c.38_39delCCinsTT	p.Pro13Leu	missense_variant	MODERATE	0.363041	36204.6	96674
2019-nCoV	28330	A	G	SNP	Heterozygous	N	QHD43423.2	1	c.57A>G	p.Gly19Gly	synonymous_variant	LOW	0.2815	5151.94	90406
2019-nCoV	28355	C	A	SNP	Heterozygous	N	QHD43423.2	1	c.82C>A	p.Gln28Lys	missense_variant	MODERATE	0.0355178	55.2957	26262
2019-nCoV	28361	GGAGAACGCA	G	DEL	Heterozygous	N	QHD43423.2	1	c.90_98delAGAACGCAG	p.Glu31_Ser33del	disruptive_inframe_deletion	MODERATE	0.925258	34929.7	25376
2019-nCoV	28361	GGAGAACGCAG	TT	MIXED	Heterozygous	N	QHD43423.2	1	c.88_98delGGAGAACGCAGinsTT	p.Gly30_Ser33delinsPhe	missense_variant&disruptive_inframe_deletion	MODERATE	0.05	34929.7	25376
2019-nCoV	28681	G	T	SNP	Heterozygous	N	QHD43423.2	1	c.408G>T	p.Glu136Asp	missense_variant	MODERATE	0.349524	7198.72	105814
2019-nCoV	28697	C	T	SNP	Heterozygous	N	QHD43423.2	1	c.424C>T	p.Pro142Ser	missense_variant	MODERATE	0.21961	3552.34	107214
2019-nCoV	28881	GGG	AAC	MNP	Homozygous	N	QHD43423.2	1	c.608_610delGGGinsAAC	p.ArgGly203LysArg	missense_variant	MODERATE	1.0	33400.1	41833
2019-nCoV	29155	A	G	SNP	Heterozygous	N	QHD43423.2	1	c.882A>G	p.Gln294Gln	synonymous_variant	LOW	0.116407	987.766	34623
2019-nCoV	29413	A	T	SNP	Heterozygous	N	QHD43423.2	1	c.1140A>T	p.Gln380His	missense_variant	MODERATE	0.0715358	510.274	26167
2019-nCoV	29510	A	C	SNP	Homozygous	N	QHD43423.2	1	c.1237A>C	p.Ser413Arg	missense_variant	MODERATE	0.999498	33430.5	11055
2019-nCoV	29614	C	T	SNP	Heterozygous	ORF10	QHI42199.1	1	c.57C>T	p.Cys19Cys	synonymous_variant	LOW	0.024	29.4644	7027
2019-nCoV	29666	C	T	SNP	Heterozygous	ORF10	QHI42199.1	1	c.109C>T	p.Leu37Phe	missense_variant	MODERATE	0.0355178	103.952	7034
2019-nCoV	29711	G	T	SNP	Heterozygous	S	QHD43416.1	-1	c.*4327G>T	.	downstream_gene_variant	MODIFIER	0.0351406	100.852	6808
2019-nCoV	29733	CGAGGCCACGCGGAGTACGATCGAGTG	C	DEL	Homozygous	S	QHD43416.1	-1	c.*4350_*4375delGAGGCCACGCGGAGTACGATCGAGTG	.	downstream_gene_variant	MODIFIER	1.0	35594.6	5496
