CHROM	POS	REF	ALT	VARTYPE	GEN[*].GT	ANN[*].GENE	ANN[*].FEATUREID	EFF[*].RANK	ANN[*].HGVS_C	ANN[*].HGVS_P	ANN[*].EFFECT	EFF[*].IMPACT	AF	QUAL	DP
2019-nCoV	44	C	T	SNP	Heterozygous	orf1ab	QHD43415.1	-1	c.-222C>T	.	upstream_gene_variant	MODIFIER	0.215	744.239	54725
2019-nCoV	241	C	T	SNP	Homozygous	orf1ab	QHD43415.1	-1	c.-25C>T	.	upstream_gene_variant	MODIFIER	1.0	7825.14	15415
2019-nCoV	2470	C	T	SNP	Heterozygous	orf1ab	QHD43415.1	1	c.2205C>T	p.Ala735Ala	synonymous_variant	LOW	0.235	962.377	11197
2019-nCoV	2790	C	T	SNP	Heterozygous	orf1ab	QHD43415.1	1	c.2525C>T	p.Thr842Ile	missense_variant	MODERATE	0.220812	706.407	34491
2019-nCoV	2832	A	G	SNP	Heterozygous	orf1ab	QHD43415.1	1	c.2567A>G	p.Lys856Arg	missense_variant	MODERATE	0.738035	4876.1	37070
2019-nCoV	3037	C	T	SNP	Homozygous	orf1ab	QHD43415.1	1	c.2772C>T	p.Phe924Phe	synonymous_variant	LOW	1.0	7350.17	28573
2019-nCoV	4184	G	A	SNP	Heterozygous	orf1ab	QHD43415.1	1	c.3919G>A	p.Gly1307Ser	missense_variant	MODERATE	0.215	842.928	15227
2019-nCoV	4321	C	T	SNP	Heterozygous	orf1ab	QHD43415.1	1	c.4056C>T	p.Ala1352Ala	synonymous_variant	LOW	0.1875	677.223	48968
2019-nCoV	5386	T	G	SNP	Heterozygous	orf1ab	QHD43415.1	1	c.5121T>G	p.Ala1707Ala	synonymous_variant	LOW	0.7625	5124.67	16104
2019-nCoV	6512	AGTT	A	DEL	Heterozygous	orf1ab	QHD43415.1	1	c.6248_6250delGTT	p.Ser2083_Leu2084delinsIle	disruptive_inframe_deletion	MODERATE	0.816583	5419.76	27310
2019-nCoV	8393	G	A	SNP	Heterozygous	orf1ab	QHD43415.1	1	c.8128G>A	p.Ala2710Thr	missense_variant	MODERATE	0.820707	5708.95	33196
2019-nCoV	10029	C	T	SNP	Heterozygous	orf1ab	QHD43415.1	1	c.9764C>T	p.Thr3255Ile	missense_variant	MODERATE	0.9825	7717.04	26447
2019-nCoV	10198	C	T	SNP	Heterozygous	orf1ab	QHD43415.1	1	c.9933C>T	p.Asp3311Asp	synonymous_variant	LOW	0.165	572.001	21849
2019-nCoV	10447	GCC	ACA	MNP	Heterozygous	orf1ab	QHD43415.1	1	c.10182_10184delGCCinsACA	p.Pro3395His	missense_variant	MODERATE	0.122807	7017.91	7044
2019-nCoV	10449	C	A	SNP	Heterozygous	orf1ab	QHD43415.1	1	c.10184C>A	p.Pro3395His	missense_variant	MODERATE	0.809524	7017.91	7044
2019-nCoV	11282	AGTTTGTCTG	A	DEL	Heterozygous	orf1ab	QHD43415.1	1	c.11022_11030delGTCTGGTTT	p.Leu3674_Gly3676del	disruptive_inframe_deletion	MODERATE	0.95356	5785.62	42549
2019-nCoV	11537	A	G	SNP	Heterozygous	orf1ab	QHD43415.1	1	c.11272A>G	p.Ile3758Val	missense_variant	MODERATE	0.79198	5444.1	25001
2019-nCoV	12880	C	T	SNP	Heterozygous	orf1ab	QHD43415.1	1	c.12615C>T	p.Ile4205Ile	synonymous_variant	LOW	0.185	665.932	28970
2019-nCoV	13195	T	C	SNP	Heterozygous	orf1ab	QHD43415.1	1	c.12930T>C	p.Val4310Val	synonymous_variant	LOW	0.77	5232.83	51247
2019-nCoV	14408	C	T	SNP	Homozygous	orf1ab	QHD43415.1	2	c.14144C>T	p.Pro4715Leu	missense_variant	MODERATE	1.0	7943.87	6212
2019-nCoV	15240	C	T	SNP	Heterozygous	orf1ab	QHD43415.1	2	c.14976C>T	p.Asn4992Asn	synonymous_variant	LOW	0.715	4682.03	33055
2019-nCoV	15714	C	T	SNP	Heterozygous	orf1ab	QHD43415.1	2	c.15450C>T	p.Leu5150Leu	synonymous_variant	LOW	0.21	792.477	53413
2019-nCoV	17410	C	T	SNP	Heterozygous	orf1ab	QHD43415.1	2	c.17146C>T	p.Arg5716Cys	missense_variant	MODERATE	0.195	732.86	49012
2019-nCoV	18163	A	G	SNP	Heterozygous	orf1ab	QHD43415.1	2	c.17899A>G	p.Ile5967Val	missense_variant	MODERATE	0.945	7178.53	22331
2019-nCoV	21618	C	T	SNP	Heterozygous	S	QHD43416.1	1	c.56C>T	p.Thr19Ile	missense_variant	MODERATE	0.170051	584.745	18960
2019-nCoV	21762	CTATACATG	TTA	MIXED	Heterozygous	S	QHD43416.1	1	c.200_208delCTATACATGinsTTA	p.Ala67_Val70delinsValIle	missense_variant&disruptive_inframe_deletion	MODERATE	0.676845	4220.25	13953
2019-nCoV	21846	C	T	SNP	Heterozygous	S	QHD43416.1	1	c.284C>T	p.Thr95Ile	missense_variant	MODERATE	0.802005	5533.69	9104
2019-nCoV	21986	GGTGTTTATT	G	DEL	Heterozygous	S	QHD43416.1	1	c.425_433delGTGTTTATT	p.Gly142_Tyr145delinsAsp	disruptive_inframe_deletion	MODERATE	0.448718	7475.86	8618
2019-nCoV	21987	G	A	SNP	Heterozygous	S	QHD43416.1	1	c.425G>A	p.Gly142Asp	missense_variant	MODERATE	0.551282	7475.86	8618
2019-nCoV	22193	AATT	A	DEL	Heterozygous	S	QHD43416.1	1	c.632_634delATT	p.Asn211_Leu212delinsIle	disruptive_inframe_deletion	MODERATE	0.778894	5299.65	16051
2019-nCoV	22200	T	G	SNP	Heterozygous	S	QHD43416.1	1	c.638T>G	p.Val213Gly	missense_variant	MODERATE	0.190955	707.171	16082
2019-nCoV	22204	T	TGAGCCAGAA	INS	Heterozygous	S	QHD43416.1	1	c.644_645insGCCAGAAGA	p.Arg214_Asp215insGluProGlu	disruptive_inframe_insertion	MODERATE	0.744304	4885.61	16122
2019-nCoV	22578	G	A	SNP	Heterozygous	S	QHD43416.1	1	c.1016G>A	p.Gly339Asp	missense_variant	MODERATE	0.972431	7546.04	16278
2019-nCoV	22599	G	A	SNP	Heterozygous	S	QHD43416.1	1	c.1037G>A	p.Arg346Lys	missense_variant	MODERATE	0.283208	1256.29	5295
2019-nCoV	22673	TC	CT	MNP	Heterozygous	S	QHD43416.1	1	c.1111_1112delTCinsCT	p.Ser371Leu	missense_variant	MODERATE	0.962963	6526.37	6274
2019-nCoV	22679	T	C	SNP	Heterozygous	S	QHD43416.1	1	c.1117T>C	p.Ser373Pro	missense_variant	MODERATE	0.9675	7455.76	6229
2019-nCoV	22686	C	T	SNP	Heterozygous	S	QHD43416.1	1	c.1124C>T	p.Ser375Phe	missense_variant	MODERATE	0.814249	6618.06	947
2019-nCoV	22686	CCA	TCG	MNP	Heterozygous	S	QHD43416.1	1	c.1124_1126delCCAinsTCG	p.SerThr375PheAla	missense_variant	MODERATE	0.180662	6618.06	947
2019-nCoV	22775	G	A	SNP	Heterozygous	S	QHD43416.1	1	c.1213G>A	p.Asp405Asn	missense_variant	MODERATE	0.165	570.417	1112
2019-nCoV	22786	A	C	SNP	Heterozygous	S	QHD43416.1	1	c.1224A>C	p.Arg408Ser	missense_variant	MODERATE	0.1325	410.751	1110
2019-nCoV	22792	C	T	SNP	Heterozygous	S	QHD43416.1	1	c.1230C>T	p.Ile410Ile	synonymous_variant	LOW	0.1325	410.911	1123
2019-nCoV	22813	G	T	SNP	Homozygous	S	QHD43416.1	1	c.1251G>T	p.Lys417Asn	missense_variant	MODERATE	0.9925	7866.42	31543
2019-nCoV	22882	T	G	SNP	Heterozygous	S	QHD43416.1	1	c.1320T>G	p.Asn440Lys	missense_variant	MODERATE	0.9775	7633.86	45555
2019-nCoV	22898	G	A	SNP	Heterozygous	S	QHD43416.1	1	c.1336G>A	p.Gly446Ser	missense_variant	MODERATE	0.8775	6387.97	45675
2019-nCoV	22992	GCAC	ACAA	MNP	Homozygous	S	QHD43416.1	1	c.1430_1433delGCACinsACAA	p.SerThr477AsnLys	missense_variant	MODERATE	1.0	7820.02	14641
2019-nCoV	23013	A	C	SNP	Heterozygous	S	QHD43416.1	1	c.1451A>C	p.Glu484Ala	missense_variant	MODERATE	0.9775	7643.67	21680
2019-nCoV	23040	A	G	SNP	Heterozygous	S	QHD43416.1	1	c.1478A>G	p.Gln493Arg	missense_variant	MODERATE	0.976982	7351.16	21237
2019-nCoV	23048	G	A	SNP	Heterozygous	S	QHD43416.1	1	c.1486G>A	p.Gly496Ser	missense_variant	MODERATE	0.75	5036.4	7614
2019-nCoV	23055	A	G	SNP	Heterozygous	S	QHD43416.1	1	c.1493A>G	p.Gln498Arg	missense_variant	MODERATE	0.97	7505.9	7634
2019-nCoV	23063	A	T	SNP	Heterozygous	S	QHD43416.1	1	c.1501A>T	p.Asn501Tyr	missense_variant	MODERATE	0.969849	7449.18	7683
2019-nCoV	23075	T	C	SNP	Heterozygous	S	QHD43416.1	1	c.1513T>C	p.Tyr505His	missense_variant	MODERATE	0.97	7538.62	7786
2019-nCoV	23202	C	A	SNP	Heterozygous	S	QHD43416.1	1	c.1640C>A	p.Thr547Lys	missense_variant	MODERATE	0.802005	5490.23	18714
2019-nCoV	23403	A	G	SNP	Homozygous	S	QHD43416.1	1	c.1841A>G	p.Asp614Gly	missense_variant	MODERATE	1.0	7907.81	50514
2019-nCoV	23525	C	T	SNP	Heterozygous	S	QHD43416.1	1	c.1963C>T	p.His655Tyr	missense_variant	MODERATE	0.969925	7514.29	77534
2019-nCoV	23599	T	G	SNP	Heterozygous	S	QHD43416.1	1	c.2037T>G	p.Asn679Lys	missense_variant	MODERATE	0.974874	7572.58	103392
2019-nCoV	23604	C	A	SNP	Homozygous	S	QHD43416.1	1	c.2042C>A	p.Pro681His	missense_variant	MODERATE	1.0	7867.79	103506
2019-nCoV	23854	C	A	SNP	Heterozygous	S	QHD43416.1	1	c.2292C>A	p.Asn764Lys	missense_variant	MODERATE	0.972431	7420.8	18057
2019-nCoV	23948	G	T	SNP	Heterozygous	S	QHD43416.1	1	c.2386G>T	p.Asp796Tyr	missense_variant	MODERATE	0.96	7371.39	15838
2019-nCoV	24130	C	A	SNP	Heterozygous	S	QHD43416.1	1	c.2568C>A	p.Asn856Lys	missense_variant	MODERATE	0.765743	5101.44	21901
2019-nCoV	24424	A	T	SNP	Heterozygous	S	QHD43416.1	1	c.2862A>T	p.Gln954His	missense_variant	MODERATE	0.9625	7419.02	37904
2019-nCoV	24469	T	A	SNP	Heterozygous	S	QHD43416.1	1	c.2907T>A	p.Asn969Lys	missense_variant	MODERATE	0.9525	6950.72	66714
2019-nCoV	24503	C	T	SNP	Heterozygous	S	QHD43416.1	1	c.2941C>T	p.Leu981Phe	missense_variant	MODERATE	0.7675	5172.51	69738
2019-nCoV	25000	C	T	SNP	Heterozygous	S	QHD43416.1	1	c.3438C>T	p.Asp1146Asp	synonymous_variant	LOW	0.965	7431.02	41595
2019-nCoV	25584	C	T	SNP	Heterozygous	ORF3a	QHD43417.1	1	c.192C>T	p.Thr64Thr	synonymous_variant	LOW	0.967089	7381.05	74517
2019-nCoV	26060	C	T	SNP	Heterozygous	ORF3a	QHD43417.1	1	c.668C>T	p.Thr223Ile	missense_variant	MODERATE	0.205	780.764	42629
2019-nCoV	26270	C	T	SNP	Heterozygous	E	QHD43418.1	1	c.26C>T	p.Thr9Ile	missense_variant	MODERATE	0.98	7643.46	95496
2019-nCoV	26530	A	G	SNP	Heterozygous	M	QHD43419.1	1	c.8A>G	p.Asp3Gly	missense_variant	MODERATE	0.7275	4821.49	19372
2019-nCoV	26577	C	G	SNP	Heterozygous	M	QHD43419.1	1	c.55C>G	p.Gln19Glu	missense_variant	MODERATE	0.964646	7375.46	12560
2019-nCoV	26709	G	A	SNP	Heterozygous	M	QHD43419.1	1	c.187G>A	p.Ala63Thr	missense_variant	MODERATE	0.9675	7503.93	36581
2019-nCoV	26858	C	T	SNP	Heterozygous	M	QHD43419.1	1	c.336C>T	p.Phe112Phe	synonymous_variant	LOW	0.177945	637.894	28130
2019-nCoV	27259	A	C	SNP	Heterozygous	ORF6	QHD43420.1	1	c.58A>C	p.Arg20Arg	synonymous_variant	LOW	0.97	7522.57	18882
2019-nCoV	27382	GAT	CTC	MNP	Heterozygous	ORF6	QHD43420.1	1	c.181_183delGATinsCTC	p.Asp61Leu	missense_variant	MODERATE	0.175879	626.395	3716
2019-nCoV	27807	C	T	SNP	Heterozygous	ORF8	QHD43422.1	-1	c.-87C>T	.	upstream_gene_variant	MODIFIER	0.9675	7504.26	33276
2019-nCoV	28271	A	T	SNP	Heterozygous	N	QHD43423.2	-1	c.-3A>T	.	upstream_gene_variant	MODIFIER	0.969231	7096.14	81951
2019-nCoV	28311	C	T	SNP	Heterozygous	N	QHD43423.2	1	c.38C>T	p.Pro13Leu	missense_variant	MODERATE	0.9625	7418.12	84021
2019-nCoV	28361	GGAGAACGCA	G	DEL	Heterozygous	N	QHD43423.2	1	c.90_98delAGAACGCAG	p.Glu31_Ser33del	disruptive_inframe_deletion	MODERATE	0.982051	7490.74	16936
2019-nCoV	28881	GGG	AAC	MNP	Homozygous	N	QHD43423.2	1	c.608_610delGGGinsAAC	p.ArgGly203LysArg	missense_variant	MODERATE	1.0	7601.11	20071
2019-nCoV	29733	CGAGGCCACGCGGAGTACGATCGAGTG	C	DEL	Heterozygous	S	QHD43416.1	-1	c.*4350_*4375delGAGGCCACGCGGAGTACGATCGAGTG	.	downstream_gene_variant	MODIFIER	0.267806	1014.59	2196
