CHROM	POS	REF	ALT	VARTYPE	GEN[*].GT	ANN[*].GENE	ANN[*].FEATUREID	EFF[*].RANK	ANN[*].HGVS_C	ANN[*].HGVS_P	ANN[*].EFFECT	EFF[*].IMPACT	AF	QUAL	DP
2019-nCoV	44	C	T	SNP	Homozygous	orf1ab	QHD43415.1	-1	c.-222C>T	.	upstream_gene_variant	MODIFIER	0.982966	31679.6	75550
2019-nCoV	241	C	T	SNP	Homozygous	orf1ab	QHD43415.1	-1	c.-25C>T	.	upstream_gene_variant	MODIFIER	1.0	33277.6	5595
2019-nCoV	617	T	C	SNP	Heterozygous	orf1ab	QHD43415.1	1	c.352T>C	p.Tyr118His	missense_variant	MODERATE	0.0695	478.559	73796
2019-nCoV	625	G	T	SNP	Heterozygous	orf1ab	QHD43415.1	1	c.360G>T	p.Lys120Asn	missense_variant	MODERATE	0.0275138	48.8164	73667
2019-nCoV	670	T	G	SNP	Homozygous	orf1ab	QHD43415.1	1	c.405T>G	p.Ser135Arg	missense_variant	MODERATE	0.992496	33200.5	72243
2019-nCoV	895	A	G	SNP	Heterozygous	orf1ab	QHD43415.1	1	c.630A>G	p.Lys210Lys	synonymous_variant	LOW	0.0630946	264.73	43617
2019-nCoV	913	C	T	SNP	Heterozygous	orf1ab	QHD43415.1	1	c.648C>T	p.Ser216Ser	synonymous_variant	LOW	0.068034	462.824	43808
2019-nCoV	1078	A	T	SNP	Heterozygous	orf1ab	QHD43415.1	1	c.813A>T	p.Pro271Pro	synonymous_variant	LOW	0.0735736	539.794	8912
2019-nCoV	1514	C	T	SNP	Heterozygous	orf1ab	QHD43415.1	1	c.1249C>T	p.His417Tyr	missense_variant	MODERATE	0.031	70.5792	66052
2019-nCoV	1627	C	T	SNP	Heterozygous	orf1ab	QHD43415.1	1	c.1362C>T	p.Leu454Leu	synonymous_variant	LOW	0.480981	10363.1	41744
2019-nCoV	1929	C	T	SNP	Heterozygous	orf1ab	QHD43415.1	1	c.1664C>T	p.Ala555Val	missense_variant	MODERATE	0.0305	66.357	17181
2019-nCoV	1931	C	A	SNP	Heterozygous	orf1ab	QHD43415.1	1	c.1666C>A	p.Gln556Lys	missense_variant	MODERATE	0.0636591	404.296	17144
2019-nCoV	2790	C	T	SNP	Homozygous	orf1ab	QHD43415.1	1	c.2525C>T	p.Thr842Ile	missense_variant	MODERATE	0.986405	29802.9	59905
2019-nCoV	2954	T	C	SNP	Heterozygous	orf1ab	QHD43415.1	1	c.2689T>C	p.Leu897Leu	synonymous_variant	LOW	0.066	435.521	49124
2019-nCoV	3037	C	T	SNP	Homozygous	orf1ab	QHD43415.1	1	c.2772C>T	p.Phe924Phe	synonymous_variant	LOW	0.998999	33516.2	46618
2019-nCoV	4184	G	A	SNP	Homozygous	orf1ab	QHD43415.1	1	c.3919G>A	p.Gly1307Ser	missense_variant	MODERATE	0.995495	35956.3	28802
2019-nCoV	4321	C	T	SNP	Homozygous	orf1ab	QHD43415.1	1	c.4056C>T	p.Ala1352Ala	synonymous_variant	LOW	0.999495	32209.6	62341
2019-nCoV	6979	T	G	SNP	Heterozygous	orf1ab	QHD43415.1	1	c.6714T>G	p.Val2238Val	synonymous_variant	LOW	0.095	875.822	13339
2019-nCoV	7528	C	T	SNP	Heterozygous	orf1ab	QHD43415.1	1	c.7263C>T	p.Val2421Val	synonymous_variant	LOW	0.0305	67.2441	27928
2019-nCoV	8266	C	T	SNP	Heterozygous	orf1ab	QHD43415.1	1	c.8001C>T	p.Gly2667Gly	synonymous_variant	LOW	0.023	26.0342	28824
2019-nCoV	9344	C	T	SNP	Homozygous	orf1ab	QHD43415.1	1	c.9079C>T	p.Leu3027Phe	missense_variant	MODERATE	1.0	32144.8	16047
2019-nCoV	9424	A	G	SNP	Homozygous	orf1ab	QHD43415.1	1	c.9159A>G	p.Val3053Val	synonymous_variant	LOW	1.0	36271.2	10408
2019-nCoV	9481	T	C	SNP	Heterozygous	orf1ab	QHD43415.1	1	c.9216T>C	p.Gly3072Gly	synonymous_variant	LOW	0.0288875	21.4791	1627
2019-nCoV	9534	C	T	SNP	Homozygous	orf1ab	QHD43415.1	1	c.9269C>T	p.Thr3090Ile	missense_variant	MODERATE	0.996399	29862.2	1663
2019-nCoV	9967	C	T	SNP	Heterozygous	orf1ab	QHD43415.1	1	c.9702C>T	p.Leu3234Leu	synonymous_variant	LOW	0.073	384.046	33528
2019-nCoV	10029	C	T	SNP	Homozygous	orf1ab	QHD43415.1	1	c.9764C>T	p.Thr3255Ile	missense_variant	MODERATE	0.995992	35950.8	32769
2019-nCoV	10114	A	G	SNP	Heterozygous	orf1ab	QHD43415.1	1	c.9849A>G	p.Val3283Val	synonymous_variant	LOW	0.031	70.7756	13459
2019-nCoV	10138	C	T	SNP	Heterozygous	orf1ab	QHD43415.1	1	c.9873C>T	p.Asn3291Asn	synonymous_variant	LOW	0.056028	308.944	33740
2019-nCoV	10153	T	C	SNP	Heterozygous	orf1ab	QHD43415.1	1	c.9888T>C	p.Asp3296Asp	synonymous_variant	LOW	0.0705353	494.349	21248
2019-nCoV	10198	C	T	SNP	Homozygous	orf1ab	QHD43415.1	1	c.9933C>T	p.Asp3311Asp	synonymous_variant	LOW	0.998999	36292.1	33911
2019-nCoV	10447	GCC	ACA	MNP	Homozygous	orf1ab	QHD43415.1	1	c.10182_10184delGCCinsACA	p.Pro3395His	missense_variant	MODERATE	1.0	35658.7	11896
2019-nCoV	11287	GTCTGGTTTT	G	DEL	Homozygous	orf1ab	QHD43415.1	1	c.11023_11031delTCTGGTTTT	p.Ser3675_Phe3677del	conservative_inframe_deletion	MODERATE	1.0	34339.2	50550
2019-nCoV	11514	C	T	SNP	Heterozygous	orf1ab	QHD43415.1	1	c.11249C>T	p.Thr3750Ile	missense_variant	MODERATE	0.062	266.581	13039
2019-nCoV	11747	C	T	SNP	Heterozygous	orf1ab	QHD43415.1	1	c.11482C>T	p.Leu3828Leu	synonymous_variant	LOW	0.0413515	86.1695	35106
2019-nCoV	11750	C	T	SNP	Heterozygous	orf1ab	QHD43415.1	1	c.11485C>T	p.Leu3829Phe	missense_variant	MODERATE	0.0265	42.9397	35025
2019-nCoV	12026	A	T	SNP	Heterozygous	orf1ab	QHD43415.1	1	c.11761A>T	p.Met3921Leu	missense_variant	MODERATE	0.0226472	24.1625	9912
2019-nCoV	12160	G	A	SNP	Homozygous	orf1ab	QHD43415.1	1	c.11895G>A	p.Glu3965Glu	synonymous_variant	LOW	0.996992	35864.0	15478
2019-nCoV	12310	G	A	SNP	Heterozygous	orf1ab	QHD43415.1	1	c.12045G>A	p.Gln4015Gln	synonymous_variant	LOW	0.248749	3601.17	30406
2019-nCoV	12880	C	T	SNP	Homozygous	orf1ab	QHD43415.1	1	c.12615C>T	p.Ile4205Ile	synonymous_variant	LOW	1.0	36166.4	39148
2019-nCoV	13170	C	T	SNP	Heterozygous	orf1ab	QHD43415.1	1	c.12905C>T	p.Thr4302Ile	missense_variant	MODERATE	0.064032	407.007	63988
2019-nCoV	14407	CC	TT	MNP	Heterozygous	orf1ab	QHD43415.1	2	c.14143_14144delCCinsTT	p.Pro4715Phe	missense_variant	MODERATE	0.0679416	35455.2	8623
2019-nCoV	14408	C	T	SNP	Heterozygous	orf1ab	QHD43415.1	2	c.14144C>T	p.Pro4715Leu	missense_variant	MODERATE	0.930549	35455.2	8623
2019-nCoV	15451	G	T	SNP	Heterozygous	orf1ab	QHD43415.1	2	c.15187G>T	p.Gly5063Cys	missense_variant	MODERATE	0.0631263	395.745	90497
2019-nCoV	15714	C	T	SNP	Homozygous	orf1ab	QHD43415.1	2	c.15450C>T	p.Leu5150Leu	synonymous_variant	LOW	0.9995	36131.8	59953
2019-nCoV	15849	T	C	SNP	Heterozygous	orf1ab	QHD43415.1	2	c.15585T>C	p.Thr5195Thr	synonymous_variant	LOW	0.0660661	434.619	22558
2019-nCoV	16616	C	A	SNP	Heterozygous	orf1ab	QHD43415.1	2	c.16352C>A	p.Thr5451Asn	missense_variant	MODERATE	0.285929	5337.15	36706
2019-nCoV	16935	G	A	SNP	Heterozygous	orf1ab	QHD43415.1	2	c.16671G>A	p.Met5557Ile	missense_variant	MODERATE	0.0495248	235.306	85215
2019-nCoV	17012	C	T	SNP	Heterozygous	orf1ab	QHD43415.1	2	c.16748C>T	p.Ser5583Leu	missense_variant	MODERATE	0.0255	38.0742	67495
2019-nCoV	17285	C	T	SNP	Heterozygous	orf1ab	QHD43415.1	2	c.17021C>T	p.Ser5674Leu	missense_variant	MODERATE	0.036018	100.403	142855
2019-nCoV	17410	C	T	SNP	Homozygous	orf1ab	QHD43415.1	2	c.17146C>T	p.Arg5716Cys	missense_variant	MODERATE	0.995994	35991.3	82148
2019-nCoV	18163	A	G	SNP	Homozygous	orf1ab	QHD43415.1	2	c.17899A>G	p.Ile5967Val	missense_variant	MODERATE	0.999499	33660.1	28779
2019-nCoV	18586	T	C	SNP	Heterozygous	orf1ab	QHD43415.1	2	c.18322T>C	p.Phe6108Leu	missense_variant	MODERATE	0.0355533	53.284	28072
2019-nCoV	19524	C	T	SNP	Heterozygous	orf1ab	QHD43415.1	2	c.19260C>T	p.Leu6420Leu	synonymous_variant	LOW	0.042042	95.1536	43626
2019-nCoV	19955	C	T	SNP	Homozygous	orf1ab	QHD43415.1	2	c.19691C>T	p.Thr6564Ile	missense_variant	MODERATE	1.0	33755.1	66158
2019-nCoV	19999	G	T	SNP	Heterozygous	orf1ab	QHD43415.1	2	c.19735G>T	p.Val6579Phe	missense_variant	MODERATE	0.0215108	19.5968	40072
2019-nCoV	20055	A	G	SNP	Homozygous	orf1ab	QHD43415.1	2	c.19791A>G	p.Glu6597Glu	synonymous_variant	LOW	1.0	32288.1	45043
2019-nCoV	20134	G	A	SNP	Heterozygous	orf1ab	QHD43415.1	2	c.19870G>A	p.Val6624Ile	missense_variant	MODERATE	0.0691037	473.278	26743
2019-nCoV	21618	C	T	SNP	Homozygous	S	QHD43416.1	1	c.56C>T	p.Thr19Ile	missense_variant	MODERATE	0.998999	33713.1	30116
2019-nCoV	21632	TTACCCCCTG	T	DEL	Homozygous	S	QHD43416.1	1	c.71_79delTACCCCCTG	p.Leu24_Ala27delinsSer	disruptive_inframe_deletion	MODERATE	1.0	35838.7	28890
2019-nCoV	21764	ATACATG	A	DEL	Homozygous	S	QHD43416.1	1	c.204_209delACATGT	p.His69_Val70del	disruptive_inframe_deletion	MODERATE	1.0	35831.8	32539
2019-nCoV	21987	G	A	SNP	Homozygous	S	QHD43416.1	1	c.425G>A	p.Gly142Asp	missense_variant	MODERATE	1.0	32298.6	36183
2019-nCoV	22002	A	C	SNP	Heterozygous	S	QHD43416.1	1	c.440A>C	p.Lys147Thr	missense_variant	MODERATE	0.0735	539.76	37112
2019-nCoV	22093	G	A	SNP	Heterozygous	S	QHD43416.1	1	c.531G>A	p.Met177Ile	missense_variant	MODERATE	0.0534623	274.501	26392
2019-nCoV	22200	T	G	SNP	Homozygous	S	QHD43416.1	1	c.638T>G	p.Val213Gly	missense_variant	MODERATE	0.997495	35767.4	19400
2019-nCoV	22578	G	A	SNP	Homozygous	S	QHD43416.1	1	c.1016G>A	p.Gly339Asp	missense_variant	MODERATE	0.99599	35955.0	25591
2019-nCoV	22599	G	C	SNP	Heterozygous	S	QHD43416.1	1	c.1037G>C	p.Arg346Thr	missense_variant	MODERATE	0.0368501	112.899	8639
2019-nCoV	22674	C	T	SNP	Homozygous	S	QHD43416.1	1	c.1112C>T	p.Ser371Phe	missense_variant	MODERATE	0.997998	33226.0	10423
2019-nCoV	22679	T	C	SNP	Homozygous	S	QHD43416.1	1	c.1117T>C	p.Ser373Pro	missense_variant	MODERATE	0.997998	33325.1	10272
2019-nCoV	22686	CCA	TCG	MNP	Homozygous	S	QHD43416.1	1	c.1124_1126delCCAinsTCG	p.SerThr375PheAla	missense_variant	MODERATE	0.999497	33038.0	2548
2019-nCoV	22775	G	A	SNP	Homozygous	S	QHD43416.1	1	c.1213G>A	p.Asp405Asn	missense_variant	MODERATE	1.0	33809.1	2073
2019-nCoV	22786	A	C	SNP	Homozygous	S	QHD43416.1	1	c.1224A>C	p.Arg408Ser	missense_variant	MODERATE	0.998486	35498.9	1983
2019-nCoV	22813	G	T	SNP	Homozygous	S	QHD43416.1	1	c.1251G>T	p.Lys417Asn	missense_variant	MODERATE	1.0	33780.7	38393
2019-nCoV	22882	T	G	SNP	Homozygous	S	QHD43416.1	1	c.1320T>G	p.Asn440Lys	missense_variant	MODERATE	0.998998	33752.1	63649
2019-nCoV	22917	T	G	SNP	Homozygous	S	QHD43416.1	1	c.1355T>G	p.Leu452Arg	missense_variant	MODERATE	0.996496	36062.6	62780
2019-nCoV	22942	T	G	SNP	Heterozygous	S	QHD43416.1	1	c.1380T>G	p.Asn460Lys	missense_variant	MODERATE	0.0485243	224.754	61324
2019-nCoV	22992	GCAC	ACAA	MNP	Homozygous	S	QHD43416.1	1	c.1430_1433delGCACinsACAA	p.SerThr477AsnLys	missense_variant	MODERATE	1.0	36132.1	23649
2019-nCoV	23013	A	C	SNP	Homozygous	S	QHD43416.1	1	c.1451A>C	p.Glu484Ala	missense_variant	MODERATE	0.998992	36014.7	42848
2019-nCoV	23018	T	G	SNP	Homozygous	S	QHD43416.1	1	c.1456T>G	p.Phe486Val	missense_variant	MODERATE	0.993994	35805.2	43083
2019-nCoV	23055	A	G	SNP	Homozygous	S	QHD43416.1	1	c.1493A>G	p.Gln498Arg	missense_variant	MODERATE	1.0	32768.1	20622
2019-nCoV	23063	A	T	SNP	Homozygous	S	QHD43416.1	1	c.1501A>T	p.Asn501Tyr	missense_variant	MODERATE	0.992968	32795.5	20995
2019-nCoV	23075	T	C	SNP	Homozygous	S	QHD43416.1	1	c.1513T>C	p.Tyr505His	missense_variant	MODERATE	0.999498	36263.2	21921
2019-nCoV	23403	A	G	SNP	Homozygous	S	QHD43416.1	1	c.1841A>G	p.Asp614Gly	missense_variant	MODERATE	1.0	32928.2	70646
2019-nCoV	23525	C	T	SNP	Homozygous	S	QHD43416.1	1	c.1963C>T	p.His655Tyr	missense_variant	MODERATE	0.9985	33710.5	116982
2019-nCoV	23535	A	G	SNP	Heterozygous	S	QHD43416.1	1	c.1973A>G	p.Asn658Ser	missense_variant	MODERATE	0.0235825	28.7694	116973
2019-nCoV	23599	T	G	SNP	Homozygous	S	QHD43416.1	1	c.2037T>G	p.Asn679Lys	missense_variant	MODERATE	0.996493	33564.4	147590
2019-nCoV	23604	C	A	SNP	Homozygous	S	QHD43416.1	1	c.2042C>A	p.Pro681His	missense_variant	MODERATE	0.99599	19658.1	147677
2019-nCoV	23707	C	T	SNP	Heterozygous	S	QHD43416.1	1	c.2145C>T	p.Pro715Pro	synonymous_variant	LOW	0.0915	817.529	93068
2019-nCoV	23854	C	A	SNP	Homozygous	S	QHD43416.1	1	c.2292C>A	p.Asn764Lys	missense_variant	MODERATE	0.997489	33000.6	42641
2019-nCoV	23948	GATTTTG	TATTT	MIXED	Heterozygous	S	QHD43416.1	1	c.2386_2392delGATTTTGinsTATTT	p.Asp796fs	frameshift_variant&missense_variant	HIGH	0.0515744	30835.1	30021
2019-nCoV	23948	G	T	SNP	Heterozygous	S	QHD43416.1	1	c.2386G>T	p.Asp796Tyr	missense_variant	MODERATE	0.948426	30835.1	30021
2019-nCoV	24133	C	T	SNP	Heterozygous	S	QHD43416.1	1	c.2571C>T	p.Gly857Gly	synonymous_variant	LOW	0.0555834	302.173	29873
2019-nCoV	24424	A	T	SNP	Homozygous	S	QHD43416.1	1	c.2862A>T	p.Gln954His	missense_variant	MODERATE	0.99	35485.1	38051
2019-nCoV	24469	T	A	SNP	Homozygous	S	QHD43416.1	1	c.2907T>A	p.Asn969Lys	missense_variant	MODERATE	0.987964	31753.6	67666
2019-nCoV	24620	G	T	SNP	Heterozygous	S	QHD43416.1	1	c.3058G>T	p.Ala1020Ser	missense_variant	MODERATE	0.0820821	666.125	46413
2019-nCoV	25000	C	T	SNP	Homozygous	S	QHD43416.1	1	c.3438C>T	p.Asp1146Asp	synonymous_variant	LOW	0.999499	33562.6	46736
2019-nCoV	25489	G	A	SNP	Heterozygous	ORF3a	QHD43417.1	1	c.97G>A	p.Ala33Thr	missense_variant	MODERATE	0.0455	119.888	38483
2019-nCoV	25549	C	T	SNP	Heterozygous	ORF3a	QHD43417.1	1	c.157C>T	p.Leu53Phe	missense_variant	MODERATE	0.0310466	72.2664	136317
2019-nCoV	25584	C	T	SNP	Homozygous	ORF3a	QHD43417.1	1	c.192C>T	p.Thr64Thr	synonymous_variant	LOW	0.991984	35631.0	98905
2019-nCoV	25714	C	G	SNP	Heterozygous	ORF3a	QHD43417.1	1	c.322C>G	p.Leu108Val	missense_variant	MODERATE	0.0530531	180.976	84191
2019-nCoV	25904	C	T	SNP	Heterozygous	ORF3a	QHD43417.1	1	c.512C>T	p.Ser171Leu	missense_variant	MODERATE	0.0215215	18.9916	5243
2019-nCoV	25909	G	A	SNP	Heterozygous	ORF3a	QHD43417.1	1	c.517G>A	p.Asp173Asn	missense_variant	MODERATE	0.028	51.113	5289
2019-nCoV	26060	C	T	SNP	Homozygous	ORF3a	QHD43417.1	1	c.668C>T	p.Thr223Ile	missense_variant	MODERATE	0.998498	33700.1	58133
2019-nCoV	26270	C	T	SNP	Homozygous	E	QHD43418.1	1	c.26C>T	p.Thr9Ile	missense_variant	MODERATE	1.0	33636.1	151475
2019-nCoV	26529	G	A	SNP	Heterozygous	M	QHD43419.1	1	c.7G>A	p.Asp3Asn	missense_variant	MODERATE	0.934	31820.5	22947
2019-nCoV	26577	C	G	SNP	Homozygous	M	QHD43419.1	1	c.55C>G	p.Gln19Glu	missense_variant	MODERATE	0.999496	33656.3	10334
2019-nCoV	26709	G	A	SNP	Homozygous	M	QHD43419.1	1	c.187G>A	p.Ala63Thr	missense_variant	MODERATE	0.998497	36250.8	41233
2019-nCoV	26828	G	T	SNP	Heterozygous	M	QHD43419.1	1	c.306G>T	p.Leu102Leu	synonymous_variant	LOW	0.0335671	89.9061	23838
2019-nCoV	26858	C	T	SNP	Heterozygous	M	QHD43419.1	1	c.336C>T	p.Phe112Phe	synonymous_variant	LOW	0.0800801	611.855	47077
2019-nCoV	27012	C	T	SNP	Heterozygous	M	QHD43419.1	1	c.490C>T	p.Leu164Leu	synonymous_variant	LOW	0.197599	2531.05	54641
2019-nCoV	27038	A	G	SNP	Heterozygous	M	QHD43419.1	1	c.516A>G	p.Thr172Thr	synonymous_variant	LOW	0.186	2733.65	6764
2019-nCoV	27143	C	T	SNP	Heterozygous	M	QHD43419.1	1	c.621C>T	p.Asn207Asn	synonymous_variant	LOW	0.0290145	57.8774	55726
2019-nCoV	27259	A	C	SNP	Heterozygous	ORF6	QHD43420.1	1	c.58A>C	p.Arg20Arg	synonymous_variant	LOW	0.062249	380.801	38051
2019-nCoV	27370	C	T	SNP	Heterozygous	ORF6	QHD43420.1	1	c.169C>T	p.Pro57Ser	missense_variant	MODERATE	0.0545546	291.83	14627
2019-nCoV	27382	GAT	CTC	MNP	Heterozygous	ORF6	QHD43420.1	1	c.181_183delGATinsCTC	p.Asp61Leu	missense_variant	MODERATE	0.0707476	497.159	14751
2019-nCoV	27438	T	C	SNP	Heterozygous	ORF7a	QHD43421.1	1	c.45T>C	p.Cys15Cys	synonymous_variant	LOW	0.301301	4987.79	48396
2019-nCoV	27513	C	T	SNP	Heterozygous	ORF7a	QHD43421.1	1	c.120C>T	p.Tyr40Tyr	synonymous_variant	LOW	0.277139	5083.71	54955
2019-nCoV	27532	C	T	SNP	Heterozygous	ORF7a	QHD43421.1	1	c.139C>T	p.His47Tyr	missense_variant	MODERATE	0.0389282	130.935	56714
2019-nCoV	27788	G	T	SNP	Heterozygous	ORF8	QHD43422.1	-1	c.-106G>T	.	upstream_gene_variant	MODIFIER	0.061245	367.335	51178
2019-nCoV	27807	C	T	SNP	Homozygous	ORF8	QHD43422.1	-1	c.-87C>T	.	upstream_gene_variant	MODIFIER	0.997999	36265.0	52522
2019-nCoV	27889	C	T	SNP	Heterozygous	ORF8	QHD43422.1	-1	c.-5C>T	.	upstream_gene_variant	MODIFIER	0.9545	33180.7	37709
2019-nCoV	28271	A	T	SNP	Heterozygous	N	QHD43423.2	-1	c.-3A>T	.	upstream_gene_variant	MODIFIER	0.952859	29845.0	124125
2019-nCoV	28311	C	T	SNP	Homozygous	N	QHD43423.2	1	c.38C>T	p.Pro13Leu	missense_variant	MODERATE	0.999498	36179.8	123654
2019-nCoV	28330	A	G	SNP	Heterozygous	N	QHD43423.2	1	c.57A>G	p.Gly19Gly	synonymous_variant	LOW	0.507653	12096.7	112003
2019-nCoV	28361	GGAGAACGCA	G	DEL	Heterozygous	N	QHD43423.2	1	c.90_98delAGAACGCAG	p.Glu31_Ser33del	disruptive_inframe_deletion	MODERATE	0.969462	34673.7	26855
2019-nCoV	28361	GGAGAACGCAG	TT	MIXED	Heterozygous	N	QHD43423.2	1	c.88_98delGGAGAACGCAGinsTT	p.Gly30_Ser33delinsPhe	missense_variant&disruptive_inframe_deletion	MODERATE	0.0305383	34673.7	26855
2019-nCoV	28402	A	G	SNP	Heterozygous	N	QHD43423.2	1	c.129A>G	p.Gln43Gln	synonymous_variant	LOW	0.0375	63.6579	58451
2019-nCoV	28681	G	T	SNP	Heterozygous	N	QHD43423.2	1	c.408G>T	p.Glu136Asp	missense_variant	MODERATE	0.0700701	478.511	130613
2019-nCoV	28724	C	T	SNP	Heterozygous	N	QHD43423.2	1	c.451C>T	p.Pro151Ser	missense_variant	MODERATE	0.0785	453.526	135832
2019-nCoV	28881	GGG	AAC	MNP	Homozygous	N	QHD43423.2	1	c.608_610delGGGinsAAC	p.ArgGly203LysArg	missense_variant	MODERATE	1.0	33259.4	45068
2019-nCoV	29179	G	T	SNP	Heterozygous	N	QHD43423.2	1	c.906G>T	p.Pro302Pro	synonymous_variant	LOW	0.043043	169.347	20427
2019-nCoV	29212	G	A	SNP	Heterozygous	N	QHD43423.2	1	c.939G>A	p.Ala313Ala	synonymous_variant	LOW	0.027	42.1601	8447
2019-nCoV	29510	A	C	SNP	Homozygous	N	QHD43423.2	1	c.1237A>C	p.Ser413Arg	missense_variant	MODERATE	0.998998	33394.3	12129
2019-nCoV	29614	C	T	SNP	Heterozygous	ORF10	QHI42199.1	1	c.57C>T	p.Cys19Cys	synonymous_variant	LOW	0.04	140.711	7052
2019-nCoV	29666	C	T	SNP	Heterozygous	ORF10	QHI42199.1	1	c.109C>T	p.Leu37Phe	missense_variant	MODERATE	0.315816	6148.01	6996
2019-nCoV	29700	A	G	SNP	Heterozygous	S	QHD43416.1	-1	c.*4316A>G	.	downstream_gene_variant	MODIFIER	0.038674	127.199	6844
2019-nCoV	29733	CGAGGCCACGCGGAGTACGATCGAGTG	C	DEL	Homozygous	S	QHD43416.1	-1	c.*4350_*4375delGAGGCCACGCGGAGTACGATCGAGTG	.	downstream_gene_variant	MODIFIER	1.0	35522.4	4723
