CHROM	POS	REF	ALT	VARTYPE	GEN[*].GT	ANN[*].GENE	ANN[*].FEATUREID	EFF[*].RANK	ANN[*].HGVS_C	ANN[*].HGVS_P	ANN[*].EFFECT	EFF[*].IMPACT	AF	QUAL	DP
2019-nCoV	210	G	T	SNP	Homozygous	orf1ab	QHD43415.1	-1	c.-56G>T	.	upstream_gene_variant	MODIFIER	1.0	7872.31	85369
2019-nCoV	241	C	T	SNP	Homozygous	orf1ab	QHD43415.1	-1	c.-25C>T	.	upstream_gene_variant	MODIFIER	1.0	7641.15	22326
2019-nCoV	3037	C	T	SNP	Homozygous	orf1ab	QHD43415.1	1	c.2772C>T	p.Phe924Phe	synonymous_variant	LOW	1.0	7401.25	44890
2019-nCoV	3787	C	T	SNP	Heterozygous	orf1ab	QHD43415.1	1	c.3522C>T	p.Tyr1174Tyr	synonymous_variant	LOW	0.165829	571.884	31696
2019-nCoV	4181	G	T	SNP	Heterozygous	orf1ab	QHD43415.1	1	c.3916G>T	p.Ala1306Ser	missense_variant	MODERATE	0.949875	7237.96	23853
2019-nCoV	6310	C	T	SNP	Heterozygous	orf1ab	QHD43415.1	1	c.6045C>T	p.Ser2015Ser	synonymous_variant	LOW	0.1975	728.434	43832
2019-nCoV	6402	C	T	SNP	Homozygous	orf1ab	QHD43415.1	1	c.6137C>T	p.Pro2046Leu	missense_variant	MODERATE	0.997494	7863.12	56146
2019-nCoV	7124	C	T	SNP	Homozygous	orf1ab	QHD43415.1	1	c.6859C>T	p.Pro2287Ser	missense_variant	MODERATE	0.995	7897.2	13747
2019-nCoV	8326	C	T	SNP	Heterozygous	orf1ab	QHD43415.1	1	c.8061C>T	p.Asp2687Asp	synonymous_variant	LOW	0.4175	2185.5	8106
2019-nCoV	8986	C	T	SNP	Heterozygous	orf1ab	QHD43415.1	1	c.8721C>T	p.Asp2907Asp	synonymous_variant	LOW	0.984733	7449.08	33491
2019-nCoV	9053	G	T	SNP	Homozygous	orf1ab	QHD43415.1	1	c.8788G>T	p.Val2930Leu	missense_variant	MODERATE	1.0	7951.24	19674
2019-nCoV	9431	G	A	SNP	Heterozygous	orf1ab	QHD43415.1	1	c.9166G>A	p.Val3056Ile	missense_variant	MODERATE	0.17	598.263	19128
2019-nCoV	10029	C	T	SNP	Homozygous	orf1ab	QHD43415.1	1	c.9764C>T	p.Thr3255Ile	missense_variant	MODERATE	0.9975	7950.76	44247
2019-nCoV	10277	C	T	SNP	Heterozygous	orf1ab	QHD43415.1	1	c.10012C>T	p.Leu3338Phe	missense_variant	MODERATE	0.22	871.494	31143
2019-nCoV	10977	C	T	SNP	Heterozygous	orf1ab	QHD43415.1	1	c.10712C>T	p.Ala3571Val	missense_variant	MODERATE	0.33	1566.69	27068
2019-nCoV	11201	A	G	SNP	Heterozygous	orf1ab	QHD43415.1	1	c.10936A>G	p.Thr3646Ala	missense_variant	MODERATE	0.974937	7581.92	43673
2019-nCoV	11332	A	G	SNP	Homozygous	orf1ab	QHD43415.1	1	c.11067A>G	p.Val3689Val	synonymous_variant	LOW	0.994987	7872.28	53577
2019-nCoV	11908	A	G	SNP	Heterozygous	orf1ab	QHD43415.1	1	c.11643A>G	p.Val3881Val	synonymous_variant	LOW	0.225	902.885	34130
2019-nCoV	14408	C	T	SNP	Heterozygous	orf1ab	QHD43415.1	2	c.14144C>T	p.Pro4715Leu	missense_variant	MODERATE	0.99	7815.58	8142
2019-nCoV	15451	G	A	SNP	Homozygous	orf1ab	QHD43415.1	2	c.15187G>A	p.Gly5063Ser	missense_variant	MODERATE	0.9925	7818.5	89721
2019-nCoV	15952	C	A	SNP	Heterozygous	orf1ab	QHD43415.1	2	c.15688C>A	p.Leu5230Ile	missense_variant	MODERATE	0.25	1053.65	49883
2019-nCoV	16049	C	T	SNP	Heterozygous	orf1ab	QHD43415.1	2	c.15785C>T	p.Thr5262Ile	missense_variant	MODERATE	0.21	815.989	64396
2019-nCoV	16466	C	T	SNP	Homozygous	orf1ab	QHD43415.1	2	c.16202C>T	p.Pro5401Leu	missense_variant	MODERATE	1.0	7994.68	29916
2019-nCoV	18744	C	T	SNP	Heterozygous	orf1ab	QHD43415.1	2	c.18480C>T	p.Tyr6160Tyr	synonymous_variant	LOW	0.1375	434.798	15378
2019-nCoV	19220	C	T	SNP	Heterozygous	orf1ab	QHD43415.1	2	c.18956C>T	p.Ala6319Val	missense_variant	MODERATE	0.979849	7616.54	48238
2019-nCoV	19368	AT	A	DEL	Heterozygous	orf1ab	QHD43415.1	2	c.19109delT	p.Phe6370fs	frameshift_variant	HIGH	0.3825	293.473	44992
2019-nCoV	21396	C	T	SNP	Heterozygous	orf1ab	QHD43415.1	2	c.21132C>T	p.Asp7044Asp	synonymous_variant	LOW	0.19	703.783	16124
2019-nCoV	21618	C	G	SNP	Heterozygous	S	QHD43416.1	1	c.56C>G	p.Thr19Arg	missense_variant	MODERATE	0.969925	7500.72	26282
2019-nCoV	21846	C	T	SNP	Heterozygous	S	QHD43416.1	1	c.284C>T	p.Thr95Ile	missense_variant	MODERATE	0.245614	1021.19	3307
2019-nCoV	21987	G	A	SNP	Homozygous	S	QHD43416.1	1	c.425G>A	p.Gly142Asp	missense_variant	MODERATE	0.9975	7926.68	25199
2019-nCoV	22028	GAGTTCA	G	DEL	Homozygous	S	QHD43416.1	1	c.467_472delAGTTCA	p.Glu156_Arg158delinsGly	disruptive_inframe_deletion	MODERATE	0.994962	7825.33	56956
2019-nCoV	22917	T	G	SNP	Homozygous	S	QHD43416.1	1	c.1355T>G	p.Leu452Arg	missense_variant	MODERATE	0.995	7912.28	57243
2019-nCoV	22995	C	A	SNP	Homozygous	S	QHD43416.1	1	c.1433C>A	p.Thr478Lys	missense_variant	MODERATE	0.9975	7915.1	17010
2019-nCoV	23063	A	T	SNP	Heterozygous	S	QHD43416.1	1	c.1501A>T	p.Asn501Tyr	missense_variant	MODERATE	0.350877	1659.79	1107
2019-nCoV	23403	A	G	SNP	Homozygous	S	QHD43416.1	1	c.1841A>G	p.Asp614Gly	missense_variant	MODERATE	1.0	7895.06	84317
2019-nCoV	23604	C	G	SNP	Homozygous	S	QHD43416.1	1	c.2042C>G	p.Pro681Arg	missense_variant	MODERATE	0.994885	7734.07	115723
2019-nCoV	24410	G	A	SNP	Homozygous	S	QHD43416.1	1	c.2848G>A	p.Asp950Asn	missense_variant	MODERATE	0.995	7708.31	14688
2019-nCoV	25469	C	T	SNP	Heterozygous	ORF3a	QHD43417.1	1	c.77C>T	p.Ser26Leu	missense_variant	MODERATE	0.9775	7420.17	30939
2019-nCoV	26767	T	C	SNP	Homozygous	M	QHD43419.1	1	c.245T>C	p.Ile82Thr	missense_variant	MODERATE	0.995	7910.55	35632
2019-nCoV	27638	T	C	SNP	Heterozygous	ORF7a	QHD43421.1	1	c.245T>C	p.Val82Ala	missense_variant	MODERATE	0.942211	7135.04	33496
2019-nCoV	27752	C	T	SNP	Homozygous	ORF7a	QHD43421.1	1	c.359C>T	p.Thr120Ile	missense_variant	MODERATE	1.0	7905.34	56842
2019-nCoV	27874	C	T	SNP	Heterozygous	ORF8	QHD43422.1	-1	c.-20C>T	.	upstream_gene_variant	MODIFIER	0.987437	7471.55	46788
2019-nCoV	28247	AGATTTC	A	DEL	Homozygous	ORF8	QHD43422.1	1	c.355_360delGATTTC	p.Asp119_Phe120del	conservative_inframe_deletion	MODERATE	0.994505	7116.1	49079
2019-nCoV	28270	TA	T	DEL	Homozygous	N	QHD43423.2	-1	c.-3delA	.	upstream_gene_variant	MODIFIER	1.0	5643.82	109891
2019-nCoV	28299	A	T	SNP	Heterozygous	N	QHD43423.2	1	c.26A>T	p.Gln9Leu	missense_variant	MODERATE	0.20802	791.161	111626
2019-nCoV	28461	A	G	SNP	Homozygous	N	QHD43423.2	1	c.188A>G	p.Asp63Gly	missense_variant	MODERATE	1.0	7925.31	30406
2019-nCoV	28881	G	T	SNP	Heterozygous	N	QHD43423.2	1	c.608G>T	p.Arg203Met	missense_variant	MODERATE	0.987406	7667.3	42715
2019-nCoV	28916	G	T	SNP	Heterozygous	N	QHD43423.2	1	c.643G>T	p.Gly215Cys	missense_variant	MODERATE	0.975	7600.21	96455
2019-nCoV	29402	G	T	SNP	Heterozygous	N	QHD43423.2	1	c.1129G>T	p.Asp377Tyr	missense_variant	MODERATE	0.987406	7651.36	22877
2019-nCoV	29557	G	T	SNP	Heterozygous	ORF10	QHI42199.1	-1	c.-1G>T	.	upstream_gene_variant	MODIFIER	0.1625	554.497	3284
2019-nCoV	29742	G	T	SNP	Homozygous	S	QHD43416.1	-1	c.*4358G>T	.	downstream_gene_variant	MODIFIER	1.0	7922.43	5040
