CHROM	POS	REF	ALT	VARTYPE	GEN[*].GT	ANN[*].GENE	ANN[*].FEATUREID	EFF[*].RANK	ANN[*].HGVS_C	ANN[*].HGVS_P	ANN[*].EFFECT	EFF[*].IMPACT	AF	QUAL	DP
2019-nCoV	44	C	T	SNP	Heterozygous	orf1ab	QHD43415.1	-1	c.-222C>T	.	upstream_gene_variant	MODIFIER	0.941176	450.418	34
2019-nCoV	593	C	T	SNP	Heterozygous	orf1ab	QHD43415.1	1	c.328C>T	p.His110Tyr	missense_variant	MODERATE	0.0857143	15.3282	35
2019-nCoV	670	T	G	SNP	Homozygous	orf1ab	QHD43415.1	1	c.405T>G	p.Ser135Arg	missense_variant	MODERATE	1.0	484.821	32
2019-nCoV	2954	T	C	SNP	Heterozygous	orf1ab	QHD43415.1	1	c.2689T>C	p.Leu897Leu	synonymous_variant	LOW	0.162162	37.2424	37
2019-nCoV	2960	G	T	SNP	Heterozygous	orf1ab	QHD43415.1	1	c.2695G>T	p.Glu899*	stop_gained	HIGH	0.0540541	10.4039	37
2019-nCoV	3037	C	T	SNP	Homozygous	orf1ab	QHD43415.1	1	c.2772C>T	p.Phe924Phe	synonymous_variant	LOW	1.0	807.498	41
2019-nCoV	4461	TTT	C	MIXED	Heterozygous	orf1ab	QHD43415.1	1	c.4196_4198delTTTinsC	p.Val1399fs	frameshift_variant&missense_variant	HIGH	0.130435	15.4301	23
2019-nCoV	8015	G	T	SNP	Heterozygous	orf1ab	QHD43415.1	1	c.7750G>T	p.Ala2584Ser	missense_variant	MODERATE	0.08	10.43	25
2019-nCoV	8110	T	C	SNP	Heterozygous	orf1ab	QHD43415.1	1	c.7845T>C	p.Thr2615Thr	synonymous_variant	LOW	0.0967742	15.3382	31
2019-nCoV	8135	G	T	SNP	Heterozygous	orf1ab	QHD43415.1	1	c.7870G>T	p.Val2624Leu	missense_variant	MODERATE	0.0666667	10.4167	30
2019-nCoV	8476	C	T	SNP	Heterozygous	orf1ab	QHD43415.1	1	c.8211C>T	p.Asn2737Asn	synonymous_variant	LOW	0.0512821	19.4225	78
2019-nCoV	11287	GTCTGGTTTT	G	DEL	Homozygous	orf1ab	QHD43415.1	1	c.11023_11031delTCTGGTTTT	p.Ser3675_Phe3677del	conservative_inframe_deletion	MODERATE	1.0	298.892	22
2019-nCoV	15002	A	G	SNP	Heterozygous	orf1ab	QHD43415.1	2	c.14738A>G	p.Tyr4913Cys	missense_variant	MODERATE	0.0512821	10.4011	39
2019-nCoV	15451	G	A	SNP	Heterozygous	orf1ab	QHD43415.1	2	c.15187G>A	p.Gly5063Ser	missense_variant	MODERATE	0.2	46.4155	35
2019-nCoV	15567	T	C	SNP	Heterozygous	orf1ab	QHD43415.1	2	c.15303T>C	p.Ser5101Ser	synonymous_variant	LOW	0.0487805	10.3985	41
2019-nCoV	15714	C	T	SNP	Homozygous	orf1ab	QHD43415.1	2	c.15450C>T	p.Leu5150Leu	synonymous_variant	LOW	1.0	543.903	35
2019-nCoV	15939	T	C	SNP	Heterozygous	orf1ab	QHD43415.1	2	c.15675T>C	p.Asp5225Asp	synonymous_variant	LOW	0.0714286	10.4216	28
2019-nCoV	16180	A	G	SNP	Heterozygous	orf1ab	QHD43415.1	2	c.15916A>G	p.Arg5306Gly	missense_variant	MODERATE	0.115385	15.0559	26
2019-nCoV	17301	T	C	SNP	Heterozygous	orf1ab	QHD43415.1	2	c.17037T>C	p.Tyr5679Tyr	synonymous_variant	LOW	0.030303	10.3332	66
2019-nCoV	17410	C	T	SNP	Homozygous	orf1ab	QHD43415.1	2	c.17146C>T	p.Arg5716Cys	missense_variant	MODERATE	1.0	263.786	20
2019-nCoV	20654	T	C	SNP	Heterozygous	orf1ab	QHD43415.1	2	c.20390T>C	p.Leu6797Ser	missense_variant	MODERATE	0.142857	15.4273	21
2019-nCoV	21071	A	G	SNP	Heterozygous	orf1ab	QHD43415.1	2	c.20807A>G	p.Asn6936Ser	missense_variant	MODERATE	0.0588235	10.409	34
2019-nCoV	21225	G	T	SNP	Heterozygous	orf1ab	QHD43415.1	2	c.20961G>T	p.Trp6987Cys	missense_variant	MODERATE	0.0435	105.858	5639
2019-nCoV	21232	G	A	SNP	Heterozygous	orf1ab	QHD43415.1	2	c.20968G>A	p.Ala6990Thr	missense_variant	MODERATE	0.029	57.735	5629
2019-nCoV	21248	T	C	SNP	Heterozygous	orf1ab	QHD43415.1	2	c.20984T>C	p.Val6995Ala	missense_variant	MODERATE	0.0375	119.804	6264
2019-nCoV	21335	C	T	SNP	Heterozygous	orf1ab	QHD43415.1	2	c.21071C>T	p.Ala7024Val	missense_variant	MODERATE	0.043364	46.7347	758
2019-nCoV	22033	C	A	SNP	Heterozygous	S	QHD43416.1	1	c.471C>A	p.Phe157Leu	missense_variant	MODERATE	0.304348	47.7102	23
2019-nCoV	22882	T	G	SNP	Homozygous	S	QHD43416.1	1	c.1320T>G	p.Asn440Lys	missense_variant	MODERATE	1.0	371.416	26
2019-nCoV	22893	A	C	SNP	Heterozygous	S	QHD43416.1	1	c.1331A>C	p.Lys444Thr	missense_variant	MODERATE	0.115385	15.3957	26
2019-nCoV	22917	T	G	SNP	Heterozygous	S	QHD43416.1	1	c.1355T>G	p.Leu452Arg	missense_variant	MODERATE	0.96	324.5	25
2019-nCoV	22942	T	A	SNP	Heterozygous	S	QHD43416.1	1	c.1380T>A	p.Asn460Lys	missense_variant	MODERATE	0.125	15.9483	25
2019-nCoV	23525	C	T	SNP	Homozygous	S	QHD43416.1	1	c.1963C>T	p.His655Tyr	missense_variant	MODERATE	1.0	1877.43	118
2019-nCoV	23530	C	T	SNP	Heterozygous	S	QHD43416.1	1	c.1968C>T	p.Val656Val	synonymous_variant	LOW	0.0423729	18.7046	118
2019-nCoV	23535	A	G	SNP	Heterozygous	S	QHD43416.1	1	c.1973A>G	p.Asn658Ser	missense_variant	MODERATE	0.0762712	43.111	118
2019-nCoV	23540	T	C	SNP	Heterozygous	S	QHD43416.1	1	c.1978T>C	p.Tyr660His	missense_variant	MODERATE	0.0442478	19.3951	112
2019-nCoV	23599	T	G	SNP	Homozygous	S	QHD43416.1	1	c.2037T>G	p.Asn679Lys	missense_variant	MODERATE	1.0	3810.84	229
2019-nCoV	23604	C	A	SNP	Homozygous	S	QHD43416.1	1	c.2042C>A	p.Pro681His	missense_variant	MODERATE	1.0	4057.32	230
2019-nCoV	23707	C	T	SNP	Heterozygous	S	QHD43416.1	1	c.2145C>T	p.Pro715Pro	synonymous_variant	LOW	0.0490196	21.0681	102
2019-nCoV	24186	C	T	SNP	Heterozygous	S	QHD43416.1	1	c.2624C>T	p.Ser875Phe	missense_variant	MODERATE	0.0909091	10.4407	22
2019-nCoV	24424	A	T	SNP	Homozygous	S	QHD43416.1	1	c.2862A>T	p.Gln954His	missense_variant	MODERATE	1.0	484.899	26
2019-nCoV	24469	T	A	SNP	Homozygous	S	QHD43416.1	1	c.2907T>A	p.Asn969Lys	missense_variant	MODERATE	1.0	555.785	36
2019-nCoV	25584	C	T	SNP	Homozygous	ORF3a	QHD43417.1	1	c.192C>T	p.Thr64Thr	synonymous_variant	LOW	0.994638	13208.5	747
2019-nCoV	26060	C	T	SNP	Homozygous	ORF3a	QHD43417.1	1	c.668C>T	p.Thr223Ile	missense_variant	MODERATE	1.0	263.745	20
2019-nCoV	26270	C	T	SNP	Homozygous	E	QHD43418.1	1	c.26C>T	p.Thr9Ile	missense_variant	MODERATE	1.0	581.865	38
2019-nCoV	26275	A	G	SNP	Heterozygous	E	QHD43418.1	1	c.31A>G	p.Thr11Ala	missense_variant	MODERATE	0.0789474	15.3137	38
2019-nCoV	26858	C	T	SNP	Heterozygous	M	QHD43419.1	1	c.336C>T	p.Phe112Phe	synonymous_variant	LOW	0.227273	29.5462	22
2019-nCoV	26987	T	C	SNP	Heterozygous	M	QHD43419.1	1	c.465T>C	p.His155His	synonymous_variant	LOW	0.136364	15.4434	22
2019-nCoV	27807	C	T	SNP	Homozygous	ORF8	QHD43422.1	-1	c.-87C>T	.	upstream_gene_variant	MODIFIER	1.0	316.748	23
2019-nCoV	27915	G	T	SNP	Heterozygous	ORF8	QHD43422.1	1	c.22G>T	p.Gly8*	stop_gained	HIGH	0.230769	37.8505	26
2019-nCoV	28271	A	T	SNP	Heterozygous	N	QHD43423.2	-1	c.-3A>T	.	upstream_gene_variant	MODIFIER	0.812183	3577.6	200
2019-nCoV	28271	AAAATG	TAAATT	MNP	Heterozygous	N	QHD43423.2	1	c.-3_3delAAAATGinsTAAATT	p.Met1?	start_lost	HIGH	0.167513	3577.6	200
2019-nCoV	28311	C	T	SNP	Heterozygous	N	QHD43423.2	1	c.38C>T	p.Pro13Leu	missense_variant	MODERATE	0.956098	3530.61	205
2019-nCoV	28311	CC	TT	MNP	Heterozygous	N	QHD43423.2	1	c.38_39delCCinsTT	p.Pro13Leu	missense_variant	MODERATE	0.0439024	3530.61	205
2019-nCoV	28330	A	G	SNP	Heterozygous	N	QHD43423.2	1	c.57A>G	p.Gly19Gly	synonymous_variant	LOW	0.520202	1300.79	197
2019-nCoV	28406	T	C	SNP	Heterozygous	N	QHD43423.2	1	c.133T>C	p.Leu45Leu	synonymous_variant	LOW	0.107143	15.377	28
2019-nCoV	28681	G	T	SNP	Heterozygous	N	QHD43423.2	1	c.408G>T	p.Glu136Asp	missense_variant	MODERATE	0.228571	56.3434	35
