CHROM	POS	REF	ALT	VARTYPE	GEN[*].GT	ANN[*].GENE	ANN[*].FEATUREID	EFF[*].RANK	ANN[*].HGVS_C	ANN[*].HGVS_P	ANN[*].EFFECT	EFF[*].IMPACT	AF	QUAL	DP
2019-nCoV	44	C	T	SNP	Homozygous	orf1ab	QHD43415.1	-1	c.-222C>T	.	upstream_gene_variant	MODIFIER	0.993497	32692.3	63701
2019-nCoV	106	C	T	SNP	Heterozygous	orf1ab	QHD43415.1	-1	c.-160C>T	.	upstream_gene_variant	MODIFIER	0.0465	203.378	68075
2019-nCoV	241	C	T	SNP	Homozygous	orf1ab	QHD43415.1	-1	c.-25C>T	.	upstream_gene_variant	MODIFIER	1.0	33088.9	3306
2019-nCoV	261	G	A	SNP	Heterozygous	orf1ab	QHD43415.1	-1	c.-5G>A	.	upstream_gene_variant	MODIFIER	0.0560561	209.702	23527
2019-nCoV	336	G	A	SNP	Heterozygous	orf1ab	QHD43415.1	1	c.71G>A	p.Arg24His	missense_variant	MODERATE	0.027027	46.1731	69052
2019-nCoV	405	A	G	SNP	Heterozygous	orf1ab	QHD43415.1	1	c.140A>G	p.Lys47Arg	missense_variant	MODERATE	0.1795	2586.26	68940
2019-nCoV	670	T	G	SNP	Homozygous	orf1ab	QHD43415.1	1	c.405T>G	p.Ser135Arg	missense_variant	MODERATE	0.993484	33244.0	57095
2019-nCoV	1263	C	T	SNP	Heterozygous	orf1ab	QHD43415.1	1	c.998C>T	p.Thr333Met	missense_variant	MODERATE	0.0225	24.1739	27173
2019-nCoV	1627	C	T	SNP	Heterozygous	orf1ab	QHD43415.1	1	c.1362C>T	p.Leu454Leu	synonymous_variant	LOW	0.307808	5211.72	34498
2019-nCoV	1931	C	A	SNP	Heterozygous	orf1ab	QHD43415.1	1	c.1666C>A	p.Gln556Lys	missense_variant	MODERATE	0.349222	7004.31	8765
2019-nCoV	2163	A	G	SNP	Heterozygous	orf1ab	QHD43415.1	1	c.1898A>G	p.Glu633Gly	missense_variant	MODERATE	0.098	926.539	13571
2019-nCoV	2164	G	A	SNP	Heterozygous	orf1ab	QHD43415.1	1	c.1899G>A	p.Glu633Glu	synonymous_variant	LOW	0.123246	1381.04	13543
2019-nCoV	2183	G	T	SNP	Heterozygous	orf1ab	QHD43415.1	1	c.1918G>T	p.Glu640*	stop_gained	HIGH	0.0250125	35.4275	13684
2019-nCoV	2692	A	T	SNP	Heterozygous	orf1ab	QHD43415.1	1	c.2427A>T	p.Thr809Thr	synonymous_variant	LOW	0.0545	291.273	12776
2019-nCoV	2790	C	T	SNP	Homozygous	orf1ab	QHD43415.1	1	c.2525C>T	p.Thr842Ile	missense_variant	MODERATE	0.999486	18653.7	34777
2019-nCoV	2954	T	C	SNP	Heterozygous	orf1ab	QHD43415.1	1	c.2689T>C	p.Leu897Leu	synonymous_variant	LOW	0.3805	8213.17	26228
2019-nCoV	3037	C	T	SNP	Homozygous	orf1ab	QHD43415.1	1	c.2772C>T	p.Phe924Phe	synonymous_variant	LOW	0.999	32979.7	24685
2019-nCoV	3230	G	T	SNP	Heterozygous	orf1ab	QHD43415.1	1	c.2965G>T	p.Gly989Cys	missense_variant	MODERATE	0.026026	15.1889	9141
2019-nCoV	3251	G	T	SNP	Heterozygous	orf1ab	QHD43415.1	1	c.2986G>T	p.Asp996Tyr	missense_variant	MODERATE	0.0515258	257.044	14274
2019-nCoV	3604	C	T	SNP	Heterozygous	orf1ab	QHD43415.1	1	c.3339C>T	p.His1113His	synonymous_variant	LOW	0.0625313	387.917	26774
2019-nCoV	3716	G	T	SNP	Heterozygous	orf1ab	QHD43415.1	1	c.3451G>T	p.Ala1151Ser	missense_variant	MODERATE	0.0295148	61.1358	14118
2019-nCoV	3796	C	T	SNP	Heterozygous	orf1ab	QHD43415.1	1	c.3531C>T	p.Val1177Val	synonymous_variant	LOW	0.0305918	69.1423	23601
2019-nCoV	3927	C	T	SNP	Heterozygous	orf1ab	QHD43415.1	1	c.3662C>T	p.Ser1221Leu	missense_variant	MODERATE	0.0415	153.935	15570
2019-nCoV	4184	G	A	SNP	Homozygous	orf1ab	QHD43415.1	1	c.3919G>A	p.Gly1307Ser	missense_variant	MODERATE	0.993	35829.4	16920
2019-nCoV	4321	C	T	SNP	Homozygous	orf1ab	QHD43415.1	1	c.4056C>T	p.Ala1352Ala	synonymous_variant	LOW	1.0	32882.7	32700
2019-nCoV	4579	T	A	SNP	Heterozygous	orf1ab	QHD43415.1	1	c.4314T>A	p.Leu1438Leu	synonymous_variant	LOW	0.068	328.337	47834
2019-nCoV	4586	C	T	SNP	Heterozygous	orf1ab	QHD43415.1	1	c.4321C>T	p.Leu1441Leu	synonymous_variant	LOW	0.0495	235.231	47805
2019-nCoV	5006	A	G	SNP	Heterozygous	orf1ab	QHD43415.1	1	c.4741A>G	p.Thr1581Ala	missense_variant	MODERATE	0.025	35.4491	16854
2019-nCoV	5144	C	T	SNP	Heterozygous	orf1ab	QHD43415.1	1	c.4879C>T	p.Leu1627Leu	synonymous_variant	LOW	0.0465	203.071	4249
2019-nCoV	5183	C	T	SNP	Heterozygous	orf1ab	QHD43415.1	1	c.4918C>T	p.Pro1640Ser	missense_variant	MODERATE	0.0335	44.7719	17389
2019-nCoV	5259	C	T	SNP	Heterozygous	orf1ab	QHD43415.1	1	c.4994C>T	p.Thr1665Ile	missense_variant	MODERATE	0.125626	1120.79	17372
2019-nCoV	6023	T	C	SNP	Heterozygous	orf1ab	QHD43415.1	1	c.5758T>C	p.Tyr1920His	missense_variant	MODERATE	0.027	18.3809	14383
2019-nCoV	6364	G	A	SNP	Heterozygous	orf1ab	QHD43415.1	1	c.6099G>A	p.Ala2033Ala	synonymous_variant	LOW	0.0600203	352.212	18814
2019-nCoV	6443	G	A	SNP	Heterozygous	orf1ab	QHD43415.1	1	c.6178G>A	p.Asp2060Asn	missense_variant	MODERATE	0.0536166	269.713	49880
2019-nCoV	7528	C	T	SNP	Heterozygous	orf1ab	QHD43415.1	1	c.7263C>T	p.Val2421Val	synonymous_variant	LOW	0.155	2032.17	28993
2019-nCoV	7675	G	T	SNP	Heterozygous	orf1ab	QHD43415.1	1	c.7410G>T	p.Ala2470Ala	synonymous_variant	LOW	0.0295	60.9185	22932
2019-nCoV	8090	C	T	SNP	Heterozygous	orf1ab	QHD43415.1	1	c.7825C>T	p.Leu2609Phe	missense_variant	MODERATE	0.0405608	146.1	30489
2019-nCoV	8254	A	G	SNP	Heterozygous	orf1ab	QHD43415.1	1	c.7989A>G	p.Ile2663Met	missense_variant	MODERATE	0.115	1229.31	27494
2019-nCoV	8290	C	T	SNP	Heterozygous	orf1ab	QHD43415.1	1	c.8025C>T	p.Leu2675Leu	synonymous_variant	LOW	0.0230115	26.3089	27443
2019-nCoV	8637	C	A	SNP	Heterozygous	orf1ab	QHD43415.1	1	c.8372C>A	p.Thr2791Lys	missense_variant	MODERATE	0.0645969	411.067	31987
2019-nCoV	8702	G	T	SNP	Heterozygous	orf1ab	QHD43415.1	1	c.8437G>T	p.Asp2813Tyr	missense_variant	MODERATE	0.019	11.6185	10185
2019-nCoV	9344	C	T	SNP	Homozygous	orf1ab	QHD43415.1	1	c.9079C>T	p.Leu3027Phe	missense_variant	MODERATE	1.0	32234.1	16702
2019-nCoV	9424	A	G	SNP	Homozygous	orf1ab	QHD43415.1	1	c.9159A>G	p.Val3053Val	synonymous_variant	LOW	1.0	36420.4	9558
2019-nCoV	9525	T	C	SNP	Heterozygous	orf1ab	QHD43415.1	1	c.9260T>C	p.Met3087Thr	missense_variant	MODERATE	0.0265	43.3625	2088
2019-nCoV	9534	C	T	SNP	Heterozygous	orf1ab	QHD43415.1	1	c.9269C>T	p.Thr3090Ile	missense_variant	MODERATE	0.936277	36242.6	2074
2019-nCoV	9534	CTG	TTT	MNP	Heterozygous	orf1ab	QHD43415.1	1	c.9269_9271delCTGinsTTT	p.ThrVal3090IleLeu	missense_variant	MODERATE	0.063723	36242.6	2074
2019-nCoV	9866	C	T	SNP	Heterozygous	orf1ab	QHD43415.1	1	c.9601C>T	p.Leu3201Phe	missense_variant	MODERATE	0.214321	3103.76	25128
2019-nCoV	10029	C	T	SNP	Homozygous	orf1ab	QHD43415.1	1	c.9764C>T	p.Thr3255Ile	missense_variant	MODERATE	0.9935	35911.8	30628
2019-nCoV	10198	C	T	SNP	Homozygous	orf1ab	QHD43415.1	1	c.9933C>T	p.Asp3311Asp	synonymous_variant	LOW	1.0	33858.8	36671
2019-nCoV	10447	GCC	ACA	MNP	Homozygous	orf1ab	QHD43415.1	1	c.10182_10184delGCCinsACA	p.Pro3395His	missense_variant	MODERATE	0.999491	35562.5	5590
2019-nCoV	10702	C	T	SNP	Heterozygous	orf1ab	QHD43415.1	1	c.10437C>T	p.Asp3479Asp	synonymous_variant	LOW	0.027	45.9742	17350
2019-nCoV	10834	C	T	SNP	Heterozygous	orf1ab	QHD43415.1	1	c.10569C>T	p.Ala3523Ala	synonymous_variant	LOW	0.0245245	34.0232	42100
2019-nCoV	11235	C	T	SNP	Heterozygous	orf1ab	QHD43415.1	1	c.10970C>T	p.Ala3657Val	missense_variant	MODERATE	0.035	99.542	25950
2019-nCoV	11287	GTCTGGTTTT	G	DEL	Homozygous	orf1ab	QHD43415.1	1	c.11023_11031delTCTGGTTTT	p.Ser3675_Phe3677del	conservative_inframe_deletion	MODERATE	1.0	35425.0	49114
2019-nCoV	11742	A	T	SNP	Heterozygous	orf1ab	QHD43415.1	1	c.11477A>T	p.Gln3826Leu	missense_variant	MODERATE	0.030015	64.0413	27215
2019-nCoV	11750	C	T	SNP	Heterozygous	orf1ab	QHD43415.1	1	c.11485C>T	p.Leu3829Phe	missense_variant	MODERATE	0.328664	6562.45	27046
2019-nCoV	12160	G	A	SNP	Heterozygous	orf1ab	QHD43415.1	1	c.11895G>A	p.Glu3965Glu	synonymous_variant	LOW	0.757758	22746.4	11480
2019-nCoV	12310	G	A	SNP	Heterozygous	orf1ab	QHD43415.1	1	c.12045G>A	p.Gln4015Gln	synonymous_variant	LOW	0.112112	912.688	29530
2019-nCoV	12444	A	G	SNP	Heterozygous	orf1ab	QHD43415.1	1	c.12179A>G	p.Asn4060Ser	missense_variant	MODERATE	0.045	188.413	28807
2019-nCoV	12880	C	T	SNP	Homozygous	orf1ab	QHD43415.1	1	c.12615C>T	p.Ile4205Ile	synonymous_variant	LOW	0.999499	19850.5	31296
2019-nCoV	14257	T	C	SNP	Heterozygous	orf1ab	QHD43415.1	2	c.13993T>C	p.Tyr4665His	missense_variant	MODERATE	0.371371	6996.63	21794
2019-nCoV	14408	C	T	SNP	Homozygous	orf1ab	QHD43415.1	2	c.14144C>T	p.Pro4715Leu	missense_variant	MODERATE	0.997499	33630.1	8186
2019-nCoV	14481	C	T	SNP	Heterozygous	orf1ab	QHD43415.1	2	c.14217C>T	p.His4739His	synonymous_variant	LOW	0.0295295	61.698	37490
2019-nCoV	15002	A	G	SNP	Heterozygous	orf1ab	QHD43415.1	2	c.14738A>G	p.Tyr4913Cys	missense_variant	MODERATE	0.024	30.755	50382
2019-nCoV	15312	A	G	SNP	Heterozygous	orf1ab	QHD43415.1	2	c.15048A>G	p.Arg5016Arg	synonymous_variant	LOW	0.0370185	115.961	61618
2019-nCoV	15451	G	A	SNP	Heterozygous	orf1ab	QHD43415.1	2	c.15187G>A	p.Gly5063Ser	missense_variant	MODERATE	0.192559	2869.82	79202
2019-nCoV	15543	G	T	SNP	Heterozygous	orf1ab	QHD43415.1	2	c.15279G>T	p.Thr5093Thr	synonymous_variant	LOW	0.130762	1530.81	31364
2019-nCoV	15714	C	T	SNP	Homozygous	orf1ab	QHD43415.1	2	c.15450C>T	p.Leu5150Leu	synonymous_variant	LOW	0.998999	36136.8	59430
2019-nCoV	15738	C	T	SNP	Heterozygous	orf1ab	QHD43415.1	2	c.15474C>T	p.Phe5158Phe	synonymous_variant	LOW	0.174962	1958.81	58856
2019-nCoV	15939	T	C	SNP	Heterozygous	orf1ab	QHD43415.1	2	c.15675T>C	p.Asp5225Asp	synonymous_variant	LOW	0.156469	2014.66	38690
2019-nCoV	16342	T	C	SNP	Heterozygous	orf1ab	QHD43415.1	2	c.16078T>C	p.Ser5360Pro	missense_variant	MODERATE	0.191596	2862.69	66879
2019-nCoV	16616	C	A	SNP	Heterozygous	orf1ab	QHD43415.1	2	c.16352C>A	p.Thr5451Asn	missense_variant	MODERATE	0.0745373	553.739	23815
2019-nCoV	16818	A	G	SNP	Heterozygous	orf1ab	QHD43415.1	2	c.16554A>G	p.Gln5518Gln	synonymous_variant	LOW	0.044022	178.789	33003
2019-nCoV	16935	G	A	SNP	Heterozygous	orf1ab	QHD43415.1	2	c.16671G>A	p.Met5557Ile	missense_variant	MODERATE	0.392068	8552.71	62207
2019-nCoV	17039	A	G	SNP	Heterozygous	orf1ab	QHD43415.1	2	c.16775A>G	p.Asn5592Ser	missense_variant	MODERATE	0.272636	4273.43	46370
2019-nCoV	17304	C	T	SNP	Heterozygous	orf1ab	QHD43415.1	2	c.17040C>T	p.Val5680Val	synonymous_variant	LOW	0.0317061	72.9191	99110
2019-nCoV	17410	C	T	SNP	Homozygous	orf1ab	QHD43415.1	2	c.17146C>T	p.Arg5716Cys	missense_variant	MODERATE	0.999	36361.0	58517
2019-nCoV	17590	G	T	SNP	Heterozygous	orf1ab	QHD43415.1	2	c.17326G>T	p.Val5776Leu	missense_variant	MODERATE	0.0255128	38.1722	30319
2019-nCoV	17859	T	C	SNP	Heterozygous	orf1ab	QHD43415.1	2	c.17595T>C	p.Tyr5865Tyr	synonymous_variant	LOW	0.148074	1887.58	23100
2019-nCoV	18163	A	G	SNP	Homozygous	orf1ab	QHD43415.1	2	c.17899A>G	p.Ile5967Val	missense_variant	MODERATE	0.996998	33624.8	18218
2019-nCoV	18409	T	C	SNP	Heterozygous	orf1ab	QHD43415.1	2	c.18145T>C	p.Tyr6049His	missense_variant	MODERATE	0.056	308.98	20161
2019-nCoV	18508	C	T	SNP	Heterozygous	orf1ab	QHD43415.1	2	c.18244C>T	p.Leu6082Phe	missense_variant	MODERATE	0.028028	20.0918	9009
2019-nCoV	18703	G	T	SNP	Heterozygous	orf1ab	QHD43415.1	2	c.18439G>T	p.Asp6147Tyr	missense_variant	MODERATE	0.0205	16.5931	9083
2019-nCoV	19272	G	T	SNP	Heterozygous	orf1ab	QHD43415.1	2	c.19008G>T	p.Leu6336Phe	missense_variant	MODERATE	0.02001	14.9947	14346
2019-nCoV	19326	A	G	SNP	Heterozygous	orf1ab	QHD43415.1	2	c.19062A>G	p.Pro6354Pro	synonymous_variant	LOW	0.13971	1703.64	30605
2019-nCoV	19955	C	T	SNP	Homozygous	orf1ab	QHD43415.1	2	c.19691C>T	p.Thr6564Ile	missense_variant	MODERATE	1.0	33745.1	41791
2019-nCoV	20055	A	G	SNP	Homozygous	orf1ab	QHD43415.1	2	c.19791A>G	p.Glu6597Glu	synonymous_variant	LOW	0.981388	32169.2	27926
2019-nCoV	20199	C	T	SNP	Heterozygous	orf1ab	QHD43415.1	2	c.19935C>T	p.Tyr6645Tyr	synonymous_variant	LOW	0.0275138	48.6668	15970
2019-nCoV	20235	C	T	SNP	Heterozygous	orf1ab	QHD43415.1	2	c.19971C>T	p.Pro6657Pro	synonymous_variant	LOW	0.032016	77.4101	14042
2019-nCoV	20774	G	A	SNP	Heterozygous	orf1ab	QHD43415.1	2	c.20510G>A	p.Gly6837Asp	missense_variant	MODERATE	0.0300451	64.3504	26182
2019-nCoV	20817	T	C	SNP	Heterozygous	orf1ab	QHD43415.1	2	c.20553T>C	p.Tyr6851Tyr	synonymous_variant	LOW	0.0415	154.074	26635
2019-nCoV	21004	G	T	SNP	Heterozygous	orf1ab	QHD43415.1	2	c.20740G>T	p.Ala6914Ser	missense_variant	MODERATE	0.02	13.8516	28921
2019-nCoV	21367	A	G	SNP	Heterozygous	orf1ab	QHD43415.1	2	c.21103A>G	p.Ile7035Val	missense_variant	MODERATE	0.0555834	301.119	14092
2019-nCoV	21618	C	T	SNP	Homozygous	S	QHD43416.1	1	c.56C>T	p.Thr19Ile	missense_variant	MODERATE	1.0	33838.8	19318
2019-nCoV	21632	TTACCCCCTG	T	DEL	Homozygous	S	QHD43416.1	1	c.71_79delTACCCCCTG	p.Leu24_Ala27delinsSer	disruptive_inframe_deletion	MODERATE	1.0	35758.9	18931
2019-nCoV	21764	ATACATG	A	DEL	Heterozygous	S	QHD43416.1	1	c.204_209delACATGT	p.His69_Val70del	disruptive_inframe_deletion	MODERATE	0.969316	33913.8	19335
2019-nCoV	21987	G	A	SNP	Homozygous	S	QHD43416.1	1	c.425G>A	p.Gly142Asp	missense_variant	MODERATE	0.996	33480.9	31950
2019-nCoV	21990	TTTA	T	DEL	Heterozygous	S	QHD43416.1	1	c.432_434delTTA	p.Tyr145del	disruptive_inframe_deletion	MODERATE	0.230847	3765.08	31837
2019-nCoV	21997	C	T	SNP	Heterozygous	S	QHD43416.1	1	c.435C>T	p.Tyr145Tyr	synonymous_variant	LOW	0.0241894	32.2488	31115
2019-nCoV	22000	C	A	SNP	Heterozygous	S	QHD43416.1	1	c.438C>A	p.His146Gln	missense_variant	MODERATE	0.127329	1307.27	29972
2019-nCoV	22016	T	C	SNP	Heterozygous	S	QHD43416.1	1	c.454T>C	p.Trp152Arg	missense_variant	MODERATE	0.0205	16.4427	32230
2019-nCoV	22109	C	G	SNP	Heterozygous	S	QHD43416.1	1	c.547C>G	p.Gln183Glu	missense_variant	MODERATE	0.078039	445.837	35636
2019-nCoV	22200	T	A	SNP	Heterozygous	S	QHD43416.1	1	c.638T>A	p.Val213Glu	missense_variant	MODERATE	0.144	35811.8	22094
2019-nCoV	22200	T	G	SNP	Heterozygous	S	QHD43416.1	1	c.638T>G	p.Val213Gly	missense_variant	MODERATE	0.8505	35811.8	22094
2019-nCoV	22317	G	T	SNP	Heterozygous	S	QHD43416.1	1	c.755G>T	p.Gly252Val	missense_variant	MODERATE	0.144144	1464.61	34357
2019-nCoV	22331	G	A	SNP	Heterozygous	S	QHD43416.1	1	c.769G>A	p.Gly257Ser	missense_variant	MODERATE	0.0325	39.8421	11505
2019-nCoV	22450	C	T	SNP	Heterozygous	S	QHD43416.1	1	c.888C>T	p.Leu296Leu	synonymous_variant	LOW	0.0425	162.432	11141
2019-nCoV	22577	GG	CA	MNP	Heterozygous	S	QHD43416.1	1	c.1015_1016delGGinsCA	p.Gly339His	missense_variant	MODERATE	0.0740552	32267.3	13063
2019-nCoV	22578	G	A	SNP	Heterozygous	S	QHD43416.1	1	c.1016G>A	p.Gly339Asp	missense_variant	MODERATE	0.925945	32267.3	13063
2019-nCoV	22599	G	C	SNP	Heterozygous	S	QHD43416.1	1	c.1037G>C	p.Arg346Thr	missense_variant	MODERATE	0.586051	15507.1	3873
2019-nCoV	22664	C	A	SNP	Heterozygous	S	QHD43416.1	1	c.1102C>A	p.Leu368Ile	missense_variant	MODERATE	0.12	1313.17	6591
2019-nCoV	22674	C	T	SNP	Homozygous	S	QHD43416.1	1	c.1112C>T	p.Ser371Phe	missense_variant	MODERATE	0.9985	33487.1	6428
2019-nCoV	22679	T	C	SNP	Homozygous	S	QHD43416.1	1	c.1117T>C	p.Ser373Pro	missense_variant	MODERATE	0.997499	35699.9	6404
2019-nCoV	22686	CCA	TCG	MNP	Homozygous	S	QHD43416.1	1	c.1124_1126delCCAinsTCG	p.SerThr375PheAla	missense_variant	MODERATE	1.0	32920.9	3147
2019-nCoV	22775	G	A	SNP	Homozygous	S	QHD43416.1	1	c.1213G>A	p.Asp405Asn	missense_variant	MODERATE	1.0	33875.1	2500
2019-nCoV	22786	A	C	SNP	Homozygous	S	QHD43416.1	1	c.1224A>C	p.Arg408Ser	missense_variant	MODERATE	0.998998	36211.7	2462
2019-nCoV	22792	C	T	SNP	Heterozygous	S	QHD43416.1	1	c.1230C>T	p.Ile410Ile	synonymous_variant	LOW	0.04	141.121	2473
2019-nCoV	22813	G	T	SNP	Homozygous	S	QHD43416.1	1	c.1251G>T	p.Lys417Asn	missense_variant	MODERATE	1.0	33926.7	26440
2019-nCoV	22882	T	G	SNP	Heterozygous	S	QHD43416.1	1	c.1320T>G	p.Asn440Lys	missense_variant	MODERATE	0.982474	35030.9	44811
2019-nCoV	22893	A	C	SNP	Heterozygous	S	QHD43416.1	1	c.1331A>C	p.Lys444Thr	missense_variant	MODERATE	0.478217	11367.4	44755
2019-nCoV	22895	GTTG	CCTA	MNP	Heterozygous	S	QHD43416.1	1	c.1333_1336delGTTGinsCCTA	p.ValGly445ProSer	missense_variant	MODERATE	0.0964646	1656.07	44753
2019-nCoV	22917	T	G	SNP	Heterozygous	S	QHD43416.1	1	c.1355T>G	p.Leu452Arg	missense_variant	MODERATE	0.860302	27744.1	44495
2019-nCoV	22942	T	A	SNP	Heterozygous	S	QHD43416.1	1	c.1380T>A	p.Asn460Lys	missense_variant	MODERATE	0.456871	15966.7	43862
2019-nCoV	22992	GCAC	ACAA	MNP	Homozygous	S	QHD43416.1	1	c.1430_1433delGCACinsACAA	p.SerThr477AsnLys	missense_variant	MODERATE	1.0	36144.2	19750
2019-nCoV	23013	A	C	SNP	Homozygous	S	QHD43416.1	1	c.1451A>C	p.Glu484Ala	missense_variant	MODERATE	0.997998	36203.2	30914
2019-nCoV	23018	T	G	SNP	Heterozygous	S	QHD43416.1	1	c.1456T>G	p.Phe486Val	missense_variant	MODERATE	0.924861	31177.7	31023
2019-nCoV	23019	T	C	SNP	Heterozygous	S	QHD43416.1	1	c.1457T>C	p.Phe486Ser	missense_variant	MODERATE	0.0711423	504.999	31023
2019-nCoV	23031	T	C	SNP	Heterozygous	S	QHD43416.1	1	c.1469T>C	p.Phe490Ser	missense_variant	MODERATE	0.085	713.049	31032
2019-nCoV	23055	A	G	SNP	Homozygous	S	QHD43416.1	1	c.1493A>G	p.Gln498Arg	missense_variant	MODERATE	0.997995	36017.5	11491
2019-nCoV	23063	A	T	SNP	Homozygous	S	QHD43416.1	1	c.1501A>T	p.Asn501Tyr	missense_variant	MODERATE	0.996998	33448.8	11618
2019-nCoV	23075	T	C	SNP	Homozygous	S	QHD43416.1	1	c.1513T>C	p.Tyr505His	missense_variant	MODERATE	0.997497	19742.9	11808
2019-nCoV	23266	C	T	SNP	Heterozygous	S	QHD43416.1	1	c.1704C>T	p.Asp568Asp	synonymous_variant	LOW	0.044	108.694	16047
2019-nCoV	23403	A	G	SNP	Homozygous	S	QHD43416.1	1	c.1841A>G	p.Asp614Gly	missense_variant	MODERATE	1.0	33643.4	57103
2019-nCoV	23525	C	T	SNP	Homozygous	S	QHD43416.1	1	c.1963C>T	p.His655Tyr	missense_variant	MODERATE	0.997998	33732.7	92168
2019-nCoV	23558	A	G	SNP	Heterozygous	S	QHD43416.1	1	c.1996A>G	p.Ile666Val	missense_variant	MODERATE	0.0201511	15.3142	60110
2019-nCoV	23579	A	G	SNP	Heterozygous	S	QHD43416.1	1	c.2017A>G	p.Ser673Gly	missense_variant	MODERATE	0.168	2325.84	60369
2019-nCoV	23599	T	G	SNP	Homozygous	S	QHD43416.1	1	c.2037T>G	p.Asn679Lys	missense_variant	MODERATE	0.995491	35931.3	106955
2019-nCoV	23604	C	A	SNP	Homozygous	S	QHD43416.1	1	c.2042C>A	p.Pro681His	missense_variant	MODERATE	0.995489	35911.6	107027
2019-nCoV	23854	C	A	SNP	Homozygous	S	QHD43416.1	1	c.2292C>A	p.Asn764Lys	missense_variant	MODERATE	0.994987	32958.8	25965
2019-nCoV	23948	GATTTTG	TATTT	MIXED	Heterozygous	S	QHD43416.1	1	c.2386_2392delGATTTTGinsTATTT	p.Asp796fs	frameshift_variant&missense_variant	HIGH	0.0382483	30234.7	24593
2019-nCoV	23948	G	T	SNP	Heterozygous	S	QHD43416.1	1	c.2386G>T	p.Asp796Tyr	missense_variant	MODERATE	0.958426	30234.7	24593
2019-nCoV	24040	G	T	SNP	Heterozygous	S	QHD43416.1	1	c.2478G>T	p.Val826Val	synonymous_variant	LOW	0.045045	188.886	40432
2019-nCoV	24210	C	T	SNP	Heterozygous	S	QHD43416.1	1	c.2648C>T	p.Thr883Ile	missense_variant	MODERATE	0.159159	1758.53	13141
2019-nCoV	24424	A	T	SNP	Homozygous	S	QHD43416.1	1	c.2862A>T	p.Gln954His	missense_variant	MODERATE	0.994497	35806.6	32807
2019-nCoV	24469	T	A	SNP	Homozygous	S	QHD43416.1	1	c.2907T>A	p.Asn969Lys	missense_variant	MODERATE	0.994494	31289.9	50816
2019-nCoV	25000	C	T	SNP	Homozygous	S	QHD43416.1	1	c.3438C>T	p.Asp1146Asp	synonymous_variant	LOW	0.998498	33713.7	33025
2019-nCoV	25146	A	C	SNP	Heterozygous	S	QHD43416.1	1	c.3584A>C	p.Glu1195Ala	missense_variant	MODERATE	0.0275138	48.1745	47187
2019-nCoV	25352	G	T	SNP	Heterozygous	S	QHD43416.1	1	c.3790G>T	p.Val1264Leu	missense_variant	MODERATE	0.0460691	124.809	7543
2019-nCoV	25416	C	T	SNP	Heterozygous	ORF3a	QHD43417.1	1	c.24C>T	p.Phe8Phe	synonymous_variant	LOW	0.193193	2846.91	33511
2019-nCoV	25584	C	T	SNP	Homozygous	ORF3a	QHD43417.1	1	c.192C>T	p.Thr64Thr	synonymous_variant	LOW	0.99499	35908.7	78283
2019-nCoV	25916	C	T	SNP	Heterozygous	ORF3a	QHD43417.1	1	c.524C>T	p.Thr175Ile	missense_variant	MODERATE	0.038131	114.712	1859
2019-nCoV	26060	C	T	SNP	Homozygous	ORF3a	QHD43417.1	1	c.668C>T	p.Thr223Ile	missense_variant	MODERATE	0.999	33866.0	37201
2019-nCoV	26109	G	T	SNP	Heterozygous	ORF3a	QHD43417.1	1	c.717G>T	p.Glu239Asp	missense_variant	MODERATE	0.0421687	159.719	57625
2019-nCoV	26160	T	C	SNP	Heterozygous	ORF3a	QHD43417.1	1	c.768T>C	p.Val256Val	synonymous_variant	LOW	0.1505	1936.14	20297
2019-nCoV	26171	T	C	SNP	Heterozygous	ORF3a	QHD43417.1	1	c.779T>C	p.Met260Thr	missense_variant	MODERATE	0.055	295.08	87319
2019-nCoV	26270	C	T	SNP	Homozygous	E	QHD43418.1	1	c.26C>T	p.Thr9Ile	missense_variant	MODERATE	1.0	33864.5	87165
2019-nCoV	26275	A	G	SNP	Heterozygous	E	QHD43418.1	1	c.31A>G	p.Thr11Ala	missense_variant	MODERATE	0.1595	2136.37	86858
2019-nCoV	26493	G	T	SNP	Heterozygous	M	QHD43419.1	-1	c.-30G>T	.	upstream_gene_variant	MODIFIER	0.0191147	14.301	12796
2019-nCoV	26529	G	A	SNP	Heterozygous	M	QHD43419.1	1	c.7G>A	p.Asp3Asn	missense_variant	MODERATE	0.765091	22983.4	12723
2019-nCoV	26577	C	G	SNP	Homozygous	M	QHD43419.1	1	c.55C>G	p.Gln19Glu	missense_variant	MODERATE	1.0	33904.9	8561
2019-nCoV	26625	C	T	SNP	Heterozygous	M	QHD43419.1	1	c.103C>T	p.Leu35Leu	synonymous_variant	LOW	0.0335671	91.8799	6707
2019-nCoV	26709	G	A	SNP	Homozygous	M	QHD43419.1	1	c.187G>A	p.Ala63Thr	missense_variant	MODERATE	0.997996	36204.6	27191
2019-nCoV	26858	C	T	SNP	Heterozygous	M	QHD43419.1	1	c.336C>T	p.Phe112Phe	synonymous_variant	LOW	0.223836	3626.84	22054
2019-nCoV	27012	C	T	SNP	Heterozygous	M	QHD43419.1	1	c.490C>T	p.Leu164Leu	synonymous_variant	LOW	0.1165	1000.57	29693
2019-nCoV	27038	A	G	SNP	Heterozygous	M	QHD43419.1	1	c.516A>G	p.Thr172Thr	synonymous_variant	LOW	0.181091	2621.97	7122
2019-nCoV	27259	A	C	SNP	Heterozygous	ORF6	QHD43420.1	1	c.58A>C	p.Arg20Arg	synonymous_variant	LOW	0.189189	2807.64	24010
2019-nCoV	27371	C	T	SNP	Heterozygous	ORF6	QHD43420.1	1	c.170C>T	p.Pro57Leu	missense_variant	MODERATE	0.0315	74.0598	4563
2019-nCoV	27382	GAT	CTC	MNP	Heterozygous	ORF6	QHD43420.1	1	c.181_183delGATinsCTC	p.Asp61Leu	missense_variant	MODERATE	0.221943	3598.78	4573
2019-nCoV	27505	G	T	SNP	Heterozygous	ORF7a	QHD43421.1	1	c.112G>T	p.Gly38*	stop_gained	HIGH	0.045	115.82	41057
2019-nCoV	27506	G	T	SNP	Heterozygous	ORF7a	QHD43421.1	1	c.113G>T	p.Gly38Val	missense_variant	MODERATE	0.0232441	27.1059	41235
2019-nCoV	27513	C	T	SNP	Heterozygous	ORF7a	QHD43421.1	1	c.120C>T	p.Tyr40Tyr	synonymous_variant	LOW	0.108054	1102.65	41292
2019-nCoV	27807	C	T	SNP	Homozygous	ORF8	QHD43422.1	-1	c.-87C>T	.	upstream_gene_variant	MODIFIER	0.998998	36326.8	40964
2019-nCoV	27889	C	T	SNP	Heterozygous	ORF8	QHD43422.1	-1	c.-5C>T	.	upstream_gene_variant	MODIFIER	0.76665	21329.1	25970
2019-nCoV	27915	G	T	SNP	Heterozygous	ORF8	QHD43422.1	1	c.22G>T	p.Gly8*	stop_gained	HIGH	0.391174	8506.19	38203
2019-nCoV	28003	G	T	SNP	Heterozygous	ORF8	QHD43422.1	1	c.110G>T	p.Cys37Phe	missense_variant	MODERATE	0.0190095	11.9442	44420
2019-nCoV	28028	G	T	SNP	Heterozygous	ORF8	QHD43422.1	1	c.135G>T	p.Trp45Cys	missense_variant	MODERATE	0.060423	250.247	44253
2019-nCoV	28271	A	T	SNP	Heterozygous	N	QHD43423.2	-1	c.-3A>T	.	upstream_gene_variant	MODIFIER	0.97529	31202.8	78438
2019-nCoV	28311	C	T	SNP	Heterozygous	N	QHD43423.2	1	c.38C>T	p.Pro13Leu	missense_variant	MODERATE	0.547009	19845.5	78641
2019-nCoV	28311	CC	TT	MNP	Heterozygous	N	QHD43423.2	1	c.38_39delCCinsTT	p.Pro13Leu	missense_variant	MODERATE	0.452489	19845.5	78641
2019-nCoV	28330	A	G	SNP	Heterozygous	N	QHD43423.2	1	c.57A>G	p.Gly19Gly	synonymous_variant	LOW	0.259389	4571.4	75007
2019-nCoV	28361	GGAGAACGCA	G	DEL	Heterozygous	N	QHD43423.2	1	c.90_98delAGAACGCAG	p.Glu31_Ser33del	disruptive_inframe_deletion	MODERATE	0.835821	34026.6	12126
2019-nCoV	28361	GGAGAACGCAG	TT	MIXED	Heterozygous	N	QHD43423.2	1	c.88_98delGGAGAACGCAGinsTT	p.Gly30_Ser33delinsPhe	missense_variant&disruptive_inframe_deletion	MODERATE	0.164179	34026.6	12126
2019-nCoV	28432	C	T	SNP	Heterozygous	N	QHD43423.2	1	c.159C>T	p.Phe53Phe	synonymous_variant	LOW	0.0265133	42.6703	34130
2019-nCoV	28681	G	T	SNP	Heterozygous	N	QHD43423.2	1	c.408G>T	p.Glu136Asp	missense_variant	MODERATE	0.483968	11677.8	90279
2019-nCoV	28697	C	T	SNP	Heterozygous	N	QHD43423.2	1	c.424C>T	p.Pro142Ser	missense_variant	MODERATE	0.0525	267.04	91041
2019-nCoV	28881	GGG	AAC	MNP	Homozygous	N	QHD43423.2	1	c.608_610delGGGinsAAC	p.ArgGly203LysArg	missense_variant	MODERATE	1.0	33464.6	28052
2019-nCoV	28905	C	T	SNP	Heterozygous	N	QHD43423.2	1	c.632C>T	p.Ala211Val	missense_variant	MODERATE	0.0235	28.3924	59051
2019-nCoV	29155	A	G	SNP	Heterozygous	N	QHD43423.2	1	c.882A>G	p.Gln294Gln	synonymous_variant	LOW	0.078	447.96	19114
2019-nCoV	29322	T	C	SNP	Heterozygous	N	QHD43423.2	1	c.1049T>C	p.Val350Ala	missense_variant	MODERATE	0.063	394.161	31985
2019-nCoV	29510	A	C	SNP	Homozygous	N	QHD43423.2	1	c.1237A>C	p.Ser413Arg	missense_variant	MODERATE	0.999499	33566.5	13208
2019-nCoV	29666	C	T	SNP	Heterozygous	ORF10	QHI42199.1	1	c.109C>T	p.Leu37Phe	missense_variant	MODERATE	0.021021	19.0939	7636
2019-nCoV	29733	CGAGGCCACGCGGAGTACGATCGAGTG	C	DEL	Homozygous	S	QHD43416.1	-1	c.*4350_*4375delGAGGCCACGCGGAGTACGATCGAGTG	.	downstream_gene_variant	MODIFIER	1.0	35818.8	5776
2019-nCoV	29758	TG	CC	MNP	Homozygous	S	QHD43416.1	-1	c.*4374_*4375delTGinsCC	.	downstream_gene_variant	MODIFIER	0.999489	19677.0	13
2019-nCoV	29784	C	T	SNP	Heterozygous	S	QHD43416.1	-1	c.*4400C>T	.	downstream_gene_variant	MODIFIER	0.026	15.2385	5995
