CHROM	POS	REF	ALT	VARTYPE	GEN[*].GT	ANN[*].GENE	ANN[*].FEATUREID	EFF[*].RANK	ANN[*].HGVS_C	ANN[*].HGVS_P	ANN[*].EFFECT	EFF[*].IMPACT	AF	QUAL	DP
2019-nCoV	44	C	T	SNP	Homozygous	orf1ab	QHD43415.1	-1	c.-222C>T	.	upstream_gene_variant	MODIFIER	0.989489	32193.1	61542
2019-nCoV	173	C	T	SNP	Heterozygous	orf1ab	QHD43415.1	-1	c.-93C>T	.	upstream_gene_variant	MODIFIER	0.0660661	435.091	65021
2019-nCoV	241	C	T	SNP	Homozygous	orf1ab	QHD43415.1	-1	c.-25C>T	.	upstream_gene_variant	MODIFIER	1.0	33406.9	5500
2019-nCoV	458	G	A	SNP	Heterozygous	orf1ab	QHD43415.1	1	c.193G>A	p.Glu65Lys	missense_variant	MODERATE	0.0450225	115.761	56236
2019-nCoV	670	T	G	SNP	Homozygous	orf1ab	QHD43415.1	1	c.405T>G	p.Ser135Arg	missense_variant	MODERATE	0.992993	33234.5	52385
2019-nCoV	683	C	T	SNP	Heterozygous	orf1ab	QHD43415.1	1	c.418C>T	p.Leu140Leu	synonymous_variant	LOW	0.0437186	177.385	52201
2019-nCoV	841	C	T	SNP	Heterozygous	orf1ab	QHD43415.1	1	c.576C>T	p.Gly192Gly	synonymous_variant	LOW	0.0462079	205.167	32665
2019-nCoV	920	C	T	SNP	Heterozygous	orf1ab	QHD43415.1	1	c.655C>T	p.Leu219Leu	synonymous_variant	LOW	0.0425	163.827	34735
2019-nCoV	1052	T	C	SNP	Heterozygous	orf1ab	QHD43415.1	1	c.787T>C	p.Phe263Leu	missense_variant	MODERATE	0.0325	77.7722	25788
2019-nCoV	1320	A	G	SNP	Heterozygous	orf1ab	QHD43415.1	1	c.1055A>G	p.Glu352Gly	missense_variant	MODERATE	0.0685	335.807	19849
2019-nCoV	1547	A	G	SNP	Heterozygous	orf1ab	QHD43415.1	1	c.1282A>G	p.Ser428Gly	missense_variant	MODERATE	0.0315315	73.9031	44482
2019-nCoV	1627	C	T	SNP	Heterozygous	orf1ab	QHD43415.1	1	c.1362C>T	p.Leu454Leu	synonymous_variant	LOW	0.575363	13645.7	34275
2019-nCoV	1931	C	A	SNP	Heterozygous	orf1ab	QHD43415.1	1	c.1666C>A	p.Gln556Lys	missense_variant	MODERATE	0.100802	948.261	14030
2019-nCoV	2393	G	A	SNP	Heterozygous	orf1ab	QHD43415.1	1	c.2128G>A	p.Val710Ile	missense_variant	MODERATE	0.0475	214.059	3217
2019-nCoV	2790	C	T	SNP	Homozygous	orf1ab	QHD43415.1	1	c.2525C>T	p.Thr842Ile	missense_variant	MODERATE	0.998492	30709.0	39024
2019-nCoV	2862	C	T	SNP	Heterozygous	orf1ab	QHD43415.1	1	c.2597C>T	p.Thr866Ile	missense_variant	MODERATE	0.0395	136.919	15781
2019-nCoV	2954	T	C	SNP	Heterozygous	orf1ab	QHD43415.1	1	c.2689T>C	p.Leu897Leu	synonymous_variant	LOW	0.0975488	917.421	40892
2019-nCoV	3037	C	T	SNP	Homozygous	orf1ab	QHD43415.1	1	c.2772C>T	p.Phe924Phe	synonymous_variant	LOW	0.9995	34214.0	40124
2019-nCoV	3653	C	T	SNP	Heterozygous	orf1ab	QHD43415.1	1	c.3388C>T	p.Leu1130Phe	missense_variant	MODERATE	0.0475475	213.483	37584
2019-nCoV	3796	C	T	SNP	Heterozygous	orf1ab	QHD43415.1	1	c.3531C>T	p.Val1177Val	synonymous_variant	LOW	0.0406422	147.804	26391
2019-nCoV	3927	C	T	SNP	Heterozygous	orf1ab	QHD43415.1	1	c.3662C>T	p.Ser1221Leu	missense_variant	MODERATE	0.0535268	277.375	16826
2019-nCoV	3992	C	T	SNP	Heterozygous	orf1ab	QHD43415.1	1	c.3727C>T	p.Leu1243Leu	synonymous_variant	LOW	0.044022	178.882	11228
2019-nCoV	4076	G	A	SNP	Heterozygous	orf1ab	QHD43415.1	1	c.3811G>A	p.Val1271Ile	missense_variant	MODERATE	0.0515	168.607	17925
2019-nCoV	4184	G	A	SNP	Homozygous	orf1ab	QHD43415.1	1	c.3919G>A	p.Gly1307Ser	missense_variant	MODERATE	0.995998	33455.4	18824
2019-nCoV	4321	C	T	SNP	Homozygous	orf1ab	QHD43415.1	1	c.4056C>T	p.Ala1352Ala	synonymous_variant	LOW	0.991375	31776.0	37938
2019-nCoV	4586	C	T	SNP	Heterozygous	orf1ab	QHD43415.1	1	c.4321C>T	p.Leu1441Leu	synonymous_variant	LOW	0.0441324	179.566	56720
2019-nCoV	5144	C	T	SNP	Heterozygous	orf1ab	QHD43415.1	1	c.4879C>T	p.Leu1627Leu	synonymous_variant	LOW	0.041	150.462	4885
2019-nCoV	5183	C	T	SNP	Heterozygous	orf1ab	QHD43415.1	1	c.4918C>T	p.Pro1640Ser	missense_variant	MODERATE	0.038038	67.7697	25344
2019-nCoV	5284	C	T	SNP	Heterozygous	orf1ab	QHD43415.1	1	c.5019C>T	p.Asn1673Asn	synonymous_variant	LOW	0.082	666.351	20503
2019-nCoV	5581	C	T	SNP	Heterozygous	orf1ab	QHD43415.1	1	c.5316C>T	p.Gly1772Gly	synonymous_variant	LOW	0.024012	29.7707	14835
2019-nCoV	5730	C	T	SNP	Heterozygous	orf1ab	QHD43415.1	1	c.5465C>T	p.Thr1822Ile	missense_variant	MODERATE	0.028028	51.4037	42230
2019-nCoV	5784	C	A	SNP	Heterozygous	orf1ab	QHD43415.1	1	c.5519C>A	p.Thr1840Asn	missense_variant	MODERATE	0.0305153	274.404	41571
2019-nCoV	7296	C	T	SNP	Heterozygous	orf1ab	QHD43415.1	1	c.7031C>T	p.Ala2344Val	missense_variant	MODERATE	0.0285	23.6986	8958
2019-nCoV	7528	C	T	SNP	Heterozygous	orf1ab	QHD43415.1	1	c.7263C>T	p.Val2421Val	synonymous_variant	LOW	0.2805	5190.76	21348
2019-nCoV	8140	C	T	SNP	Heterozygous	orf1ab	QHD43415.1	1	c.7875C>T	p.Ser2625Ser	synonymous_variant	LOW	0.030015	29.6888	31363
2019-nCoV	8242	T	C	SNP	Heterozygous	orf1ab	QHD43415.1	1	c.7977T>C	p.His2659His	synonymous_variant	LOW	0.0345173	95.3209	25808
2019-nCoV	8389	C	T	SNP	Heterozygous	orf1ab	QHD43415.1	1	c.8124C>T	p.Asn2708Asn	synonymous_variant	LOW	0.087	744.642	46092
2019-nCoV	9107	T	C	SNP	Heterozygous	orf1ab	QHD43415.1	1	c.8842T>C	p.Leu2948Leu	synonymous_variant	LOW	0.0430215	169.213	37909
2019-nCoV	9344	C	T	SNP	Homozygous	orf1ab	QHD43415.1	1	c.9079C>T	p.Leu3027Phe	missense_variant	MODERATE	1.0	32114.8	15744
2019-nCoV	9424	A	G	SNP	Homozygous	orf1ab	QHD43415.1	1	c.9159A>G	p.Val3053Val	synonymous_variant	LOW	0.985979	35275.6	10581
2019-nCoV	9490	T	C	SNP	Heterozygous	orf1ab	QHD43415.1	1	c.9225T>C	p.Ser3075Ser	synonymous_variant	LOW	0.0535714	264.726	1903
2019-nCoV	9534	C	T	SNP	Homozygous	orf1ab	QHD43415.1	1	c.9269C>T	p.Thr3090Ile	missense_variant	MODERATE	0.998956	34699.2	1908
2019-nCoV	9707	A	G	SNP	Heterozygous	orf1ab	QHD43415.1	1	c.9442A>G	p.Ile3148Val	missense_variant	MODERATE	0.032016	77.3659	17184
2019-nCoV	9857	C	T	SNP	Heterozygous	orf1ab	QHD43415.1	1	c.9592C>T	p.Leu3198Leu	synonymous_variant	LOW	0.0345173	94.3846	10123
2019-nCoV	9866	C	T	SNP	Heterozygous	orf1ab	QHD43415.1	1	c.9601C>T	p.Leu3201Phe	missense_variant	MODERATE	0.0535804	268.454	31440
2019-nCoV	9930	A	G	SNP	Heterozygous	orf1ab	QHD43415.1	1	c.9665A>G	p.Asp3222Gly	missense_variant	MODERATE	0.0295	58.6192	21608
2019-nCoV	10029	C	T	SNP	Homozygous	orf1ab	QHD43415.1	1	c.9764C>T	p.Thr3255Ile	missense_variant	MODERATE	0.995996	36007.1	40147
2019-nCoV	10198	C	T	SNP	Homozygous	orf1ab	QHD43415.1	1	c.9933C>T	p.Asp3311Asp	synonymous_variant	LOW	0.9985	33796.2	37831
2019-nCoV	10447	GCC	ACA	MNP	Homozygous	orf1ab	QHD43415.1	1	c.10182_10184delGCCinsACA	p.Pro3395His	missense_variant	MODERATE	1.0	35867.7	10743
2019-nCoV	10998	G	A	SNP	Heterozygous	orf1ab	QHD43415.1	1	c.10733G>A	p.Gly3578Asp	missense_variant	MODERATE	0.076	575.85	39237
2019-nCoV	11020	C	T	SNP	Heterozygous	orf1ab	QHD43415.1	1	c.10755C>T	p.Leu3585Leu	synonymous_variant	LOW	0.030015	29.4624	40305
2019-nCoV	11158	T	C	SNP	Heterozygous	orf1ab	QHD43415.1	1	c.10893T>C	p.His3631His	synonymous_variant	LOW	0.0205	16.5504	40368
2019-nCoV	11287	GTCTGGTTTT	G	DEL	Homozygous	orf1ab	QHD43415.1	1	c.11023_11031delTCTGGTTTT	p.Ser3675_Phe3677del	conservative_inframe_deletion	MODERATE	1.0	35298.4	43891
2019-nCoV	11494	C	T	SNP	Heterozygous	orf1ab	QHD43415.1	1	c.11229C>T	p.Asn3743Asn	synonymous_variant	LOW	0.0445	112.04	12209
2019-nCoV	11750	C	T	SNP	Heterozygous	orf1ab	QHD43415.1	1	c.11485C>T	p.Leu3829Phe	missense_variant	MODERATE	0.195598	2932.53	23847
2019-nCoV	11781	A	G	SNP	Heterozygous	orf1ab	QHD43415.1	1	c.11516A>G	p.Lys3839Arg	missense_variant	MODERATE	0.0205	16.6354	63661
2019-nCoV	11824	C	T	SNP	Heterozygous	orf1ab	QHD43415.1	1	c.11559C>T	p.Ile3853Ile	synonymous_variant	LOW	0.027	45.9195	63335
2019-nCoV	12061	A	G	SNP	Heterozygous	orf1ab	QHD43415.1	1	c.11796A>G	p.Glu3932Glu	synonymous_variant	LOW	0.0385193	72.5677	16556
2019-nCoV	12160	G	A	SNP	Heterozygous	orf1ab	QHD43415.1	1	c.11895G>A	p.Glu3965Glu	synonymous_variant	LOW	0.960922	33390.7	16685
2019-nCoV	12310	G	A	SNP	Heterozygous	orf1ab	QHD43415.1	1	c.12045G>A	p.Gln4015Gln	synonymous_variant	LOW	0.263263	4010.58	29768
2019-nCoV	12661	G	A	SNP	Heterozygous	orf1ab	QHD43415.1	1	c.12396G>A	p.Arg4132Arg	synonymous_variant	LOW	0.024	30.7822	59155
2019-nCoV	12880	C	T	SNP	Homozygous	orf1ab	QHD43415.1	1	c.12615C>T	p.Ile4205Ile	synonymous_variant	LOW	0.9995	36114.3	32511
2019-nCoV	13423	C	T	SNP	Heterozygous	orf1ab	QHD43415.1	1	c.13158C>T	p.Leu4386Leu	synonymous_variant	LOW	0.107554	861.817	76401
2019-nCoV	13818	C	T	SNP	Heterozygous	orf1ab	QHD43415.1	2	c.13554C>T	p.Asp4518Asp	synonymous_variant	LOW	0.0245	30.9782	6019
2019-nCoV	14257	T	C	SNP	Heterozygous	orf1ab	QHD43415.1	2	c.13993T>C	p.Tyr4665His	missense_variant	MODERATE	0.174762	2067.36	32358
2019-nCoV	14313	T	C	SNP	Heterozygous	orf1ab	QHD43415.1	2	c.14049T>C	p.Asp4683Asp	synonymous_variant	LOW	0.02	15.6261	32126
2019-nCoV	14318	C	T	SNP	Heterozygous	orf1ab	QHD43415.1	2	c.14054C>T	p.Thr4685Ile	missense_variant	MODERATE	0.0285	53.9497	8966
2019-nCoV	14408	C	T	SNP	Homozygous	orf1ab	QHD43415.1	2	c.14144C>T	p.Pro4715Leu	missense_variant	MODERATE	0.9915	33133.2	9164
2019-nCoV	14622	G	A	SNP	Heterozygous	orf1ab	QHD43415.1	2	c.14358G>A	p.Thr4786Thr	synonymous_variant	LOW	0.066	435.523	16684
2019-nCoV	15240	C	T	SNP	Heterozygous	orf1ab	QHD43415.1	2	c.14976C>T	p.Asn4992Asn	synonymous_variant	LOW	0.0365183	59.8578	47557
2019-nCoV	15372	G	C	SNP	Heterozygous	orf1ab	QHD43415.1	2	c.15108G>C	p.Thr5036Thr	synonymous_variant	LOW	0.051	164.875	44165
2019-nCoV	15714	C	T	SNP	Homozygous	orf1ab	QHD43415.1	2	c.15450C>T	p.Leu5150Leu	synonymous_variant	LOW	0.9995	19888.5	77613
2019-nCoV	15763	C	T	SNP	Heterozygous	orf1ab	QHD43415.1	2	c.15499C>T	p.Leu5167Leu	synonymous_variant	LOW	0.0365365	111.855	8563
2019-nCoV	16083	T	C	SNP	Heterozygous	orf1ab	QHD43415.1	2	c.15819T>C	p.Phe5273Phe	synonymous_variant	LOW	0.062	268.277	25860
2019-nCoV	16428	C	T	SNP	Heterozygous	orf1ab	QHD43415.1	2	c.16164C>T	p.Tyr5388Tyr	synonymous_variant	LOW	0.0691037	340.763	92124
2019-nCoV	16616	C	A	SNP	Heterozygous	orf1ab	QHD43415.1	2	c.16352C>A	p.Thr5451Asn	missense_variant	MODERATE	0.191532	2841.21	20327
2019-nCoV	16935	G	A	SNP	Heterozygous	orf1ab	QHD43415.1	2	c.16671G>A	p.Met5557Ile	missense_variant	MODERATE	0.134567	1610.03	70409
2019-nCoV	17039	A	G	SNP	Heterozygous	orf1ab	QHD43415.1	2	c.16775A>G	p.Asn5592Ser	missense_variant	MODERATE	0.0925	636.573	55621
2019-nCoV	17209	T	G	SNP	Heterozygous	orf1ab	QHD43415.1	2	c.16945T>G	p.Leu5649Val	missense_variant	MODERATE	0.121121	1345.31	105931
2019-nCoV	17339	C	T	SNP	Heterozygous	orf1ab	QHD43415.1	2	c.17075C>T	p.Ala5692Val	missense_variant	MODERATE	0.025	34.9933	44072
2019-nCoV	17410	C	T	SNP	Homozygous	orf1ab	QHD43415.1	2	c.17146C>T	p.Arg5716Cys	missense_variant	MODERATE	0.997999	36274.1	61165
2019-nCoV	18163	A	G	SNP	Homozygous	orf1ab	QHD43415.1	2	c.17899A>G	p.Ile5967Val	missense_variant	MODERATE	0.999499	36146.2	17323
2019-nCoV	18606	C	T	SNP	Heterozygous	orf1ab	QHD43415.1	2	c.18342C>T	p.Gly6114Gly	synonymous_variant	LOW	0.0245861	33.1416	26459
2019-nCoV	18747	C	T	SNP	Heterozygous	orf1ab	QHD43415.1	2	c.18483C>T	p.Val6161Val	synonymous_variant	LOW	0.04	140.23	14792
2019-nCoV	19160	C	T	SNP	Heterozygous	orf1ab	QHD43415.1	2	c.18896C>T	p.Ser6299Phe	missense_variant	MODERATE	0.046	197.292	21152
2019-nCoV	19660	C	T	SNP	Heterozygous	orf1ab	QHD43415.1	2	c.19396C>T	p.His6466Tyr	missense_variant	MODERATE	0.0370185	115.579	31185
2019-nCoV	19955	C	T	SNP	Homozygous	orf1ab	QHD43415.1	2	c.19691C>T	p.Thr6564Ile	missense_variant	MODERATE	1.0	33798.6	60595
2019-nCoV	20055	A	G	SNP	Heterozygous	orf1ab	QHD43415.1	2	c.19791A>G	p.Glu6597Glu	synonymous_variant	LOW	0.974937	31879.7	44287
2019-nCoV	20148	C	T	SNP	Heterozygous	orf1ab	QHD43415.1	2	c.19884C>T	p.Phe6628Phe	synonymous_variant	LOW	0.0445445	183.559	22495
2019-nCoV	20233	C	T	SNP	Heterozygous	orf1ab	QHD43415.1	2	c.19969C>T	p.Pro6657Ser	missense_variant	MODERATE	0.0565	315.049	16120
2019-nCoV	20235	C	T	SNP	Heterozygous	orf1ab	QHD43415.1	2	c.19971C>T	p.Pro6657Pro	synonymous_variant	LOW	0.0250125	35.5632	15858
2019-nCoV	20436	C	T	SNP	Heterozygous	orf1ab	QHD43415.1	2	c.20172C>T	p.Asp6724Asp	synonymous_variant	LOW	0.043043	101.063	72759
2019-nCoV	20578	G	T	SNP	Heterozygous	orf1ab	QHD43415.1	2	c.20314G>T	p.Val6772Leu	missense_variant	MODERATE	0.033	84.5104	55033
2019-nCoV	21575	C	T	SNP	Heterozygous	S	QHD43416.1	1	c.13C>T	p.Leu5Phe	missense_variant	MODERATE	0.129196	1117.3	11239
2019-nCoV	21618	C	T	SNP	Homozygous	S	QHD43416.1	1	c.56C>T	p.Thr19Ile	missense_variant	MODERATE	0.998998	36235.0	23315
2019-nCoV	21632	TTACCCCCTG	T	DEL	Homozygous	S	QHD43416.1	1	c.71_79delTACCCCCTG	p.Leu24_Ala27delinsSer	disruptive_inframe_deletion	MODERATE	1.0	36129.5	22616
2019-nCoV	21718	G	T	SNP	Heterozygous	S	QHD43416.1	1	c.156G>T	p.Gln52His	missense_variant	MODERATE	0.039039	131.165	11202
2019-nCoV	21757	C	T	SNP	Heterozygous	S	QHD43416.1	1	c.195C>T	p.Phe65Phe	synonymous_variant	LOW	0.0367019	56.8961	11167
2019-nCoV	21764	ATACATG	A	DEL	Heterozygous	S	QHD43416.1	1	c.204_209delACATGT	p.His69_Val70del	disruptive_inframe_deletion	MODERATE	0.972278	34014.2	23076
2019-nCoV	21987	G	A	SNP	Homozygous	S	QHD43416.1	1	c.425G>A	p.Gly142Asp	missense_variant	MODERATE	0.9975	33560.5	28656
2019-nCoV	22001	A	G	SNP	Heterozygous	S	QHD43416.1	1	c.439A>G	p.Lys147Glu	missense_variant	MODERATE	0.0335168	44.5958	28139
2019-nCoV	22016	T	C	SNP	Heterozygous	S	QHD43416.1	1	c.454T>C	p.Trp152Arg	missense_variant	MODERATE	0.0305	66.8112	28787
2019-nCoV	22104	G	T	SNP	Heterozygous	S	QHD43416.1	1	c.542G>T	p.Gly181Val	missense_variant	MODERATE	0.0453858	190.141	38793
2019-nCoV	22200	T	G	SNP	Homozygous	S	QHD43416.1	1	c.638T>G	p.Val213Gly	missense_variant	MODERATE	0.994997	35950.1	16959
2019-nCoV	22326	C	T	SNP	Heterozygous	S	QHD43416.1	1	c.764C>T	p.Ser255Phe	missense_variant	MODERATE	0.0406627	138.5	16663
2019-nCoV	22578	G	A	SNP	Homozygous	S	QHD43416.1	1	c.1016G>A	p.Gly339Asp	missense_variant	MODERATE	0.99749	33562.9	17475
2019-nCoV	22599	G	C	SNP	Heterozygous	S	QHD43416.1	1	c.1037G>C	p.Arg346Thr	missense_variant	MODERATE	0.346	7897.28	8284
2019-nCoV	22674	C	T	SNP	Homozygous	S	QHD43416.1	1	c.1112C>T	p.Ser371Phe	missense_variant	MODERATE	0.998998	33520.4	10173
2019-nCoV	22679	T	C	SNP	Heterozygous	S	QHD43416.1	1	c.1117T>C	p.Ser373Pro	missense_variant	MODERATE	0.967419	35979.6	9782
2019-nCoV	22679	TCA	CCT	MNP	Heterozygous	S	QHD43416.1	1	c.1117_1119delTCAinsCCT	p.Ser373Pro	missense_variant	MODERATE	0.0320802	35979.6	9782
2019-nCoV	22686	CCA	TCG	MNP	Homozygous	S	QHD43416.1	1	c.1124_1126delCCAinsTCG	p.SerThr375PheAla	missense_variant	MODERATE	0.992798	31433.7	2228
2019-nCoV	22775	G	A	SNP	Homozygous	S	QHD43416.1	1	c.1213G>A	p.Asp405Asn	missense_variant	MODERATE	0.998447	34939.6	1930
2019-nCoV	22786	A	C	SNP	Homozygous	S	QHD43416.1	1	c.1224A>C	p.Arg408Ser	missense_variant	MODERATE	0.997911	34581.4	1904
2019-nCoV	22813	G	T	SNP	Homozygous	S	QHD43416.1	1	c.1251G>T	p.Lys417Asn	missense_variant	MODERATE	1.0	33860.5	32869
2019-nCoV	22882	T	G	SNP	Homozygous	S	QHD43416.1	1	c.1320T>G	p.Asn440Lys	missense_variant	MODERATE	0.998497	33681.1	53052
2019-nCoV	22893	A	C	SNP	Heterozygous	S	QHD43416.1	1	c.1331A>C	p.Lys444Thr	missense_variant	MODERATE	0.15974	2137.29	53319
2019-nCoV	22894	G	T	SNP	Heterozygous	S	QHD43416.1	1	c.1332G>T	p.Lys444Asn	missense_variant	MODERATE	0.111056	1157.41	53319
2019-nCoV	22910	A	G	SNP	Heterozygous	S	QHD43416.1	1	c.1348A>G	p.Asn450Asp	missense_variant	MODERATE	0.061	370.457	52656
2019-nCoV	22917	T	G	SNP	Homozygous	S	QHD43416.1	1	c.1355T>G	p.Leu452Arg	missense_variant	MODERATE	0.995493	35972.7	52364
2019-nCoV	22942	T	A	SNP	Heterozygous	S	QHD43416.1	1	c.1380T>A	p.Asn460Lys	missense_variant	MODERATE	0.1565	5022.17	51449
2019-nCoV	22992	GCAC	ACAA	MNP	Homozygous	S	QHD43416.1	1	c.1430_1433delGCACinsACAA	p.SerThr477AsnLys	missense_variant	MODERATE	1.0	36183.3	20328
2019-nCoV	23013	A	C	SNP	Homozygous	S	QHD43416.1	1	c.1451A>C	p.Glu484Ala	missense_variant	MODERATE	0.997487	35890.3	39479
2019-nCoV	23018	T	G	SNP	Heterozygous	S	QHD43416.1	1	c.1456T>G	p.Phe486Val	missense_variant	MODERATE	0.97998	34887.0	39632
2019-nCoV	23055	A	G	SNP	Homozygous	S	QHD43416.1	1	c.1493A>G	p.Gln498Arg	missense_variant	MODERATE	0.99294	35448.0	19779
2019-nCoV	23063	A	T	SNP	Homozygous	S	QHD43416.1	1	c.1501A>T	p.Asn501Tyr	missense_variant	MODERATE	0.992481	33184.3	20032
2019-nCoV	23075	T	C	SNP	Homozygous	S	QHD43416.1	1	c.1513T>C	p.Tyr505His	missense_variant	MODERATE	0.997489	19661.8	20332
2019-nCoV	23403	A	G	SNP	Homozygous	S	QHD43416.1	1	c.1841A>G	p.Asp614Gly	missense_variant	MODERATE	1.0	33617.0	65321
2019-nCoV	23525	C	T	SNP	Homozygous	S	QHD43416.1	1	c.1963C>T	p.His655Tyr	missense_variant	MODERATE	0.998498	33778.8	101739
2019-nCoV	23535	A	G	SNP	Heterozygous	S	QHD43416.1	1	c.1973A>G	p.Asn658Ser	missense_variant	MODERATE	0.059	343.934	101667
2019-nCoV	23587	G	T	SNP	Heterozygous	S	QHD43416.1	1	c.2025G>T	p.Gln675His	missense_variant	MODERATE	0.0471651	209.741	126679
2019-nCoV	23599	T	G	SNP	Homozygous	S	QHD43416.1	1	c.2037T>G	p.Asn679Lys	missense_variant	MODERATE	0.994494	35888.8	126613
2019-nCoV	23604	C	A	SNP	Homozygous	S	QHD43416.1	1	c.2042C>A	p.Pro681His	missense_variant	MODERATE	0.998994	19727.9	125781
2019-nCoV	23634	C	A	SNP	Heterozygous	S	QHD43416.1	1	c.2072C>A	p.Ser691Tyr	missense_variant	MODERATE	0.0310155	70.8338	126328
2019-nCoV	23758	C	T	SNP	Heterozygous	S	QHD43416.1	1	c.2196C>T	p.Thr732Thr	synonymous_variant	LOW	0.0325	81.1803	19757
2019-nCoV	23854	C	A	SNP	Homozygous	S	QHD43416.1	1	c.2292C>A	p.Asn764Lys	missense_variant	MODERATE	0.995988	33107.1	28567
2019-nCoV	23948	GATTTTG	TATTT	MIXED	Heterozygous	S	QHD43416.1	1	c.2386_2392delGATTTTGinsTATTT	p.Asp796fs	frameshift_variant&missense_variant	HIGH	0.0732519	29892.0	25795
2019-nCoV	23948	G	T	SNP	Heterozygous	S	QHD43416.1	1	c.2386G>T	p.Asp796Tyr	missense_variant	MODERATE	0.926748	29892.0	25795
2019-nCoV	24034	C	T	SNP	Heterozygous	S	QHD43416.1	1	c.2472C>T	p.Asn824Asn	synonymous_variant	LOW	0.0776164	597.041	43639
2019-nCoV	24424	A	T	SNP	Homozygous	S	QHD43416.1	1	c.2862A>T	p.Gln954His	missense_variant	MODERATE	0.988494	35393.6	35532
2019-nCoV	24469	T	A	SNP	Homozygous	S	QHD43416.1	1	c.2907T>A	p.Asn969Lys	missense_variant	MODERATE	0.99349	32106.6	58815
2019-nCoV	24521	G	T	SNP	Heterozygous	S	QHD43416.1	1	c.2959G>T	p.Val987Phe	missense_variant	MODERATE	0.021	17.6552	61307
2019-nCoV	24814	T	G	SNP	Heterozygous	S	QHD43416.1	1	c.3252T>G	p.Asp1084Glu	missense_variant	MODERATE	0.0270135	46.1767	2310
2019-nCoV	25000	C	T	SNP	Homozygous	S	QHD43416.1	1	c.3438C>T	p.Asp1146Asp	synonymous_variant	LOW	0.998999	33702.2	41934
2019-nCoV	25350	C	A	SNP	Heterozygous	S	QHD43416.1	1	c.3788C>A	p.Pro1263Gln	missense_variant	MODERATE	0.0322256	38.5185	9134
2019-nCoV	25416	C	T	SNP	Heterozygous	ORF3a	QHD43417.1	1	c.24C>T	p.Phe8Phe	synonymous_variant	LOW	0.0255128	35.575	42065
2019-nCoV	25452	C	T	SNP	Heterozygous	ORF3a	QHD43417.1	1	c.60C>T	p.Ile20Ile	synonymous_variant	LOW	0.0930465	649.371	40766
2019-nCoV	25471	G	C	SNP	Heterozygous	ORF3a	QHD43417.1	1	c.79G>C	p.Asp27His	missense_variant	MODERATE	0.05	240.306	40527
2019-nCoV	25513	C	T	SNP	Heterozygous	ORF3a	QHD43417.1	1	c.121C>T	p.Leu41Phe	missense_variant	MODERATE	0.0395	136.224	127002
2019-nCoV	25584	C	T	SNP	Homozygous	ORF3a	QHD43417.1	1	c.192C>T	p.Thr64Thr	synonymous_variant	LOW	0.99247	35693.9	104392
2019-nCoV	25626	C	T	SNP	Heterozygous	ORF3a	QHD43417.1	1	c.234C>T	p.His78His	synonymous_variant	LOW	0.0425852	165.261	39129
2019-nCoV	25672	C	A	SNP	Heterozygous	ORF3a	QHD43417.1	1	c.280C>A	p.Leu94Ile	missense_variant	MODERATE	0.0225	23.6427	65301
2019-nCoV	25697	A	G	SNP	Heterozygous	ORF3a	QHD43417.1	1	c.305A>G	p.Glu102Gly	missense_variant	MODERATE	0.091	618.424	65034
2019-nCoV	25714	C	T	SNP	Heterozygous	ORF3a	QHD43417.1	1	c.322C>T	p.Leu108Phe	missense_variant	MODERATE	0.0915458	791.852	65605
2019-nCoV	25731	C	T	SNP	Heterozygous	ORF3a	QHD43417.1	1	c.339C>T	p.Tyr113Tyr	synonymous_variant	LOW	0.0415415	154.558	65945
2019-nCoV	25904	C	T	SNP	Heterozygous	ORF3a	QHD43417.1	1	c.512C>T	p.Ser171Leu	missense_variant	MODERATE	0.0330165	84.15	4151
2019-nCoV	26060	C	T	SNP	Homozygous	ORF3a	QHD43417.1	1	c.668C>T	p.Thr223Ile	missense_variant	MODERATE	1.0	33891.3	53893
2019-nCoV	26259	T	C	SNP	Heterozygous	E	QHD43418.1	1	c.15T>C	p.Val5Val	synonymous_variant	LOW	0.0265133	43.4119	109818
2019-nCoV	26270	C	T	SNP	Homozygous	E	QHD43418.1	1	c.26C>T	p.Thr9Ile	missense_variant	MODERATE	1.0	33902.5	108214
2019-nCoV	26275	A	G	SNP	Heterozygous	E	QHD43418.1	1	c.31A>G	p.Thr11Ala	missense_variant	MODERATE	0.027	46.101	107889
2019-nCoV	26428	G	T	SNP	Heterozygous	E	QHD43418.1	1	c.184G>T	p.Val62Phe	missense_variant	MODERATE	0.0735368	519.037	23780
2019-nCoV	26529	G	A	SNP	Heterozygous	M	QHD43419.1	1	c.7G>A	p.Asp3Asn	missense_variant	MODERATE	0.9004	29968.5	27139
2019-nCoV	26577	C	G	SNP	Homozygous	M	QHD43419.1	1	c.55C>G	p.Gln19Glu	missense_variant	MODERATE	1.0	33941.7	12152
2019-nCoV	26709	G	A	SNP	Homozygous	M	QHD43419.1	1	c.187G>A	p.Ala63Thr	missense_variant	MODERATE	0.999499	36372.3	37762
2019-nCoV	26858	C	T	SNP	Heterozygous	M	QHD43419.1	1	c.336C>T	p.Phe112Phe	synonymous_variant	LOW	0.099	937.539	44129
2019-nCoV	26907	C	T	SNP	Heterozygous	M	QHD43419.1	1	c.385C>T	p.Leu129Leu	synonymous_variant	LOW	0.071	475.281	52061
2019-nCoV	27012	C	T	SNP	Heterozygous	M	QHD43419.1	1	c.490C>T	p.Leu164Leu	synonymous_variant	LOW	0.268	4197.7	52740
2019-nCoV	27038	A	G	SNP	Heterozygous	M	QHD43419.1	1	c.516A>G	p.Thr172Thr	synonymous_variant	LOW	0.329	6608.05	7977
2019-nCoV	27259	A	C	SNP	Heterozygous	ORF6	QHD43420.1	1	c.58A>C	p.Arg20Arg	synonymous_variant	LOW	0.0837513	689.207	32258
2019-nCoV	27382	GAT	CTC	MNP	Heterozygous	ORF6	QHD43420.1	1	c.181_183delGATinsCTC	p.Asp61Leu	missense_variant	MODERATE	0.0877633	1177.28	11235
2019-nCoV	27389	C	T	SNP	Heterozygous	ORF7a	QHD43421.1	-1	c.-5C>T	.	upstream_gene_variant	MODIFIER	0.0975488	914.955	12615
2019-nCoV	27438	T	C	SNP	Heterozygous	ORF7a	QHD43421.1	1	c.45T>C	p.Cys15Cys	synonymous_variant	LOW	0.142571	1436.77	40788
2019-nCoV	27513	C	T	SNP	Heterozygous	ORF7a	QHD43421.1	1	c.120C>T	p.Tyr40Tyr	synonymous_variant	LOW	0.2755	5052.33	43580
2019-nCoV	27532	C	T	SNP	Heterozygous	ORF7a	QHD43421.1	1	c.139C>T	p.His47Tyr	missense_variant	MODERATE	0.0343261	81.3398	43681
2019-nCoV	27566	G	A	SNP	Heterozygous	ORF7a	QHD43421.1	1	c.173G>A	p.Cys58Tyr	missense_variant	MODERATE	0.0265	42.9589	44429
2019-nCoV	27788	G	T	SNP	Heterozygous	ORF8	QHD43422.1	-1	c.-106G>T	.	upstream_gene_variant	MODIFIER	0.0265398	45.1804	59562
2019-nCoV	27794	T	C	SNP	Heterozygous	ORF8	QHD43422.1	-1	c.-100T>C	.	upstream_gene_variant	MODIFIER	0.04	141.548	59859
2019-nCoV	27807	C	T	SNP	Homozygous	ORF8	QHD43422.1	-1	c.-87C>T	.	upstream_gene_variant	MODIFIER	0.999	36340.9	59713
2019-nCoV	27879	C	T	SNP	Heterozygous	ORF8	QHD43422.1	-1	c.-15C>T	.	upstream_gene_variant	MODIFIER	0.0565566	315.439	39463
2019-nCoV	27889	C	T	SNP	Heterozygous	ORF8	QHD43422.1	-1	c.-5C>T	.	upstream_gene_variant	MODIFIER	0.964411	33746.5	39197
2019-nCoV	28027	G	C	SNP	Heterozygous	ORF8	QHD43422.1	1	c.134G>C	p.Trp45Ser	missense_variant	MODERATE	0.0225451	24.2909	43447
2019-nCoV	28134	G	A	SNP	Heterozygous	ORF8	QHD43422.1	1	c.241G>A	p.Val81Ile	missense_variant	MODERATE	0.0385193	125.408	76126
2019-nCoV	28271	A	T	SNP	Heterozygous	N	QHD43423.2	-1	c.-3A>T	.	upstream_gene_variant	MODIFIER	0.967	30989.0	97686
2019-nCoV	28311	C	T	SNP	Heterozygous	N	QHD43423.2	1	c.38C>T	p.Pro13Leu	missense_variant	MODERATE	0.867603	19814.9	98095
2019-nCoV	28311	CC	TT	MNP	Heterozygous	N	QHD43423.2	1	c.38_39delCCinsTT	p.Pro13Leu	missense_variant	MODERATE	0.131394	19814.9	98095
2019-nCoV	28330	A	G	SNP	Heterozygous	N	QHD43423.2	1	c.57A>G	p.Gly19Gly	synonymous_variant	LOW	0.5375	13654.6	93904
2019-nCoV	28361	GGAGAACGCA	G	DEL	Heterozygous	N	QHD43423.2	1	c.90_98delAGAACGCAG	p.Glu31_Ser33del	disruptive_inframe_deletion	MODERATE	0.722772	34638.5	20294
2019-nCoV	28361	GGAGAACGCAG	TT	MIXED	Heterozygous	N	QHD43423.2	1	c.88_98delGGAGAACGCAGinsTT	p.Gly30_Ser33delinsPhe	missense_variant&disruptive_inframe_deletion	MODERATE	0.277228	34638.5	20294
2019-nCoV	28510	T	C	SNP	Heterozygous	N	QHD43423.2	1	c.237T>C	p.Ser79Ser	synonymous_variant	LOW	0.0961442	878.188	20461
2019-nCoV	28681	G	T	SNP	Heterozygous	N	QHD43423.2	1	c.408G>T	p.Glu136Asp	missense_variant	MODERATE	0.125626	1425.12	84541
2019-nCoV	28724	C	T	SNP	Heterozygous	N	QHD43423.2	1	c.451C>T	p.Pro151Ser	missense_variant	MODERATE	0.034	46.9831	84805
2019-nCoV	28881	GGG	AAC	MNP	Homozygous	N	QHD43423.2	1	c.608_610delGGGinsAAC	p.ArgGly203LysArg	missense_variant	MODERATE	1.0	33408.9	41492
2019-nCoV	29239	G	A	SNP	Heterozygous	N	QHD43423.2	1	c.966G>A	p.Met322Ile	missense_variant	MODERATE	0.0185743	10.7061	26428
2019-nCoV	29358	C	T	SNP	Heterozygous	N	QHD43423.2	1	c.1085C>T	p.Thr362Ile	missense_variant	MODERATE	0.0445445	182.23	34358
2019-nCoV	29510	A	C	SNP	Homozygous	N	QHD43423.2	1	c.1237A>C	p.Ser413Arg	missense_variant	MODERATE	1.0	33432.8	16072
2019-nCoV	29642	C	T	SNP	Heterozygous	ORF10	QHI42199.1	1	c.85C>T	p.Gln29*	stop_gained	HIGH	0.06003	245.8	13072
2019-nCoV	29666	C	T	SNP	Heterozygous	ORF10	QHI42199.1	1	c.109C>T	p.Leu37Phe	missense_variant	MODERATE	0.211818	3347.39	13070
2019-nCoV	29733	CGAGGCCACGCGGAGTACGATCGAGTG	C	DEL	Homozygous	S	QHD43416.1	-1	c.*4350_*4375delGAGGCCACGCGGAGTACGATCGAGTG	.	downstream_gene_variant	MODIFIER	1.0	35799.4	10565
