CHROM	POS	REF	ALT	VARTYPE	GEN[*].GT	ANN[*].GENE	ANN[*].FEATUREID	EFF[*].RANK	ANN[*].HGVS_C	ANN[*].HGVS_P	ANN[*].EFFECT	EFF[*].IMPACT	AF	QUAL	DP
2019-nCoV	44	C	T	SNP	Homozygous	orf1ab	QHD43415.1	-1	c.-222C>T	.	upstream_gene_variant	MODIFIER	0.988983	32375.1	47772
2019-nCoV	103	C	T	SNP	Heterozygous	orf1ab	QHD43415.1	-1	c.-163C>T	.	upstream_gene_variant	MODIFIER	0.022	21.624	51750
2019-nCoV	241	C	T	SNP	Homozygous	orf1ab	QHD43415.1	-1	c.-25C>T	.	upstream_gene_variant	MODIFIER	1.0	33115.0	3266
2019-nCoV	405	A	G	SNP	Heterozygous	orf1ab	QHD43415.1	1	c.140A>G	p.Lys47Arg	missense_variant	MODERATE	0.0482897	220.769	45506
2019-nCoV	593	C	T	SNP	Heterozygous	orf1ab	QHD43415.1	1	c.328C>T	p.His110Tyr	missense_variant	MODERATE	0.0305611	69.5648	42719
2019-nCoV	670	T	G	SNP	Homozygous	orf1ab	QHD43415.1	1	c.405T>G	p.Ser135Arg	missense_variant	MODERATE	0.990495	33149.7	42279
2019-nCoV	910	G	T	SNP	Heterozygous	orf1ab	QHD43415.1	1	c.645G>T	p.Leu215Phe	missense_variant	MODERATE	0.0265265	45.2648	25961
2019-nCoV	1306	G	A	SNP	Heterozygous	orf1ab	QHD43415.1	1	c.1041G>A	p.Glu347Glu	synonymous_variant	LOW	0.0365548	113.044	23587
2019-nCoV	1420	C	T	SNP	Heterozygous	orf1ab	QHD43415.1	1	c.1155C>T	p.Ala385Ala	synonymous_variant	LOW	0.0390195	132.758	14072
2019-nCoV	1471	C	T	SNP	Heterozygous	orf1ab	QHD43415.1	1	c.1206C>T	p.Arg402Arg	synonymous_variant	LOW	0.0265133	17.1964	35949
2019-nCoV	1545	C	T	SNP	Heterozygous	orf1ab	QHD43415.1	1	c.1280C>T	p.Ala427Val	missense_variant	MODERATE	0.0306533	68.2487	36240
2019-nCoV	1587	A	G	SNP	Heterozygous	orf1ab	QHD43415.1	1	c.1322A>G	p.Glu441Gly	missense_variant	MODERATE	0.0325	40.0505	22248
2019-nCoV	1594	C	T	SNP	Heterozygous	orf1ab	QHD43415.1	1	c.1329C>T	p.Ser443Ser	synonymous_variant	LOW	0.022	22.1746	22234
2019-nCoV	1627	C	T	SNP	Heterozygous	orf1ab	QHD43415.1	1	c.1362C>T	p.Leu454Leu	synonymous_variant	LOW	0.142426	1438.4	24647
2019-nCoV	1879	A	G	SNP	Heterozygous	orf1ab	QHD43415.1	1	c.1614A>G	p.Ser538Ser	synonymous_variant	LOW	0.071	1128.52	15206
2019-nCoV	1889	C	T	SNP	Heterozygous	orf1ab	QHD43415.1	1	c.1624C>T	p.Arg542Cys	missense_variant	MODERATE	0.0595	349.984	22302
2019-nCoV	1931	C	A	SNP	Heterozygous	orf1ab	QHD43415.1	1	c.1666C>A	p.Gln556Lys	missense_variant	MODERATE	0.542943	13449.9	7233
2019-nCoV	2031	A	G	SNP	Heterozygous	orf1ab	QHD43415.1	1	c.1766A>G	p.Asp589Gly	missense_variant	MODERATE	0.076038	569.307	15050
2019-nCoV	2164	G	A	SNP	Heterozygous	orf1ab	QHD43415.1	1	c.1899G>A	p.Glu633Glu	synonymous_variant	LOW	0.0345345	97.2567	11743
2019-nCoV	2183	G	T	SNP	Heterozygous	orf1ab	QHD43415.1	1	c.1918G>T	p.Glu640*	stop_gained	HIGH	0.035	99.3307	11859
2019-nCoV	2299	C	A	SNP	Heterozygous	orf1ab	QHD43415.1	1	c.2034C>A	p.Phe678Leu	missense_variant	MODERATE	0.0355178	103.607	14621
2019-nCoV	2745	A	G	SNP	Heterozygous	orf1ab	QHD43415.1	1	c.2480A>G	p.Asp827Gly	missense_variant	MODERATE	0.0345	95.8735	33649
2019-nCoV	2790	C	T	SNP	Homozygous	orf1ab	QHD43415.1	1	c.2525C>T	p.Thr842Ile	missense_variant	MODERATE	1.0	31810.4	33699
2019-nCoV	2809	G	A	SNP	Heterozygous	orf1ab	QHD43415.1	1	c.2544G>A	p.Arg848Arg	synonymous_variant	LOW	0.046	120.321	33773
2019-nCoV	2954	T	C	SNP	Heterozygous	orf1ab	QHD43415.1	1	c.2689T>C	p.Leu897Leu	synonymous_variant	LOW	0.6145	16681.6	25177
2019-nCoV	3037	C	T	SNP	Homozygous	orf1ab	QHD43415.1	1	c.2772C>T	p.Phe924Phe	synonymous_variant	LOW	1.0	33296.9	21895
2019-nCoV	3170	C	T	SNP	Heterozygous	orf1ab	QHD43415.1	1	c.2905C>T	p.Leu969Phe	missense_variant	MODERATE	0.029029	60.2504	13565
2019-nCoV	3181	A	G	SNP	Heterozygous	orf1ab	QHD43415.1	1	c.2916A>G	p.Glu972Glu	synonymous_variant	LOW	0.033	42.5752	8544
2019-nCoV	3691	A	C	SNP	Heterozygous	orf1ab	QHD43415.1	1	c.3426A>C	p.Glu1142Asp	missense_variant	MODERATE	0.0466165	127.917	24506
2019-nCoV	3796	C	T	SNP	Heterozygous	orf1ab	QHD43415.1	1	c.3531C>T	p.Val1177Val	synonymous_variant	LOW	0.135772	1590.58	17126
2019-nCoV	3857	C	A	SNP	Heterozygous	orf1ab	QHD43415.1	1	c.3592C>A	p.Gln1198Lys	missense_variant	MODERATE	0.0561122	201.984	3890
2019-nCoV	3927	C	T	SNP	Heterozygous	orf1ab	QHD43415.1	1	c.3662C>T	p.Ser1221Leu	missense_variant	MODERATE	0.0905	794.648	8047
2019-nCoV	4184	G	A	SNP	Homozygous	orf1ab	QHD43415.1	1	c.3919G>A	p.Gly1307Ser	missense_variant	MODERATE	0.994992	33392.9	10353
2019-nCoV	4255	G	A	SNP	Heterozygous	orf1ab	QHD43415.1	1	c.3990G>A	p.Pro1330Pro	synonymous_variant	LOW	0.044022	178.517	5192
2019-nCoV	4321	C	T	SNP	Homozygous	orf1ab	QHD43415.1	1	c.4056C>T	p.Ala1352Ala	synonymous_variant	LOW	0.999495	32764.2	21843
2019-nCoV	4402	T	A	SNP	Heterozygous	orf1ab	QHD43415.1	1	c.4137T>A	p.Leu1379Leu	synonymous_variant	LOW	0.0886774	770.171	16848
2019-nCoV	4586	C	T	SNP	Heterozygous	orf1ab	QHD43415.1	1	c.4321C>T	p.Leu1441Leu	synonymous_variant	LOW	0.116058	1244.38	28619
2019-nCoV	4589	A	C	SNP	Heterozygous	orf1ab	QHD43415.1	1	c.4324A>C	p.Asn1442His	missense_variant	MODERATE	0.026	40.681	28631
2019-nCoV	5183	C	T	SNP	Heterozygous	orf1ab	QHD43415.1	1	c.4918C>T	p.Pro1640Ser	missense_variant	MODERATE	0.167	1906.68	11919
2019-nCoV	5608	A	G	SNP	Heterozygous	orf1ab	QHD43415.1	1	c.5343A>G	p.Lys1781Lys	synonymous_variant	LOW	0.0345173	47.5853	31378
2019-nCoV	5760	A	G	SNP	Heterozygous	orf1ab	QHD43415.1	1	c.5495A>G	p.Gln1832Arg	missense_variant	MODERATE	0.027	44.5015	29313
2019-nCoV	5812	C	T	SNP	Heterozygous	orf1ab	QHD43415.1	1	c.5547C>T	p.Asp1849Asp	synonymous_variant	LOW	0.0245	33.1352	2867
2019-nCoV	6872	G	A	SNP	Heterozygous	orf1ab	QHD43415.1	1	c.6607G>A	p.Val2203Ile	missense_variant	MODERATE	0.0255	37.9867	2794
2019-nCoV	7267	C	T	SNP	Heterozygous	orf1ab	QHD43415.1	1	c.7002C>T	p.Phe2334Phe	synonymous_variant	LOW	0.0370741	107.812	16245
2019-nCoV	7318	C	T	SNP	Heterozygous	orf1ab	QHD43415.1	1	c.7053C>T	p.Phe2351Phe	synonymous_variant	LOW	0.0232323	24.9833	5885
2019-nCoV	7390	C	A	SNP	Heterozygous	orf1ab	QHD43415.1	1	c.7125C>A	p.Ala2375Ala	synonymous_variant	LOW	0.0290224	57.1508	6833
2019-nCoV	7423	C	T	SNP	Heterozygous	orf1ab	QHD43415.1	1	c.7158C>T	p.Phe2386Phe	synonymous_variant	LOW	0.0405544	148.887	6609
2019-nCoV	7528	C	T	SNP	Heterozygous	orf1ab	QHD43415.1	1	c.7263C>T	p.Val2421Val	synonymous_variant	LOW	0.1115	1165.13	15908
2019-nCoV	7600	C	T	SNP	Heterozygous	orf1ab	QHD43415.1	1	c.7335C>T	p.Cys2445Cys	synonymous_variant	LOW	0.042021	159.796	24825
2019-nCoV	7735	C	T	SNP	Heterozygous	orf1ab	QHD43415.1	1	c.7470C>T	p.Ile2490Ile	synonymous_variant	LOW	0.046046	199.238	28271
2019-nCoV	8106	C	T	SNP	Heterozygous	orf1ab	QHD43415.1	1	c.7841C>T	p.Ala2614Val	missense_variant	MODERATE	0.0925	833.346	33618
2019-nCoV	8251	C	T	SNP	Heterozygous	orf1ab	QHD43415.1	1	c.7986C>T	p.Asp2662Asp	synonymous_variant	LOW	0.0275	49.7511	20683
2019-nCoV	8772	C	T	SNP	Heterozygous	orf1ab	QHD43415.1	1	c.8507C>T	p.Thr2836Ile	missense_variant	MODERATE	0.031	70.7534	3727
2019-nCoV	8837	A	G	SNP	Heterozygous	orf1ab	QHD43415.1	1	c.8572A>G	p.Ile2858Val	missense_variant	MODERATE	0.038019	69.3757	11281
2019-nCoV	8860	C	T	SNP	Heterozygous	orf1ab	QHD43415.1	1	c.8595C>T	p.Val2865Val	synonymous_variant	LOW	0.0405	143.838	11146
2019-nCoV	9344	C	T	SNP	Homozygous	orf1ab	QHD43415.1	1	c.9079C>T	p.Leu3027Phe	missense_variant	MODERATE	1.0	32139.9	9960
2019-nCoV	9424	A	G	SNP	Homozygous	orf1ab	QHD43415.1	1	c.9159A>G	p.Val3053Val	synonymous_variant	LOW	1.0	36017.2	5897
2019-nCoV	9534	CT	TC	MNP	Heterozygous	orf1ab	QHD43415.1	1	c.9269_9270delCTinsTC	p.Thr3090Ile	missense_variant	MODERATE	0.0214669	20326.3	1117
2019-nCoV	9534	C	T	SNP	Heterozygous	orf1ab	QHD43415.1	1	c.9269C>T	p.Thr3090Ile	missense_variant	MODERATE	0.978533	20326.3	1117
2019-nCoV	9598	C	T	SNP	Heterozygous	orf1ab	QHD43415.1	1	c.9333C>T	p.Tyr3111Tyr	synonymous_variant	LOW	0.0310155	68.6248	4339
2019-nCoV	9866	C	T	SNP	Heterozygous	orf1ab	QHD43415.1	1	c.9601C>T	p.Leu3201Phe	missense_variant	MODERATE	0.217151	3268.38	14376
2019-nCoV	9967	C	T	SNP	Heterozygous	orf1ab	QHD43415.1	1	c.9702C>T	p.Leu3234Leu	synonymous_variant	LOW	0.0485	143.76	19264
2019-nCoV	10029	C	T	SNP	Homozygous	orf1ab	QHD43415.1	1	c.9764C>T	p.Thr3255Ile	missense_variant	MODERATE	0.996496	36111.4	19070
2019-nCoV	10198	C	T	SNP	Homozygous	orf1ab	QHD43415.1	1	c.9933C>T	p.Asp3311Asp	synonymous_variant	LOW	0.999499	33845.4	20476
2019-nCoV	10447	GCC	ACA	MNP	Homozygous	orf1ab	QHD43415.1	1	c.10182_10184delGCCinsACA	p.Pro3395His	missense_variant	MODERATE	1.0	35718.9	6297
2019-nCoV	10702	C	T	SNP	Heterozygous	orf1ab	QHD43415.1	1	c.10437C>T	p.Asp3479Asp	synonymous_variant	LOW	0.027	46.0744	12520
2019-nCoV	10741	C	T	SNP	Heterozygous	orf1ab	QHD43415.1	1	c.10476C>T	p.Asp3492Asp	synonymous_variant	LOW	0.0715358	501.416	28035
2019-nCoV	11020	C	T	SNP	Heterozygous	orf1ab	QHD43415.1	1	c.10755C>T	p.Leu3585Leu	synonymous_variant	LOW	0.028	21.7132	22079
2019-nCoV	11146	G	T	SNP	Heterozygous	orf1ab	QHD43415.1	1	c.10881G>T	p.Met3627Ile	missense_variant	MODERATE	0.0829146	620.634	10291
2019-nCoV	11287	GTCTGGTTTT	G	DEL	Homozygous	orf1ab	QHD43415.1	1	c.11023_11031delTCTGGTTTT	p.Ser3675_Phe3677del	conservative_inframe_deletion	MODERATE	1.0	35768.8	34287
2019-nCoV	11374	T	C	SNP	Heterozygous	orf1ab	QHD43415.1	1	c.11109T>C	p.Asp3703Asp	synonymous_variant	LOW	0.03003	63.3328	17375
2019-nCoV	11511	C	T	SNP	Heterozygous	orf1ab	QHD43415.1	1	c.11246C>T	p.Thr3749Ile	missense_variant	MODERATE	0.029	25.5771	7241
2019-nCoV	11683	G	T	SNP	Heterozygous	orf1ab	QHD43415.1	1	c.11418G>T	p.Leu3806Leu	synonymous_variant	LOW	0.028	51.7943	16109
2019-nCoV	11750	C	T	SNP	Heterozygous	orf1ab	QHD43415.1	1	c.11485C>T	p.Leu3829Phe	missense_variant	MODERATE	0.4965	12166.3	18789
2019-nCoV	11828	G	A	SNP	Heterozygous	orf1ab	QHD43415.1	1	c.11563G>A	p.Val3855Ile	missense_variant	MODERATE	0.054027	280.433	52252
2019-nCoV	11956	C	T	SNP	Heterozygous	orf1ab	QHD43415.1	1	c.11691C>T	p.Asp3897Asp	synonymous_variant	LOW	0.0270135	46.1194	39680
2019-nCoV	12160	G	A	SNP	Heterozygous	orf1ab	QHD43415.1	1	c.11895G>A	p.Glu3965Glu	synonymous_variant	LOW	0.777555	23672.4	11283
2019-nCoV	12310	G	A	SNP	Heterozygous	orf1ab	QHD43415.1	1	c.12045G>A	p.Gln4015Gln	synonymous_variant	LOW	0.0405	77.4114	22361
2019-nCoV	12444	A	G	SNP	Heterozygous	orf1ab	QHD43415.1	1	c.12179A>G	p.Asn4060Ser	missense_variant	MODERATE	0.154	2013.87	22091
2019-nCoV	12691	T	C	SNP	Heterozygous	orf1ab	QHD43415.1	1	c.12426T>C	p.Asn4142Asn	synonymous_variant	LOW	0.026	40.665	51214
2019-nCoV	12747	C	T	SNP	Heterozygous	orf1ab	QHD43415.1	1	c.12482C>T	p.Thr4161Ile	missense_variant	MODERATE	0.046	198.653	31012
2019-nCoV	12769	G	A	SNP	Heterozygous	orf1ab	QHD43415.1	1	c.12504G>A	p.Ala4168Ala	synonymous_variant	LOW	0.023	25.8125	30768
2019-nCoV	12781	C	T	SNP	Heterozygous	orf1ab	QHD43415.1	1	c.12516C>T	p.Tyr4172Tyr	synonymous_variant	LOW	0.021	18.316	43066
2019-nCoV	12880	C	T	SNP	Homozygous	orf1ab	QHD43415.1	1	c.12615C>T	p.Ile4205Ile	synonymous_variant	LOW	1.0	36184.9	24141
2019-nCoV	13818	C	T	SNP	Heterozygous	orf1ab	QHD43415.1	2	c.13554C>T	p.Asp4518Asp	synonymous_variant	LOW	0.0335	86.3758	3169
2019-nCoV	14257	T	C	SNP	Heterozygous	orf1ab	QHD43415.1	2	c.13993T>C	p.Tyr4665His	missense_variant	MODERATE	0.533601	12167.4	16784
2019-nCoV	14408	C	T	SNP	Homozygous	orf1ab	QHD43415.1	2	c.14144C>T	p.Pro4715Leu	missense_variant	MODERATE	0.9945	33436.7	6446
2019-nCoV	15111	A	G	SNP	Heterozygous	orf1ab	QHD43415.1	2	c.14847A>G	p.Val4949Val	synonymous_variant	LOW	0.0445	183.636	18135
2019-nCoV	15451	G	A	SNP	Heterozygous	orf1ab	QHD43415.1	2	c.15187G>A	p.Gly5063Ser	missense_variant	MODERATE	0.209068	3253.08	48322
2019-nCoV	15543	G	T	SNP	Heterozygous	orf1ab	QHD43415.1	2	c.15279G>T	p.Thr5093Thr	synonymous_variant	LOW	0.0390195	132.705	18696
2019-nCoV	15585	T	C	SNP	Heterozygous	orf1ab	QHD43415.1	2	c.15321T>C	p.Ile5107Ile	synonymous_variant	LOW	0.0235118	28.1346	41549
2019-nCoV	15714	C	T	SNP	Homozygous	orf1ab	QHD43415.1	2	c.15450C>T	p.Leu5150Leu	synonymous_variant	LOW	0.998998	36087.8	40687
2019-nCoV	15738	C	T	SNP	Heterozygous	orf1ab	QHD43415.1	2	c.15474C>T	p.Phe5158Phe	synonymous_variant	LOW	0.0961924	646.124	40707
2019-nCoV	15939	T	C	SNP	Heterozygous	orf1ab	QHD43415.1	2	c.15675T>C	p.Asp5225Asp	synonymous_variant	LOW	0.0705706	484.977	30102
2019-nCoV	16323	C	T	SNP	Heterozygous	orf1ab	QHD43415.1	2	c.16059C>T	p.Cys5353Cys	synonymous_variant	LOW	0.0245123	33.0149	44006
2019-nCoV	16342	T	C	SNP	Heterozygous	orf1ab	QHD43415.1	2	c.16078T>C	p.Ser5360Pro	missense_variant	MODERATE	0.0795	629.034	44126
2019-nCoV	16616	C	A	SNP	Heterozygous	orf1ab	QHD43415.1	2	c.16352C>A	p.Thr5451Asn	missense_variant	MODERATE	0.0385	128.094	13851
2019-nCoV	16694	C	T	SNP	Heterozygous	orf1ab	QHD43415.1	2	c.16430C>T	p.Thr5477Ile	missense_variant	MODERATE	0.0250125	35.36	26774
2019-nCoV	16726	C	T	SNP	Heterozygous	orf1ab	QHD43415.1	2	c.16462C>T	p.His5488Tyr	missense_variant	MODERATE	0.0225113	24.2358	26358
2019-nCoV	16769	G	T	SNP	Heterozygous	orf1ab	QHD43415.1	2	c.16505G>T	p.Arg5502Leu	missense_variant	MODERATE	0.0225	24.0877	13086
2019-nCoV	16887	C	T	SNP	Heterozygous	orf1ab	QHD43415.1	2	c.16623C>T	p.Tyr5541Tyr	synonymous_variant	LOW	0.034034	47.215	33321
2019-nCoV	16935	G	A	SNP	Heterozygous	orf1ab	QHD43415.1	2	c.16671G>A	p.Met5557Ile	missense_variant	MODERATE	0.562062	14616.1	34525
2019-nCoV	17039	A	G	SNP	Heterozygous	orf1ab	QHD43415.1	2	c.16775A>G	p.Asn5592Ser	missense_variant	MODERATE	0.3855	7328.74	27367
2019-nCoV	17124	T	C	SNP	Heterozygous	orf1ab	QHD43415.1	2	c.16860T>C	p.Ala5620Ala	synonymous_variant	LOW	0.0275138	48.0616	12940
2019-nCoV	17410	C	T	SNP	Homozygous	orf1ab	QHD43415.1	2	c.17146C>T	p.Arg5716Cys	missense_variant	MODERATE	0.998999	36287.6	43523
2019-nCoV	17676	C	T	SNP	Heterozygous	orf1ab	QHD43415.1	2	c.17412C>T	p.Ile5804Ile	synonymous_variant	LOW	0.0230115	26.3375	21031
2019-nCoV	17859	T	C	SNP	Heterozygous	orf1ab	QHD43415.1	2	c.17595T>C	p.Tyr5865Tyr	synonymous_variant	LOW	0.0525	267.489	15430
2019-nCoV	18129	C	T	SNP	Heterozygous	orf1ab	QHD43415.1	2	c.17865C>T	p.Asp5955Asp	synonymous_variant	LOW	0.057	216.084	14686
2019-nCoV	18163	A	G	SNP	Homozygous	orf1ab	QHD43415.1	2	c.17899A>G	p.Ile5967Val	missense_variant	MODERATE	1.0	33877.7	14691
2019-nCoV	18546	G	T	SNP	Heterozygous	orf1ab	QHD43415.1	2	c.18282G>T	p.Met6094Ile	missense_variant	MODERATE	0.062	382.708	14396
2019-nCoV	18583	G	A	SNP	Heterozygous	orf1ab	QHD43415.1	2	c.18319G>A	p.Val6107Ile	missense_variant	MODERATE	0.0670335	448.938	14928
2019-nCoV	19021	G	A	SNP	Heterozygous	orf1ab	QHD43415.1	2	c.18757G>A	p.Val6253Ile	missense_variant	MODERATE	0.0265	39.7165	9055
2019-nCoV	19170	C	T	SNP	Heterozygous	orf1ab	QHD43415.1	2	c.18906C>T	p.Phe6302Phe	synonymous_variant	LOW	0.0490245	229.117	11635
2019-nCoV	19326	A	G	SNP	Heterozygous	orf1ab	QHD43415.1	2	c.19062A>G	p.Pro6354Pro	synonymous_variant	LOW	0.0485243	223.362	24844
2019-nCoV	19601	A	G	SNP	Heterozygous	orf1ab	QHD43415.1	2	c.19337A>G	p.Asn6446Ser	missense_variant	MODERATE	0.0430215	101.214	15707
2019-nCoV	19886	A	G	SNP	Heterozygous	orf1ab	QHD43415.1	2	c.19622A>G	p.Lys6541Arg	missense_variant	MODERATE	0.0435	173.849	42539
2019-nCoV	19955	C	T	SNP	Homozygous	orf1ab	QHD43415.1	2	c.19691C>T	p.Thr6564Ile	missense_variant	MODERATE	1.0	33666.3	39736
2019-nCoV	19983	C	A	SNP	Heterozygous	orf1ab	QHD43415.1	2	c.19719C>A	p.Val6573Val	synonymous_variant	LOW	0.0240361	30.3387	27147
2019-nCoV	20055	A	G	SNP	Homozygous	orf1ab	QHD43415.1	2	c.19791A>G	p.Glu6597Glu	synonymous_variant	LOW	0.968484	18137.1	28637
2019-nCoV	20104	C	T	SNP	Heterozygous	orf1ab	QHD43415.1	2	c.19840C>T	p.Leu6614Phe	missense_variant	MODERATE	0.0284939	43.0072	1474
2019-nCoV	20235	C	T	SNP	Heterozygous	orf1ab	QHD43415.1	2	c.19971C>T	p.Pro6657Pro	synonymous_variant	LOW	0.0660991	436.032	7507
2019-nCoV	20741	A	G	SNP	Heterozygous	orf1ab	QHD43415.1	2	c.20477A>G	p.Gln6826Arg	missense_variant	MODERATE	0.0391566	131.0	14843
2019-nCoV	20887	G	A	SNP	Heterozygous	orf1ab	QHD43415.1	2	c.20623G>A	p.Gly6875Arg	missense_variant	MODERATE	0.0355	50.7901	6728
2019-nCoV	20893	G	T	SNP	Heterozygous	orf1ab	QHD43415.1	2	c.20629G>T	p.Ala6877Ser	missense_variant	MODERATE	0.0295443	61.0748	6695
2019-nCoV	21002	G	T	SNP	Heterozygous	orf1ab	QHD43415.1	2	c.20738G>T	p.Cys6913Phe	missense_variant	MODERATE	0.0290436	58.6495	26279
2019-nCoV	21566	T	C	SNP	Heterozygous	S	QHD43416.1	1	c.4T>C	p.Phe2Leu	missense_variant	MODERATE	0.0245737	32.609	5140
2019-nCoV	21618	C	T	SNP	Homozygous	S	QHD43416.1	1	c.56C>T	p.Thr19Ile	missense_variant	MODERATE	1.0	33953.4	13490
2019-nCoV	21632	TTACCCCCTG	T	DEL	Homozygous	S	QHD43416.1	1	c.71_79delTACCCCCTG	p.Leu24_Ala27delinsSer	disruptive_inframe_deletion	MODERATE	1.0	36153.3	13276
2019-nCoV	21764	ATACATG	A	DEL	Heterozygous	S	QHD43416.1	1	c.204_209delACATGT	p.His69_Val70del	disruptive_inframe_deletion	MODERATE	0.864715	27812.6	12982
2019-nCoV	21855	C	T	SNP	Heterozygous	S	QHD43416.1	1	c.293C>T	p.Ser98Phe	missense_variant	MODERATE	0.0240481	32.5341	19810
2019-nCoV	21987	G	A	SNP	Homozygous	S	QHD43416.1	1	c.425G>A	p.Gly142Asp	missense_variant	MODERATE	0.995996	33545.9	17188
2019-nCoV	21990	TTTA	T	DEL	Heterozygous	S	QHD43416.1	1	c.432_434delTTA	p.Tyr145del	disruptive_inframe_deletion	MODERATE	0.238454	3928.59	17154
2019-nCoV	21995	T	C	SNP	Heterozygous	S	QHD43416.1	1	c.433T>C	p.Tyr145His	missense_variant	MODERATE	0.0585586	335.097	17247
2019-nCoV	22000	C	A	SNP	Heterozygous	S	QHD43416.1	1	c.438C>A	p.His146Gln	missense_variant	MODERATE	0.0518556	254.017	16890
2019-nCoV	22001	A	G	SNP	Heterozygous	S	QHD43416.1	1	c.439A>G	p.Lys147Glu	missense_variant	MODERATE	0.10331	785.989	16890
2019-nCoV	22003	A	T	SNP	Heterozygous	S	QHD43416.1	1	c.441A>T	p.Lys147Asn	missense_variant	MODERATE	0.0405	145.927	17352
2019-nCoV	22016	T	C	SNP	Heterozygous	S	QHD43416.1	1	c.454T>C	p.Trp152Arg	missense_variant	MODERATE	0.112556	1183.44	17395
2019-nCoV	22033	C	A	SNP	Heterozygous	S	QHD43416.1	1	c.471C>A	p.Phe157Leu	missense_variant	MODERATE	0.084042	696.675	28440
2019-nCoV	22200	T	A	SNP	Heterozygous	S	QHD43416.1	1	c.638T>A	p.Val213Glu	missense_variant	MODERATE	0.066	35995.1	9919
2019-nCoV	22200	T	G	SNP	Heterozygous	S	QHD43416.1	1	c.638T>G	p.Val213Gly	missense_variant	MODERATE	0.9315	35995.1	9919
2019-nCoV	22317	G	T	SNP	Heterozygous	S	QHD43416.1	1	c.755G>T	p.Gly252Val	missense_variant	MODERATE	0.0507538	158.684	17872
2019-nCoV	22331	G	A	SNP	Heterozygous	S	QHD43416.1	1	c.769G>A	p.Gly257Ser	missense_variant	MODERATE	0.101	760.99	7305
2019-nCoV	22564	C	A	SNP	Heterozygous	S	QHD43416.1	1	c.1002C>A	p.Asn334Lys	missense_variant	MODERATE	0.0201207	16.6187	7868
2019-nCoV	22576	TGG	CA	MIXED	Heterozygous	S	QHD43416.1	1	c.1014_1016delTGGinsCA	p.Gly339fs	frameshift_variant&missense_variant	HIGH	0.11407	33262.9	7276
2019-nCoV	22576	TGG	GA	MIXED	Heterozygous	S	QHD43416.1	1	c.1014_1016delTGGinsGA	p.Phe338fs	frameshift_variant&missense_variant	HIGH	0.872864	33262.9	7276
2019-nCoV	22599	G	C	SNP	Heterozygous	S	QHD43416.1	1	c.1037G>C	p.Arg346Thr	missense_variant	MODERATE	0.801901	24957.0	3307
2019-nCoV	22629	A	C	SNP	Heterozygous	S	QHD43416.1	1	c.1067A>C	p.Lys356Thr	missense_variant	MODERATE	0.0355711	102.044	4582
2019-nCoV	22664	C	A	SNP	Heterozygous	S	QHD43416.1	1	c.1102C>A	p.Leu368Ile	missense_variant	MODERATE	0.0825	668.984	4600
2019-nCoV	22674	C	T	SNP	Homozygous	S	QHD43416.1	1	c.1112C>T	p.Ser371Phe	missense_variant	MODERATE	0.9995	33563.9	4466
2019-nCoV	22679	T	C	SNP	Homozygous	S	QHD43416.1	1	c.1117T>C	p.Ser373Pro	missense_variant	MODERATE	0.9985	33419.2	4411
2019-nCoV	22686	CCA	TCG	MNP	Heterozygous	S	QHD43416.1	1	c.1124_1126delCCAinsTCG	p.SerThr375PheAla	missense_variant	MODERATE	0.971924	19889.9	1485
2019-nCoV	22686	CCA	TTG	MNP	Heterozygous	S	QHD43416.1	1	c.1124_1126delCCAinsTTG	p.SerThr375PheAla	missense_variant	MODERATE	0.0198183	19889.9	1485
2019-nCoV	22775	G	A	SNP	Homozygous	S	QHD43416.1	1	c.1213G>A	p.Asp405Asn	missense_variant	MODERATE	1.0	20404.0	1215
2019-nCoV	22786	A	C	SNP	Homozygous	S	QHD43416.1	1	c.1224A>C	p.Arg408Ser	missense_variant	MODERATE	1.0	21347.2	1188
2019-nCoV	22813	G	T	SNP	Homozygous	S	QHD43416.1	1	c.1251G>T	p.Lys417Asn	missense_variant	MODERATE	1.0	33942.6	18273
2019-nCoV	22882	T	G	SNP	Homozygous	S	QHD43416.1	1	c.1320T>G	p.Asn440Lys	missense_variant	MODERATE	0.998498	33696.0	26487
2019-nCoV	22893	A	C	SNP	Heterozygous	S	QHD43416.1	1	c.1331A>C	p.Lys444Thr	missense_variant	MODERATE	0.606428	21552.7	26360
2019-nCoV	22917	T	G	SNP	Heterozygous	S	QHD43416.1	1	c.1355T>G	p.Leu452Arg	missense_variant	MODERATE	0.909455	30527.1	26146
2019-nCoV	22942	T	A	SNP	Heterozygous	S	QHD43416.1	1	c.1380T>A	p.Asn460Lys	missense_variant	MODERATE	0.561562	20342.9	25767
2019-nCoV	22992	GCAC	ACAA	MNP	Homozygous	S	QHD43416.1	1	c.1430_1433delGCACinsACAA	p.SerThr477AsnLys	missense_variant	MODERATE	1.0	36066.9	8815
2019-nCoV	23013	A	C	SNP	Homozygous	S	QHD43416.1	1	c.1451A>C	p.Glu484Ala	missense_variant	MODERATE	0.998995	19777.6	18166
2019-nCoV	23018	T	G	SNP	Heterozygous	S	QHD43416.1	1	c.1456T>G	p.Phe486Val	missense_variant	MODERATE	0.865462	28067.6	18270
2019-nCoV	23019	T	C	SNP	Heterozygous	S	QHD43416.1	1	c.1457T>C	p.Phe486Ser	missense_variant	MODERATE	0.0645646	415.213	18270
2019-nCoV	23031	T	C	SNP	Heterozygous	S	QHD43416.1	1	c.1469T>C	p.Phe490Ser	missense_variant	MODERATE	0.085	713.036	18327
2019-nCoV	23055	A	G	SNP	Homozygous	S	QHD43416.1	1	c.1493A>G	p.Gln498Arg	missense_variant	MODERATE	0.989985	35440.9	9641
2019-nCoV	23063	A	T	SNP	Homozygous	S	QHD43416.1	1	c.1501A>T	p.Asn501Tyr	missense_variant	MODERATE	0.991496	32928.2	9765
2019-nCoV	23075	T	C	SNP	Homozygous	S	QHD43416.1	1	c.1513T>C	p.Tyr505His	missense_variant	MODERATE	0.997996	36191.7	9945
2019-nCoV	23202	C	A	SNP	Heterozygous	S	QHD43416.1	1	c.1640C>A	p.Thr547Lys	missense_variant	MODERATE	0.0205617	17.2115	20442
2019-nCoV	23401	GGA	TGG	MNP	Heterozygous	S	QHD43416.1	1	c.1839_1841delGGAinsTGG	p.GlnAsp613HisGly	missense_variant	MODERATE	0.0221106	33438.5	44817
2019-nCoV	23403	A	G	SNP	Heterozygous	S	QHD43416.1	1	c.1841A>G	p.Asp614Gly	missense_variant	MODERATE	0.977889	33438.5	44817
2019-nCoV	23525	C	T	SNP	Homozygous	S	QHD43416.1	1	c.1963C>T	p.His655Tyr	missense_variant	MODERATE	0.997993	33529.3	71533
2019-nCoV	23535	A	G	SNP	Heterozygous	S	QHD43416.1	1	c.1973A>G	p.Asn658Ser	missense_variant	MODERATE	0.027	46.0382	71575
2019-nCoV	23579	A	G	SNP	Heterozygous	S	QHD43416.1	1	c.2017A>G	p.Ser673Gly	missense_variant	MODERATE	0.044	178.675	52402
2019-nCoV	23595	C	T	SNP	Heterozygous	S	QHD43416.1	1	c.2033C>T	p.Thr678Ile	missense_variant	MODERATE	0.043	102.279	90392
2019-nCoV	23599	T	G	SNP	Homozygous	S	QHD43416.1	1	c.2037T>G	p.Asn679Lys	missense_variant	MODERATE	0.995493	36021.8	90347
2019-nCoV	23604	C	A	SNP	Homozygous	S	QHD43416.1	1	c.2042C>A	p.Pro681His	missense_variant	MODERATE	0.999499	19881.2	90369
2019-nCoV	23854	C	A	SNP	Homozygous	S	QHD43416.1	1	c.2292C>A	p.Asn764Lys	missense_variant	MODERATE	0.995992	33024.4	18722
2019-nCoV	23909	G	T	SNP	Heterozygous	S	QHD43416.1	1	c.2347G>T	p.Ala783Ser	missense_variant	MODERATE	0.0268219	44.2223	7099
2019-nCoV	23948	GATTTTG	TATTT	MIXED	Heterozygous	S	QHD43416.1	1	c.2386_2392delGATTTTGinsTATTT	p.Asp796fs	frameshift_variant&missense_variant	HIGH	0.0608259	30119.8	14681
2019-nCoV	23948	G	T	SNP	Heterozygous	S	QHD43416.1	1	c.2386G>T	p.Asp796Tyr	missense_variant	MODERATE	0.939174	30119.8	14681
2019-nCoV	23989	A	T	SNP	Heterozygous	S	QHD43416.1	1	c.2427A>T	p.Pro809Pro	synonymous_variant	LOW	0.0355178	53.677	8872
2019-nCoV	24040	G	T	SNP	Heterozygous	S	QHD43416.1	1	c.2478G>T	p.Val826Val	synonymous_variant	LOW	0.0245123	33.3395	28283
2019-nCoV	24210	C	T	SNP	Heterozygous	S	QHD43416.1	1	c.2648C>T	p.Thr883Ile	missense_variant	MODERATE	0.0295	26.5404	9705
2019-nCoV	24424	A	T	SNP	Homozygous	S	QHD43416.1	1	c.2862A>T	p.Gln954His	missense_variant	MODERATE	0.995996	35840.9	21809
2019-nCoV	24469	T	A	SNP	Homozygous	S	QHD43416.1	1	c.2907T>A	p.Asn969Lys	missense_variant	MODERATE	0.992982	31045.4	34238
2019-nCoV	24858	G	A	SNP	Heterozygous	S	QHD43416.1	1	c.3296G>A	p.Gly1099Asp	missense_variant	MODERATE	0.027	18.2976	13327
2019-nCoV	24991	T	A	SNP	Heterozygous	S	QHD43416.1	1	c.3429T>A	p.Pro1143Pro	synonymous_variant	LOW	0.0510511	163.671	23867
2019-nCoV	25000	C	T	SNP	Homozygous	S	QHD43416.1	1	c.3438C>T	p.Asp1146Asp	synonymous_variant	LOW	0.999499	36283.4	23936
2019-nCoV	25025	T	C	SNP	Heterozygous	S	QHD43416.1	1	c.3463T>C	p.Tyr1155His	missense_variant	MODERATE	0.0690345	475.872	24134
2019-nCoV	25416	C	T	SNP	Heterozygous	ORF3a	QHD43417.1	1	c.24C>T	p.Phe8Phe	synonymous_variant	LOW	0.155812	2034.31	23193
2019-nCoV	25584	C	T	SNP	Heterozygous	ORF3a	QHD43417.1	1	c.192C>T	p.Thr64Thr	synonymous_variant	LOW	0.984962	35175.9	59441
2019-nCoV	25594	A	G	SNP	Heterozygous	ORF3a	QHD43417.1	1	c.202A>G	p.Arg68Gly	missense_variant	MODERATE	0.039	129.964	59513
2019-nCoV	25647	G	T	SNP	Heterozygous	ORF3a	QHD43417.1	1	c.255G>T	p.Leu85Phe	missense_variant	MODERATE	0.0427699	133.924	21211
2019-nCoV	25721	C	T	SNP	Heterozygous	ORF3a	QHD43417.1	1	c.329C>T	p.Ala110Val	missense_variant	MODERATE	0.0466867	196.492	38780
2019-nCoV	25973	A	G	SNP	Heterozygous	ORF3a	QHD43417.1	1	c.581A>G	p.Glu194Gly	missense_variant	MODERATE	0.0365183	54.4624	33668
2019-nCoV	26010	C	T	SNP	Heterozygous	ORF3a	QHD43417.1	1	c.618C>T	p.Tyr206Tyr	synonymous_variant	LOW	0.052026	172.245	33942
2019-nCoV	26060	C	T	SNP	Homozygous	ORF3a	QHD43417.1	1	c.668C>T	p.Thr223Ile	missense_variant	MODERATE	1.0	33903.1	31926
2019-nCoV	26158	G	T	SNP	Heterozygous	ORF3a	QHD43417.1	1	c.766G>T	p.Val256Phe	missense_variant	MODERATE	0.022022	22.6545	16442
2019-nCoV	26270	C	T	SNP	Homozygous	E	QHD43418.1	1	c.26C>T	p.Thr9Ile	missense_variant	MODERATE	1.0	33908.1	72239
2019-nCoV	26275	A	G	SNP	Heterozygous	E	QHD43418.1	1	c.31A>G	p.Thr11Ala	missense_variant	MODERATE	0.145573	1836.83	71958
2019-nCoV	26428	G	T	SNP	Heterozygous	E	QHD43418.1	1	c.184G>T	p.Val62Phe	missense_variant	MODERATE	0.0195098	13.6214	8839
2019-nCoV	26529	G	A	SNP	Heterozygous	M	QHD43419.1	1	c.7G>A	p.Asp3Asn	missense_variant	MODERATE	0.794975	24456.1	9771
2019-nCoV	26577	C	G	SNP	Homozygous	M	QHD43419.1	1	c.55C>G	p.Gln19Glu	missense_variant	MODERATE	1.0	33923.2	4948
2019-nCoV	26681	C	T	SNP	Heterozygous	M	QHD43419.1	1	c.159C>T	p.Phe53Phe	synonymous_variant	LOW	0.0766149	403.547	21892
2019-nCoV	26709	G	A	SNP	Homozygous	M	QHD43419.1	1	c.187G>A	p.Ala63Thr	missense_variant	MODERATE	0.998998	36268.6	22002
2019-nCoV	26735	C	T	SNP	Heterozygous	M	QHD43419.1	1	c.213C>T	p.Tyr71Tyr	synonymous_variant	LOW	0.0235	27.9984	22047
2019-nCoV	26858	C	T	SNP	Heterozygous	M	QHD43419.1	1	c.336C>T	p.Phe112Phe	synonymous_variant	LOW	0.309	5996.32	29923
2019-nCoV	26873	C	T	SNP	Heterozygous	M	QHD43419.1	1	c.351C>T	p.Asn117Asn	synonymous_variant	LOW	0.097	909.244	29998
2019-nCoV	26885	C	T	SNP	Heterozygous	M	QHD43419.1	1	c.363C>T	p.Asn121Asn	synonymous_variant	LOW	0.039	75.7868	30013
2019-nCoV	26951	G	C	SNP	Heterozygous	M	QHD43419.1	1	c.429G>C	p.Val143Val	synonymous_variant	LOW	0.0285	23.6483	35799
2019-nCoV	27012	C	T	SNP	Heterozygous	M	QHD43419.1	1	c.490C>T	p.Leu164Leu	synonymous_variant	LOW	0.0435	105.731	35736
2019-nCoV	27038	A	G	SNP	Heterozygous	M	QHD43419.1	1	c.516A>G	p.Thr172Thr	synonymous_variant	LOW	0.08	636.008	5482
2019-nCoV	27259	A	C	SNP	Heterozygous	ORF6	QHD43420.1	1	c.58A>C	p.Arg20Arg	synonymous_variant	LOW	0.210025	3295.74	17674
2019-nCoV	27382	GAT	CTC	MNP	Heterozygous	ORF6	QHD43420.1	1	c.181_183delGATinsCTC	p.Asp61Leu	missense_variant	MODERATE	0.221943	3599.58	4684
2019-nCoV	27438	T	C	SNP	Heterozygous	ORF7a	QHD43421.1	1	c.45T>C	p.Cys15Cys	synonymous_variant	LOW	0.0265	16.6266	18760
2019-nCoV	27513	C	T	SNP	Heterozygous	ORF7a	QHD43421.1	1	c.120C>T	p.Tyr40Tyr	synonymous_variant	LOW	0.0975976	918.8	25978
2019-nCoV	27807	C	T	SNP	Homozygous	ORF8	QHD43422.1	-1	c.-87C>T	.	upstream_gene_variant	MODIFIER	0.998498	36284.0	28919
2019-nCoV	27841	G	A	SNP	Heterozygous	ORF8	QHD43422.1	-1	c.-53G>A	.	upstream_gene_variant	MODIFIER	0.0295739	61.0003	28899
2019-nCoV	27889	C	T	SNP	Heterozygous	ORF8	QHD43422.1	-1	c.-5C>T	.	upstream_gene_variant	MODIFIER	0.818318	25738.7	16365
2019-nCoV	27915	G	T	SNP	Heterozygous	ORF8	QHD43422.1	1	c.22G>T	p.Gly8*	stop_gained	HIGH	0.074	546.152	29062
2019-nCoV	28271	A	T	SNP	Heterozygous	N	QHD43423.2	-1	c.-3A>T	.	upstream_gene_variant	MODIFIER	0.963855	30633.5	74437
2019-nCoV	28311	C	T	SNP	Heterozygous	N	QHD43423.2	1	c.38C>T	p.Pro13Leu	missense_variant	MODERATE	0.462702	36108.5	74461
2019-nCoV	28311	CC	TT	MNP	Heterozygous	N	QHD43423.2	1	c.38_39delCCinsTT	p.Pro13Leu	missense_variant	MODERATE	0.536794	36108.5	74461
2019-nCoV	28330	A	G	SNP	Heterozygous	N	QHD43423.2	1	c.57A>G	p.Gly19Gly	synonymous_variant	LOW	0.13978	1680.26	72074
2019-nCoV	28361	GGAGAACGCA	G	DEL	Heterozygous	N	QHD43423.2	1	c.90_98delAGAACGCAG	p.Glu31_Ser33del	disruptive_inframe_deletion	MODERATE	0.946541	34521.8	13148
2019-nCoV	28361	GGAGAACGCAG	TT	MIXED	Heterozygous	N	QHD43423.2	1	c.88_98delGGAGAACGCAGinsTT	p.Gly30_Ser33delinsPhe	missense_variant&disruptive_inframe_deletion	MODERATE	0.0534591	34521.8	13148
2019-nCoV	28681	G	T	SNP	Heterozygous	N	QHD43423.2	1	c.408G>T	p.Glu136Asp	missense_variant	MODERATE	0.609915	16472.7	91499
2019-nCoV	28724	C	T	SNP	Heterozygous	N	QHD43423.2	1	c.451C>T	p.Pro151Ser	missense_variant	MODERATE	0.031	33.5526	91931
2019-nCoV	28877	AGTAGGG	TCTAAAC	MNP	Heterozygous	N	QHD43423.2	1	c.604_610delAGTAGGGinsTCTAAAC	p.ArgGly203LysArg	missense_variant	MODERATE	0.0180905	35814.6	28609
2019-nCoV	28881	GGG	AAC	MNP	Heterozygous	N	QHD43423.2	1	c.608_610delGGGinsAAC	p.ArgGly203LysArg	missense_variant	MODERATE	0.98191	35814.6	28609
2019-nCoV	28905	C	T	SNP	Heterozygous	N	QHD43423.2	1	c.632C>T	p.Ala211Val	missense_variant	MODERATE	0.0435218	172.977	57721
2019-nCoV	29095	C	T	SNP	Heterozygous	N	QHD43423.2	1	c.822C>T	p.Phe274Phe	synonymous_variant	LOW	0.038038	123.506	14174
2019-nCoV	29296	C	T	SNP	Heterozygous	N	QHD43423.2	1	c.1023C>T	p.Asp341Asp	synonymous_variant	LOW	0.024024	30.8713	21126
2019-nCoV	29510	A	C	SNP	Heterozygous	N	QHD43423.2	1	c.1237A>C	p.Ser413Arg	missense_variant	MODERATE	0.974474	33676.6	11653
2019-nCoV	29510	AG	CT	MNP	Heterozygous	N	QHD43423.2	1	c.1237_1238delAGinsCT	p.Ser413Leu	missense_variant	MODERATE	0.0255255	33676.6	11653
2019-nCoV	29666	C	T	SNP	Heterozygous	ORF10	QHI42199.1	1	c.109C>T	p.Leu37Phe	missense_variant	MODERATE	0.103052	1015.72	10257
2019-nCoV	29700	A	G	SNP	Heterozygous	S	QHD43416.1	-1	c.*4316A>G	.	downstream_gene_variant	MODIFIER	0.0705706	487.785	10128
2019-nCoV	29711	G	A	SNP	Heterozygous	S	QHD43416.1	-1	c.*4327G>A	.	downstream_gene_variant	MODIFIER	0.0295148	60.7911	9990
2019-nCoV	29733	CGAGGCCACGCGGAGTACGATCGAGTG	C	DEL	Homozygous	S	QHD43416.1	-1	c.*4350_*4375delGAGGCCACGCGGAGTACGATCGAGTG	.	downstream_gene_variant	MODIFIER	1.0	35796.4	7958
