CHROM	POS	REF	ALT	VARTYPE	GEN[*].GT	ANN[*].GENE	ANN[*].FEATUREID	EFF[*].RANK	ANN[*].HGVS_C	ANN[*].HGVS_P	ANN[*].EFFECT	EFF[*].IMPACT	AF	QUAL	DP
2019-nCoV	210	G	T	SNP	Homozygous	orf1ab	QHD43415.1	-1	c.-56G>T	.	upstream_gene_variant	MODIFIER	1.0	2980.3	25283
2019-nCoV	241	C	T	SNP	Homozygous	orf1ab	QHD43415.1	-1	c.-25C>T	.	upstream_gene_variant	MODIFIER	1.0	2870.68	3901
2019-nCoV	337	C	T	SNP	Heterozygous	orf1ab	QHD43415.1	1	c.72C>T	p.Arg24Arg	synonymous_variant	LOW	0.34	136.874	23594
2019-nCoV	3037	C	T	SNP	Homozygous	orf1ab	QHD43415.1	1	c.2772C>T	p.Phe924Phe	synonymous_variant	LOW	1.0	2910.81	9304
2019-nCoV	3741	T	C	SNP	Heterozygous	orf1ab	QHD43415.1	1	c.3476T>C	p.Ile1159Thr	missense_variant	MODERATE	0.5575	632.365	3784
2019-nCoV	4181	G	T	SNP	Heterozygous	orf1ab	QHD43415.1	1	c.3916G>T	p.Ala1306Ser	missense_variant	MODERATE	0.386935	216.212	1672
2019-nCoV	5678	G	T	SNP	Heterozygous	orf1ab	QHD43415.1	1	c.5413G>T	p.Val1805Phe	missense_variant	MODERATE	0.225	17.1528	424
2019-nCoV	5937	A	G	SNP	Heterozygous	orf1ab	QHD43415.1	1	c.5672A>G	p.Glu1891Gly	missense_variant	MODERATE	0.473684	47.2251	38
2019-nCoV	6293	A	T	SNP	Homozygous	orf1ab	QHD43415.1	1	c.6028A>T	p.Ile2010Leu	missense_variant	MODERATE	0.846154	123.873	26
2019-nCoV	6402	C	T	SNP	Homozygous	orf1ab	QHD43415.1	1	c.6137C>T	p.Pro2046Leu	missense_variant	MODERATE	0.99	2836.88	1808
2019-nCoV	6769	T	G	SNP	Homozygous	orf1ab	QHD43415.1	1	c.6504T>G	p.Tyr2168*	stop_gained	HIGH	0.984	874.893	125
2019-nCoV	7124	C	T	SNP	Homozygous	orf1ab	QHD43415.1	1	c.6859C>T	p.Pro2287Ser	missense_variant	MODERATE	0.9975	2501.3	2518
2019-nCoV	7267	C	T	SNP	Heterozygous	orf1ab	QHD43415.1	1	c.7002C>T	p.Phe2334Phe	synonymous_variant	LOW	0.643216	903.489	3494
2019-nCoV	7743	G	T	SNP	Homozygous	orf1ab	QHD43415.1	1	c.7478G>T	p.Ser2493Ile	missense_variant	MODERATE	1.0	2974.69	2119
2019-nCoV	8986	C	T	SNP	Homozygous	orf1ab	QHD43415.1	1	c.8721C>T	p.Asp2907Asp	synonymous_variant	LOW	0.997494	2845.27	1410
2019-nCoV	10029	C	T	SNP	Homozygous	orf1ab	QHD43415.1	1	c.9764C>T	p.Thr3255Ile	missense_variant	MODERATE	0.995	2920.79	4735
2019-nCoV	11201	A	G	SNP	Homozygous	orf1ab	QHD43415.1	1	c.10936A>G	p.Thr3646Ala	missense_variant	MODERATE	1.0	2953.77	6709
2019-nCoV	11332	A	G	SNP	Homozygous	orf1ab	QHD43415.1	1	c.11067A>G	p.Val3689Val	synonymous_variant	LOW	1.0	2952.87	12572
2019-nCoV	12943	G	T	SNP	Homozygous	orf1ab	QHD43415.1	1	c.12678G>T	p.Lys4226Asn	missense_variant	MODERATE	1.0	2970.64	2205
2019-nCoV	13536	C	T	SNP	Heterozygous	orf1ab	QHD43415.1	2	c.13272C>T	p.Tyr4424Tyr	synonymous_variant	LOW	0.565	659.333	34191
2019-nCoV	13944	C	T	SNP	Heterozygous	orf1ab	QHD43415.1	2	c.13680C>T	p.Asn4560Asn	synonymous_variant	LOW	0.22	17.6058	9486
2019-nCoV	14408	C	T	SNP	Homozygous	orf1ab	QHD43415.1	2	c.14144C>T	p.Pro4715Leu	missense_variant	MODERATE	1.0	2934.26	2507
2019-nCoV	14450	G	A	SNP	Heterozygous	orf1ab	QHD43415.1	2	c.14186G>A	p.Gly4729Asp	missense_variant	MODERATE	0.24	29.2452	12176
2019-nCoV	14925	C	T	SNP	Homozygous	orf1ab	QHD43415.1	2	c.14661C>T	p.Val4887Val	synonymous_variant	LOW	0.9975	2942.46	14095
2019-nCoV	14967	G	C	SNP	Heterozygous	orf1ab	QHD43415.1	2	c.14703G>C	p.Trp4901Cys	missense_variant	MODERATE	0.260652	45.6282	18478
2019-nCoV	15451	G	A	SNP	Homozygous	orf1ab	QHD43415.1	2	c.15187G>A	p.Gly5063Ser	missense_variant	MODERATE	1.0	2892.82	12673
2019-nCoV	16466	C	T	SNP	Homozygous	orf1ab	QHD43415.1	2	c.16202C>T	p.Pro5401Leu	missense_variant	MODERATE	0.9975	2940.95	33280
2019-nCoV	16864	G	T	SNP	Heterozygous	orf1ab	QHD43415.1	2	c.16600G>T	p.Val5534Phe	missense_variant	MODERATE	0.238095	24.6242	6805
2019-nCoV	19220	C	T	SNP	Homozygous	orf1ab	QHD43415.1	2	c.18956C>T	p.Ala6319Val	missense_variant	MODERATE	1.0	2978.25	11363
2019-nCoV	21137	A	G	SNP	Homozygous	orf1ab	QHD43415.1	2	c.20873A>G	p.Lys6958Arg	missense_variant	MODERATE	0.82	1657.87	31082
2019-nCoV	21618	C	G	SNP	Homozygous	S	QHD43416.1	1	c.56C>G	p.Thr19Arg	missense_variant	MODERATE	0.9975	2943.14	13366
2019-nCoV	21846	C	T	SNP	Homozygous	S	QHD43416.1	1	c.284C>T	p.Thr95Ile	missense_variant	MODERATE	0.995	2877.62	485
2019-nCoV	22028	GAGTTCA	G	DEL	Homozygous	S	QHD43416.1	1	c.467_472delAGTTCA	p.Glu156_Arg158delinsGly	disruptive_inframe_deletion	MODERATE	1.0	2956.27	13692
2019-nCoV	22917	T	G	SNP	Homozygous	S	QHD43416.1	1	c.1355T>G	p.Leu452Arg	missense_variant	MODERATE	1.0	2970.83	14625
2019-nCoV	22995	C	A	SNP	Homozygous	S	QHD43416.1	1	c.1433C>A	p.Thr478Lys	missense_variant	MODERATE	0.9975	2936.85	5424
2019-nCoV	23403	A	G	SNP	Homozygous	S	QHD43416.1	1	c.1841A>G	p.Asp614Gly	missense_variant	MODERATE	1.0	2959.52	24274
2019-nCoV	23604	C	G	SNP	Homozygous	S	QHD43416.1	1	c.2042C>G	p.Pro681Arg	missense_variant	MODERATE	1.0	2949.7	39307
2019-nCoV	24110	A	C	SNP	Homozygous	S	QHD43416.1	1	c.2548A>C	p.Ile850Leu	missense_variant	MODERATE	0.994987	2878.88	13241
2019-nCoV	24410	G	A	SNP	Homozygous	S	QHD43416.1	1	c.2848G>A	p.Asp950Asn	missense_variant	MODERATE	0.9925	2870.1	6422
2019-nCoV	25439	A	C	SNP	Homozygous	ORF3a	QHD43417.1	1	c.47A>C	p.Lys16Thr	missense_variant	MODERATE	0.997494	2937.18	2461
2019-nCoV	25469	C	T	SNP	Homozygous	ORF3a	QHD43417.1	1	c.77C>T	p.Ser26Leu	missense_variant	MODERATE	1.0	2886.91	2218
2019-nCoV	25804	C	T	SNP	Homozygous	ORF3a	QHD43417.1	1	c.412C>T	p.Pro138Ser	missense_variant	MODERATE	0.982456	2783.56	2105
2019-nCoV	26767	T	C	SNP	Homozygous	M	QHD43419.1	1	c.245T>C	p.Ile82Thr	missense_variant	MODERATE	1.0	2922.27	5216
2019-nCoV	27638	T	C	SNP	Homozygous	ORF7a	QHD43421.1	1	c.245T>C	p.Val82Ala	missense_variant	MODERATE	1.0	2982.21	33378
2019-nCoV	27752	C	T	SNP	Homozygous	ORF7a	QHD43421.1	1	c.359C>T	p.Thr120Ile	missense_variant	MODERATE	1.0	2863.38	5074
2019-nCoV	27874	C	T	SNP	Homozygous	ORF8	QHD43422.1	-1	c.-20C>T	.	upstream_gene_variant	MODIFIER	0.9975	2896.89	5042
2019-nCoV	28247	AGATTTC	A	DEL	Homozygous	ORF8	QHD43422.1	1	c.355_360delGATTTC	p.Asp119_Phe120del	conservative_inframe_deletion	MODERATE	1.0	2777.42	14752
2019-nCoV	28270	TA	T	DEL	Homozygous	N	QHD43423.2	-1	c.-3delA	.	upstream_gene_variant	MODIFIER	1.0	2049.53	49549
2019-nCoV	28366	A	G	SNP	Heterozygous	N	QHD43423.2	1	c.93A>G	p.Glu31Glu	synonymous_variant	LOW	0.2475	34.4739	8151
2019-nCoV	28461	A	G	SNP	Homozygous	N	QHD43423.2	1	c.188A>G	p.Asp63Gly	missense_variant	MODERATE	0.9975	2922.35	11787
2019-nCoV	28881	G	T	SNP	Homozygous	N	QHD43423.2	1	c.608G>T	p.Arg203Met	missense_variant	MODERATE	0.9975	2843.73	7965
2019-nCoV	28916	G	T	SNP	Homozygous	N	QHD43423.2	1	c.643G>T	p.Gly215Cys	missense_variant	MODERATE	0.914787	2248.4	99275
2019-nCoV	29402	G	T	SNP	Homozygous	N	QHD43423.2	1	c.1129G>T	p.Asp377Tyr	missense_variant	MODERATE	1.0	2951.01	7655
2019-nCoV	29690	G	T	SNP	Heterozygous	S	QHD43416.1	-1	c.*4306G>T	.	downstream_gene_variant	MODIFIER	0.4125	268.997	5658
2019-nCoV	29706	G	T	SNP	Heterozygous	S	QHD43416.1	-1	c.*4322G>T	.	downstream_gene_variant	MODIFIER	0.2625	46.6019	5684
2019-nCoV	29742	G	T	SNP	Homozygous	S	QHD43416.1	-1	c.*4358G>T	.	downstream_gene_variant	MODIFIER	0.9975	2943.02	3358
