CHROM	POS	REF	ALT	VARTYPE	GEN[*].GT	ANN[*].GENE	ANN[*].FEATUREID	EFF[*].RANK	ANN[*].HGVS_C	ANN[*].HGVS_P	ANN[*].EFFECT	EFF[*].IMPACT	AF	QUAL	DP
2019-nCoV	44	C	T	SNP	Homozygous	orf1ab	QHD43415.1	-1	c.-222C>T	.	upstream_gene_variant	MODIFIER	0.986993	32282.5	51500
2019-nCoV	241	C	T	SNP	Homozygous	orf1ab	QHD43415.1	-1	c.-25C>T	.	upstream_gene_variant	MODIFIER	1.0	33279.9	6876
2019-nCoV	305	G	T	SNP	Heterozygous	orf1ab	QHD43415.1	1	c.40G>T	p.Val14Phe	missense_variant	MODERATE	0.022011	22.1602	16300
2019-nCoV	346	C	T	SNP	Heterozygous	orf1ab	QHD43415.1	1	c.81C>T	p.Leu27Leu	synonymous_variant	LOW	0.0205	16.6181	46412
2019-nCoV	486	C	T	SNP	Heterozygous	orf1ab	QHD43415.1	1	c.221C>T	p.Ser74Leu	missense_variant	MODERATE	0.0228311	7.20103	29467
2019-nCoV	556	C	T	SNP	Heterozygous	orf1ab	QHD43415.1	1	c.291C>T	p.Tyr97Tyr	synonymous_variant	LOW	0.023	26.3093	32912
2019-nCoV	581	G	A	SNP	Heterozygous	orf1ab	QHD43415.1	1	c.316G>A	p.Val106Ile	missense_variant	MODERATE	0.029	57.2114	49255
2019-nCoV	663	G	T	SNP	Heterozygous	orf1ab	QHD43415.1	1	c.398G>T	p.Gly133Val	missense_variant	MODERATE	0.042042	159.223	48956
2019-nCoV	670	T	G	SNP	Homozygous	orf1ab	QHD43415.1	1	c.405T>G	p.Ser135Arg	missense_variant	MODERATE	0.975389	32469.5	48843
2019-nCoV	685	AAAGTCATTT	A	DEL	Heterozygous	orf1ab	QHD43415.1	1	c.421_429delAAGTCATTT	p.Lys141_Phe143del	conservative_inframe_deletion	MODERATE	0.138903	1689.51	48021
2019-nCoV	731	G	T	SNP	Heterozygous	orf1ab	QHD43415.1	1	c.466G>T	p.Asp156Tyr	missense_variant	MODERATE	0.0270416	42.6851	16271
2019-nCoV	732	A	G	SNP	Heterozygous	orf1ab	QHD43415.1	1	c.467A>G	p.Asp156Gly	missense_variant	MODERATE	0.0722529	512.152	16271
2019-nCoV	824	G	C	SNP	Heterozygous	orf1ab	QHD43415.1	1	c.559G>C	p.Asp187His	missense_variant	MODERATE	0.023	8.18273	20543
2019-nCoV	1009	C	T	SNP	Heterozygous	orf1ab	QHD43415.1	1	c.744C>T	p.Ser248Ser	synonymous_variant	LOW	0.0190285	12.0017	31079
2019-nCoV	1018	G	T	SNP	Heterozygous	orf1ab	QHD43415.1	1	c.753G>T	p.Leu251Phe	missense_variant	MODERATE	0.0175351	7.85916	30911
2019-nCoV	1223	C	T	SNP	Heterozygous	orf1ab	QHD43415.1	1	c.958C>T	p.Leu320Phe	missense_variant	MODERATE	0.0235	28.4791	5768
2019-nCoV	1570	T	C	SNP	Heterozygous	orf1ab	QHD43415.1	1	c.1305T>C	p.His435His	synonymous_variant	LOW	0.0415	91.3638	42670
2019-nCoV	1627	C	T	SNP	Heterozygous	orf1ab	QHD43415.1	1	c.1362C>T	p.Leu454Leu	synonymous_variant	LOW	0.0508048	163.344	52636
2019-nCoV	1931	C	A	SNP	Heterozygous	orf1ab	QHD43415.1	1	c.1666C>A	p.Gln556Lys	missense_variant	MODERATE	0.0462079	197.557	11888
2019-nCoV	2198	G	T	SNP	Heterozygous	orf1ab	QHD43415.1	1	c.1933G>T	p.Gly645Cys	missense_variant	MODERATE	0.024012	30.8279	23619
2019-nCoV	2422	G	T	SNP	Heterozygous	orf1ab	QHD43415.1	1	c.2157G>T	p.Lys719Asn	missense_variant	MODERATE	0.0266332	16.373	16022
2019-nCoV	2788	CAC	TAT	MNP	Heterozygous	orf1ab	QHD43415.1	1	c.2523_2525delCACinsTAT	p.Thr842Ile	missense_variant	MODERATE	0.0216407	33992.5	58945
2019-nCoV	2790	C	T	SNP	Heterozygous	orf1ab	QHD43415.1	1	c.2525C>T	p.Thr842Ile	missense_variant	MODERATE	0.973327	33992.5	58945
2019-nCoV	2867	G	T	SNP	Heterozygous	orf1ab	QHD43415.1	1	c.2602G>T	p.Val868Leu	missense_variant	MODERATE	0.0385	128.319	29692
2019-nCoV	2878	C	T	SNP	Heterozygous	orf1ab	QHD43415.1	1	c.2613C>T	p.Phe871Phe	synonymous_variant	LOW	0.02	14.677	29701
2019-nCoV	2954	T	C	SNP	Heterozygous	orf1ab	QHD43415.1	1	c.2689T>C	p.Leu897Leu	synonymous_variant	LOW	0.0255511	38.741	44255
2019-nCoV	2965	G	T	SNP	Heterozygous	orf1ab	QHD43415.1	1	c.2700G>T	p.Trp900Cys	missense_variant	MODERATE	0.0215	20.1854	44449
2019-nCoV	3030	GTTCTTTC	TTTCTTTT	MNP	Heterozygous	orf1ab	QHD43415.1	1	c.2765_2772delGTTCTTTCinsTTTCTTTT	p.Cys922Phe	missense_variant	MODERATE	0.0142204	35593.0	53809
2019-nCoV	3037	C	T	SNP	Heterozygous	orf1ab	QHD43415.1	1	c.2772C>T	p.Phe924Phe	synonymous_variant	LOW	0.97613	35593.0	53809
2019-nCoV	3049	T	C	SNP	Heterozygous	orf1ab	QHD43415.1	1	c.2784T>C	p.Asp928Asp	synonymous_variant	LOW	0.0195	13.3768	10165
2019-nCoV	3206	G	A	SNP	Heterozygous	orf1ab	QHD43415.1	1	c.2941G>A	p.Asp981Asn	missense_variant	MODERATE	0.0190095	118.013	16910
2019-nCoV	3395	G	A	SNP	Heterozygous	orf1ab	QHD43415.1	1	c.3130G>A	p.Asp1044Asn	missense_variant	MODERATE	0.0285	54.1569	17042
2019-nCoV	3661	G	T	SNP	Heterozygous	orf1ab	QHD43415.1	1	c.3396G>T	p.Lys1132Asn	missense_variant	MODERATE	0.0255	37.3724	51239
2019-nCoV	3685	G	T	SNP	Heterozygous	orf1ab	QHD43415.1	1	c.3420G>T	p.Gln1140His	missense_variant	MODERATE	0.0205308	16.5251	50583
2019-nCoV	3734	G	T	SNP	Heterozygous	orf1ab	QHD43415.1	1	c.3469G>T	p.Asp1157Tyr	missense_variant	MODERATE	0.0245	33.1478	33302
2019-nCoV	3737	C	T	SNP	Heterozygous	orf1ab	QHD43415.1	1	c.3472C>T	p.Pro1158Ser	missense_variant	MODERATE	0.0175351	8.15887	33302
2019-nCoV	3965	G	T	SNP	Heterozygous	orf1ab	QHD43415.1	1	c.3700G>T	p.Ala1234Ser	missense_variant	MODERATE	0.022033	22.3179	20853
2019-nCoV	4142	G	A	SNP	Heterozygous	orf1ab	QHD43415.1	1	c.3877G>A	p.Glu1293Lys	missense_variant	MODERATE	0.020572	16.3347	8771
2019-nCoV	4184	G	A	SNP	Homozygous	orf1ab	QHD43415.1	1	c.3919G>A	p.Gly1307Ser	missense_variant	MODERATE	0.985427	36193.4	29114
2019-nCoV	4207	G	A	SNP	Heterozygous	orf1ab	QHD43415.1	1	c.3942G>A	p.Ala1314Ala	synonymous_variant	LOW	0.0206134	17.2125	29530
2019-nCoV	4321	C	T	SNP	Homozygous	orf1ab	QHD43415.1	1	c.4056C>T	p.Ala1352Ala	synonymous_variant	LOW	1.0	33277.2	62383
2019-nCoV	4359	AAG	A	DEL	Heterozygous	orf1ab	QHD43415.1	1	c.4096_4097delGA	p.Glu1366fs	frameshift_variant	HIGH	0.019598	13.3655	61505
2019-nCoV	4436	G	T	SNP	Heterozygous	orf1ab	QHD43415.1	1	c.4171G>T	p.Val1391Phe	missense_variant	MODERATE	0.0195098	13.4253	69282
2019-nCoV	4487	G	T	SNP	Heterozygous	orf1ab	QHD43415.1	1	c.4222G>T	p.Gly1408Cys	missense_variant	MODERATE	0.0195	13.3973	28918
2019-nCoV	4674	A	G	SNP	Heterozygous	orf1ab	QHD43415.1	1	c.4409A>G	p.Lys1470Arg	missense_variant	MODERATE	0.0190285	12.1878	25109
2019-nCoV	4732	T	C	SNP	Heterozygous	orf1ab	QHD43415.1	1	c.4467T>C	p.Tyr1489Tyr	synonymous_variant	LOW	0.021	18.0585	65412
2019-nCoV	4881	G	T	SNP	Heterozygous	orf1ab	QHD43415.1	1	c.4616G>T	p.Ser1539Ile	missense_variant	MODERATE	0.018	9.21992	10680
2019-nCoV	4917	T	C	SNP	Heterozygous	orf1ab	QHD43415.1	1	c.4652T>C	p.Ile1551Thr	missense_variant	MODERATE	0.026	40.7274	10579
2019-nCoV	5147	C	T	SNP	Heterozygous	orf1ab	QHD43415.1	1	c.4882C>T	p.Arg1628Cys	missense_variant	MODERATE	0.018009	9.58138	6980
2019-nCoV	5156	G	T	SNP	Heterozygous	orf1ab	QHD43415.1	1	c.4891G>T	p.Ala1631Ser	missense_variant	MODERATE	0.0360721	107.046	6991
2019-nCoV	5678	G	T	SNP	Heterozygous	orf1ab	QHD43415.1	1	c.5413G>T	p.Val1805Phe	missense_variant	MODERATE	0.0216625	15.9133	32183
2019-nCoV	5721	G	T	SNP	Heterozygous	orf1ab	QHD43415.1	1	c.5456G>T	p.Gly1819Val	missense_variant	MODERATE	0.0215215	5.4553	41258
2019-nCoV	5979	C	T	SNP	Heterozygous	orf1ab	QHD43415.1	1	c.5714C>T	p.Ser1905Phe	missense_variant	MODERATE	0.0245245	31.4167	17634
2019-nCoV	6062	G	T	SNP	Heterozygous	orf1ab	QHD43415.1	1	c.5797G>T	p.Asp1933Tyr	missense_variant	MODERATE	0.02001	14.998	44372
2019-nCoV	6080	G	T	SNP	Heterozygous	orf1ab	QHD43415.1	1	c.5815G>T	p.Asp1939Tyr	missense_variant	MODERATE	0.0170085	6.91799	26733
2019-nCoV	6254	G	T	SNP	Heterozygous	orf1ab	QHD43415.1	1	c.5989G>T	p.Ala1997Ser	missense_variant	MODERATE	0.0190095	11.945	28850
2019-nCoV	6342	A	G	SNP	Heterozygous	orf1ab	QHD43415.1	1	c.6077A>G	p.Asp2026Gly	missense_variant	MODERATE	0.0435	173.875	33883
2019-nCoV	6419	G	C	SNP	Heterozygous	orf1ab	QHD43415.1	1	c.6154G>C	p.Val2052Leu	missense_variant	MODERATE	0.023	8.15152	67432
2019-nCoV	6428	C	T	SNP	Heterozygous	orf1ab	QHD43415.1	1	c.6163C>T	p.Pro2055Ser	missense_variant	MODERATE	0.0430215	102.277	67677
2019-nCoV	6551	A	C	SNP	Heterozygous	orf1ab	QHD43415.1	1	c.6286A>C	p.Met2096Leu	missense_variant	MODERATE	0.0235235	28.4529	32341
2019-nCoV	6563	G	T	SNP	Heterozygous	orf1ab	QHD43415.1	1	c.6298G>T	p.Val2100Leu	missense_variant	MODERATE	0.0445223	185.103	31816
2019-nCoV	6843	C	T	SNP	Heterozygous	orf1ab	QHD43415.1	1	c.6578C>T	p.Ser2193Phe	missense_variant	MODERATE	0.0285	54.8115	8240
2019-nCoV	7312	G	T	SNP	Heterozygous	orf1ab	QHD43415.1	1	c.7047G>T	p.Leu2349Phe	missense_variant	MODERATE	0.0191147	9.31274	10683
2019-nCoV	7414	G	T	SNP	Heterozygous	orf1ab	QHD43415.1	1	c.7149G>T	p.Met2383Ile	missense_variant	MODERATE	0.0285	54.8251	14684
2019-nCoV	7667	G	T	SNP	Heterozygous	orf1ab	QHD43415.1	1	c.7402G>T	p.Glu2468*	stop_gained	HIGH	0.02001	15.0201	23188
2019-nCoV	7756	G	T	SNP	Heterozygous	orf1ab	QHD43415.1	1	c.7491G>T	p.Lys2497Asn	missense_variant	MODERATE	0.0285	23.1825	21541
2019-nCoV	7805	G	T	SNP	Heterozygous	orf1ab	QHD43415.1	1	c.7540G>T	p.Glu2514*	stop_gained	HIGH	0.0246355	11.9586	21533
2019-nCoV	8333	G	T	SNP	Heterozygous	orf1ab	QHD43415.1	1	c.8068G>T	p.Ala2690Ser	missense_variant	MODERATE	0.029	57.0191	10616
2019-nCoV	8337	G	T	SNP	Heterozygous	orf1ab	QHD43415.1	1	c.8072G>T	p.Cys2691Phe	missense_variant	MODERATE	0.021021	18.7045	10578
2019-nCoV	8525	G	T	SNP	Heterozygous	orf1ab	QHD43415.1	1	c.8260G>T	p.Val2754Leu	missense_variant	MODERATE	0.022335	21.9213	20372
2019-nCoV	8657	A	G	SNP	Heterozygous	orf1ab	QHD43415.1	1	c.8392A>G	p.Lys2798Glu	missense_variant	MODERATE	0.0190572	11.57	33266
2019-nCoV	8727	C	T	SNP	Heterozygous	orf1ab	QHD43415.1	1	c.8462C>T	p.Ala2821Val	missense_variant	MODERATE	0.0265	43.7157	12087
2019-nCoV	8802	C	T	SNP	Heterozygous	orf1ab	QHD43415.1	1	c.8537C>T	p.Thr2846Ile	missense_variant	MODERATE	0.0285143	54.8443	13623
2019-nCoV	8863	G	A	SNP	Heterozygous	orf1ab	QHD43415.1	1	c.8598G>A	p.Val2866Val	synonymous_variant	LOW	0.016008	5.02562	13607
2019-nCoV	8890	C	T	SNP	Heterozygous	orf1ab	QHD43415.1	1	c.8625C>T	p.Arg2875Arg	synonymous_variant	LOW	0.03	64.1024	10723
2019-nCoV	8991	C	T	SNP	Heterozygous	orf1ab	QHD43415.1	1	c.8726C>T	p.Ala2909Val	missense_variant	MODERATE	0.046	125.351	28669
2019-nCoV	9216	G	C	SNP	Heterozygous	orf1ab	QHD43415.1	1	c.8951G>C	p.Cys2984Ser	missense_variant	MODERATE	0.0255	37.8258	10814
2019-nCoV	9251	G	T	SNP	Heterozygous	orf1ab	QHD43415.1	1	c.8986G>T	p.Val2996Phe	missense_variant	MODERATE	0.0198372	13.6628	10844
2019-nCoV	9344	C	T	SNP	Homozygous	orf1ab	QHD43415.1	1	c.9079C>T	p.Leu3027Phe	missense_variant	MODERATE	1.0	33324.6	23294
2019-nCoV	9424	A	G	SNP	Homozygous	orf1ab	QHD43415.1	1	c.9159A>G	p.Val3053Val	synonymous_variant	LOW	1.0	36360.6	12756
2019-nCoV	9430	C	T	SNP	Heterozygous	orf1ab	QHD43415.1	1	c.9165C>T	p.Ile3055Ile	synonymous_variant	LOW	0.029	24.8085	12790
2019-nCoV	9534	C	T	SNP	Homozygous	orf1ab	QHD43415.1	1	c.9269C>T	p.Thr3090Ile	missense_variant	MODERATE	0.998	36275.4	3335
2019-nCoV	9611	C	T	SNP	Heterozygous	orf1ab	QHD43415.1	1	c.9346C>T	p.Leu3116Phe	missense_variant	MODERATE	0.0226929	27.5764	7435
2019-nCoV	9620	G	T	SNP	Heterozygous	orf1ab	QHD43415.1	1	c.9355G>T	p.Asp3119Tyr	missense_variant	MODERATE	0.0305305	67.3841	7489
2019-nCoV	9623	G	T	SNP	Heterozygous	orf1ab	QHD43415.1	1	c.9358G>T	p.Val3120Phe	missense_variant	MODERATE	0.0575356	306.555	7487
2019-nCoV	9646	G	C	SNP	Heterozygous	orf1ab	QHD43415.1	1	c.9381G>C	p.Gln3127His	missense_variant	MODERATE	0.0340681	47.8709	4185
2019-nCoV	9866	C	T	SNP	Heterozygous	orf1ab	QHD43415.1	1	c.9601C>T	p.Leu3201Phe	missense_variant	MODERATE	0.533367	13493.0	29925
2019-nCoV	9945	G	T	SNP	Heterozygous	orf1ab	QHD43415.1	1	c.9680G>T	p.Arg3227Ile	missense_variant	MODERATE	0.0255	14.1204	17369
2019-nCoV	10029	C	T	SNP	Homozygous	orf1ab	QHD43415.1	1	c.9764C>T	p.Thr3255Ile	missense_variant	MODERATE	0.998996	36076.5	33202
2019-nCoV	10115	AC	T	MIXED	Heterozygous	orf1ab	QHD43415.1	1	c.9850_9851delACinsT	p.Thr3284fs	frameshift_variant&missense_variant	HIGH	0.0190381	11.3353	15602
2019-nCoV	10164	A	G	SNP	Heterozygous	orf1ab	QHD43415.1	1	c.9899A>G	p.Tyr3300Cys	missense_variant	MODERATE	0.0215	20.0696	15660
2019-nCoV	10183	C	T	SNP	Heterozygous	orf1ab	QHD43415.1	1	c.9918C>T	p.Ile3306Ile	synonymous_variant	LOW	0.0425	164.208	15738
2019-nCoV	10198	C	T	SNP	Homozygous	orf1ab	QHD43415.1	1	c.9933C>T	p.Asp3311Asp	synonymous_variant	LOW	1.0	33926.1	33755
2019-nCoV	10427	G	T	SNP	Heterozygous	orf1ab	QHD43415.1	1	c.10162G>T	p.Val3388Phe	missense_variant	MODERATE	0.0210526	17.4566	11740
2019-nCoV	10447	GCC	ACA	MNP	Homozygous	orf1ab	QHD43415.1	1	c.10182_10184delGCCinsACA	p.Pro3395His	missense_variant	MODERATE	1.0	36166.3	11653
2019-nCoV	10456	C	T	SNP	Heterozygous	orf1ab	QHD43415.1	1	c.10191C>T	p.Phe3397Phe	synonymous_variant	LOW	0.04004	140.001	11875
2019-nCoV	10521	G	T	SNP	Heterozygous	orf1ab	QHD43415.1	1	c.10256G>T	p.Cys3419Phe	missense_variant	MODERATE	0.0388105	131.833	11348
2019-nCoV	10688	G	T	SNP	Heterozygous	orf1ab	QHD43415.1	1	c.10423G>T	p.Val3475Phe	missense_variant	MODERATE	0.0290145	57.1616	17972
2019-nCoV	10943	G	T	SNP	Heterozygous	orf1ab	QHD43415.1	1	c.10678G>T	p.Val3560Phe	missense_variant	MODERATE	0.0210315	17.5581	44949
2019-nCoV	11114	G	T	SNP	Heterozygous	orf1ab	QHD43415.1	1	c.10849G>T	p.Gly3617Cys	missense_variant	MODERATE	0.0210105	18.4348	29563
2019-nCoV	11230	G	T	SNP	Heterozygous	orf1ab	QHD43415.1	1	c.10965G>T	p.Met3655Ile	missense_variant	MODERATE	0.0265265	43.3439	25678
2019-nCoV	11287	GTCTGGTTTT	G	DEL	Homozygous	orf1ab	QHD43415.1	1	c.11023_11031delTCTGGTTTT	p.Ser3675_Phe3677del	conservative_inframe_deletion	MODERATE	1.0	36167.0	53531
2019-nCoV	11401	G	T	SNP	Heterozygous	orf1ab	QHD43415.1	1	c.11136G>T	p.Met3712Ile	missense_variant	MODERATE	0.022022	22.2165	29243
2019-nCoV	11503	T	C	SNP	Heterozygous	orf1ab	QHD43415.1	1	c.11238T>C	p.Gly3746Gly	synonymous_variant	LOW	0.0285143	54.9959	12091
2019-nCoV	11616	G	T	SNP	Heterozygous	orf1ab	QHD43415.1	1	c.11351G>T	p.Cys3784Phe	missense_variant	MODERATE	0.0185093	7.01531	44043
2019-nCoV	11674	C	T	SNP	Heterozygous	orf1ab	QHD43415.1	1	c.11409C>T	p.Tyr3803Tyr	synonymous_variant	LOW	0.0796992	626.888	32300
2019-nCoV	11681	C	T	SNP	Heterozygous	orf1ab	QHD43415.1	1	c.11416C>T	p.Leu3806Leu	synonymous_variant	LOW	0.0165	5.90698	32285
2019-nCoV	11683	G	T	SNP	Heterozygous	orf1ab	QHD43415.1	1	c.11418G>T	p.Leu3806Leu	synonymous_variant	LOW	0.017017	7.02862	32288
2019-nCoV	11851	G	T	SNP	Heterozygous	orf1ab	QHD43415.1	1	c.11586G>T	p.Met3862Ile	missense_variant	MODERATE	0.018	9.24312	63861
2019-nCoV	11865	G	A	SNP	Heterozygous	orf1ab	QHD43415.1	1	c.11600G>A	p.Cys3867Tyr	missense_variant	MODERATE	0.016	5.0114	63513
2019-nCoV	12160	G	A	SNP	Heterozygous	orf1ab	QHD43415.1	1	c.11895G>A	p.Glu3965Glu	synonymous_variant	LOW	0.321321	6369.38	13815
2019-nCoV	12310	G	A	SNP	Heterozygous	orf1ab	QHD43415.1	1	c.12045G>A	p.Gln4015Gln	synonymous_variant	LOW	0.058	225.279	41195
2019-nCoV	12691	T	C	SNP	Heterozygous	orf1ab	QHD43415.1	1	c.12426T>C	p.Asn4142Asn	synonymous_variant	LOW	0.0375	119.874	63109
2019-nCoV	12741	C	T	SNP	Heterozygous	orf1ab	QHD43415.1	1	c.12476C>T	p.Thr4159Ile	missense_variant	MODERATE	0.018	8.95792	44184
2019-nCoV	12795	G	T	SNP	Heterozygous	orf1ab	QHD43415.1	1	c.12530G>T	p.Gly4177Val	missense_variant	MODERATE	0.0287733	52.2718	16058
2019-nCoV	12880	C	T	SNP	Homozygous	orf1ab	QHD43415.1	1	c.12615C>T	p.Ile4205Ile	synonymous_variant	LOW	0.9995	36412.8	33852
2019-nCoV	13004	G	T	SNP	Heterozygous	orf1ab	QHD43415.1	1	c.12739G>T	p.Ala4247Ser	missense_variant	MODERATE	0.0285	54.7966	17528
2019-nCoV	13332	G	T	SNP	Heterozygous	orf1ab	QHD43415.1	1	c.13067G>T	p.Cys4356Phe	missense_variant	MODERATE	0.0210105	17.8271	23808
2019-nCoV	13334	G	T	SNP	Heterozygous	orf1ab	QHD43415.1	1	c.13069G>T	p.Ala4357Ser	missense_variant	MODERATE	0.0170085	6.95062	23836
2019-nCoV	13346	G	T	SNP	Heterozygous	orf1ab	QHD43415.1	1	c.13081G>T	p.Val4361Leu	missense_variant	MODERATE	0.024012	29.9345	23681
2019-nCoV	13435	G	T	SNP	Heterozygous	orf1ab	QHD43415.1	1	c.13170G>T	p.Met4390Ile	missense_variant	MODERATE	0.018	9.23019	41059
2019-nCoV	13441	G	T	SNP	Heterozygous	orf1ab	QHD43415.1	1	c.13176G>T	p.Gln4392His	missense_variant	MODERATE	0.0225	5.79346	23367
2019-nCoV	13459	G	T	SNP	Heterozygous	orf1ab	QHD43415.1	1	c.13194G>T	p.Ser4398Ser	synonymous_variant	LOW	0.0403226	138.556	23102
2019-nCoV	13792	C	T	SNP	Heterozygous	orf1ab	QHD43415.1	2	c.13528C>T	p.Arg4510Cys	missense_variant	MODERATE	0.02003	15.0867	10204
2019-nCoV	13816	G	T	SNP	Heterozygous	orf1ab	QHD43415.1	2	c.13552G>T	p.Asp4518Tyr	missense_variant	MODERATE	0.0175088	7.89076	10370
2019-nCoV	13860	C	T	SNP	Heterozygous	orf1ab	QHD43415.1	2	c.13596C>T	p.Asp4532Asp	synonymous_variant	LOW	0.018	8.61971	32701
2019-nCoV	14313	T	C	SNP	Heterozygous	orf1ab	QHD43415.1	2	c.14049T>C	p.Asp4683Asp	synonymous_variant	LOW	0.016	5.0043	35236
2019-nCoV	14369	G	A	SNP	Heterozygous	orf1ab	QHD43415.1	2	c.14105G>A	p.Cys4702Tyr	missense_variant	MODERATE	0.0215	19.578	12480
2019-nCoV	14399	TG	T	DEL	Heterozygous	orf1ab	QHD43415.1	2	c.14136delG	p.Phe4713fs	frameshift_variant	HIGH	0.0181178	8.91611	12666
2019-nCoV	14408	C	T	SNP	Homozygous	orf1ab	QHD43415.1	2	c.14144C>T	p.Pro4715Leu	missense_variant	MODERATE	0.9975	33637.7	12410
2019-nCoV	14452	G	T	SNP	Heterozygous	orf1ab	QHD43415.1	2	c.14188G>T	p.Val4730Phe	missense_variant	MODERATE	0.0195293	12.493	32951
2019-nCoV	14625	C	T	SNP	Heterozygous	orf1ab	QHD43415.1	2	c.14361C>T	p.Cys4787Cys	synonymous_variant	LOW	0.0388301	130.141	19931
2019-nCoV	14908	G	T	SNP	Heterozygous	orf1ab	QHD43415.1	2	c.14644G>T	p.Ala4882Ser	missense_variant	MODERATE	0.0165165	5.66122	16171
2019-nCoV	15009	T	C	SNP	Heterozygous	orf1ab	QHD43415.1	2	c.14745T>C	p.Asp4915Asp	synonymous_variant	LOW	0.0275	20.2634	27381
2019-nCoV	15451	G	A	SNP	Heterozygous	orf1ab	QHD43415.1	2	c.15187G>A	p.Gly5063Ser	missense_variant	MODERATE	0.026	38.2065	77186
2019-nCoV	15535	G	T	SNP	Heterozygous	orf1ab	QHD43415.1	2	c.15271G>T	p.Ala5091Ser	missense_variant	MODERATE	0.0230115	26.3474	25103
2019-nCoV	15654	C	T	SNP	Heterozygous	orf1ab	QHD43415.1	2	c.15390C>T	p.Asp5130Asp	synonymous_variant	LOW	0.017	6.93485	57580
2019-nCoV	15714	C	T	SNP	Homozygous	orf1ab	QHD43415.1	2	c.15450C>T	p.Leu5150Leu	synonymous_variant	LOW	0.999497	36094.9	55766
2019-nCoV	15769	G	T	SNP	Heterozygous	orf1ab	QHD43415.1	2	c.15505G>T	p.Ala5169Ser	missense_variant	MODERATE	0.0200401	14.1177	3173
2019-nCoV	15850	G	T	SNP	Heterozygous	orf1ab	QHD43415.1	2	c.15586G>T	p.Asp5196Tyr	missense_variant	MODERATE	0.0367388	63.8285	13777
2019-nCoV	16005	G	T	SNP	Heterozygous	orf1ab	QHD43415.1	2	c.15741G>T	p.Met5247Ile	missense_variant	MODERATE	0.0385193	126.921	25716
2019-nCoV	16018	G	T	SNP	Heterozygous	orf1ab	QHD43415.1	2	c.15754G>T	p.Val5252Leu	missense_variant	MODERATE	0.018009	9.25795	25780
2019-nCoV	16283	G	T	SNP	Heterozygous	orf1ab	QHD43415.1	2	c.16019G>T	p.Cys5340Phe	missense_variant	MODERATE	0.0395198	135.551	22604
2019-nCoV	16323	C	T	SNP	Heterozygous	orf1ab	QHD43415.1	2	c.16059C>T	p.Cys5353Cys	synonymous_variant	LOW	0.016008	5.00515	55549
2019-nCoV	16580	C	T	SNP	Heterozygous	orf1ab	QHD43415.1	2	c.16316C>T	p.Thr5439Ile	missense_variant	MODERATE	0.0215539	5.31587	29529
2019-nCoV	16616	C	A	SNP	Heterozygous	orf1ab	QHD43415.1	2	c.16352C>A	p.Thr5451Asn	missense_variant	MODERATE	0.019019	11.9142	29888
2019-nCoV	16741	G	T	SNP	Heterozygous	orf1ab	QHD43415.1	2	c.16477G>T	p.Val5493Phe	missense_variant	MODERATE	0.019	11.8354	27199
2019-nCoV	16769	G	T	SNP	Heterozygous	orf1ab	QHD43415.1	2	c.16505G>T	p.Arg5502Leu	missense_variant	MODERATE	0.0180632	9.23257	27115
2019-nCoV	16935	G	A	SNP	Heterozygous	orf1ab	QHD43415.1	2	c.16671G>A	p.Met5557Ile	missense_variant	MODERATE	0.0206237	17.0754	78956
2019-nCoV	17112	T	C	SNP	Heterozygous	orf1ab	QHD43415.1	2	c.16848T>C	p.Ala5616Ala	synonymous_variant	LOW	0.0215	20.2306	28449
2019-nCoV	17329	G	T	SNP	Heterozygous	orf1ab	QHD43415.1	2	c.17065G>T	p.Glu5689*	stop_gained	HIGH	0.016	5.00136	29196
2019-nCoV	17410	C	T	SNP	Homozygous	orf1ab	QHD43415.1	2	c.17146C>T	p.Arg5716Cys	missense_variant	MODERATE	0.998999	36349.5	47357
2019-nCoV	17458	CCA	C	DEL	Heterozygous	orf1ab	QHD43415.1	2	c.17196_17197delAC	p.Arg5733fs	frameshift_variant	HIGH	0.016558	6.04272	18655
2019-nCoV	17594	G	T	SNP	Heterozygous	orf1ab	QHD43415.1	2	c.17330G>T	p.Ser5777Ile	missense_variant	MODERATE	0.023	8.11029	37511
2019-nCoV	17641	G	T	SNP	Heterozygous	orf1ab	QHD43415.1	2	c.17377G>T	p.Ala5793Ser	missense_variant	MODERATE	0.0165248	5.94937	37595
2019-nCoV	17678	C	T	SNP	Heterozygous	orf1ab	QHD43415.1	2	c.17414C>T	p.Thr5805Met	missense_variant	MODERATE	0.027	17.3605	46435
2019-nCoV	17716	G	T	SNP	Heterozygous	orf1ab	QHD43415.1	2	c.17452G>T	p.Gly5818Cys	missense_variant	MODERATE	0.022	6.30674	9640
2019-nCoV	17735	T	C	SNP	Heterozygous	orf1ab	QHD43415.1	2	c.17471T>C	p.Leu5824Pro	missense_variant	MODERATE	0.0215108	5.46058	9761
2019-nCoV	17750	C	T	SNP	Heterozygous	orf1ab	QHD43415.1	2	c.17486C>T	p.Ala5829Val	missense_variant	MODERATE	0.0245737	122.025	9903
2019-nCoV	17849	G	T	SNP	Heterozygous	orf1ab	QHD43415.1	2	c.17585G>T	p.Gly5862Val	missense_variant	MODERATE	0.0207805	17.1434	26386
2019-nCoV	17988	G	T	SNP	Heterozygous	orf1ab	QHD43415.1	2	c.17724G>T	p.Lys5908Asn	missense_variant	MODERATE	0.0455455	120.899	8651
2019-nCoV	18019	A	T	SNP	Heterozygous	orf1ab	QHD43415.1	2	c.17755A>T	p.Arg5919Trp	missense_variant	MODERATE	0.02002	14.9406	8681
2019-nCoV	18028	G	T	SNP	Heterozygous	orf1ab	QHD43415.1	2	c.17764G>T	p.Ala5922Ser	missense_variant	MODERATE	0.0165996	6.61434	29520
2019-nCoV	18163	A	G	SNP	Homozygous	orf1ab	QHD43415.1	2	c.17899A>G	p.Ile5967Val	missense_variant	MODERATE	0.998499	33742.4	22879
2019-nCoV	18527	G	T	SNP	Heterozygous	orf1ab	QHD43415.1	2	c.18263G>T	p.Arg6088Leu	missense_variant	MODERATE	0.0270541	46.3386	12767
2019-nCoV	18570	C	T	SNP	Heterozygous	orf1ab	QHD43415.1	2	c.18306C>T	p.Leu6102Leu	synonymous_variant	LOW	0.019	11.9207	25354
2019-nCoV	18670	G	T	SNP	Heterozygous	orf1ab	QHD43415.1	2	c.18406G>T	p.Asp6136Tyr	missense_variant	MODERATE	0.0165083	5.92155	12299
2019-nCoV	18703	G	T	SNP	Heterozygous	orf1ab	QHD43415.1	2	c.18439G>T	p.Asp6147Tyr	missense_variant	MODERATE	0.031	70.2402	12126
2019-nCoV	18712	G	T	SNP	Heterozygous	orf1ab	QHD43415.1	2	c.18448G>T	p.Ala6150Ser	missense_variant	MODERATE	0.028014	51.9618	12097
2019-nCoV	19150	G	T	SNP	Heterozygous	orf1ab	QHD43415.1	2	c.18886G>T	p.Ala6296Ser	missense_variant	MODERATE	0.0190476	12.0438	24392
2019-nCoV	19242	T	C	SNP	Heterozygous	orf1ab	QHD43415.1	2	c.18978T>C	p.Phe6326Phe	synonymous_variant	LOW	0.0226017	7.07375	41048
2019-nCoV	19374	C	T	SNP	Heterozygous	orf1ab	QHD43415.1	2	c.19110C>T	p.Phe6370Phe	synonymous_variant	LOW	0.0276799	71.9656	34804
2019-nCoV	19417	G	T	SNP	Heterozygous	orf1ab	QHD43415.1	2	c.19153G>T	p.Val6385Leu	missense_variant	MODERATE	0.0175088	7.97034	16682
2019-nCoV	19435	G	T	SNP	Heterozygous	orf1ab	QHD43415.1	2	c.19171G>T	p.Val6391Leu	missense_variant	MODERATE	0.0185	10.5328	16679
2019-nCoV	19567	G	T	SNP	Heterozygous	orf1ab	QHD43415.1	2	c.19303G>T	p.Val6435Phe	missense_variant	MODERATE	0.022033	6.1459	14128
2019-nCoV	19641	T	C	SNP	Heterozygous	orf1ab	QHD43415.1	2	c.19377T>C	p.Phe6459Phe	synonymous_variant	LOW	0.0226131	23.6046	20852
2019-nCoV	19801	CG	C	DEL	Heterozygous	orf1ab	QHD43415.1	2	c.19538delG	p.Arg6513fs	frameshift_variant	HIGH	0.0195489	13.6011	19404
2019-nCoV	19955	C	T	SNP	Homozygous	orf1ab	QHD43415.1	2	c.19691C>T	p.Thr6564Ile	missense_variant	MODERATE	0.998999	33731.6	45221
2019-nCoV	19961	C	T	SNP	Heterozygous	orf1ab	QHD43415.1	2	c.19697C>T	p.Thr6566Met	missense_variant	MODERATE	0.0316901	36.0536	27366
2019-nCoV	20002	G	T	SNP	Heterozygous	orf1ab	QHD43415.1	2	c.19738G>T	p.Asp6580Tyr	missense_variant	MODERATE	0.022011	6.44547	27467
2019-nCoV	20055	A	G	SNP	Homozygous	orf1ab	QHD43415.1	2	c.19791A>G	p.Glu6597Glu	synonymous_variant	LOW	0.987456	33581.8	32999
2019-nCoV	20342	G	T	SNP	Heterozygous	orf1ab	QHD43415.1	2	c.20078G>T	p.Ser6693Ile	missense_variant	MODERATE	0.017	6.93473	35951
2019-nCoV	20356	G	T	SNP	Heterozygous	orf1ab	QHD43415.1	2	c.20092G>T	p.Gly6698Cys	missense_variant	MODERATE	0.0350526	99.4674	35891
2019-nCoV	20443	G	T	SNP	Heterozygous	orf1ab	QHD43415.1	2	c.20179G>T	p.Val6727Phe	missense_variant	MODERATE	0.0165248	5.43139	79339
2019-nCoV	20487	G	T	SNP	Heterozygous	orf1ab	QHD43415.1	2	c.20223G>T	p.Lys6741Asn	missense_variant	MODERATE	0.0265265	17.3195	43407
2019-nCoV	20610	G	T	SNP	Heterozygous	orf1ab	QHD43415.1	2	c.20346G>T	p.Met6782Ile	missense_variant	MODERATE	0.0175175	8.46654	19627
2019-nCoV	20616	GT	G	DEL	Heterozygous	orf1ab	QHD43415.1	2	c.20353delT	p.Cys6785fs	frameshift_variant	HIGH	0.0195293	71.0831	19634
2019-nCoV	20718	G	T	SNP	Heterozygous	orf1ab	QHD43415.1	2	c.20454G>T	p.Met6818Ile	missense_variant	MODERATE	0.016016	5.03206	24510
2019-nCoV	21002	G	T	SNP	Heterozygous	orf1ab	QHD43415.1	2	c.20738G>T	p.Cys6913Phe	missense_variant	MODERATE	0.0245123	32.5077	47974
2019-nCoV	21138	G	T	SNP	Heterozygous	orf1ab	QHD43415.1	2	c.20874G>T	p.Lys6958Asn	missense_variant	MODERATE	0.0187627	11.2434	76117
2019-nCoV	21265	G	A	SNP	Heterozygous	orf1ab	QHD43415.1	2	c.21001G>A	p.Glu7001Lys	missense_variant	MODERATE	0.0295295	61.2961	22546
2019-nCoV	21305	G	T	SNP	Heterozygous	orf1ab	QHD43415.1	2	c.21041G>T	p.Arg7014Leu	missense_variant	MODERATE	0.0255383	14.3245	23267
2019-nCoV	21394	G	T	SNP	Heterozygous	orf1ab	QHD43415.1	2	c.21130G>T	p.Asp7044Tyr	missense_variant	MODERATE	0.0206757	15.6771	19882
2019-nCoV	21432	T	C	SNP	Heterozygous	orf1ab	QHD43415.1	2	c.21168T>C	p.Ala7056Ala	synonymous_variant	LOW	0.0335168	88.4748	19838
2019-nCoV	21618	C	T	SNP	Homozygous	S	QHD43416.1	1	c.56C>T	p.Thr19Ile	missense_variant	MODERATE	0.999	33838.2	27115
2019-nCoV	21632	TTACCCCCTG	T	DEL	Homozygous	S	QHD43416.1	1	c.71_79delTACCCCCTG	p.Leu24_Ala27delinsSer	disruptive_inframe_deletion	MODERATE	1.0	36316.8	26623
2019-nCoV	21721	C	T	SNP	Heterozygous	S	QHD43416.1	1	c.159C>T	p.Asp53Asp	synonymous_variant	LOW	0.139126	1690.31	20328
2019-nCoV	21742	CAATG	C	DEL	Heterozygous	S	QHD43416.1	1	c.181_184delAATG	p.Asn61fs	frameshift_variant	HIGH	0.0161535	5.33133	20412
2019-nCoV	21752	T	C	SNP	Heterozygous	S	QHD43416.1	1	c.190T>C	p.Trp64Arg	missense_variant	MODERATE	0.0285	24.0974	20506
2019-nCoV	21764	ATACATG	A	DEL	Heterozygous	S	QHD43416.1	1	c.204_209delACATGT	p.His69_Val70del	disruptive_inframe_deletion	MODERATE	0.462475	11357.3	31090
2019-nCoV	21790	T	C	SNP	Heterozygous	S	QHD43416.1	1	c.228T>C	p.Thr76Thr	synonymous_variant	LOW	0.0165	5.86659	31329
2019-nCoV	21941	G	T	SNP	Heterozygous	S	QHD43416.1	1	c.379G>T	p.Val127Phe	missense_variant	MODERATE	0.0165083	5.94868	39618
2019-nCoV	21946	T	C	SNP	Heterozygous	S	QHD43416.1	1	c.384T>C	p.Ile128Ile	synonymous_variant	LOW	0.018	9.23012	39695
2019-nCoV	21979	ATTTTTGGGTG	A	DEL	Heterozygous	S	QHD43416.1	1	c.421_430delTTGGGTGTTT	p.Leu141fs	frameshift_variant	HIGH	0.0206237	36057.1	29086
2019-nCoV	21987	G	A	SNP	Heterozygous	S	QHD43416.1	1	c.425G>A	p.Gly142Asp	missense_variant	MODERATE	0.979376	36057.1	29086
2019-nCoV	21997	C	T	SNP	Heterozygous	S	QHD43416.1	1	c.435C>T	p.Tyr145Tyr	synonymous_variant	LOW	0.0185	10.565	29258
2019-nCoV	22200	T	G	SNP	Homozygous	S	QHD43416.1	1	c.638T>G	p.Val213Gly	missense_variant	MODERATE	0.9985	36317.7	28671
2019-nCoV	22242	TA	T	DEL	Heterozygous	S	QHD43416.1	1	c.681delA	p.Asp228fs	frameshift_variant	HIGH	0.0180451	8.19061	29738
2019-nCoV	22323	C	T	SNP	Heterozygous	S	QHD43416.1	1	c.761C>T	p.Ser254Phe	missense_variant	MODERATE	0.0255	38.0888	10972
2019-nCoV	22424	G	T	SNP	Heterozygous	S	QHD43416.1	1	c.862G>T	p.Ala288Ser	missense_variant	MODERATE	0.0175	8.04346	32740
2019-nCoV	22454	G	T	SNP	Heterozygous	S	QHD43416.1	1	c.892G>T	p.Glu298*	stop_gained	HIGH	0.0181543	9.5366	22129
2019-nCoV	22468	G	T	SNP	Heterozygous	S	QHD43416.1	1	c.906G>T	p.Thr302Thr	synonymous_variant	LOW	0.0235589	27.9127	22171
2019-nCoV	22513	C	T	SNP	Heterozygous	S	QHD43416.1	1	c.951C>T	p.Asn317Asn	synonymous_variant	LOW	0.0150905	29.8733	29096
2019-nCoV	22552	T	C	SNP	Heterozygous	S	QHD43416.1	1	c.990T>C	p.Pro330Pro	synonymous_variant	LOW	0.019	9.9242	28946
2019-nCoV	22578	G	A	SNP	Homozygous	S	QHD43416.1	1	c.1016G>A	p.Gly339Asp	missense_variant	MODERATE	0.998998	36241.6	28640
2019-nCoV	22674	C	T	SNP	Homozygous	S	QHD43416.1	1	c.1112C>T	p.Ser371Phe	missense_variant	MODERATE	0.9995	33703.8	11918
2019-nCoV	22679	T	C	SNP	Homozygous	S	QHD43416.1	1	c.1117T>C	p.Ser373Pro	missense_variant	MODERATE	0.998992	33333.2	11787
2019-nCoV	22686	CCA	TCG	MNP	Homozygous	S	QHD43416.1	1	c.1124_1126delCCAinsTCG	p.SerThr375PheAla	missense_variant	MODERATE	1.0	32867.6	4333
2019-nCoV	22775	G	A	SNP	Homozygous	S	QHD43416.1	1	c.1213G>A	p.Asp405Asn	missense_variant	MODERATE	1.0	33770.0	4321
2019-nCoV	22786	A	C	SNP	Homozygous	S	QHD43416.1	1	c.1224A>C	p.Arg408Ser	missense_variant	MODERATE	0.999498	33684.8	4257
2019-nCoV	22792	C	T	SNP	Heterozygous	S	QHD43416.1	1	c.1230C>T	p.Ile410Ile	synonymous_variant	LOW	0.213	3386.17	4270
2019-nCoV	22812	AG	CT	MNP	Heterozygous	S	QHD43416.1	1	c.1250_1251delAGinsCT	p.Lys417Thr	missense_variant	MODERATE	0.115173	32432.1	25626
2019-nCoV	22813	G	T	SNP	Heterozygous	S	QHD43416.1	1	c.1251G>T	p.Lys417Asn	missense_variant	MODERATE	0.872809	32432.1	25626
2019-nCoV	22882	T	G	SNP	Homozygous	S	QHD43416.1	1	c.1320T>G	p.Asn440Lys	missense_variant	MODERATE	0.997497	33694.9	45763
2019-nCoV	22916	C	A	SNP	Heterozygous	S	QHD43416.1	1	c.1354C>A	p.Leu452Met	missense_variant	MODERATE	0.0205411	4.03079	46367
2019-nCoV	22917	T	G	SNP	Heterozygous	S	QHD43416.1	1	c.1355T>G	p.Leu452Arg	missense_variant	MODERATE	0.565566	19757.7	46336
2019-nCoV	22992	GCAC	ACAA	MNP	Homozygous	S	QHD43416.1	1	c.1430_1433delGCACinsACAA	p.SerThr477AsnLys	missense_variant	MODERATE	1.0	36284.9	23563
2019-nCoV	23013	A	C	SNP	Homozygous	S	QHD43416.1	1	c.1451A>C	p.Glu484Ala	missense_variant	MODERATE	0.997496	36063.3	34034
2019-nCoV	23018	T	G	SNP	Heterozygous	S	QHD43416.1	1	c.1456T>G	p.Phe486Val	missense_variant	MODERATE	0.525025	13213.2	34163
2019-nCoV	23040	A	G	SNP	Heterozygous	S	QHD43416.1	1	c.1478A>G	p.Gln493Arg	missense_variant	MODERATE	0.44985	10435.4	33923
2019-nCoV	23055	A	G	SNP	Homozygous	S	QHD43416.1	1	c.1493A>G	p.Gln498Arg	missense_variant	MODERATE	0.999498	33739.4	11083
2019-nCoV	23063	A	T	SNP	Homozygous	S	QHD43416.1	1	c.1501A>T	p.Asn501Tyr	missense_variant	MODERATE	0.997999	33565.4	11171
2019-nCoV	23075	T	C	SNP	Homozygous	S	QHD43416.1	1	c.1513T>C	p.Tyr505His	missense_variant	MODERATE	0.996998	36150.4	11346
2019-nCoV	23248	C	T	SNP	Heterozygous	S	QHD43416.1	1	c.1686C>T	p.Phe562Phe	synonymous_variant	LOW	0.0409505	82.0983	14332
2019-nCoV	23402	GA	G	DEL	Heterozygous	S	QHD43416.1	1	c.1841delA	p.Asp614fs	frameshift_variant	HIGH	0.640421	33422.5	54506
2019-nCoV	23403	A	G	SNP	Heterozygous	S	QHD43416.1	1	c.1841A>G	p.Asp614Gly	missense_variant	MODERATE	0.359077	33422.5	54506
2019-nCoV	23525	C	T	SNP	Homozygous	S	QHD43416.1	1	c.1963C>T	p.His655Tyr	missense_variant	MODERATE	0.998498	33649.1	72875
2019-nCoV	23535	A	G	SNP	Heterozygous	S	QHD43416.1	1	c.1973A>G	p.Asn658Ser	missense_variant	MODERATE	0.0350175	97.4961	72778
2019-nCoV	23599	T	G	SNP	Homozygous	S	QHD43416.1	1	c.2037T>G	p.Asn679Lys	missense_variant	MODERATE	0.99499	33474.2	85101
2019-nCoV	23604	C	A	SNP	Homozygous	S	QHD43416.1	1	c.2042C>A	p.Pro681His	missense_variant	MODERATE	0.998496	33740.0	85155
2019-nCoV	23673	C	T	SNP	Heterozygous	S	QHD43416.1	1	c.2111C>T	p.Ser704Leu	missense_variant	MODERATE	0.166249	2267.11	39151
2019-nCoV	23753	AT	A	DEL	Heterozygous	S	QHD43416.1	1	c.2192delT	p.Met731fs	frameshift_variant	HIGH	0.0231272	138.61	15635
2019-nCoV	23767	A	G	SNP	Heterozygous	S	QHD43416.1	1	c.2205A>G	p.Ser735Ser	synonymous_variant	LOW	0.02	14.8972	15703
2019-nCoV	23854	C	A	SNP	Homozygous	S	QHD43416.1	1	c.2292C>A	p.Asn764Lys	missense_variant	MODERATE	1.0	33188.2	24284
2019-nCoV	23873	G	T	SNP	Heterozygous	S	QHD43416.1	1	c.2311G>T	p.Ala771Ser	missense_variant	MODERATE	0.029	25.6352	24148
2019-nCoV	23903	G	T	SNP	Heterozygous	S	QHD43416.1	1	c.2341G>T	p.Val781Phe	missense_variant	MODERATE	0.0275413	13.935	9205
2019-nCoV	23917	C	T	SNP	Heterozygous	S	QHD43416.1	1	c.2355C>T	p.Val785Val	synonymous_variant	LOW	0.0195	12.9658	9217
2019-nCoV	23948	GATTTTGGTGGTTTTAATT	TATTGTGGTTGATTTTA	MIXED	Heterozygous	S	QHD43416.1	1	c.2386_2404delGATTTTGGTGGTTTTAATTinsTATTGTGGTTGATTTTA	p.Asp796fs	frameshift_variant&stop_gained	HIGH	0.0383202	34016.9	20516
2019-nCoV	23948	G	T	SNP	Heterozygous	S	QHD43416.1	1	c.2386G>T	p.Asp796Tyr	missense_variant	MODERATE	0.913386	34016.9	20516
2019-nCoV	24020	G	A	SNP	Heterozygous	S	QHD43416.1	1	c.2458G>A	p.Asp820Asn	missense_variant	MODERATE	0.0485	214.153	12856
2019-nCoV	24023	C	T	SNP	Heterozygous	S	QHD43416.1	1	c.2461C>T	p.Leu821Leu	synonymous_variant	LOW	0.035	99.6425	36779
2019-nCoV	24053	G	T	SNP	Heterozygous	S	QHD43416.1	1	c.2491G>T	p.Ala831Ser	missense_variant	MODERATE	0.0325488	80.9419	37180
2019-nCoV	24098	G	A	SNP	Heterozygous	S	QHD43416.1	1	c.2536G>A	p.Ala846Thr	missense_variant	MODERATE	0.0192308	12.4847	37641
2019-nCoV	24277	G	T	SNP	Heterozygous	S	QHD43416.1	1	c.2715G>T	p.Arg905Ser	missense_variant	MODERATE	0.0366466	60.2734	38974
2019-nCoV	24305	G	T	SNP	Heterozygous	S	QHD43416.1	1	c.2743G>T	p.Val915Phe	missense_variant	MODERATE	0.018	9.2408	39215
2019-nCoV	24368	G	T	SNP	Heterozygous	S	QHD43416.1	1	c.2806G>T	p.Asp936Tyr	missense_variant	MODERATE	0.0230115	8.20605	14310
2019-nCoV	24424	A	T	SNP	Homozygous	S	QHD43416.1	1	c.2862A>T	p.Gln954His	missense_variant	MODERATE	0.999499	33755.1	33439
2019-nCoV	24469	T	A	SNP	Homozygous	S	QHD43416.1	1	c.2907T>A	p.Asn969Lys	missense_variant	MODERATE	0.9945	32818.7	60423
2019-nCoV	24978	AT	A	DEL	Heterozygous	S	QHD43416.1	1	c.3417delT	p.Pro1140fs	frameshift_variant	HIGH	0.0180723	9.45571	26040
2019-nCoV	24998	GAC	TAT	MNP	Heterozygous	S	QHD43416.1	1	c.3436_3438delGACinsTAT	p.Asp1146Tyr	missense_variant	MODERATE	0.0175175	33775.6	47343
2019-nCoV	25000	C	T	SNP	Heterozygous	S	QHD43416.1	1	c.3438C>T	p.Asp1146Asp	synonymous_variant	LOW	0.982482	33775.6	47343
2019-nCoV	25047	C	T	SNP	Heterozygous	S	QHD43416.1	1	c.3485C>T	p.Pro1162Leu	missense_variant	MODERATE	0.0185	10.3172	47431
2019-nCoV	25416	C	T	SNP	Heterozygous	ORF3a	QHD43417.1	1	c.24C>T	p.Phe8Phe	synonymous_variant	LOW	0.12539	1845.59	37763
2019-nCoV	25447	G	T	SNP	Heterozygous	ORF3a	QHD43417.1	1	c.55G>T	p.Glu19*	stop_gained	HIGH	0.0280561	52.281	37916
2019-nCoV	25455	G	T	SNP	Heterozygous	ORF3a	QHD43417.1	1	c.63G>T	p.Lys21Asn	missense_variant	MODERATE	0.0205308	4.03714	37821
2019-nCoV	25584	C	T	SNP	Homozygous	ORF3a	QHD43417.1	1	c.192C>T	p.Thr64Thr	synonymous_variant	LOW	0.991462	35517.4	51965
2019-nCoV	25624	C	T	SNP	Heterozygous	ORF3a	QHD43417.1	1	c.232C>T	p.His78Tyr	missense_variant	MODERATE	0.094047	653.476	31090
2019-nCoV	26060	C	T	SNP	Homozygous	ORF3a	QHD43417.1	1	c.668C>T	p.Thr223Ile	missense_variant	MODERATE	0.991911	35945.6	41171
2019-nCoV	26078	C	T	SNP	Heterozygous	ORF3a	QHD43417.1	1	c.686C>T	p.Thr229Ile	missense_variant	MODERATE	0.03	64.094	41172
2019-nCoV	26098	A	G	SNP	Heterozygous	ORF3a	QHD43417.1	1	c.706A>G	p.Ile236Val	missense_variant	MODERATE	0.0185278	10.3832	74307
2019-nCoV	26270	C	T	SNP	Homozygous	E	QHD43418.1	1	c.26C>T	p.Thr9Ile	missense_variant	MODERATE	1.0	33905.0	112878
2019-nCoV	26408	C	T	SNP	Heterozygous	E	QHD43418.1	1	c.164C>T	p.Ser55Phe	missense_variant	MODERATE	0.0280983	52.7105	17790
2019-nCoV	26428	G	T	SNP	Heterozygous	E	QHD43418.1	1	c.184G>T	p.Val62Phe	missense_variant	MODERATE	0.0170341	6.85126	18150
2019-nCoV	26529	G	A	SNP	Heterozygous	M	QHD43419.1	1	c.7G>A	p.Asp3Asn	missense_variant	MODERATE	0.4075	9642.62	23000
2019-nCoV	26577	C	G	SNP	Homozygous	M	QHD43419.1	1	c.55C>G	p.Gln19Glu	missense_variant	MODERATE	1.0	33946.3	17067
2019-nCoV	26621	T	C	SNP	Heterozygous	M	QHD43419.1	1	c.99T>C	p.Cys33Cys	synonymous_variant	LOW	0.0385	127.578	11900
2019-nCoV	26690	G	T	SNP	Heterozygous	M	QHD43419.1	1	c.168G>T	p.Leu56Leu	synonymous_variant	LOW	0.0245614	33.3727	42600
2019-nCoV	26709	G	A	SNP	Homozygous	M	QHD43419.1	1	c.187G>A	p.Ala63Thr	missense_variant	MODERATE	1.0	36400.8	42596
2019-nCoV	26858	C	T	SNP	Heterozygous	M	QHD43419.1	1	c.336C>T	p.Phe112Phe	synonymous_variant	LOW	0.664332	18707.8	31581
2019-nCoV	27012	C	T	SNP	Heterozygous	M	QHD43419.1	1	c.490C>T	p.Leu164Leu	synonymous_variant	LOW	0.049	147.349	38218
2019-nCoV	27038	A	G	SNP	Heterozygous	M	QHD43419.1	1	c.516A>G	p.Thr172Thr	synonymous_variant	LOW	0.0555834	303.767	6222
2019-nCoV	27259	A	C	SNP	Heterozygous	ORF6	QHD43420.1	1	c.58A>C	p.Arg20Arg	synonymous_variant	LOW	0.674089	18840.0	33154
2019-nCoV	27287	T	C	SNP	Heterozygous	ORF6	QHD43420.1	1	c.86T>C	p.Leu29Pro	missense_variant	MODERATE	0.0365	59.5856	33809
2019-nCoV	27382	GAT	CTC	MNP	Heterozygous	ORF6	QHD43420.1	1	c.181_183delGATinsCTC	p.Asp61Leu	missense_variant	MODERATE	0.564646	14571.1	9941
2019-nCoV	27438	T	C	SNP	Heterozygous	ORF7a	QHD43421.1	1	c.45T>C	p.Cys15Cys	synonymous_variant	LOW	0.284142	4587.88	24902
2019-nCoV	27467	G	T	SNP	Heterozygous	ORF7a	QHD43421.1	1	c.74G>T	p.Arg25Ile	missense_variant	MODERATE	0.0245	11.2641	14885
2019-nCoV	27497	G	T	SNP	Heterozygous	ORF7a	QHD43421.1	1	c.104G>T	p.Cys35Phe	missense_variant	MODERATE	0.0406219	145.767	14448
2019-nCoV	27513	C	T	SNP	Heterozygous	ORF7a	QHD43421.1	1	c.120C>T	p.Tyr40Tyr	synonymous_variant	LOW	0.0175	8.21788	49384
2019-nCoV	27788	G	T	SNP	Heterozygous	ORF8	QHD43422.1	-1	c.-106G>T	.	upstream_gene_variant	MODIFIER	0.100651	936.513	45893
2019-nCoV	27807	C	T	SNP	Homozygous	ORF8	QHD43422.1	-1	c.-87C>T	.	upstream_gene_variant	MODIFIER	0.999499	36357.5	46506
2019-nCoV	27889	C	T	SNP	Heterozygous	ORF8	QHD43422.1	-1	c.-5C>T	.	upstream_gene_variant	MODIFIER	0.298	5683.15	31443
2019-nCoV	28271	A	T	SNP	Homozygous	N	QHD43423.2	-1	c.-3A>T	.	upstream_gene_variant	MODIFIER	1.0	32735.9	87775
2019-nCoV	28311	C	T	SNP	Homozygous	N	QHD43423.2	1	c.38C>T	p.Pro13Leu	missense_variant	MODERATE	0.993991	35833.8	87715
2019-nCoV	28330	A	G	SNP	Heterozygous	N	QHD43423.2	1	c.57A>G	p.Gly19Gly	synonymous_variant	LOW	0.0623116	374.506	86203
2019-nCoV	28361	GGAGAACGCA	G	DEL	Homozygous	N	QHD43423.2	1	c.90_98delAGAACGCAG	p.Glu31_Ser33del	disruptive_inframe_deletion	MODERATE	1.0	36023.0	20372
2019-nCoV	28542	C	T	SNP	Heterozygous	N	QHD43423.2	1	c.269C>T	p.Ala90Val	missense_variant	MODERATE	0.0355	103.668	71978
2019-nCoV	28681	G	T	SNP	Heterozygous	N	QHD43423.2	1	c.408G>T	p.Glu136Asp	missense_variant	MODERATE	0.03	63.8902	96520
2019-nCoV	28724	C	T	SNP	Heterozygous	N	QHD43423.2	1	c.451C>T	p.Pro151Ser	missense_variant	MODERATE	0.108	869.749	96350
2019-nCoV	28881	GGG	AAC	MNP	Homozygous	N	QHD43423.2	1	c.608_610delGGGinsAAC	p.ArgGly203LysArg	missense_variant	MODERATE	1.0	33784.0	28629
2019-nCoV	29200	C	T	SNP	Heterozygous	N	QHD43423.2	1	c.927C>T	p.Pro309Pro	synonymous_variant	LOW	0.0178208	7.88693	14158
2019-nCoV	29276	G	T	SNP	Heterozygous	N	QHD43423.2	1	c.1003G>T	p.Gly335Cys	missense_variant	MODERATE	0.0245123	32.9624	14902
2019-nCoV	29425	G	T	SNP	Heterozygous	N	QHD43423.2	1	c.1152G>T	p.Gln384His	missense_variant	MODERATE	0.02	14.7875	26996
2019-nCoV	29510	A	C	SNP	Homozygous	N	QHD43423.2	1	c.1237A>C	p.Ser413Arg	missense_variant	MODERATE	0.998499	33599.5	11419
2019-nCoV	29614	C	T	SNP	Heterozygous	ORF10	QHI42199.1	1	c.57C>T	p.Cys19Cys	synonymous_variant	LOW	0.0305	31.5935	5596
2019-nCoV	29627	C	T	SNP	Heterozygous	ORF10	QHI42199.1	1	c.70C>T	p.Arg24Cys	missense_variant	MODERATE	0.033	83.5848	5607
2019-nCoV	29639	G	T	SNP	Heterozygous	ORF10	QHI42199.1	1	c.82G>T	p.Ala28Ser	missense_variant	MODERATE	0.0295	60.9749	5609
2019-nCoV	29654	G	T	SNP	Heterozygous	ORF10	QHI42199.1	1	c.97G>T	p.Val33Phe	missense_variant	MODERATE	0.0295	25.351	5622
2019-nCoV	29666	C	T	SNP	Heterozygous	ORF10	QHI42199.1	1	c.109C>T	p.Leu37Phe	missense_variant	MODERATE	0.2365	3981.32	5607
2019-nCoV	29674	G	T	SNP	Heterozygous	ORF10	QHI42199.1	1	c.117G>T	p.Ter39Tyrext*?	stop_lost&splice_region_variant	HIGH	0.0341023	91.9428	5606
2019-nCoV	29675	C	T	SNP	Heterozygous	S	QHD43416.1	-1	c.*4291C>T	.	downstream_gene_variant	MODIFIER	0.022	22.0778	5599
2019-nCoV	29733	CGAGGCCACGCGGAGTACGATCGAGTG	C	DEL	Heterozygous	S	QHD43416.1	-1	c.*4350_*4375delGAGGCCACGCGGAGTACGATCGAGTG	.	downstream_gene_variant	MODIFIER	0.923776	36058.1	4388
2019-nCoV	29734	GAGGCCACGCGGAGTACGATCGAGTGT	C	MIXED	Heterozygous	S	QHD43416.1	-1	c.*4350_*4376delGAGGCCACGCGGAGTACGATCGAGTGTinsC	.	downstream_gene_variant	MODIFIER	0.046946	36058.1	4388
2019-nCoV	29764	G	T	SNP	Heterozygous	S	QHD43416.1	-1	c.*4380G>T	.	downstream_gene_variant	MODIFIER	0.0305611	67.7317	4579
2019-nCoV	29783	G	T	SNP	Heterozygous	S	QHD43416.1	-1	c.*4399G>T	.	downstream_gene_variant	MODIFIER	0.042	159.668	4587
