CHROM	POS	REF	ALT	VARTYPE	GEN[*].GT	ANN[*].GENE	ANN[*].FEATUREID	EFF[*].RANK	ANN[*].HGVS_C	ANN[*].HGVS_P	ANN[*].EFFECT	EFF[*].IMPACT	AF	QUAL	DP
2019-nCoV	44	C	T	SNP	Homozygous	orf1ab	QHD43415.1	-1	c.-222C>T	.	upstream_gene_variant	MODIFIER	0.987982	32696.9	89112
2019-nCoV	66	C	T	SNP	Heterozygous	orf1ab	QHD43415.1	-1	c.-200C>T	.	upstream_gene_variant	MODIFIER	0.0335168	86.9942	95858
2019-nCoV	174	G	T	SNP	Heterozygous	orf1ab	QHD43415.1	-1	c.-92G>T	.	upstream_gene_variant	MODIFIER	0.0315	73.9827	91102
2019-nCoV	241	C	T	SNP	Homozygous	orf1ab	QHD43415.1	-1	c.-25C>T	.	upstream_gene_variant	MODIFIER	0.999497	33405.3	5313
2019-nCoV	373	G	T	SNP	Heterozygous	orf1ab	QHD43415.1	1	c.108G>T	p.Glu36Asp	missense_variant	MODERATE	0.0205	16.6359	75001
2019-nCoV	509	GGTCATGTTA	G	DEL	Heterozygous	orf1ab	QHD43415.1	1	c.245_253delGTCATGTTA	p.Gly82_Met85delinsVal	disruptive_inframe_deletion	MODERATE	0.0207668	16.6515	48970
2019-nCoV	670	T	G	SNP	Homozygous	orf1ab	QHD43415.1	1	c.405T>G	p.Ser135Arg	missense_variant	MODERATE	0.991483	33139.1	82248
2019-nCoV	685	AAAGTCATTT	A	DEL	Heterozygous	orf1ab	QHD43415.1	1	c.421_429delAAGTCATTT	p.Lys141_Phe143del	conservative_inframe_deletion	MODERATE	0.169602	2398.5	81274
2019-nCoV	1170	C	T	SNP	Heterozygous	orf1ab	QHD43415.1	1	c.905C>T	p.Ser302Phe	missense_variant	MODERATE	0.0295	61.0728	19942
2019-nCoV	1471	C	T	SNP	Heterozygous	orf1ab	QHD43415.1	1	c.1206C>T	p.Arg402Arg	synonymous_variant	LOW	0.0285	23.8153	73358
2019-nCoV	1627	C	T	SNP	Heterozygous	orf1ab	QHD43415.1	1	c.1362C>T	p.Leu454Leu	synonymous_variant	LOW	0.369185	6950.92	51118
2019-nCoV	1931	C	A	SNP	Heterozygous	orf1ab	QHD43415.1	1	c.1666C>A	p.Gln556Lys	missense_variant	MODERATE	0.128643	1465.17	21583
2019-nCoV	2244	T	C	SNP	Heterozygous	orf1ab	QHD43415.1	1	c.1979T>C	p.Val660Ala	missense_variant	MODERATE	0.0330165	41.8509	25758
2019-nCoV	2649	A	G	SNP	Heterozygous	orf1ab	QHD43415.1	1	c.2384A>G	p.Asp795Gly	missense_variant	MODERATE	0.0210105	18.4271	8543
2019-nCoV	2790	C	T	SNP	Homozygous	orf1ab	QHD43415.1	1	c.2525C>T	p.Thr842Ile	missense_variant	MODERATE	0.996488	31759.6	54488
2019-nCoV	2954	T	C	SNP	Heterozygous	orf1ab	QHD43415.1	1	c.2689T>C	p.Leu897Leu	synonymous_variant	LOW	0.0456369	195.123	42866
2019-nCoV	3037	C	T	SNP	Homozygous	orf1ab	QHD43415.1	1	c.2772C>T	p.Phe924Phe	synonymous_variant	LOW	1.0	35456.2	13569
2019-nCoV	3859	A	G	SNP	Heterozygous	orf1ab	QHD43415.1	1	c.3594A>G	p.Gln1198Gln	synonymous_variant	LOW	0.0245	12.0915	9469
2019-nCoV	3882	T	C	SNP	Heterozygous	orf1ab	QHD43415.1	1	c.3617T>C	p.Ile1206Thr	missense_variant	MODERATE	0.019	11.9215	9534
2019-nCoV	4174	T	C	SNP	Heterozygous	orf1ab	QHD43415.1	1	c.3909T>C	p.Thr1303Thr	synonymous_variant	LOW	0.020141	14.4312	20648
2019-nCoV	4184	G	A	SNP	Homozygous	orf1ab	QHD43415.1	1	c.3919G>A	p.Gly1307Ser	missense_variant	MODERATE	0.999498	36248.4	20793
2019-nCoV	4321	C	T	SNP	Homozygous	orf1ab	QHD43415.1	1	c.4056C>T	p.Ala1352Ala	synonymous_variant	LOW	1.0	33308.4	45285
2019-nCoV	4331	C	T	SNP	Heterozygous	orf1ab	QHD43415.1	1	c.4066C>T	p.Leu1356Leu	synonymous_variant	LOW	0.038191	134.202	45079
2019-nCoV	4595	A	G	SNP	Heterozygous	orf1ab	QHD43415.1	1	c.4330A>G	p.Thr1444Ala	missense_variant	MODERATE	0.0475	214.038	51044
2019-nCoV	6169	G	T	SNP	Heterozygous	orf1ab	QHD43415.1	1	c.5904G>T	p.Val1968Val	synonymous_variant	LOW	0.0530265	172.463	47548
2019-nCoV	6616	A	G	SNP	Heterozygous	orf1ab	QHD43415.1	1	c.6351A>G	p.Leu2117Leu	synonymous_variant	LOW	0.0255511	38.7657	7330
2019-nCoV	6979	T	G	SNP	Heterozygous	orf1ab	QHD43415.1	1	c.6714T>G	p.Val2238Val	synonymous_variant	LOW	0.0869784	739.483	7685
2019-nCoV	7064	A	G	SNP	Heterozygous	orf1ab	QHD43415.1	1	c.6799A>G	p.Arg2267Gly	missense_variant	MODERATE	0.0375	118.388	17596
2019-nCoV	7138	T	C	SNP	Heterozygous	orf1ab	QHD43415.1	1	c.6873T>C	p.Cys2291Cys	synonymous_variant	LOW	0.024	10.2295	14982
2019-nCoV	8140	C	T	SNP	Heterozygous	orf1ab	QHD43415.1	1	c.7875C>T	p.Ser2625Ser	synonymous_variant	LOW	0.0425	98.4838	47047
2019-nCoV	8318	C	A	SNP	Heterozygous	orf1ab	QHD43415.1	1	c.8053C>A	p.Pro2685Thr	missense_variant	MODERATE	0.0215972	6.29192	31753
2019-nCoV	8590	A	G	SNP	Heterozygous	orf1ab	QHD43415.1	1	c.8325A>G	p.Lys2775Lys	synonymous_variant	LOW	0.0416249	93.5415	34981
2019-nCoV	9344	C	T	SNP	Homozygous	orf1ab	QHD43415.1	1	c.9079C>T	p.Leu3027Phe	missense_variant	MODERATE	0.989362	32331.5	18980
2019-nCoV	9424	A	G	SNP	Homozygous	orf1ab	QHD43415.1	1	c.9159A>G	p.Val3053Val	synonymous_variant	LOW	0.993997	35898.1	12499
2019-nCoV	9430	C	T	SNP	Heterozygous	orf1ab	QHD43415.1	1	c.9165C>T	p.Ile3055Ile	synonymous_variant	LOW	0.021	4.56289	12544
2019-nCoV	9534	C	T	SNP	Homozygous	orf1ab	QHD43415.1	1	c.9269C>T	p.Thr3090Ile	missense_variant	MODERATE	1.0	21815.4	1206
2019-nCoV	9979	C	T	SNP	Heterozygous	orf1ab	QHD43415.1	1	c.9714C>T	p.Leu3238Leu	synonymous_variant	LOW	0.0175	8.03846	43656
2019-nCoV	10029	C	T	SNP	Homozygous	orf1ab	QHD43415.1	1	c.9764C>T	p.Thr3255Ile	missense_variant	MODERATE	1.0	33671.8	43368
2019-nCoV	10039	C	T	SNP	Heterozygous	orf1ab	QHD43415.1	1	c.9774C>T	p.Thr3258Thr	synonymous_variant	LOW	0.0385965	71.7162	43427
2019-nCoV	10198	C	T	SNP	Homozygous	orf1ab	QHD43415.1	1	c.9933C>T	p.Asp3311Asp	synonymous_variant	LOW	0.998499	33781.6	41712
2019-nCoV	10323	A	G	SNP	Heterozygous	orf1ab	QHD43415.1	1	c.10058A>G	p.Lys3353Arg	missense_variant	MODERATE	0.036036	56.5716	39223
2019-nCoV	10447	GCC	ACA	MNP	Homozygous	orf1ab	QHD43415.1	1	c.10182_10184delGCCinsACA	p.Pro3395His	missense_variant	MODERATE	1.0	35343.3	10852
2019-nCoV	11287	GTCTGGTTTT	G	DEL	Homozygous	orf1ab	QHD43415.1	1	c.11023_11031delTCTGGTTTT	p.Ser3675_Phe3677del	conservative_inframe_deletion	MODERATE	1.0	36045.2	50296
2019-nCoV	11750	C	T	SNP	Heterozygous	orf1ab	QHD43415.1	1	c.11485C>T	p.Leu3829Phe	missense_variant	MODERATE	0.051	249.086	35180
2019-nCoV	11956	C	T	SNP	Heterozygous	orf1ab	QHD43415.1	1	c.11691C>T	p.Asp3897Asp	synonymous_variant	LOW	0.036	107.612	44861
2019-nCoV	12073	C	T	SNP	Heterozygous	orf1ab	QHD43415.1	1	c.11808C>T	p.Asp3936Asp	synonymous_variant	LOW	0.053	182.156	13952
2019-nCoV	12160	G	A	SNP	Homozygous	orf1ab	QHD43415.1	1	c.11895G>A	p.Glu3965Glu	synonymous_variant	LOW	0.995988	35961.0	14129
2019-nCoV	12310	G	A	SNP	Heterozygous	orf1ab	QHD43415.1	1	c.12045G>A	p.Gln4015Gln	synonymous_variant	LOW	0.172086	1988.41	29459
2019-nCoV	12880	C	T	SNP	Homozygous	orf1ab	QHD43415.1	1	c.12615C>T	p.Ile4205Ile	synonymous_variant	LOW	0.996495	36109.8	30552
2019-nCoV	12885	C	T	SNP	Heterozygous	orf1ab	QHD43415.1	1	c.12620C>T	p.Thr4207Ile	missense_variant	MODERATE	0.0325	81.0804	30599
2019-nCoV	13501	C	T	SNP	Heterozygous	orf1ab	QHD43415.1	2	c.13237C>T	p.Pro4413Ser	missense_variant	MODERATE	0.022	22.113	44074
2019-nCoV	14122	G	T	SNP	Heterozygous	orf1ab	QHD43415.1	2	c.13858G>T	p.Gly4620Cys	missense_variant	MODERATE	0.017017	6.95564	30882
2019-nCoV	14408	C	T	SNP	Homozygous	orf1ab	QHD43415.1	2	c.14144C>T	p.Pro4715Leu	missense_variant	MODERATE	0.9895	33131.3	7438
2019-nCoV	14599	C	T	SNP	Heterozygous	orf1ab	QHD43415.1	2	c.14335C>T	p.Leu4779Leu	synonymous_variant	LOW	0.056	308.99	13305
2019-nCoV	14885	G	T	SNP	Heterozygous	orf1ab	QHD43415.1	2	c.14621G>T	p.Cys4874Phe	missense_variant	MODERATE	0.0215755	20.2929	10636
2019-nCoV	14985	T	C	SNP	Heterozygous	orf1ab	QHD43415.1	2	c.14721T>C	p.Tyr4907Tyr	synonymous_variant	LOW	0.0185185	10.5831	59516
2019-nCoV	15714	C	T	SNP	Homozygous	orf1ab	QHD43415.1	2	c.15450C>T	p.Leu5150Leu	synonymous_variant	LOW	0.999496	36056.8	68782
2019-nCoV	16409	C	T	SNP	Heterozygous	orf1ab	QHD43415.1	2	c.16145C>T	p.Thr5382Ile	missense_variant	MODERATE	0.0515	257.123	81767
2019-nCoV	16616	C	A	SNP	Heterozygous	orf1ab	QHD43415.1	2	c.16352C>A	p.Thr5451Asn	missense_variant	MODERATE	0.128	1475.46	18989
2019-nCoV	16650	C	T	SNP	Heterozygous	orf1ab	QHD43415.1	2	c.16386C>T	p.Leu5462Leu	synonymous_variant	LOW	0.0325325	78.8141	33617
2019-nCoV	16726	C	T	SNP	Heterozygous	orf1ab	QHD43415.1	2	c.16462C>T	p.His5488Tyr	missense_variant	MODERATE	0.039039	132.224	32888
2019-nCoV	16887	C	T	SNP	Heterozygous	orf1ab	QHD43415.1	2	c.16623C>T	p.Tyr5541Tyr	synonymous_variant	LOW	0.038191	70.3352	55920
2019-nCoV	16935	G	A	SNP	Heterozygous	orf1ab	QHD43415.1	2	c.16671G>A	p.Met5557Ile	missense_variant	MODERATE	0.10005	958.732	58517
2019-nCoV	16943	G	T	SNP	Heterozygous	orf1ab	QHD43415.1	2	c.16679G>T	p.Ser5560Ile	missense_variant	MODERATE	0.019019	11.9734	58488
2019-nCoV	17278	G	T	SNP	Heterozygous	orf1ab	QHD43415.1	2	c.17014G>T	p.Val5672Leu	missense_variant	MODERATE	0.0532396	276.976	104168
2019-nCoV	17285	C	T	SNP	Heterozygous	orf1ab	QHD43415.1	2	c.17021C>T	p.Ser5674Leu	missense_variant	MODERATE	0.02001	14.3956	104896
2019-nCoV	17410	C	T	SNP	Homozygous	orf1ab	QHD43415.1	2	c.17146C>T	p.Arg5716Cys	missense_variant	MODERATE	1.0	33907.9	62141
2019-nCoV	18163	A	G	SNP	Homozygous	orf1ab	QHD43415.1	2	c.17899A>G	p.Ile5967Val	missense_variant	MODERATE	0.998997	33630.6	15471
2019-nCoV	18379	G	T	SNP	Heterozygous	orf1ab	QHD43415.1	2	c.18115G>T	p.Gly6039Cys	missense_variant	MODERATE	0.0185	11.1005	35934
2019-nCoV	18957	T	C	SNP	Heterozygous	orf1ab	QHD43415.1	2	c.18693T>C	p.Asn6231Asn	synonymous_variant	LOW	0.0185557	10.7065	48707
2019-nCoV	19955	C	T	SNP	Homozygous	orf1ab	QHD43415.1	2	c.19691C>T	p.Thr6564Ile	missense_variant	MODERATE	0.999499	33779.5	50343
2019-nCoV	20055	A	G	SNP	Homozygous	orf1ab	QHD43415.1	2	c.19791A>G	p.Glu6597Glu	synonymous_variant	LOW	0.999489	32980.4	32915
2019-nCoV	20132	C	T	SNP	Heterozygous	orf1ab	QHD43415.1	2	c.19868C>T	p.Ala6623Val	missense_variant	MODERATE	0.0205205	15.8079	20002
2019-nCoV	20594	C	T	SNP	Heterozygous	orf1ab	QHD43415.1	2	c.20330C>T	p.Thr6777Ile	missense_variant	MODERATE	0.024	30.7618	45556
2019-nCoV	20985	A	G	SNP	Heterozygous	orf1ab	QHD43415.1	2	c.20721A>G	p.Ser6907Ser	synonymous_variant	LOW	0.02	15.0237	39705
2019-nCoV	21137	A	G	SNP	Heterozygous	orf1ab	QHD43415.1	2	c.20873A>G	p.Lys6958Arg	missense_variant	MODERATE	0.0205927	4.01731	93809
2019-nCoV	21570	T	G	SNP	Heterozygous	S	QHD43416.1	1	c.8T>G	p.Val3Gly	missense_variant	MODERATE	0.110191	842.873	7350
2019-nCoV	21618	C	T	SNP	Homozygous	S	QHD43416.1	1	c.56C>T	p.Thr19Ile	missense_variant	MODERATE	0.996495	33576.7	19979
2019-nCoV	21632	TTACCCCCTG	T	DEL	Homozygous	S	QHD43416.1	1	c.71_79delTACCCCCTG	p.Leu24_Ala27delinsSer	disruptive_inframe_deletion	MODERATE	1.0	36231.1	19347
2019-nCoV	21648	C	T	SNP	Heterozygous	S	QHD43416.1	1	c.86C>T	p.Thr29Ile	missense_variant	MODERATE	0.022	22.1565	19775
2019-nCoV	21764	ATACATG	A	DEL	Homozygous	S	QHD43416.1	1	c.204_209delACATGT	p.His69_Val70del	disruptive_inframe_deletion	MODERATE	0.997982	35929.5	23507
2019-nCoV	21987	GTGTTTA	ATGT	MIXED	Heterozygous	S	QHD43416.1	1	c.425_431delGTGTTTAinsATGT	p.Gly142_Tyr144delinsAspVal	missense_variant&conservative_inframe_deletion	MODERATE	0.0205617	36108.9	25494
2019-nCoV	21987	G	A	SNP	Heterozygous	S	QHD43416.1	1	c.425G>A	p.Gly142Asp	missense_variant	MODERATE	0.979438	36108.9	25494
2019-nCoV	22020	T	G	SNP	Heterozygous	S	QHD43416.1	1	c.458T>G	p.Met153Arg	missense_variant	MODERATE	0.0726089	505.558	25494
2019-nCoV	22200	T	G	SNP	Homozygous	S	QHD43416.1	1	c.638T>G	p.Val213Gly	missense_variant	MODERATE	0.996	36076.0	17074
2019-nCoV	22427	G	A	SNP	Heterozygous	S	QHD43416.1	1	c.865G>A	p.Val289Ile	missense_variant	MODERATE	0.0375	119.795	30713
2019-nCoV	22578	G	A	SNP	Homozygous	S	QHD43416.1	1	c.1016G>A	p.Gly339Asp	missense_variant	MODERATE	1.0	33837.8	19926
2019-nCoV	22599	G	C	SNP	Heterozygous	S	QHD43416.1	1	c.1037G>C	p.Arg346Thr	missense_variant	MODERATE	0.0560841	309.545	4684
2019-nCoV	22674	C	T	SNP	Homozygous	S	QHD43416.1	1	c.1112C>T	p.Ser371Phe	missense_variant	MODERATE	1.0	33753.7	6266
2019-nCoV	22679	T	C	SNP	Homozygous	S	QHD43416.1	1	c.1117T>C	p.Ser373Pro	missense_variant	MODERATE	0.992496	33148.7	6105
2019-nCoV	22686	CCA	TCG	MNP	Homozygous	S	QHD43416.1	1	c.1124_1126delCCAinsTCG	p.SerThr375PheAla	missense_variant	MODERATE	0.999356	26012.7	1923
2019-nCoV	22775	G	A	SNP	Homozygous	S	QHD43416.1	1	c.1213G>A	p.Asp405Asn	missense_variant	MODERATE	1.0	25551.6	1512
2019-nCoV	22786	A	C	SNP	Homozygous	S	QHD43416.1	1	c.1224A>C	p.Arg408Ser	missense_variant	MODERATE	1.0	26618.2	1480
2019-nCoV	22813	G	T	SNP	Homozygous	S	QHD43416.1	1	c.1251G>T	p.Lys417Asn	missense_variant	MODERATE	1.0	33921.6	31850
2019-nCoV	22882	T	G	SNP	Homozygous	S	QHD43416.1	1	c.1320T>G	p.Asn440Lys	missense_variant	MODERATE	1.0	33852.9	55048
2019-nCoV	22917	T	G	SNP	Homozygous	S	QHD43416.1	1	c.1355T>G	p.Leu452Arg	missense_variant	MODERATE	0.988994	36405.3	54479
2019-nCoV	22992	GCAC	ACAA	MNP	Homozygous	S	QHD43416.1	1	c.1430_1433delGCACinsACAA	p.SerThr477AsnLys	missense_variant	MODERATE	0.974645	35771.4	22309
2019-nCoV	23013	A	C	SNP	Homozygous	S	QHD43416.1	1	c.1451A>C	p.Glu484Ala	missense_variant	MODERATE	0.996985	35972.1	36639
2019-nCoV	23018	T	G	SNP	Heterozygous	S	QHD43416.1	1	c.1456T>G	p.Phe486Val	missense_variant	MODERATE	0.981982	35019.9	36688
2019-nCoV	23055	A	G	SNP	Homozygous	S	QHD43416.1	1	c.1493A>G	p.Gln498Arg	missense_variant	MODERATE	0.999496	35912.4	14898
2019-nCoV	23063	A	T	SNP	Homozygous	S	QHD43416.1	1	c.1501A>T	p.Asn501Tyr	missense_variant	MODERATE	0.995988	33417.0	15119
2019-nCoV	23075	T	C	SNP	Homozygous	S	QHD43416.1	1	c.1513T>C	p.Tyr505His	missense_variant	MODERATE	0.998499	33694.5	15408
2019-nCoV	23403	A	G	SNP	Homozygous	S	QHD43416.1	1	c.1841A>G	p.Asp614Gly	missense_variant	MODERATE	0.999497	36002.2	70832
2019-nCoV	23525	C	T	SNP	Homozygous	S	QHD43416.1	1	c.1963C>T	p.His655Tyr	missense_variant	MODERATE	0.998496	33727.2	121996
2019-nCoV	23535	A	G	SNP	Heterozygous	S	QHD43416.1	1	c.1973A>G	p.Asn658Ser	missense_variant	MODERATE	0.0379363	121.063	122013
2019-nCoV	23599	T	G	SNP	Homozygous	S	QHD43416.1	1	c.2037T>G	p.Asn679Lys	missense_variant	MODERATE	0.999499	33796.5	141556
2019-nCoV	23604	C	A	SNP	Homozygous	S	QHD43416.1	1	c.2042C>A	p.Pro681His	missense_variant	MODERATE	0.996997	36159.0	141669
2019-nCoV	23707	C	T	SNP	Heterozygous	S	QHD43416.1	1	c.2145C>T	p.Pro715Pro	synonymous_variant	LOW	0.0765743	579.948	63652
2019-nCoV	23854	C	A	SNP	Homozygous	S	QHD43416.1	1	c.2292C>A	p.Asn764Lys	missense_variant	MODERATE	1.0	33746.4	27173
2019-nCoV	23948	GATTTTG	TATTT	MIXED	Heterozygous	S	QHD43416.1	1	c.2386_2392delGATTTTGinsTATTT	p.Asp796fs	frameshift_variant&missense_variant	HIGH	0.0569815	32272.5	26525
2019-nCoV	23948	G	T	SNP	Heterozygous	S	QHD43416.1	1	c.2386G>T	p.Asp796Tyr	missense_variant	MODERATE	0.88655	32272.5	26525
2019-nCoV	24424	A	T	SNP	Homozygous	S	QHD43416.1	1	c.2862A>T	p.Gln954His	missense_variant	MODERATE	0.998482	33325.5	55187
2019-nCoV	24469	T	A	SNP	Homozygous	S	QHD43416.1	1	c.2907T>A	p.Asn969Lys	missense_variant	MODERATE	0.996988	32997.9	83399
2019-nCoV	24579	C	T	SNP	Heterozygous	S	QHD43416.1	1	c.3017C>T	p.Thr1006Ile	missense_variant	MODERATE	0.0335	45.2286	29161
2019-nCoV	25000	C	T	SNP	Homozygous	S	QHD43416.1	1	c.3438C>T	p.Asp1146Asp	synonymous_variant	LOW	0.99899	33410.3	49291
2019-nCoV	25584	C	T	SNP	Homozygous	ORF3a	QHD43417.1	1	c.192C>T	p.Thr64Thr	synonymous_variant	LOW	0.991968	35614.4	115131
2019-nCoV	25626	C	T	SNP	Heterozygous	ORF3a	QHD43417.1	1	c.234C>T	p.His78His	synonymous_variant	LOW	0.0375	115.205	35704
2019-nCoV	26060	C	T	SNP	Homozygous	ORF3a	QHD43417.1	1	c.668C>T	p.Thr223Ile	missense_variant	MODERATE	0.998999	36271.9	51237
2019-nCoV	26096	A	T	SNP	Heterozygous	ORF3a	QHD43417.1	1	c.704A>T	p.Lys235Ile	missense_variant	MODERATE	0.0221551	23.1307	80479
2019-nCoV	26270	C	T	SNP	Homozygous	E	QHD43418.1	1	c.26C>T	p.Thr9Ile	missense_variant	MODERATE	0.999499	33856.8	108998
2019-nCoV	26529	G	A	SNP	Heterozygous	M	QHD43419.1	1	c.7G>A	p.Asp3Asn	missense_variant	MODERATE	0.866867	28227.0	21618
2019-nCoV	26577	C	G	SNP	Homozygous	M	QHD43419.1	1	c.55C>G	p.Gln19Glu	missense_variant	MODERATE	1.0	33875.7	11529
2019-nCoV	26709	G	A	SNP	Homozygous	M	QHD43419.1	1	c.187G>A	p.Ala63Thr	missense_variant	MODERATE	1.0	36443.3	38310
2019-nCoV	26801	C	T	SNP	Heterozygous	M	QHD43419.1	1	c.279C>T	p.Leu93Leu	synonymous_variant	LOW	0.0290145	57.9235	24327
2019-nCoV	26858	C	T	SNP	Heterozygous	M	QHD43419.1	1	c.336C>T	p.Phe112Phe	synonymous_variant	LOW	0.164082	2221.73	38000
2019-nCoV	26936	C	T	SNP	Heterozygous	M	QHD43419.1	1	c.414C>T	p.Leu138Leu	synonymous_variant	LOW	0.0505506	159.859	47336
2019-nCoV	27012	C	T	SNP	Heterozygous	M	QHD43419.1	1	c.490C>T	p.Leu164Leu	synonymous_variant	LOW	0.1735	2051.53	47457
2019-nCoV	27038	A	G	SNP	Heterozygous	M	QHD43419.1	1	c.516A>G	p.Thr172Thr	synonymous_variant	LOW	0.162081	2192.42	8590
2019-nCoV	27218	A	G	SNP	Heterozygous	ORF6	QHD43420.1	1	c.17A>G	p.Asp6Gly	missense_variant	MODERATE	0.039039	131.537	15801
2019-nCoV	27259	A	C	SNP	Heterozygous	ORF6	QHD43420.1	1	c.58A>C	p.Arg20Arg	synonymous_variant	LOW	0.179037	2568.34	21342
2019-nCoV	27382	GAT	CTC	MNP	Heterozygous	ORF6	QHD43420.1	1	c.181_183delGATinsCTC	p.Asp61Leu	missense_variant	MODERATE	0.147607	1867.63	6252
2019-nCoV	27434	C	T	SNP	Heterozygous	ORF7a	QHD43421.1	1	c.41C>T	p.Thr14Ile	missense_variant	MODERATE	0.0190095	11.942	37040
2019-nCoV	27438	T	C	SNP	Heterozygous	ORF7a	QHD43421.1	1	c.45T>C	p.Cys15Cys	synonymous_variant	LOW	0.357071	6540.15	37104
2019-nCoV	27513	C	T	SNP	Heterozygous	ORF7a	QHD43421.1	1	c.120C>T	p.Tyr40Tyr	synonymous_variant	LOW	0.18059	2612.06	76004
2019-nCoV	27622	T	C	SNP	Heterozygous	ORF7a	QHD43421.1	1	c.229T>C	p.Leu77Leu	synonymous_variant	LOW	0.026013	40.7894	44274
2019-nCoV	27788	G	T	SNP	Heterozygous	ORF8	QHD43422.1	-1	c.-106G>T	.	upstream_gene_variant	MODIFIER	0.123185	1350.81	61901
2019-nCoV	27807	C	T	SNP	Homozygous	ORF8	QHD43422.1	-1	c.-87C>T	.	upstream_gene_variant	MODIFIER	1.0	36278.7	62883
2019-nCoV	27889	C	T	SNP	Heterozygous	ORF8	QHD43422.1	-1	c.-5C>T	.	upstream_gene_variant	MODIFIER	0.854418	27470.4	41071
2019-nCoV	28157	T	C	SNP	Heterozygous	ORF8	QHD43422.1	1	c.264T>C	p.Ile88Ile	synonymous_variant	LOW	0.0340511	93.6649	85421
2019-nCoV	28271	A	T	SNP	Homozygous	N	QHD43423.2	-1	c.-3A>T	.	upstream_gene_variant	MODIFIER	1.0	33348.5	117957
2019-nCoV	28311	C	T	SNP	Homozygous	N	QHD43423.2	1	c.38C>T	p.Pro13Leu	missense_variant	MODERATE	0.995998	33564.1	118508
2019-nCoV	28330	A	G	SNP	Heterozygous	N	QHD43423.2	1	c.57A>G	p.Gly19Gly	synonymous_variant	LOW	0.324284	6432.89	114159
2019-nCoV	28361	GGAGAACGCA	G	DEL	Heterozygous	N	QHD43423.2	1	c.90_98delAGAACGCAG	p.Glu31_Ser33del	disruptive_inframe_deletion	MODERATE	0.980343	35955.4	24861
2019-nCoV	28361	GGAGAACGCAG	TT	MIXED	Heterozygous	N	QHD43423.2	1	c.88_98delGGAGAACGCAGinsTT	p.Gly30_Ser33delinsPhe	missense_variant&disruptive_inframe_deletion	MODERATE	0.0196573	35955.4	24861
2019-nCoV	28381	A	T	SNP	Heterozygous	N	QHD43423.2	1	c.108A>T	p.Arg36Arg	synonymous_variant	LOW	0.0400802	139.5	83838
2019-nCoV	28531	C	T	SNP	Heterozygous	N	QHD43423.2	1	c.258C>T	p.Tyr86Tyr	synonymous_variant	LOW	0.0175	7.45054	128829
2019-nCoV	28681	G	T	SNP	Heterozygous	N	QHD43423.2	1	c.408G>T	p.Glu136Asp	missense_variant	MODERATE	0.13561	1616.31	145975
2019-nCoV	28724	C	T	SNP	Heterozygous	N	QHD43423.2	1	c.451C>T	p.Pro151Ser	missense_variant	MODERATE	0.1235	1120.17	145391
2019-nCoV	28819	C	A	SNP	Heterozygous	N	QHD43423.2	1	c.546C>A	p.Ala182Ala	synonymous_variant	LOW	0.05	240.616	129733
2019-nCoV	28881	GGG	AAC	MNP	Homozygous	N	QHD43423.2	1	c.608_610delGGGinsAAC	p.ArgGly203LysArg	missense_variant	MODERATE	1.0	33641.3	48538
2019-nCoV	29032	G	A	SNP	Heterozygous	N	QHD43423.2	1	c.759G>A	p.Glu253Glu	synonymous_variant	LOW	0.0342397	47.6423	13384
2019-nCoV	29167	C	T	SNP	Heterozygous	N	QHD43423.2	1	c.894C>T	p.Tyr298Tyr	synonymous_variant	LOW	0.0486703	225.442	28423
2019-nCoV	29358	C	A	SNP	Heterozygous	N	QHD43423.2	1	c.1085C>A	p.Thr362Lys	missense_variant	MODERATE	0.047449	209.15	50478
2019-nCoV	29510	A	C	SNP	Homozygous	N	QHD43423.2	1	c.1237A>C	p.Ser413Arg	missense_variant	MODERATE	0.998998	33638.8	17073
2019-nCoV	29614	C	T	SNP	Heterozygous	ORF10	QHI42199.1	1	c.57C>T	p.Cys19Cys	synonymous_variant	LOW	0.0335	88.0434	10981
2019-nCoV	29666	C	T	SNP	Heterozygous	ORF10	QHI42199.1	1	c.109C>T	p.Leu37Phe	missense_variant	MODERATE	0.250625	4357.97	11072
2019-nCoV	29733	CGAGGCCACGCGGAGTACGATCGAGTG	C	DEL	Homozygous	S	QHD43416.1	-1	c.*4350_*4375delGAGGCCACGCGGAGTACGATCGAGTG	.	downstream_gene_variant	MODIFIER	1.0	35770.1	8758
2019-nCoV	29769	C	T	SNP	Heterozygous	S	QHD43416.1	-1	c.*4385C>T	.	downstream_gene_variant	MODIFIER	0.0770385	438.611	9425
2019-nCoV	29774	C	T	SNP	Heterozygous	S	QHD43416.1	-1	c.*4390C>T	.	downstream_gene_variant	MODIFIER	0.087	725.715	9395
