CHROM	POS	REF	ALT	VARTYPE	GEN[*].GT	ANN[*].GENE	ANN[*].FEATUREID	EFF[*].RANK	ANN[*].HGVS_C	ANN[*].HGVS_P	ANN[*].EFFECT	EFF[*].IMPACT	AF	QUAL	DP
2019-nCoV	44	C	T	SNP	Homozygous	orf1ab	QHD43415.1	-1	c.-222C>T	.	upstream_gene_variant	MODIFIER	0.9875	32055.3	58046
2019-nCoV	105	G	T	SNP	Heterozygous	orf1ab	QHD43415.1	-1	c.-161G>T	.	upstream_gene_variant	MODIFIER	0.0285143	54.7366	62504
2019-nCoV	173	C	T	SNP	Heterozygous	orf1ab	QHD43415.1	-1	c.-93C>T	.	upstream_gene_variant	MODIFIER	0.0660661	436.089	60138
2019-nCoV	222	C	T	SNP	Heterozygous	orf1ab	QHD43415.1	-1	c.-44C>T	.	upstream_gene_variant	MODIFIER	0.262131	4034.95	57509
2019-nCoV	241	C	T	SNP	Homozygous	orf1ab	QHD43415.1	-1	c.-25C>T	.	upstream_gene_variant	MODIFIER	1.0	33330.9	3510
2019-nCoV	670	T	G	SNP	Homozygous	orf1ab	QHD43415.1	1	c.405T>G	p.Ser135Arg	missense_variant	MODERATE	0.996495	33516.5	54516
2019-nCoV	683	C	T	SNP	Heterozygous	orf1ab	QHD43415.1	1	c.418C>T	p.Leu140Leu	synonymous_variant	LOW	0.0205	16.469	54671
2019-nCoV	1420	C	T	SNP	Heterozygous	orf1ab	QHD43415.1	1	c.1155C>T	p.Ala385Ala	synonymous_variant	LOW	0.0195	13.3972	16263
2019-nCoV	1627	C	T	SNP	Heterozygous	orf1ab	QHD43415.1	1	c.1362C>T	p.Leu454Leu	synonymous_variant	LOW	0.3735	7051.64	25772
2019-nCoV	1931	C	A	SNP	Heterozygous	orf1ab	QHD43415.1	1	c.1666C>A	p.Gln556Lys	missense_variant	MODERATE	0.548615	13414.0	9004
2019-nCoV	2094	C	T	SNP	Heterozygous	orf1ab	QHD43415.1	1	c.1829C>T	p.Ser610Leu	missense_variant	MODERATE	0.028	20.2058	9581
2019-nCoV	2393	G	A	SNP	Heterozygous	orf1ab	QHD43415.1	1	c.2128G>A	p.Val710Ile	missense_variant	MODERATE	0.028	51.8287	4001
2019-nCoV	2687	G	A	SNP	Heterozygous	orf1ab	QHD43415.1	1	c.2422G>A	p.Val808Ile	missense_variant	MODERATE	0.024	30.6992	13360
2019-nCoV	2790	C	T	SNP	Homozygous	orf1ab	QHD43415.1	1	c.2525C>T	p.Thr842Ile	missense_variant	MODERATE	1.0	30211.9	32979
2019-nCoV	2954	T	C	SNP	Heterozygous	orf1ab	QHD43415.1	1	c.2689T>C	p.Leu897Leu	synonymous_variant	LOW	0.531266	13442.5	26438
2019-nCoV	3037	C	T	SNP	Homozygous	orf1ab	QHD43415.1	1	c.2772C>T	p.Phe924Phe	synonymous_variant	LOW	1.0	33129.3	25021
2019-nCoV	4076	G	A	SNP	Heterozygous	orf1ab	QHD43415.1	1	c.3811G>A	p.Val1271Ile	missense_variant	MODERATE	0.0422961	97.4164	13909
2019-nCoV	4184	G	A	SNP	Homozygous	orf1ab	QHD43415.1	1	c.3919G>A	p.Gly1307Ser	missense_variant	MODERATE	0.997995	36029.6	14009
2019-nCoV	4321	C	T	SNP	Homozygous	orf1ab	QHD43415.1	1	c.4056C>T	p.Ala1352Ala	synonymous_variant	LOW	0.998478	32312.7	27443
2019-nCoV	5284	C	T	SNP	Heterozygous	orf1ab	QHD43415.1	1	c.5019C>T	p.Asn1673Asn	synonymous_variant	LOW	0.0390195	132.757	15079
2019-nCoV	5989	A	T	SNP	Heterozygous	orf1ab	QHD43415.1	1	c.5724A>T	p.Thr1908Thr	synonymous_variant	LOW	0.0650325	298.281	10527
2019-nCoV	6781	C	T	SNP	Heterozygous	orf1ab	QHD43415.1	1	c.6516C>T	p.Phe2172Phe	synonymous_variant	LOW	0.074187	496.7	31689
2019-nCoV	6979	T	G	SNP	Heterozygous	orf1ab	QHD43415.1	1	c.6714T>G	p.Val2238Val	synonymous_variant	LOW	0.029	57.8598	5442
2019-nCoV	7049	T	C	SNP	Heterozygous	orf1ab	QHD43415.1	1	c.6784T>C	p.Tyr2262His	missense_variant	MODERATE	0.028	51.84	2994
2019-nCoV	7235	G	A	SNP	Heterozygous	orf1ab	QHD43415.1	1	c.6970G>A	p.Val2324Ile	missense_variant	MODERATE	0.219219	3532.48	18194
2019-nCoV	7528	C	T	SNP	Heterozygous	orf1ab	QHD43415.1	1	c.7263C>T	p.Val2421Val	synonymous_variant	LOW	0.218218	3522.9	17814
2019-nCoV	7815	C	T	SNP	Heterozygous	orf1ab	QHD43415.1	1	c.7550C>T	p.Ser2517Phe	missense_variant	MODERATE	0.0330993	85.2946	29856
2019-nCoV	8389	C	T	SNP	Heterozygous	orf1ab	QHD43415.1	1	c.8124C>T	p.Asn2708Asn	synonymous_variant	LOW	0.036036	108.133	31625
2019-nCoV	9107	T	C	SNP	Heterozygous	orf1ab	QHD43415.1	1	c.8842T>C	p.Leu2948Leu	synonymous_variant	LOW	0.0750375	561.672	34895
2019-nCoV	9344	C	T	SNP	Homozygous	orf1ab	QHD43415.1	1	c.9079C>T	p.Leu3027Phe	missense_variant	MODERATE	0.99849	32413.8	12690
2019-nCoV	9424	A	G	SNP	Homozygous	orf1ab	QHD43415.1	1	c.9159A>G	p.Val3053Val	synonymous_variant	LOW	1.0	36440.0	8494
2019-nCoV	9534	C	T	SNP	Homozygous	orf1ab	QHD43415.1	1	c.9269C>T	p.Thr3090Ile	missense_variant	MODERATE	1.0	24309.0	1344
2019-nCoV	9866	C	T	SNP	Heterozygous	orf1ab	QHD43415.1	1	c.9601C>T	p.Leu3201Phe	missense_variant	MODERATE	0.0370927	105.193	21431
2019-nCoV	10029	C	T	SNP	Homozygous	orf1ab	QHD43415.1	1	c.9764C>T	p.Thr3255Ile	missense_variant	MODERATE	0.993493	35866.3	29125
2019-nCoV	10198	C	T	SNP	Homozygous	orf1ab	QHD43415.1	1	c.9933C>T	p.Asp3311Asp	synonymous_variant	LOW	0.9995	36384.6	28830
2019-nCoV	10447	GCC	ACA	MNP	Homozygous	orf1ab	QHD43415.1	1	c.10182_10184delGCCinsACA	p.Pro3395His	missense_variant	MODERATE	1.0	35295.2	7392
2019-nCoV	10998	G	A	SNP	Heterozygous	orf1ab	QHD43415.1	1	c.10733G>A	p.Gly3578Asp	missense_variant	MODERATE	0.0685343	468.015	19684
2019-nCoV	11003	C	T	SNP	Heterozygous	orf1ab	QHD43415.1	1	c.10738C>T	p.His3580Tyr	missense_variant	MODERATE	0.095	669.406	19772
2019-nCoV	11287	GTCTGGTTTT	G	DEL	Homozygous	orf1ab	QHD43415.1	1	c.11023_11031delTCTGGTTTT	p.Ser3675_Phe3677del	conservative_inframe_deletion	MODERATE	1.0	35212.2	34217
2019-nCoV	11750	C	T	SNP	Heterozygous	orf1ab	QHD43415.1	1	c.11485C>T	p.Leu3829Phe	missense_variant	MODERATE	0.4975	12164.2	19184
2019-nCoV	11956	C	T	SNP	Heterozygous	orf1ab	QHD43415.1	1	c.11691C>T	p.Asp3897Asp	synonymous_variant	LOW	0.0555	299.582	33488
2019-nCoV	12061	A	G	SNP	Heterozygous	orf1ab	QHD43415.1	1	c.11796A>G	p.Glu3932Glu	synonymous_variant	LOW	0.026	15.3284	11290
2019-nCoV	12160	G	A	SNP	Heterozygous	orf1ab	QHD43415.1	1	c.11895G>A	p.Glu3965Glu	synonymous_variant	LOW	0.965483	33586.4	11127
2019-nCoV	12310	G	A	SNP	Heterozygous	orf1ab	QHD43415.1	1	c.12045G>A	p.Gln4015Gln	synonymous_variant	LOW	0.160401	1696.02	21129
2019-nCoV	12880	C	T	SNP	Homozygous	orf1ab	QHD43415.1	1	c.12615C>T	p.Ile4205Ile	synonymous_variant	LOW	0.9995	36226.4	20237
2019-nCoV	13423	C	T	SNP	Heterozygous	orf1ab	QHD43415.1	1	c.13158C>T	p.Leu4386Leu	synonymous_variant	LOW	0.068034	332.459	57031
2019-nCoV	14257	T	C	SNP	Heterozygous	orf1ab	QHD43415.1	2	c.13993T>C	p.Tyr4665His	missense_variant	MODERATE	0.578368	13774.0	15209
2019-nCoV	14313	T	C	SNP	Heterozygous	orf1ab	QHD43415.1	2	c.14049T>C	p.Asp4683Asp	synonymous_variant	LOW	0.0445	183.534	15399
2019-nCoV	14408	C	T	SNP	Homozygous	orf1ab	QHD43415.1	2	c.14144C>T	p.Pro4715Leu	missense_variant	MODERATE	1.0	33702.3	5915
2019-nCoV	14622	G	A	SNP	Heterozygous	orf1ab	QHD43415.1	2	c.14358G>A	p.Thr4786Thr	synonymous_variant	LOW	0.029	57.8673	11093
2019-nCoV	15111	A	G	SNP	Heterozygous	orf1ab	QHD43415.1	2	c.14847A>G	p.Val4949Val	synonymous_variant	LOW	0.0965483	896.266	15080
2019-nCoV	15451	G	A	SNP	Heterozygous	orf1ab	QHD43415.1	2	c.15187G>A	p.Gly5063Ser	missense_variant	MODERATE	0.0225225	23.0385	53258
2019-nCoV	15714	C	T	SNP	Homozygous	orf1ab	QHD43415.1	2	c.15450C>T	p.Leu5150Leu	synonymous_variant	LOW	1.0	36062.3	46929
2019-nCoV	15738	C	T	SNP	Heterozygous	orf1ab	QHD43415.1	2	c.15474C>T	p.Phe5158Phe	synonymous_variant	LOW	0.0265531	15.5295	47763
2019-nCoV	16342	T	C	SNP	Heterozygous	orf1ab	QHD43415.1	2	c.16078T>C	p.Ser5360Pro	missense_variant	MODERATE	0.022	22.1407	53700
2019-nCoV	16362	C	T	SNP	Heterozygous	orf1ab	QHD43415.1	2	c.16098C>T	p.Val5366Val	synonymous_variant	LOW	0.0687061	446.607	69024
2019-nCoV	16616	C	A	SNP	Heterozygous	orf1ab	QHD43415.1	2	c.16352C>A	p.Thr5451Asn	missense_variant	MODERATE	0.170756	2380.77	13954
2019-nCoV	16818	A	G	SNP	Heterozygous	orf1ab	QHD43415.1	2	c.16554A>G	p.Gln5518Gln	synonymous_variant	LOW	0.0185	10.5126	28098
2019-nCoV	16935	G	A	SNP	Heterozygous	orf1ab	QHD43415.1	2	c.16671G>A	p.Met5557Ile	missense_variant	MODERATE	0.55005	14155.1	51621
2019-nCoV	17039	A	G	SNP	Heterozygous	orf1ab	QHD43415.1	2	c.16775A>G	p.Asn5592Ser	missense_variant	MODERATE	0.543358	12388.5	39186
2019-nCoV	17209	T	G	SNP	Heterozygous	orf1ab	QHD43415.1	2	c.16945T>G	p.Leu5649Val	missense_variant	MODERATE	0.0375	119.872	70885
2019-nCoV	17410	C	T	SNP	Homozygous	orf1ab	QHD43415.1	2	c.17146C>T	p.Arg5716Cys	missense_variant	MODERATE	1.0	33832.1	50297
2019-nCoV	18163	A	G	SNP	Homozygous	orf1ab	QHD43415.1	2	c.17899A>G	p.Ile5967Val	missense_variant	MODERATE	0.998498	33494.8	14365
2019-nCoV	18457	C	T	SNP	Heterozygous	orf1ab	QHD43415.1	2	c.18193C>T	p.Pro6065Ser	missense_variant	MODERATE	0.071	500.414	14739
2019-nCoV	18606	C	T	SNP	Heterozygous	orf1ab	QHD43415.1	2	c.18342C>T	p.Gly6114Gly	synonymous_variant	LOW	0.0562249	298.206	14603
2019-nCoV	19160	C	T	SNP	Heterozygous	orf1ab	QHD43415.1	2	c.18896C>T	p.Ser6299Phe	missense_variant	MODERATE	0.0220773	22.638	14255
2019-nCoV	19955	C	T	SNP	Homozygous	orf1ab	QHD43415.1	2	c.19691C>T	p.Thr6564Ile	missense_variant	MODERATE	1.0	33727.0	35631
2019-nCoV	20055	A	G	SNP	Heterozygous	orf1ab	QHD43415.1	2	c.19791A>G	p.Glu6597Glu	synonymous_variant	LOW	0.975439	31852.6	25445
2019-nCoV	21618	C	T	SNP	Homozygous	S	QHD43416.1	1	c.56C>T	p.Thr19Ile	missense_variant	MODERATE	0.999499	33845.4	17344
2019-nCoV	21632	TTACCCCCTG	T	DEL	Homozygous	S	QHD43416.1	1	c.71_79delTACCCCCTG	p.Leu24_Ala27delinsSer	disruptive_inframe_deletion	MODERATE	1.0	36142.2	16894
2019-nCoV	21764	ATACATG	A	DEL	Heterozygous	S	QHD43416.1	1	c.204_209delACATGT	p.His69_Val70del	disruptive_inframe_deletion	MODERATE	0.961013	33155.9	18417
2019-nCoV	21987	G	A	SNP	Homozygous	S	QHD43416.1	1	c.425G>A	p.Gly142Asp	missense_variant	MODERATE	0.993	33276.5	20128
2019-nCoV	22016	T	C	SNP	Heterozygous	S	QHD43416.1	1	c.454T>C	p.Trp152Arg	missense_variant	MODERATE	0.027	44.6852	20308
2019-nCoV	22180	G	A	SNP	Heterozygous	S	QHD43416.1	1	c.618G>A	p.Lys206Lys	synonymous_variant	LOW	0.0245	32.3122	32101
2019-nCoV	22200	T	G	SNP	Homozygous	S	QHD43416.1	1	c.638T>G	p.Val213Gly	missense_variant	MODERATE	0.99134	34866.3	13615
2019-nCoV	22326	C	T	SNP	Heterozygous	S	QHD43416.1	1	c.764C>T	p.Ser255Phe	missense_variant	MODERATE	0.0458901	189.204	12704
2019-nCoV	22576	TGG	GA	MIXED	Homozygous	S	QHD43416.1	1	c.1014_1016delTGGinsGA	p.Phe338fs	frameshift_variant&missense_variant	HIGH	0.993354	32359.7	8300
2019-nCoV	22599	G	C	SNP	Heterozygous	S	QHD43416.1	1	c.1037G>C	p.Arg346Thr	missense_variant	MODERATE	0.663486	18635.6	3543
2019-nCoV	22674	C	T	SNP	Homozygous	S	QHD43416.1	1	c.1112C>T	p.Ser371Phe	missense_variant	MODERATE	0.998999	33417.5	5155
2019-nCoV	22679	T	C	SNP	Homozygous	S	QHD43416.1	1	c.1117T>C	p.Ser373Pro	missense_variant	MODERATE	0.996997	35717.3	5041
2019-nCoV	22686	CCA	TCG	MNP	Homozygous	S	QHD43416.1	1	c.1124_1126delCCAinsTCG	p.SerThr375PheAla	missense_variant	MODERATE	1.0	27571.3	2165
2019-nCoV	22775	G	A	SNP	Homozygous	S	QHD43416.1	1	c.1213G>A	p.Asp405Asn	missense_variant	MODERATE	1.0	27177.1	1612
2019-nCoV	22786	A	C	SNP	Homozygous	S	QHD43416.1	1	c.1224A>C	p.Arg408Ser	missense_variant	MODERATE	0.99937	28838.6	1587
2019-nCoV	22813	G	T	SNP	Homozygous	S	QHD43416.1	1	c.1251G>T	p.Lys417Asn	missense_variant	MODERATE	1.0	33951.7	21891
2019-nCoV	22882	T	G	SNP	Homozygous	S	QHD43416.1	1	c.1320T>G	p.Asn440Lys	missense_variant	MODERATE	0.997998	33598.4	45406
2019-nCoV	22893	A	C	SNP	Heterozygous	S	QHD43416.1	1	c.1331A>C	p.Lys444Thr	missense_variant	MODERATE	0.542271	14887.4	45463
2019-nCoV	22894	G	T	SNP	Heterozygous	S	QHD43416.1	1	c.1332G>T	p.Lys444Asn	missense_variant	MODERATE	0.0451128	189.339	45463
2019-nCoV	22910	A	G	SNP	Heterozygous	S	QHD43416.1	1	c.1348A>G	p.Asn450Asp	missense_variant	MODERATE	0.033	84.6684	44966
2019-nCoV	22917	T	G	SNP	Homozygous	S	QHD43416.1	1	c.1355T>G	p.Leu452Arg	missense_variant	MODERATE	0.9875	35427.2	44752
2019-nCoV	22942	T	A	SNP	Heterozygous	S	QHD43416.1	1	c.1380T>A	p.Asn460Lys	missense_variant	MODERATE	0.524286	15861.7	43854
2019-nCoV	22992	GCAC	ACAA	MNP	Homozygous	S	QHD43416.1	1	c.1430_1433delGCACinsACAA	p.SerThr477AsnLys	missense_variant	MODERATE	1.0	36104.7	23695
2019-nCoV	23013	A	C	SNP	Homozygous	S	QHD43416.1	1	c.1451A>C	p.Glu484Ala	missense_variant	MODERATE	0.997998	36179.0	36091
2019-nCoV	23018	T	G	SNP	Heterozygous	S	QHD43416.1	1	c.1456T>G	p.Phe486Val	missense_variant	MODERATE	0.981	34956.5	36155
2019-nCoV	23055	A	G	SNP	Heterozygous	S	QHD43416.1	1	c.1493A>G	p.Gln498Arg	missense_variant	MODERATE	0.984375	34840.8	12725
2019-nCoV	23063	A	T	SNP	Homozygous	S	QHD43416.1	1	c.1501A>T	p.Asn501Tyr	missense_variant	MODERATE	0.992979	32422.4	12970
2019-nCoV	23075	T	C	SNP	Homozygous	S	QHD43416.1	1	c.1513T>C	p.Tyr505His	missense_variant	MODERATE	0.997999	19811.0	13303
2019-nCoV	23403	A	G	SNP	Homozygous	S	QHD43416.1	1	c.1841A>G	p.Asp614Gly	missense_variant	MODERATE	0.999499	33338.2	60133
2019-nCoV	23525	C	T	SNP	Homozygous	S	QHD43416.1	1	c.1963C>T	p.His655Tyr	missense_variant	MODERATE	0.998997	33778.2	99000
2019-nCoV	23599	T	G	SNP	Homozygous	S	QHD43416.1	1	c.2037T>G	p.Asn679Lys	missense_variant	MODERATE	0.996493	36083.3	116495
2019-nCoV	23604	C	A	SNP	Homozygous	S	QHD43416.1	1	c.2042C>A	p.Pro681His	missense_variant	MODERATE	0.998998	19857.0	116550
2019-nCoV	23758	C	T	SNP	Heterozygous	S	QHD43416.1	1	c.2196C>T	p.Thr732Thr	synonymous_variant	LOW	0.025	34.5782	12561
2019-nCoV	23854	C	A	SNP	Homozygous	S	QHD43416.1	1	c.2292C>A	p.Asn764Lys	missense_variant	MODERATE	0.995477	32849.9	20113
2019-nCoV	23948	GATTTTG	TATTT	MIXED	Heterozygous	S	QHD43416.1	1	c.2386_2392delGATTTTGinsTATTT	p.Asp796fs	frameshift_variant&missense_variant	HIGH	0.0687361	30094.8	17886
2019-nCoV	23948	G	T	SNP	Heterozygous	S	QHD43416.1	1	c.2386G>T	p.Asp796Tyr	missense_variant	MODERATE	0.931264	30094.8	17886
2019-nCoV	24034	C	T	SNP	Heterozygous	S	QHD43416.1	1	c.2472C>T	p.Asn824Asn	synonymous_variant	LOW	0.0305153	31.5446	41091
2019-nCoV	24424	A	T	SNP	Homozygous	S	QHD43416.1	1	c.2862A>T	p.Gln954His	missense_variant	MODERATE	1.0	35810.8	31454
2019-nCoV	24469	T	A	SNP	Homozygous	S	QHD43416.1	1	c.2907T>A	p.Asn969Lys	missense_variant	MODERATE	0.99499	31119.0	46503
2019-nCoV	25000	C	T	SNP	Homozygous	S	QHD43416.1	1	c.3438C>T	p.Asp1146Asp	synonymous_variant	LOW	0.999499	33561.4	30629
2019-nCoV	25339	C	T	SNP	Heterozygous	S	QHD43416.1	1	c.3777C>T	p.Asp1259Asp	synonymous_variant	LOW	0.0365183	111.014	7949
2019-nCoV	25416	C	T	SNP	Heterozygous	ORF3a	QHD43417.1	1	c.24C>T	p.Phe8Phe	synonymous_variant	LOW	0.0290145	58.0129	31690
2019-nCoV	25452	C	T	SNP	Heterozygous	ORF3a	QHD43417.1	1	c.60C>T	p.Ile20Ile	synonymous_variant	LOW	0.037	63.756	30474
2019-nCoV	25522	G	A	SNP	Heterozygous	ORF3a	QHD43417.1	1	c.130G>A	p.Gly44Arg	missense_variant	MODERATE	0.0551102	297.416	119584
2019-nCoV	25540	G	A	SNP	Heterozygous	ORF3a	QHD43417.1	1	c.148G>A	p.Val50Ile	missense_variant	MODERATE	0.04	141.286	121298
2019-nCoV	25584	C	T	SNP	Homozygous	ORF3a	QHD43417.1	1	c.192C>T	p.Thr64Thr	synonymous_variant	LOW	0.993484	35802.6	101723
2019-nCoV	25626	C	T	SNP	Heterozygous	ORF3a	QHD43417.1	1	c.234C>T	p.His78His	synonymous_variant	LOW	0.0465932	207.41	25632
2019-nCoV	25697	A	G	SNP	Heterozygous	ORF3a	QHD43417.1	1	c.305A>G	p.Glu102Gly	missense_variant	MODERATE	0.0285285	22.4373	44375
2019-nCoV	25714	C	T	SNP	Heterozygous	ORF3a	QHD43417.1	1	c.322C>T	p.Leu108Phe	missense_variant	MODERATE	0.0245491	35.1504	45605
2019-nCoV	25854	C	T	SNP	Heterozygous	ORF3a	QHD43417.1	1	c.462C>T	p.Tyr154Tyr	synonymous_variant	LOW	0.057	317.49	19746
2019-nCoV	26060	C	T	SNP	Homozygous	ORF3a	QHD43417.1	1	c.668C>T	p.Thr223Ile	missense_variant	MODERATE	1.0	33905.2	40053
2019-nCoV	26270	C	T	SNP	Homozygous	E	QHD43418.1	1	c.26C>T	p.Thr9Ile	missense_variant	MODERATE	0.997997	33667.8	87782
2019-nCoV	26275	A	G	SNP	Heterozygous	E	QHD43418.1	1	c.31A>G	p.Thr11Ala	missense_variant	MODERATE	0.0325	80.5335	87459
2019-nCoV	26428	G	T	SNP	Heterozygous	E	QHD43418.1	1	c.184G>T	p.Val62Phe	missense_variant	MODERATE	0.0601504	359.101	10628
2019-nCoV	26529	G	A	SNP	Heterozygous	M	QHD43419.1	1	c.7G>A	p.Asp3Asn	missense_variant	MODERATE	0.944	32546.5	12554
2019-nCoV	26577	C	G	SNP	Homozygous	M	QHD43419.1	1	c.55C>G	p.Gln19Glu	missense_variant	MODERATE	1.0	33877.4	6475
2019-nCoV	26709	G	A	SNP	Homozygous	M	QHD43419.1	1	c.187G>A	p.Ala63Thr	missense_variant	MODERATE	0.999499	36320.3	29162
2019-nCoV	26858	C	T	SNP	Heterozygous	M	QHD43419.1	1	c.336C>T	p.Phe112Phe	synonymous_variant	LOW	0.0515	253.497	31823
2019-nCoV	26907	C	T	SNP	Heterozygous	M	QHD43419.1	1	c.385C>T	p.Leu129Leu	synonymous_variant	LOW	0.026013	31.8134	40728
2019-nCoV	26942	C	T	SNP	Heterozygous	M	QHD43419.1	1	c.420C>T	p.Ile140Ile	synonymous_variant	LOW	0.0255	38.0233	41242
2019-nCoV	27012	C	T	SNP	Heterozygous	M	QHD43419.1	1	c.490C>T	p.Leu164Leu	synonymous_variant	LOW	0.173	2034.42	41089
2019-nCoV	27038	A	G	SNP	Heterozygous	M	QHD43419.1	1	c.516A>G	p.Thr172Thr	synonymous_variant	LOW	0.216934	3488.23	8592
2019-nCoV	27259	A	C	SNP	Heterozygous	ORF6	QHD43420.1	1	c.58A>C	p.Arg20Arg	synonymous_variant	LOW	0.0431294	170.047	16070
2019-nCoV	27382	GAT	CTC	MNP	Heterozygous	ORF6	QHD43420.1	1	c.181_183delGATinsCTC	p.Asp61Leu	missense_variant	MODERATE	0.0403473	141.882	4770
2019-nCoV	27389	C	T	SNP	Heterozygous	ORF7a	QHD43421.1	-1	c.-5C>T	.	upstream_gene_variant	MODIFIER	0.024012	30.7599	5320
2019-nCoV	27513	C	T	SNP	Heterozygous	ORF7a	QHD43421.1	1	c.120C>T	p.Tyr40Tyr	synonymous_variant	LOW	0.195085	2946.41	50849
2019-nCoV	27535	C	T	SNP	Heterozygous	ORF7a	QHD43421.1	1	c.142C>T	p.Pro48Ser	missense_variant	MODERATE	0.0395198	74.6864	51798
2019-nCoV	27794	T	C	SNP	Heterozygous	ORF8	QHD43422.1	-1	c.-100T>C	.	upstream_gene_variant	MODIFIER	0.072	518.273	43377
2019-nCoV	27807	C	T	SNP	Homozygous	ORF8	QHD43422.1	-1	c.-87C>T	.	upstream_gene_variant	MODIFIER	0.996998	36176.3	43274
2019-nCoV	27889	C	T	SNP	Heterozygous	ORF8	QHD43422.1	-1	c.-5C>T	.	upstream_gene_variant	MODIFIER	0.948397	32726.7	27697
2019-nCoV	27915	G	T	SNP	Heterozygous	ORF8	QHD43422.1	1	c.22G>T	p.Gly8*	stop_gained	HIGH	0.0205103	16.275	29214
2019-nCoV	28134	G	A	SNP	Heterozygous	ORF8	QHD43422.1	1	c.241G>A	p.Val81Ile	missense_variant	MODERATE	0.0576152	325.47	64654
2019-nCoV	28271	A	T	SNP	Homozygous	N	QHD43423.2	-1	c.-3A>T	.	upstream_gene_variant	MODIFIER	1.0	32834.9	85396
2019-nCoV	28311	C	T	SNP	Heterozygous	N	QHD43423.2	1	c.38C>T	p.Pro13Leu	missense_variant	MODERATE	0.447408	36225.9	85436
2019-nCoV	28311	CC	TT	MNP	Heterozygous	N	QHD43423.2	1	c.38_39delCCinsTT	p.Pro13Leu	missense_variant	MODERATE	0.552592	36225.9	85436
2019-nCoV	28330	A	G	SNP	Heterozygous	N	QHD43423.2	1	c.57A>G	p.Gly19Gly	synonymous_variant	LOW	0.366416	7668.57	78505
2019-nCoV	28361	GGAGAACGCA	G	DEL	Heterozygous	N	QHD43423.2	1	c.90_98delAGAACGCAG	p.Glu31_Ser33del	disruptive_inframe_deletion	MODERATE	0.863328	34317.4	16506
2019-nCoV	28361	GGAGAACGCAG	TT	MIXED	Heterozygous	N	QHD43423.2	1	c.88_98delGGAGAACGCAGinsTT	p.Gly30_Ser33delinsPhe	missense_variant&disruptive_inframe_deletion	MODERATE	0.136672	34317.4	16506
2019-nCoV	28681	G	T	SNP	Heterozygous	N	QHD43423.2	1	c.408G>T	p.Glu136Asp	missense_variant	MODERATE	0.535536	13590.7	98209
2019-nCoV	28881	GGG	AAC	MNP	Homozygous	N	QHD43423.2	1	c.608_610delGGGinsAAC	p.ArgGly203LysArg	missense_variant	MODERATE	1.0	33396.4	39880
2019-nCoV	29239	G	A	SNP	Heterozygous	N	QHD43423.2	1	c.966G>A	p.Met322Ile	missense_variant	MODERATE	0.0305	67.1927	21239
2019-nCoV	29358	C	T	SNP	Heterozygous	N	QHD43423.2	1	c.1085C>T	p.Thr362Ile	missense_variant	MODERATE	0.0400601	140.344	22981
2019-nCoV	29510	A	C	SNP	Homozygous	N	QHD43423.2	1	c.1237A>C	p.Ser413Arg	missense_variant	MODERATE	1.0	33692.2	8111
2019-nCoV	29666	C	T	SNP	Heterozygous	ORF10	QHI42199.1	1	c.109C>T	p.Leu37Phe	missense_variant	MODERATE	0.0345173	96.4925	4910
2019-nCoV	29733	CGAGGCCACGCGGAGTACGATCGAGTG	C	DEL	Homozygous	S	QHD43416.1	-1	c.*4350_*4375delGAGGCCACGCGGAGTACGATCGAGTG	.	downstream_gene_variant	MODIFIER	1.0	35589.8	3823
2019-nCoV	29781	G	T	SNP	Heterozygous	S	QHD43416.1	-1	c.*4397G>T	.	downstream_gene_variant	MODIFIER	0.1375	1359.63	4090
