CHROM	POS	REF	ALT	VARTYPE	GEN[*].GT	ANN[*].GENE	ANN[*].FEATUREID	EFF[*].RANK	ANN[*].HGVS_C	ANN[*].HGVS_P	ANN[*].EFFECT	EFF[*].IMPACT	AF	QUAL	DP
2019-nCoV	44	C	T	SNP	Homozygous	orf1ab	QHD43415.1	-1	c.-222C>T	.	upstream_gene_variant	MODIFIER	0.990991	32236.4	34604
2019-nCoV	241	C	T	SNP	Homozygous	orf1ab	QHD43415.1	-1	c.-25C>T	.	upstream_gene_variant	MODIFIER	1.0	29640.9	1719
2019-nCoV	625	G	T	SNP	Heterozygous	orf1ab	QHD43415.1	1	c.360G>T	p.Lys120Asn	missense_variant	MODERATE	0.019019	11.6311	23242
2019-nCoV	670	T	G	SNP	Homozygous	orf1ab	QHD43415.1	1	c.405T>G	p.Ser135Arg	missense_variant	MODERATE	0.992993	33196.3	22651
2019-nCoV	683	C	T	SNP	Heterozygous	orf1ab	QHD43415.1	1	c.418C>T	p.Leu140Leu	synonymous_variant	LOW	0.093	842.449	22619
2019-nCoV	977	A	G	SNP	Heterozygous	orf1ab	QHD43415.1	1	c.712A>G	p.Ile238Val	missense_variant	MODERATE	0.0745373	549.927	7202
2019-nCoV	998	T	C	SNP	Heterozygous	orf1ab	QHD43415.1	1	c.733T>C	p.Ser245Pro	missense_variant	MODERATE	0.0330165	40.4194	12106
2019-nCoV	1115	A	G	SNP	Heterozygous	orf1ab	QHD43415.1	1	c.850A>G	p.Ile284Val	missense_variant	MODERATE	0.054	284.256	5277
2019-nCoV	1320	A	G	SNP	Heterozygous	orf1ab	QHD43415.1	1	c.1055A>G	p.Glu352Gly	missense_variant	MODERATE	0.104052	799.633	13250
2019-nCoV	1627	C	T	SNP	Heterozygous	orf1ab	QHD43415.1	1	c.1362C>T	p.Leu454Leu	synonymous_variant	LOW	0.564955	14562.8	22584
2019-nCoV	1684	C	T	SNP	Heterozygous	orf1ab	QHD43415.1	1	c.1419C>T	p.Ile473Ile	synonymous_variant	LOW	0.029029	25.2658	3222
2019-nCoV	2321	T	C	SNP	Heterozygous	orf1ab	QHD43415.1	1	c.2056T>C	p.Leu686Leu	synonymous_variant	LOW	0.0355	103.66	11402
2019-nCoV	2790	C	T	SNP	Homozygous	orf1ab	QHD43415.1	1	c.2525C>T	p.Thr842Ile	missense_variant	MODERATE	0.999498	18559.1	28648
2019-nCoV	3037	C	T	SNP	Homozygous	orf1ab	QHD43415.1	1	c.2772C>T	p.Phe924Phe	synonymous_variant	LOW	0.9995	33706.8	25282
2019-nCoV	3992	C	T	SNP	Heterozygous	orf1ab	QHD43415.1	1	c.3727C>T	p.Leu1243Leu	synonymous_variant	LOW	0.0295	60.9803	5490
2019-nCoV	4184	G	A	SNP	Homozygous	orf1ab	QHD43415.1	1	c.3919G>A	p.Gly1307Ser	missense_variant	MODERATE	0.995994	35944.2	12204
2019-nCoV	4321	C	T	SNP	Homozygous	orf1ab	QHD43415.1	1	c.4056C>T	p.Ala1352Ala	synonymous_variant	LOW	0.997976	32042.0	31835
2019-nCoV	4351	T	C	SNP	Heterozygous	orf1ab	QHD43415.1	1	c.4086T>C	p.Asn1362Asn	synonymous_variant	LOW	0.0495248	235.391	32874
2019-nCoV	4916	A	G	SNP	Heterozygous	orf1ab	QHD43415.1	1	c.4651A>G	p.Ile1551Val	missense_variant	MODERATE	0.0225113	24.6843	5579
2019-nCoV	5037	G	A	SNP	Heterozygous	orf1ab	QHD43415.1	1	c.4772G>A	p.Gly1591Glu	missense_variant	MODERATE	0.048	136.274	9015
2019-nCoV	6730	C	T	SNP	Heterozygous	orf1ab	QHD43415.1	1	c.6465C>T	p.Asn2155Asn	synonymous_variant	LOW	0.0405608	85.4407	20737
2019-nCoV	6979	T	G	SNP	Heterozygous	orf1ab	QHD43415.1	1	c.6714T>G	p.Val2238Val	synonymous_variant	LOW	0.313814	6149.26	4948
2019-nCoV	7528	C	T	SNP	Heterozygous	orf1ab	QHD43415.1	1	c.7263C>T	p.Val2421Val	synonymous_variant	LOW	0.0305	66.9538	9056
2019-nCoV	7583	G	T	SNP	Heterozygous	orf1ab	QHD43415.1	1	c.7318G>T	p.Gly2440*	stop_gained	HIGH	0.0616232	263.212	4058
2019-nCoV	7732	C	T	SNP	Heterozygous	orf1ab	QHD43415.1	1	c.7467C>T	p.Tyr2489Tyr	synonymous_variant	LOW	0.0285	54.1438	18570
2019-nCoV	8094	A	G	SNP	Heterozygous	orf1ab	QHD43415.1	1	c.7829A>G	p.Lys2610Arg	missense_variant	MODERATE	0.04	141.446	11334
2019-nCoV	8102	G	A	SNP	Heterozygous	orf1ab	QHD43415.1	1	c.7837G>A	p.Val2613Ile	missense_variant	MODERATE	0.0515258	253.92	17408
2019-nCoV	8772	C	T	SNP	Heterozygous	orf1ab	QHD43415.1	1	c.8507C>T	p.Thr2836Ile	missense_variant	MODERATE	0.0244161	19.8636	942
2019-nCoV	9241	A	G	SNP	Heterozygous	orf1ab	QHD43415.1	1	c.8976A>G	p.Ser2992Ser	synonymous_variant	LOW	0.027	46.1147	2454
2019-nCoV	9344	C	T	SNP	Homozygous	orf1ab	QHD43415.1	1	c.9079C>T	p.Leu3027Phe	missense_variant	MODERATE	1.0	32237.4	7833
2019-nCoV	9424	A	G	SNP	Homozygous	orf1ab	QHD43415.1	1	c.9159A>G	p.Val3053Val	synonymous_variant	LOW	0.998495	36094.6	6259
2019-nCoV	9534	C	T	SNP	Homozygous	orf1ab	QHD43415.1	1	c.9269C>T	p.Thr3090Ile	missense_variant	MODERATE	1.0	7919.96	440
2019-nCoV	9967	C	T	SNP	Heterozygous	orf1ab	QHD43415.1	1	c.9702C>T	p.Leu3234Leu	synonymous_variant	LOW	0.152653	1636.98	13395
2019-nCoV	9979	C	T	SNP	Heterozygous	orf1ab	QHD43415.1	1	c.9714C>T	p.Leu3238Leu	synonymous_variant	LOW	0.049	228.362	13427
2019-nCoV	10029	C	T	SNP	Homozygous	orf1ab	QHD43415.1	1	c.9764C>T	p.Thr3255Ile	missense_variant	MODERATE	0.988	32978.8	13158
2019-nCoV	10198	C	T	SNP	Homozygous	orf1ab	QHD43415.1	1	c.9933C>T	p.Asp3311Asp	synonymous_variant	LOW	1.0	33880.5	15124
2019-nCoV	10447	GCC	ACA	MNP	Homozygous	orf1ab	QHD43415.1	1	c.10182_10184delGCCinsACA	p.Pro3395His	missense_variant	MODERATE	1.0	35718.0	4479
2019-nCoV	10802	C	T	SNP	Heterozygous	orf1ab	QHD43415.1	1	c.10537C>T	p.Leu3513Leu	synonymous_variant	LOW	0.0215108	20.0428	23736
2019-nCoV	10954	C	T	SNP	Heterozygous	orf1ab	QHD43415.1	1	c.10689C>T	p.Cys3563Cys	synonymous_variant	LOW	0.034017	92.2047	9319
2019-nCoV	11020	C	T	SNP	Heterozygous	orf1ab	QHD43415.1	1	c.10755C>T	p.Leu3585Leu	synonymous_variant	LOW	0.0470235	130.51	16950
2019-nCoV	11287	GTCTGGTTTT	G	DEL	Homozygous	orf1ab	QHD43415.1	1	c.11023_11031delTCTGGTTTT	p.Ser3675_Phe3677del	conservative_inframe_deletion	MODERATE	1.0	35364.0	27123
2019-nCoV	11781	A	G	SNP	Heterozygous	orf1ab	QHD43415.1	1	c.11516A>G	p.Lys3839Arg	missense_variant	MODERATE	0.0255	38.0899	41522
2019-nCoV	11989	T	C	SNP	Heterozygous	orf1ab	QHD43415.1	1	c.11724T>C	p.Phe3908Phe	synonymous_variant	LOW	0.113	1187.11	26867
2019-nCoV	12160	G	A	SNP	Homozygous	orf1ab	QHD43415.1	1	c.11895G>A	p.Glu3965Glu	synonymous_variant	LOW	0.9875	35306.2	6757
2019-nCoV	12310	G	A	SNP	Heterozygous	orf1ab	QHD43415.1	1	c.12045G>A	p.Gln4015Gln	synonymous_variant	LOW	0.194097	2384.77	13884
2019-nCoV	12621	C	T	SNP	Heterozygous	orf1ab	QHD43415.1	1	c.12356C>T	p.Ser4119Leu	missense_variant	MODERATE	0.0475475	210.805	35965
2019-nCoV	12880	C	T	SNP	Homozygous	orf1ab	QHD43415.1	1	c.12615C>T	p.Ile4205Ile	synonymous_variant	LOW	1.0	36030.8	16972
2019-nCoV	13426	C	T	SNP	Heterozygous	orf1ab	QHD43415.1	1	c.13161C>T	p.Arg4387Arg	synonymous_variant	LOW	0.0325163	40.3188	28648
2019-nCoV	14408	C	T	SNP	Homozygous	orf1ab	QHD43415.1	2	c.14144C>T	p.Pro4715Leu	missense_variant	MODERATE	0.996496	33413.8	3568
2019-nCoV	15714	C	T	SNP	Homozygous	orf1ab	QHD43415.1	2	c.15450C>T	p.Leu5150Leu	synonymous_variant	LOW	0.999499	36075.8	25400
2019-nCoV	15931	T	C	SNP	Heterozygous	orf1ab	QHD43415.1	2	c.15667T>C	p.Tyr5223His	missense_variant	MODERATE	0.0325	80.2168	19147
2019-nCoV	16376	C	T	SNP	Heterozygous	orf1ab	QHD43415.1	2	c.16112C>T	p.Pro5371Leu	missense_variant	MODERATE	0.0475	214.036	47346
2019-nCoV	16541	A	G	SNP	Heterozygous	orf1ab	QHD43415.1	2	c.16277A>G	p.Asn5426Ser	missense_variant	MODERATE	0.0270135	17.3223	25907
2019-nCoV	16616	C	A	SNP	Heterozygous	orf1ab	QHD43415.1	2	c.16352C>A	p.Thr5451Asn	missense_variant	MODERATE	0.1475	1859.45	13101
2019-nCoV	16726	C	T	SNP	Heterozygous	orf1ab	QHD43415.1	2	c.16462C>T	p.His5488Tyr	missense_variant	MODERATE	0.116116	1247.01	23951
2019-nCoV	16943	G	T	SNP	Heterozygous	orf1ab	QHD43415.1	2	c.16679G>T	p.Ser5560Ile	missense_variant	MODERATE	0.0350526	100.305	30220
2019-nCoV	17126	T	C	SNP	Heterozygous	orf1ab	QHD43415.1	2	c.16862T>C	p.Leu5621Pro	missense_variant	MODERATE	0.0415623	153.344	13220
2019-nCoV	17278	G	T	SNP	Heterozygous	orf1ab	QHD43415.1	2	c.17014G>T	p.Val5672Leu	missense_variant	MODERATE	0.0225225	24.1755	54985
2019-nCoV	17336	C	T	SNP	Heterozygous	orf1ab	QHD43415.1	2	c.17072C>T	p.Thr5691Ile	missense_variant	MODERATE	0.112	931.495	21611
2019-nCoV	17410	C	T	SNP	Homozygous	orf1ab	QHD43415.1	2	c.17146C>T	p.Arg5716Cys	missense_variant	MODERATE	0.999499	36300.7	30499
2019-nCoV	17746	C	T	SNP	Heterozygous	orf1ab	QHD43415.1	2	c.17482C>T	p.Pro5828Ser	missense_variant	MODERATE	0.0215	20.2267	3769
2019-nCoV	17898	C	T	SNP	Heterozygous	orf1ab	QHD43415.1	2	c.17634C>T	p.His5878His	synonymous_variant	LOW	0.037037	60.3471	7491
2019-nCoV	18163	A	G	SNP	Homozygous	orf1ab	QHD43415.1	2	c.17899A>G	p.Ile5967Val	missense_variant	MODERATE	0.998996	36027.7	8147
2019-nCoV	18210	G	T	SNP	Heterozygous	orf1ab	QHD43415.1	2	c.17946G>T	p.Met5982Ile	missense_variant	MODERATE	0.034034	92.3225	17632
2019-nCoV	18877	C	T	SNP	Heterozygous	orf1ab	QHD43415.1	2	c.18613C>T	p.Leu6205Leu	synonymous_variant	LOW	0.026013	41.9548	17861
2019-nCoV	19160	C	T	SNP	Heterozygous	orf1ab	QHD43415.1	2	c.18896C>T	p.Ser6299Phe	missense_variant	MODERATE	0.0765	578.917	8519
2019-nCoV	19263	C	T	SNP	Heterozygous	orf1ab	QHD43415.1	2	c.18999C>T	p.Asn6333Asn	synonymous_variant	LOW	0.046	196.45	10417
2019-nCoV	19524	C	T	SNP	Heterozygous	orf1ab	QHD43415.1	2	c.19260C>T	p.Leu6420Leu	synonymous_variant	LOW	0.079	451.825	13713
2019-nCoV	19955	C	T	SNP	Homozygous	orf1ab	QHD43415.1	2	c.19691C>T	p.Thr6564Ile	missense_variant	MODERATE	0.998998	33505.9	24471
2019-nCoV	20028	T	C	SNP	Heterozygous	orf1ab	QHD43415.1	2	c.19764T>C	p.Asn6588Asn	synonymous_variant	LOW	0.0445	183.247	18764
2019-nCoV	20055	A	G	SNP	Homozygous	orf1ab	QHD43415.1	2	c.19791A>G	p.Glu6597Glu	synonymous_variant	LOW	1.0	32394.6	18069
2019-nCoV	20132	C	T	SNP	Heterozygous	orf1ab	QHD43415.1	2	c.19868C>T	p.Ala6623Val	missense_variant	MODERATE	0.0255	38.1395	11725
2019-nCoV	20320	C	T	SNP	Heterozygous	orf1ab	QHD43415.1	2	c.20056C>T	p.His6686Tyr	missense_variant	MODERATE	0.039039	131.798	40322
2019-nCoV	20409	T	C	SNP	Heterozygous	orf1ab	QHD43415.1	2	c.20145T>C	p.Phe6715Phe	synonymous_variant	LOW	0.0511022	250.441	51174
2019-nCoV	20628	C	T	SNP	Heterozygous	orf1ab	QHD43415.1	2	c.20364C>T	p.Gly6788Gly	synonymous_variant	LOW	0.0675338	327.288	12403
2019-nCoV	21057	C	T	SNP	Heterozygous	orf1ab	QHD43415.1	2	c.20793C>T	p.Asp6931Asp	synonymous_variant	LOW	0.0295148	60.9538	44413
2019-nCoV	21137	A	G	SNP	Heterozygous	orf1ab	QHD43415.1	2	c.20873A>G	p.Lys6958Arg	missense_variant	MODERATE	0.0915	606.53	45770
2019-nCoV	21252	T	C	SNP	Heterozygous	orf1ab	QHD43415.1	2	c.20988T>C	p.Asn6996Asn	synonymous_variant	LOW	0.032016	77.5643	41044
2019-nCoV	21522	T	C	SNP	Heterozygous	orf1ab	QHD43415.1	2	c.21258T>C	p.Val7086Val	synonymous_variant	LOW	0.0515516	255.381	10117
2019-nCoV	21618	C	T	SNP	Homozygous	S	QHD43416.1	1	c.56C>T	p.Thr19Ile	missense_variant	MODERATE	1.0	33830.2	12686
2019-nCoV	21632	TTACCCCCTG	T	DEL	Homozygous	S	QHD43416.1	1	c.71_79delTACCCCCTG	p.Leu24_Ala27delinsSer	disruptive_inframe_deletion	MODERATE	1.0	35798.8	12226
2019-nCoV	21764	ATACATG	A	DEL	Homozygous	S	QHD43416.1	1	c.204_209delACATGT	p.His69_Val70del	disruptive_inframe_deletion	MODERATE	1.0	35838.3	14615
2019-nCoV	21987	G	A	SNP	Homozygous	S	QHD43416.1	1	c.425G>A	p.Gly142Asp	missense_variant	MODERATE	0.990995	33065.7	16251
2019-nCoV	22200	T	G	SNP	Homozygous	S	QHD43416.1	1	c.638T>G	p.Val213Gly	missense_variant	MODERATE	0.99049	35423.9	8170
2019-nCoV	22578	G	A	SNP	Homozygous	S	QHD43416.1	1	c.1016G>A	p.Gly339Asp	missense_variant	MODERATE	0.998496	36010.9	10818
2019-nCoV	22599	G	C	SNP	Heterozygous	S	QHD43416.1	1	c.1037G>C	p.Arg346Thr	missense_variant	MODERATE	0.140641	1732.9	3755
2019-nCoV	22674	C	T	SNP	Homozygous	S	QHD43416.1	1	c.1112C>T	p.Ser371Phe	missense_variant	MODERATE	0.998999	33345.6	4727
2019-nCoV	22679	T	C	SNP	Homozygous	S	QHD43416.1	1	c.1117T>C	p.Ser373Pro	missense_variant	MODERATE	0.998499	33364.6	4659
2019-nCoV	22686	CCA	TCG	MNP	Homozygous	S	QHD43416.1	1	c.1124_1126delCCAinsTCG	p.SerThr375PheAla	missense_variant	MODERATE	1.0	17508.5	1333
2019-nCoV	22775	G	A	SNP	Homozygous	S	QHD43416.1	1	c.1213G>A	p.Asp405Asn	missense_variant	MODERATE	1.0	16826.2	1004
2019-nCoV	22786	A	C	SNP	Homozygous	S	QHD43416.1	1	c.1224A>C	p.Arg408Ser	missense_variant	MODERATE	1.0	17528.6	971
2019-nCoV	22813	G	T	SNP	Homozygous	S	QHD43416.1	1	c.1251G>T	p.Lys417Asn	missense_variant	MODERATE	1.0	33881.3	20003
2019-nCoV	22858	C	T	SNP	Heterozygous	S	QHD43416.1	1	c.1296C>T	p.Cys432Cys	synonymous_variant	LOW	0.0515258	169.259	19861
2019-nCoV	22882	T	G	SNP	Homozygous	S	QHD43416.1	1	c.1320T>G	p.Asn440Lys	missense_variant	MODERATE	0.999499	33838.5	33605
2019-nCoV	22917	T	G	SNP	Homozygous	S	QHD43416.1	1	c.1355T>G	p.Leu452Arg	missense_variant	MODERATE	0.999499	36339.2	33320
2019-nCoV	22992	GCAC	ACAA	MNP	Homozygous	S	QHD43416.1	1	c.1430_1433delGCACinsACAA	p.SerThr477AsnLys	missense_variant	MODERATE	1.0	36157.7	12959
2019-nCoV	23013	A	C	SNP	Homozygous	S	QHD43416.1	1	c.1451A>C	p.Glu484Ala	missense_variant	MODERATE	0.995484	35946.6	21271
2019-nCoV	23018	T	G	SNP	Homozygous	S	QHD43416.1	1	c.1456T>G	p.Phe486Val	missense_variant	MODERATE	0.991996	19466.0	21369
2019-nCoV	23055	A	G	SNP	Homozygous	S	QHD43416.1	1	c.1493A>G	p.Gln498Arg	missense_variant	MODERATE	0.99548	35646.0	8860
2019-nCoV	23063	A	T	SNP	Homozygous	S	QHD43416.1	1	c.1501A>T	p.Asn501Tyr	missense_variant	MODERATE	0.993471	33038.8	9032
2019-nCoV	23075	T	C	SNP	Homozygous	S	QHD43416.1	1	c.1513T>C	p.Tyr505His	missense_variant	MODERATE	0.998494	19718.1	9327
2019-nCoV	23403	A	G	SNP	Homozygous	S	QHD43416.1	1	c.1841A>G	p.Asp614Gly	missense_variant	MODERATE	1.0	32995.1	29342
2019-nCoV	23525	C	T	SNP	Homozygous	S	QHD43416.1	1	c.1963C>T	p.His655Tyr	missense_variant	MODERATE	1.0	33874.4	49707
2019-nCoV	23599	T	G	SNP	Homozygous	S	QHD43416.1	1	c.2037T>G	p.Asn679Lys	missense_variant	MODERATE	0.99749	36006.6	65176
2019-nCoV	23604	C	A	SNP	Homozygous	S	QHD43416.1	1	c.2042C>A	p.Pro681His	missense_variant	MODERATE	0.997491	19744.3	65215
2019-nCoV	23854	C	A	SNP	Homozygous	S	QHD43416.1	1	c.2292C>A	p.Asn764Lys	missense_variant	MODERATE	0.998492	32963.6	17826
2019-nCoV	23948	GATTTTG	TATTT	MIXED	Heterozygous	S	QHD43416.1	1	c.2386_2392delGATTTTGinsTATTT	p.Asp796fs	frameshift_variant&missense_variant	HIGH	0.0500835	29848.3	12158
2019-nCoV	23948	G	T	SNP	Heterozygous	S	QHD43416.1	1	c.2386G>T	p.Asp796Tyr	missense_variant	MODERATE	0.949917	29848.3	12158
2019-nCoV	24048	C	T	SNP	Heterozygous	S	QHD43416.1	1	c.2486C>T	p.Ala829Val	missense_variant	MODERATE	0.0325	80.4963	18318
2019-nCoV	24424	A	T	SNP	Homozygous	S	QHD43416.1	1	c.2862A>T	p.Gln954His	missense_variant	MODERATE	0.993497	35629.2	20790
2019-nCoV	24469	T	A	SNP	Heterozygous	S	QHD43416.1	1	c.2907T>A	p.Asn969Lys	missense_variant	MODERATE	0.980213	30887.2	33456
2019-nCoV	24620	G	T	SNP	Heterozygous	S	QHD43416.1	1	c.3058G>T	p.Ala1020Ser	missense_variant	MODERATE	0.1055	1056.96	19577
2019-nCoV	25000	C	T	SNP	Homozygous	S	QHD43416.1	1	c.3438C>T	p.Asp1146Asp	synonymous_variant	LOW	1.0	33695.0	19811
2019-nCoV	25396	G	A	SNP	Heterozygous	ORF3a	QHD43417.1	1	c.4G>A	p.Asp2Asn	missense_variant	MODERATE	0.058676	233.715	20164
2019-nCoV	25471	G	C	SNP	Heterozygous	ORF3a	QHD43417.1	1	c.79G>C	p.Asp27His	missense_variant	MODERATE	0.065	421.21	19797
2019-nCoV	25513	C	T	SNP	Heterozygous	ORF3a	QHD43417.1	1	c.121C>T	p.Leu41Phe	missense_variant	MODERATE	0.1015	983.68	53293
2019-nCoV	25527	G	T	SNP	Heterozygous	ORF3a	QHD43417.1	1	c.135G>T	p.Trp45Cys	missense_variant	MODERATE	0.0385193	71.9483	55165
2019-nCoV	25584	C	T	SNP	Homozygous	ORF3a	QHD43417.1	1	c.192C>T	p.Thr64Thr	synonymous_variant	LOW	0.99599	35925.1	40605
2019-nCoV	25896	C	T	SNP	Heterozygous	ORF3a	QHD43417.1	1	c.504C>T	p.Val168Val	synonymous_variant	LOW	0.0315315	71.8083	2038
2019-nCoV	26060	C	T	SNP	Homozygous	ORF3a	QHD43417.1	1	c.668C>T	p.Thr223Ile	missense_variant	MODERATE	1.0	33752.1	20945
2019-nCoV	26270	C	T	SNP	Homozygous	E	QHD43418.1	1	c.26C>T	p.Thr9Ile	missense_variant	MODERATE	0.994995	33446.9	54804
2019-nCoV	26295	A	T	SNP	Heterozygous	E	QHD43418.1	1	c.51A>T	p.Val17Val	synonymous_variant	LOW	0.0595	350.955	51960
2019-nCoV	26453	T	C	SNP	Heterozygous	E	QHD43418.1	1	c.209T>C	p.Val70Ala	missense_variant	MODERATE	0.0565566	315.346	5961
2019-nCoV	26529	G	A	SNP	Homozygous	M	QHD43419.1	1	c.7G>A	p.Asp3Asn	missense_variant	MODERATE	0.991	35584.7	6037
2019-nCoV	26534	C	T	SNP	Heterozygous	M	QHD43419.1	1	c.12C>T	p.Ser4Ser	synonymous_variant	LOW	0.0255	38.0899	6090
2019-nCoV	26577	C	G	SNP	Homozygous	M	QHD43419.1	1	c.55C>G	p.Gln19Glu	missense_variant	MODERATE	1.0	33909.2	2431
2019-nCoV	26709	G	A	SNP	Homozygous	M	QHD43419.1	1	c.187G>A	p.Ala63Thr	missense_variant	MODERATE	1.0	36386.2	11568
2019-nCoV	27008	G	C	SNP	Heterozygous	M	QHD43419.1	1	c.486G>C	p.Lys162Asn	missense_variant	MODERATE	0.0250125	34.9059	17351
2019-nCoV	27012	C	T	SNP	Heterozygous	M	QHD43419.1	1	c.490C>T	p.Leu164Leu	synonymous_variant	LOW	0.2335	3350.4	17341
2019-nCoV	27038	A	G	SNP	Heterozygous	M	QHD43419.1	1	c.516A>G	p.Thr172Thr	synonymous_variant	LOW	0.347404	6226.38	1750
2019-nCoV	27213	C	T	SNP	Heterozygous	ORF6	QHD43420.1	1	c.12C>T	p.Leu4Leu	synonymous_variant	LOW	0.042042	156.404	11707
2019-nCoV	27218	A	G	SNP	Heterozygous	ORF6	QHD43420.1	1	c.17A>G	p.Asp6Gly	missense_variant	MODERATE	0.0570856	317.541	11846
2019-nCoV	27389	C	T	SNP	Heterozygous	ORF7a	QHD43421.1	-1	c.-5C>T	.	upstream_gene_variant	MODIFIER	0.0335335	89.61	6663
2019-nCoV	27438	T	C	SNP	Heterozygous	ORF7a	QHD43421.1	1	c.45T>C	p.Cys15Cys	synonymous_variant	LOW	0.285213	4571.21	22413
2019-nCoV	27476	C	T	SNP	Heterozygous	ORF7a	QHD43421.1	1	c.83C>T	p.Thr28Ile	missense_variant	MODERATE	0.0225	24.0104	15224
2019-nCoV	27513	C	T	SNP	Heterozygous	ORF7a	QHD43421.1	1	c.120C>T	p.Tyr40Tyr	synonymous_variant	LOW	0.248622	4306.86	23695
2019-nCoV	27532	C	T	SNP	Heterozygous	ORF7a	QHD43421.1	1	c.139C>T	p.His47Tyr	missense_variant	MODERATE	0.0616473	330.302	23925
2019-nCoV	27807	C	T	SNP	Homozygous	ORF8	QHD43422.1	-1	c.-87C>T	.	upstream_gene_variant	MODIFIER	0.998498	36220.7	21390
2019-nCoV	27889	C	T	SNP	Heterozygous	ORF8	QHD43422.1	-1	c.-5C>T	.	upstream_gene_variant	MODIFIER	0.96098	33603.0	16760
2019-nCoV	28191	G	T	SNP	Heterozygous	ORF8	QHD43422.1	1	c.298G>T	p.Val100Leu	missense_variant	MODERATE	0.038	68.11	25787
2019-nCoV	28271	A	T	SNP	Heterozygous	N	QHD43423.2	-1	c.-3A>T	.	upstream_gene_variant	MODIFIER	0.969362	31192.4	54223
2019-nCoV	28310	CC	TT	MNP	Heterozygous	N	QHD43423.2	1	c.37_38delCCinsTT	p.Pro13Phe	missense_variant	MODERATE	0.0425852	35934.1	53739
2019-nCoV	28311	C	T	SNP	Heterozygous	N	QHD43423.2	1	c.38C>T	p.Pro13Leu	missense_variant	MODERATE	0.917836	35934.1	53739
2019-nCoV	28330	A	G	SNP	Heterozygous	N	QHD43423.2	1	c.57A>G	p.Gly19Gly	synonymous_variant	LOW	0.632375	17095.1	50246
2019-nCoV	28361	GGAGAACGCA	G	DEL	Heterozygous	N	QHD43423.2	1	c.90_98delAGAACGCAG	p.Glu31_Ser33del	disruptive_inframe_deletion	MODERATE	0.848192	35127.4	10390
2019-nCoV	28361	GGAGAACGCAG	TT	MIXED	Heterozygous	N	QHD43423.2	1	c.88_98delGGAGAACGCAGinsTT	p.Gly30_Ser33delinsPhe	missense_variant&disruptive_inframe_deletion	MODERATE	0.151808	35127.4	10390
2019-nCoV	28402	A	G	SNP	Heterozygous	N	QHD43423.2	1	c.129A>G	p.Gln43Gln	synonymous_variant	LOW	0.0640641	282.3	18073
2019-nCoV	28462	C	T	SNP	Heterozygous	N	QHD43423.2	1	c.189C>T	p.Asp63Asp	synonymous_variant	LOW	0.0445223	181.892	8125
2019-nCoV	28724	C	T	SNP	Heterozygous	N	QHD43423.2	1	c.451C>T	p.Pro151Ser	missense_variant	MODERATE	0.028	21.8097	45742
2019-nCoV	28881	GGG	AAC	MNP	Homozygous	N	QHD43423.2	1	c.608_610delGGGinsAAC	p.ArgGly203LysArg	missense_variant	MODERATE	1.0	33262.0	13580
2019-nCoV	29073	C	T	SNP	Heterozygous	N	QHD43423.2	1	c.800C>T	p.Ala267Val	missense_variant	MODERATE	0.0270135	44.6803	5215
2019-nCoV	29300	G	A	SNP	Heterozygous	N	QHD43423.2	1	c.1027G>A	p.Asp343Asn	missense_variant	MODERATE	0.0280561	51.2057	3575
2019-nCoV	29510	A	C	SNP	Homozygous	N	QHD43423.2	1	c.1237A>C	p.Ser413Arg	missense_variant	MODERATE	1.0	33181.9	5009
2019-nCoV	29666	C	T	SNP	Heterozygous	ORF10	QHI42199.1	1	c.109C>T	p.Leu37Phe	missense_variant	MODERATE	0.265	4663.14	2809
2019-nCoV	29733	CGAGGCCACGCGGAGTACGATCGAGTG	C	DEL	Homozygous	S	QHD43416.1	-1	c.*4350_*4375delGAGGCCACGCGGAGTACGATCGAGTG	.	downstream_gene_variant	MODIFIER	1.0	35703.2	2102
2019-nCoV	29769	C	T	SNP	Heterozygous	S	QHD43416.1	-1	c.*4385C>T	.	downstream_gene_variant	MODIFIER	0.0715	370.59	2242
