CHROM	POS	REF	ALT	VARTYPE	GEN[*].GT	ANN[*].GENE	ANN[*].FEATUREID	EFF[*].RANK	ANN[*].HGVS_C	ANN[*].HGVS_P	ANN[*].EFFECT	EFF[*].IMPACT	AF	QUAL	DP
2019-nCoV	44	C	T	SNP	Homozygous	orf1ab	QHD43415.1	-1	c.-222C>T	.	upstream_gene_variant	MODIFIER	0.9915	32961.8	58144
2019-nCoV	203	C	T	SNP	Heterozygous	orf1ab	QHD43415.1	-1	c.-63C>T	.	upstream_gene_variant	MODIFIER	0.0560606	207.4	58200
2019-nCoV	241	C	T	SNP	Homozygous	orf1ab	QHD43415.1	-1	c.-25C>T	.	upstream_gene_variant	MODIFIER	1.0	33594.1	2854
2019-nCoV	250	G	A	SNP	Heterozygous	orf1ab	QHD43415.1	-1	c.-16G>A	.	upstream_gene_variant	MODIFIER	0.023	26.3056	2831
2019-nCoV	670	T	G	SNP	Homozygous	orf1ab	QHD43415.1	1	c.405T>G	p.Ser135Arg	missense_variant	MODERATE	0.991491	33206.1	53007
2019-nCoV	685	AAAGTCATTT	A	DEL	Heterozygous	orf1ab	QHD43415.1	1	c.421_429delAAGTCATTT	p.Lys141_Phe143del	conservative_inframe_deletion	MODERATE	0.0724051	517.003	52395
2019-nCoV	1403	C	T	SNP	Heterozygous	orf1ab	QHD43415.1	1	c.1138C>T	p.Pro380Ser	missense_variant	MODERATE	0.026026	40.7627	38922
2019-nCoV	1570	T	C	SNP	Heterozygous	orf1ab	QHD43415.1	1	c.1305T>C	p.His435His	synonymous_variant	LOW	0.025	12.8655	29309
2019-nCoV	1593	C	T	SNP	Heterozygous	orf1ab	QHD43415.1	1	c.1328C>T	p.Ser443Phe	missense_variant	MODERATE	0.0215	5.47095	29067
2019-nCoV	1627	C	T	SNP	Heterozygous	orf1ab	QHD43415.1	1	c.1362C>T	p.Leu454Leu	synonymous_variant	LOW	0.48999	10683.9	38790
2019-nCoV	1931	C	A	SNP	Heterozygous	orf1ab	QHD43415.1	1	c.1666C>A	p.Gln556Lys	missense_variant	MODERATE	0.0933266	822.471	13739
2019-nCoV	2143	C	T	SNP	Heterozygous	orf1ab	QHD43415.1	1	c.1878C>T	p.Pro626Pro	synonymous_variant	LOW	0.0532129	184.405	27808
2019-nCoV	2202	G	T	SNP	Heterozygous	orf1ab	QHD43415.1	1	c.1937G>T	p.Trp646Leu	missense_variant	MODERATE	0.0290727	25.6156	17155
2019-nCoV	2452	A	G	SNP	Heterozygous	orf1ab	QHD43415.1	1	c.2187A>G	p.Leu729Leu	synonymous_variant	LOW	0.0185	10.5182	7544
2019-nCoV	2790	C	T	SNP	Homozygous	orf1ab	QHD43415.1	1	c.2525C>T	p.Thr842Ile	missense_variant	MODERATE	0.998483	30937.6	41922
2019-nCoV	2954	T	C	SNP	Heterozygous	orf1ab	QHD43415.1	1	c.2689T>C	p.Leu897Leu	synonymous_variant	LOW	0.0830415	680.332	33711
2019-nCoV	3859	A	G	SNP	Heterozygous	orf1ab	QHD43415.1	1	c.3594A>G	p.Gln1198Gln	synonymous_variant	LOW	0.037	63.5952	8053
2019-nCoV	3871	G	T	SNP	Heterozygous	orf1ab	QHD43415.1	1	c.3606G>T	p.Lys1202Asn	missense_variant	MODERATE	0.022579	7.62555	8013
2019-nCoV	3875	G	A	SNP	Heterozygous	orf1ab	QHD43415.1	1	c.3610G>A	p.Ala1204Thr	missense_variant	MODERATE	0.0365	60.9908	7978
2019-nCoV	4184	G	A	SNP	Homozygous	orf1ab	QHD43415.1	1	c.3919G>A	p.Gly1307Ser	missense_variant	MODERATE	0.998988	35918.3	19370
2019-nCoV	4230	C	T	SNP	Heterozygous	orf1ab	QHD43415.1	1	c.3965C>T	p.Thr1322Ile	missense_variant	MODERATE	0.0375188	119.489	20194
2019-nCoV	4321	C	T	SNP	Homozygous	orf1ab	QHD43415.1	1	c.4056C>T	p.Ala1352Ala	synonymous_variant	LOW	1.0	33444.0	42332
2019-nCoV	4633	C	T	SNP	Heterozygous	orf1ab	QHD43415.1	1	c.4368C>T	p.Gly1456Gly	synonymous_variant	LOW	0.0680681	446.878	46506
2019-nCoV	4679	C	T	SNP	Heterozygous	orf1ab	QHD43415.1	1	c.4414C>T	p.Pro1472Ser	missense_variant	MODERATE	0.0235	8.92751	19812
2019-nCoV	5869	C	T	SNP	Heterozygous	orf1ab	QHD43415.1	1	c.5604C>T	p.Tyr1868Tyr	synonymous_variant	LOW	0.0177665	8.3306	23481
2019-nCoV	6336	C	T	SNP	Heterozygous	orf1ab	QHD43415.1	1	c.6071C>T	p.Ser2024Leu	missense_variant	MODERATE	0.0205617	4.28282	49135
2019-nCoV	6342	A	G	SNP	Heterozygous	orf1ab	QHD43415.1	1	c.6077A>G	p.Asp2026Gly	missense_variant	MODERATE	0.035	98.988	27901
2019-nCoV	6551	A	C	SNP	Heterozygous	orf1ab	QHD43415.1	1	c.6286A>C	p.Met2096Leu	missense_variant	MODERATE	0.0185093	10.6648	24051
2019-nCoV	6582	C	T	SNP	Heterozygous	orf1ab	QHD43415.1	1	c.6317C>T	p.Thr2106Ile	missense_variant	MODERATE	0.0210315	4.81142	30308
2019-nCoV	6700	T	C	SNP	Heterozygous	orf1ab	QHD43415.1	1	c.6435T>C	p.Phe2145Phe	synonymous_variant	LOW	0.0544529	358.795	50337
2019-nCoV	6979	T	G	SNP	Heterozygous	orf1ab	QHD43415.1	1	c.6714T>G	p.Val2238Val	synonymous_variant	LOW	0.0876574	747.627	7930
2019-nCoV	7162	C	T	SNP	Heterozygous	orf1ab	QHD43415.1	1	c.6897C>T	p.Asp2299Asp	synonymous_variant	LOW	0.043	169.045	23291
2019-nCoV	7420	C	T	SNP	Heterozygous	orf1ab	QHD43415.1	1	c.7155C>T	p.Ile2385Ile	synonymous_variant	LOW	0.032032	73.207	12652
2019-nCoV	7528	C	T	SNP	Heterozygous	orf1ab	QHD43415.1	1	c.7263C>T	p.Val2421Val	synonymous_variant	LOW	0.0585293	340.054	29098
2019-nCoV	9220	G	A	SNP	Heterozygous	orf1ab	QHD43415.1	1	c.8955G>A	p.Arg2985Arg	synonymous_variant	LOW	0.0180814	9.4237	6206
2019-nCoV	9316	T	C	SNP	Heterozygous	orf1ab	QHD43415.1	1	c.9051T>C	p.Val3017Val	synonymous_variant	LOW	0.0301811	65.8944	20823
2019-nCoV	9344	C	T	SNP	Homozygous	orf1ab	QHD43415.1	1	c.9079C>T	p.Leu3027Phe	missense_variant	MODERATE	1.0	33431.3	20460
2019-nCoV	9424	A	G	SNP	Homozygous	orf1ab	QHD43415.1	1	c.9159A>G	p.Val3053Val	synonymous_variant	LOW	1.0	36469.6	14598
2019-nCoV	9430	C	T	SNP	Heterozygous	orf1ab	QHD43415.1	1	c.9165C>T	p.Ile3055Ile	synonymous_variant	LOW	0.0345	49.862	14669
2019-nCoV	9489	G	A	SNP	Heterozygous	orf1ab	QHD43415.1	1	c.9224G>A	p.Ser3075Asn	missense_variant	MODERATE	0.0253165	7.86492	474
2019-nCoV	9534	C	T	SNP	Homozygous	orf1ab	QHD43415.1	1	c.9269C>T	p.Thr3090Ile	missense_variant	MODERATE	1.0	8448.85	474
2019-nCoV	9565	C	T	SNP	Heterozygous	orf1ab	QHD43415.1	1	c.9300C>T	p.Phe3100Phe	synonymous_variant	LOW	0.0170255	7.26387	3956
2019-nCoV	9857	C	T	SNP	Heterozygous	orf1ab	QHD43415.1	1	c.9592C>T	p.Leu3198Leu	synonymous_variant	LOW	0.0195098	13.4481	11578
2019-nCoV	9967	C	T	SNP	Heterozygous	orf1ab	QHD43415.1	1	c.9702C>T	p.Leu3234Leu	synonymous_variant	LOW	0.0235	9.12017	39970
2019-nCoV	10029	C	T	SNP	Homozygous	orf1ab	QHD43415.1	1	c.9764C>T	p.Thr3255Ile	missense_variant	MODERATE	1.0	33619.0	39635
2019-nCoV	10198	C	T	SNP	Homozygous	orf1ab	QHD43415.1	1	c.9933C>T	p.Asp3311Asp	synonymous_variant	LOW	0.998	36294.2	44139
2019-nCoV	10447	GCC	ACA	MNP	Homozygous	orf1ab	QHD43415.1	1	c.10182_10184delGCCinsACA	p.Pro3395His	missense_variant	MODERATE	1.0	36028.2	9749
2019-nCoV	11075	T	C	SNP	Heterozygous	orf1ab	QHD43415.1	1	c.10810T>C	p.Phe3604Leu	missense_variant	MODERATE	0.0292929	20.0321	34495
2019-nCoV	11287	GTCTGGTTTT	G	DEL	Homozygous	orf1ab	QHD43415.1	1	c.11023_11031delTCTGGTTTT	p.Ser3675_Phe3677del	conservative_inframe_deletion	MODERATE	1.0	36142.7	51352
2019-nCoV	11514	C	T	SNP	Heterozygous	orf1ab	QHD43415.1	1	c.11249C>T	p.Thr3750Ile	missense_variant	MODERATE	0.0250376	12.6324	11202
2019-nCoV	11674	C	T	SNP	Heterozygous	orf1ab	QHD43415.1	1	c.11409C>T	p.Tyr3803Tyr	synonymous_variant	LOW	0.0210526	18.3092	18036
2019-nCoV	11750	C	T	SNP	Heterozygous	orf1ab	QHD43415.1	1	c.11485C>T	p.Leu3829Phe	missense_variant	MODERATE	0.1135	1196.23	31051
2019-nCoV	12160	G	A	SNP	Heterozygous	orf1ab	QHD43415.1	1	c.11895G>A	p.Glu3965Glu	synonymous_variant	LOW	0.981472	34907.1	15862
2019-nCoV	12310	G	A	SNP	Heterozygous	orf1ab	QHD43415.1	1	c.12045G>A	p.Gln4015Gln	synonymous_variant	LOW	0.236	3384.91	32217
2019-nCoV	12554	G	A	SNP	Heterozygous	orf1ab	QHD43415.1	1	c.12289G>A	p.Glu4097Lys	missense_variant	MODERATE	0.026026	15.7259	25647
2019-nCoV	12880	C	T	SNP	Homozygous	orf1ab	QHD43415.1	1	c.12615C>T	p.Ile4205Ile	synonymous_variant	LOW	0.998499	36321.4	33994
2019-nCoV	13170	C	T	SNP	Heterozygous	orf1ab	QHD43415.1	1	c.12905C>T	p.Thr4302Ile	missense_variant	MODERATE	0.02	14.9676	57050
2019-nCoV	13452	C	T	SNP	Heterozygous	orf1ab	QHD43415.1	1	c.13187C>T	p.Ala4396Val	missense_variant	MODERATE	0.0210105	18.4289	27412
2019-nCoV	14408	C	T	SNP	Homozygous	orf1ab	QHD43415.1	2	c.14144C>T	p.Pro4715Leu	missense_variant	MODERATE	0.998498	33742.5	6252
2019-nCoV	15002	A	G	SNP	Heterozygous	orf1ab	QHD43415.1	2	c.14738A>G	p.Tyr4913Cys	missense_variant	MODERATE	0.0335168	88.4701	58474
2019-nCoV	15277	C	T	SNP	Heterozygous	orf1ab	QHD43415.1	2	c.15013C>T	p.His5005Tyr	missense_variant	MODERATE	0.033	84.7214	21064
2019-nCoV	15714	C	T	SNP	Homozygous	orf1ab	QHD43415.1	2	c.15450C>T	p.Leu5150Leu	synonymous_variant	LOW	0.998491	36120.4	58390
2019-nCoV	16293	C	T	SNP	Heterozygous	orf1ab	QHD43415.1	2	c.16029C>T	p.Cys5343Cys	synonymous_variant	LOW	0.0255128	38.1377	28071
2019-nCoV	16323	C	T	SNP	Heterozygous	orf1ab	QHD43415.1	2	c.16059C>T	p.Cys5353Cys	synonymous_variant	LOW	0.0505253	246.25	57371
2019-nCoV	16616	C	A	SNP	Heterozygous	orf1ab	QHD43415.1	2	c.16352C>A	p.Thr5451Asn	missense_variant	MODERATE	0.232	3878.76	19926
2019-nCoV	16887	C	T	SNP	Heterozygous	orf1ab	QHD43415.1	2	c.16623C>T	p.Tyr5541Tyr	synonymous_variant	LOW	0.0352823	52.423	61638
2019-nCoV	16935	G	A	SNP	Heterozygous	orf1ab	QHD43415.1	2	c.16671G>A	p.Met5557Ile	missense_variant	MODERATE	0.167924	2310.81	64806
2019-nCoV	17278	G	T	SNP	Heterozygous	orf1ab	QHD43415.1	2	c.17014G>T	p.Val5672Leu	missense_variant	MODERATE	0.0322906	77.0281	112692
2019-nCoV	17285	C	T	SNP	Heterozygous	orf1ab	QHD43415.1	2	c.17021C>T	p.Ser5674Leu	missense_variant	MODERATE	0.0945946	852.944	113416
2019-nCoV	17410	C	T	SNP	Homozygous	orf1ab	QHD43415.1	2	c.17146C>T	p.Arg5716Cys	missense_variant	MODERATE	0.999499	33850.0	66376
2019-nCoV	17676	C	T	SNP	Heterozygous	orf1ab	QHD43415.1	2	c.17412C>T	p.Ile5804Ile	synonymous_variant	LOW	0.0461153	199.555	33701
2019-nCoV	18163	A	G	SNP	Homozygous	orf1ab	QHD43415.1	2	c.17899A>G	p.Ile5967Val	missense_variant	MODERATE	0.998499	33747.3	15452
2019-nCoV	18566	A	G	SNP	Heterozygous	orf1ab	QHD43415.1	2	c.18302A>G	p.Asn6101Ser	missense_variant	MODERATE	0.0552486	200.224	18719
2019-nCoV	18804	C	T	SNP	Heterozygous	orf1ab	QHD43415.1	2	c.18540C>T	p.Ser6180Ser	synonymous_variant	LOW	0.041	150.39	3035
2019-nCoV	18810	T	C	SNP	Heterozygous	orf1ab	QHD43415.1	2	c.18546T>C	p.His6182His	synonymous_variant	LOW	0.0465	203.738	31570
2019-nCoV	19170	C	T	SNP	Heterozygous	orf1ab	QHD43415.1	2	c.18906C>T	p.Phe6302Phe	synonymous_variant	LOW	0.02	14.2221	22889
2019-nCoV	19955	C	T	SNP	Homozygous	orf1ab	QHD43415.1	2	c.19691C>T	p.Thr6564Ile	missense_variant	MODERATE	0.998498	36247.9	51178
2019-nCoV	20024	G	A	SNP	Heterozygous	orf1ab	QHD43415.1	2	c.19760G>A	p.Arg6587Lys	missense_variant	MODERATE	0.0381143	123.963	33826
2019-nCoV	20055	A	G	SNP	Homozygous	orf1ab	QHD43415.1	2	c.19791A>G	p.Glu6597Glu	synonymous_variant	LOW	1.0	33307.9	33481
2019-nCoV	21575	C	T	SNP	Heterozygous	S	QHD43416.1	1	c.13C>T	p.Leu5Phe	missense_variant	MODERATE	0.0403101	85.9699	7235
2019-nCoV	21618	C	T	SNP	Homozygous	S	QHD43416.1	1	c.56C>T	p.Thr19Ile	missense_variant	MODERATE	0.999499	33806.7	18460
2019-nCoV	21632	TTACCCCCTG	T	DEL	Homozygous	S	QHD43416.1	1	c.71_79delTACCCCCTG	p.Leu24_Ala27delinsSer	disruptive_inframe_deletion	MODERATE	1.0	36224.9	17932
2019-nCoV	21679	T	C	SNP	Heterozygous	S	QHD43416.1	1	c.117T>C	p.Pro39Pro	synonymous_variant	LOW	0.0246231	32.376	11309
2019-nCoV	21764	ATACATG	A	DEL	Heterozygous	S	QHD43416.1	1	c.204_209delACATGT	p.His69_Val70del	disruptive_inframe_deletion	MODERATE	0.984848	35858.5	21469
2019-nCoV	21766	ACATGTCTC	CTT	MIXED	Heterozygous	S	QHD43416.1	1	c.204_212delACATGTCTCinsCTT	p.His69_Ser71delinsPhe	missense_variant&conservative_inframe_deletion	MODERATE	0.0151515	35858.5	21469
2019-nCoV	21987	G	A	SNP	Homozygous	S	QHD43416.1	1	c.425G>A	p.Gly142Asp	missense_variant	MODERATE	1.0	33421.4	22231
2019-nCoV	22113	G	T	SNP	Heterozygous	S	QHD43416.1	1	c.551G>T	p.Gly184Val	missense_variant	MODERATE	0.034034	47.3555	35599
2019-nCoV	22200	T	G	SNP	Homozygous	S	QHD43416.1	1	c.638T>G	p.Val213Gly	missense_variant	MODERATE	0.9935	35853.7	16693
2019-nCoV	22314	C	A	SNP	Heterozygous	S	QHD43416.1	1	c.752C>A	p.Pro251His	missense_variant	MODERATE	0.0175	8.02662	31213
2019-nCoV	22578	G	A	SNP	Homozygous	S	QHD43416.1	1	c.1016G>A	p.Gly339Asp	missense_variant	MODERATE	0.999498	33772.7	15556
2019-nCoV	22599	G	C	SNP	Heterozygous	S	QHD43416.1	1	c.1037G>C	p.Arg346Thr	missense_variant	MODERATE	0.0345	389.469	4104
2019-nCoV	22674	C	T	SNP	Homozygous	S	QHD43416.1	1	c.1112C>T	p.Ser371Phe	missense_variant	MODERATE	0.999499	33790.0	5364
2019-nCoV	22679	T	C	SNP	Homozygous	S	QHD43416.1	1	c.1117T>C	p.Ser373Pro	missense_variant	MODERATE	0.9965	33463.7	5252
2019-nCoV	22686	CCA	TCG	MNP	Homozygous	S	QHD43416.1	1	c.1124_1126delCCAinsTCG	p.SerThr375PheAla	missense_variant	MODERATE	1.0	20736.4	1561
2019-nCoV	22775	G	A	SNP	Homozygous	S	QHD43416.1	1	c.1213G>A	p.Asp405Asn	missense_variant	MODERATE	1.0	20501.6	1215
2019-nCoV	22786	A	C	SNP	Homozygous	S	QHD43416.1	1	c.1224A>C	p.Arg408Ser	missense_variant	MODERATE	0.996675	21472.2	1200
2019-nCoV	22813	G	T	SNP	Homozygous	S	QHD43416.1	1	c.1251G>T	p.Lys417Asn	missense_variant	MODERATE	1.0	33653.5	30891
2019-nCoV	22879	C	T	SNP	Heterozygous	S	QHD43416.1	1	c.1317C>T	p.Asn439Asn	synonymous_variant	LOW	0.017	6.93138	53081
2019-nCoV	22882	T	G	SNP	Homozygous	S	QHD43416.1	1	c.1320T>G	p.Asn440Lys	missense_variant	MODERATE	1.0	33811.4	53021
2019-nCoV	22893	A	G	SNP	Heterozygous	S	QHD43416.1	1	c.1331A>G	p.Lys444Arg	missense_variant	MODERATE	0.068	334.348	53316
2019-nCoV	22917	T	G	SNP	Homozygous	S	QHD43416.1	1	c.1355T>G	p.Leu452Arg	missense_variant	MODERATE	1.0	33736.4	52617
2019-nCoV	22992	GCAC	ACAA	MNP	Homozygous	S	QHD43416.1	1	c.1430_1433delGCACinsACAA	p.SerThr477AsnLys	missense_variant	MODERATE	1.0	36315.2	21177
2019-nCoV	23013	A	C	SNP	Homozygous	S	QHD43416.1	1	c.1451A>C	p.Glu484Ala	missense_variant	MODERATE	0.996979	35878.4	34981
2019-nCoV	23018	T	G	SNP	Homozygous	S	QHD43416.1	1	c.1456T>G	p.Phe486Val	missense_variant	MODERATE	0.989495	35595.9	35077
2019-nCoV	23055	A	G	SNP	Homozygous	S	QHD43416.1	1	c.1493A>G	p.Gln498Arg	missense_variant	MODERATE	0.994965	35739.7	14472
2019-nCoV	23063	A	T	SNP	Homozygous	S	QHD43416.1	1	c.1501A>T	p.Asn501Tyr	missense_variant	MODERATE	0.99147	32994.5	14620
2019-nCoV	23075	T	C	SNP	Homozygous	S	QHD43416.1	1	c.1513T>C	p.Tyr505His	missense_variant	MODERATE	0.995493	33513.5	14977
2019-nCoV	23356	A	T	SNP	Heterozygous	S	QHD43416.1	1	c.1794A>T	p.Ile598Ile	synonymous_variant	LOW	0.0395	78.9741	61141
2019-nCoV	23403	A	G	SNP	Homozygous	S	QHD43416.1	1	c.1841A>G	p.Asp614Gly	missense_variant	MODERATE	1.0	33661.8	61504
2019-nCoV	23525	C	T	SNP	Homozygous	S	QHD43416.1	1	c.1963C>T	p.His655Tyr	missense_variant	MODERATE	0.998495	33701.0	108563
2019-nCoV	23535	A	G	SNP	Heterozygous	S	QHD43416.1	1	c.1973A>G	p.Asn658Ser	missense_variant	MODERATE	0.0282116	53.3284	108900
2019-nCoV	23599	T	G	SNP	Homozygous	S	QHD43416.1	1	c.2037T>G	p.Asn679Lys	missense_variant	MODERATE	0.996488	33530.2	136023
2019-nCoV	23604	C	A	SNP	Homozygous	S	QHD43416.1	1	c.2042C>A	p.Pro681His	missense_variant	MODERATE	0.99749	33584.7	136394
2019-nCoV	23854	C	A	SNP	Homozygous	S	QHD43416.1	1	c.2292C>A	p.Asn764Lys	missense_variant	MODERATE	1.0	33621.3	26661
2019-nCoV	23865	C	A	SNP	Heterozygous	S	QHD43416.1	1	c.2303C>A	p.Thr768Asn	missense_variant	MODERATE	0.0390977	132.246	26279
2019-nCoV	23948	GATTTTGGTGGTTTTAATT	TATTTGTGGTTGATTTTA	MIXED	Heterozygous	S	QHD43416.1	1	c.2386_2404delGATTTTGGTGGTTTTAATTinsTATTTGTGGTTGATTTTA	p.Asp796fs	frameshift_variant&missense_variant	HIGH	0.0548615	31948.8	23110
2019-nCoV	23948	G	T	SNP	Heterozygous	S	QHD43416.1	1	c.2386G>T	p.Asp796Tyr	missense_variant	MODERATE	0.931559	31948.8	23110
2019-nCoV	23997	C	T	SNP	Heterozygous	S	QHD43416.1	1	c.2435C>T	p.Pro812Leu	missense_variant	MODERATE	0.0265133	43.4091	13755
2019-nCoV	24424	A	T	SNP	Homozygous	S	QHD43416.1	1	c.2862A>T	p.Gln954His	missense_variant	MODERATE	0.994952	33240.1	47080
2019-nCoV	24469	T	A	SNP	Homozygous	S	QHD43416.1	1	c.2907T>A	p.Asn969Lys	missense_variant	MODERATE	0.994489	32834.3	70108
2019-nCoV	25000	C	T	SNP	Homozygous	S	QHD43416.1	1	c.3438C>T	p.Asp1146Asp	synonymous_variant	LOW	0.997475	33202.0	48282
2019-nCoV	25047	C	T	SNP	Heterozygous	S	QHD43416.1	1	c.3485C>T	p.Pro1162Leu	missense_variant	MODERATE	0.0165	5.92505	48615
2019-nCoV	25083	C	T	SNP	Heterozygous	S	QHD43416.1	1	c.3521C>T	p.Ala1174Val	missense_variant	MODERATE	0.0275	48.2314	22950
2019-nCoV	25318	C	T	SNP	Heterozygous	S	QHD43416.1	1	c.3756C>T	p.Ser1252Ser	synonymous_variant	LOW	0.0545	195.69	48807
2019-nCoV	25483	G	A	SNP	Heterozygous	ORF3a	QHD43417.1	1	c.91G>A	p.Ala31Thr	missense_variant	MODERATE	0.0395395	137.353	31408
2019-nCoV	25584	C	T	SNP	Homozygous	ORF3a	QHD43417.1	1	c.192C>T	p.Thr64Thr	synonymous_variant	LOW	0.994478	35787.1	98416
2019-nCoV	25771	C	T	SNP	Heterozygous	ORF3a	QHD43417.1	1	c.379C>T	p.Leu127Phe	missense_variant	MODERATE	0.0447911	185.305	59690
2019-nCoV	26022	C	T	SNP	Heterozygous	ORF3a	QHD43417.1	1	c.630C>T	p.Asp210Asp	synonymous_variant	LOW	0.0290145	57.9423	45059
2019-nCoV	26060	C	T	SNP	Homozygous	ORF3a	QHD43417.1	1	c.668C>T	p.Thr223Ile	missense_variant	MODERATE	0.998999	33864.4	42569
2019-nCoV	26111	C	T	SNP	Heterozygous	ORF3a	QHD43417.1	1	c.719C>T	p.Pro240Leu	missense_variant	MODERATE	0.0235	9.19479	73389
2019-nCoV	26270	C	T	SNP	Homozygous	E	QHD43418.1	1	c.26C>T	p.Thr9Ile	missense_variant	MODERATE	0.999498	33785.5	100441
2019-nCoV	26528	AG	A	DEL	Heterozygous	M	QHD43419.1	1	c.7delG	p.Asp3fs	frameshift_variant	HIGH	0.907862	34051.4	16955
2019-nCoV	26529	G	A	SNP	Heterozygous	M	QHD43419.1	1	c.7G>A	p.Asp3Asn	missense_variant	MODERATE	0.0600901	34051.4	16955
2019-nCoV	26571	C	T	SNP	Heterozygous	M	QHD43419.1	1	c.49C>T	p.Leu17Phe	missense_variant	MODERATE	0.106	833.855	8963
2019-nCoV	26577	C	G	SNP	Heterozygous	M	QHD43419.1	1	c.55C>G	p.Gln19Glu	missense_variant	MODERATE	0.964123	33543.7	8480
2019-nCoV	26577	CAA	GAG	MNP	Heterozygous	M	QHD43419.1	1	c.55_57delCAAinsGAG	p.Gln19Glu	missense_variant	MODERATE	0.0358767	33543.7	8480
2019-nCoV	26681	C	T	SNP	Heterozygous	M	QHD43419.1	1	c.159C>T	p.Phe53Phe	synonymous_variant	LOW	0.0574307	220.732	32971
2019-nCoV	26709	G	A	SNP	Homozygous	M	QHD43419.1	1	c.187G>A	p.Ala63Thr	missense_variant	MODERATE	0.998998	36254.6	32913
2019-nCoV	26858	C	T	SNP	Heterozygous	M	QHD43419.1	1	c.336C>T	p.Phe112Phe	synonymous_variant	LOW	0.0491474	228.489	35560
2019-nCoV	27012	C	T	SNP	Heterozygous	M	QHD43419.1	1	c.490C>T	p.Leu164Leu	synonymous_variant	LOW	0.2275	3227.95	41502
2019-nCoV	27038	A	G	SNP	Heterozygous	M	QHD43419.1	1	c.516A>G	p.Thr172Thr	synonymous_variant	LOW	0.207708	3260.53	5473
2019-nCoV	27218	A	G	SNP	Heterozygous	ORF6	QHD43420.1	1	c.17A>G	p.Asp6Gly	missense_variant	MODERATE	0.0265265	17.1791	15493
2019-nCoV	27259	A	C	SNP	Heterozygous	ORF6	QHD43420.1	1	c.58A>C	p.Arg20Arg	synonymous_variant	LOW	0.0300601	64.3281	20416
2019-nCoV	27382	GAT	CTC	MNP	Heterozygous	ORF6	QHD43420.1	1	c.181_183delGATinsCTC	p.Asp61Leu	missense_variant	MODERATE	0.0255128	38.2095	5657
2019-nCoV	27438	T	C	SNP	Heterozygous	ORF7a	QHD43421.1	1	c.45T>C	p.Cys15Cys	synonymous_variant	LOW	0.387776	7405.18	31069
2019-nCoV	27513	C	T	SNP	Heterozygous	ORF7a	QHD43421.1	1	c.120C>T	p.Tyr40Tyr	synonymous_variant	LOW	0.224112	3674.54	52962
2019-nCoV	27630	C	T	SNP	Heterozygous	ORF7a	QHD43421.1	1	c.237C>T	p.Ala79Ala	synonymous_variant	LOW	0.0863454	731.05	30757
2019-nCoV	27636	A	G	SNP	Heterozygous	ORF7a	QHD43421.1	1	c.243A>G	p.Ser81Ser	synonymous_variant	LOW	0.0793173	621.36	39886
2019-nCoV	27788	G	T	SNP	Heterozygous	ORF8	QHD43422.1	-1	c.-106G>T	.	upstream_gene_variant	MODIFIER	0.0250125	35.1089	44394
2019-nCoV	27807	C	T	SNP	Homozygous	ORF8	QHD43422.1	-1	c.-87C>T	.	upstream_gene_variant	MODIFIER	0.997992	36059.1	45311
2019-nCoV	27861	G	T	SNP	Heterozygous	ORF8	QHD43422.1	-1	c.-33G>T	.	upstream_gene_variant	MODIFIER	0.0525526	268.435	35334
2019-nCoV	27889	C	T	SNP	Heterozygous	ORF8	QHD43422.1	-1	c.-5C>T	.	upstream_gene_variant	MODIFIER	0.975916	34451.1	35028
2019-nCoV	28099	C	T	SNP	Heterozygous	ORF8	QHD43422.1	1	c.206C>T	p.Ser69Leu	missense_variant	MODERATE	0.0660661	436.138	36526
2019-nCoV	28271	A	T	SNP	Homozygous	N	QHD43423.2	-1	c.-3A>T	.	upstream_gene_variant	MODIFIER	1.0	33466.8	85785
2019-nCoV	28311	C	T	SNP	Homozygous	N	QHD43423.2	1	c.38C>T	p.Pro13Leu	missense_variant	MODERATE	0.997497	36190.9	86149
2019-nCoV	28330	A	G	SNP	Heterozygous	N	QHD43423.2	1	c.57A>G	p.Gly19Gly	synonymous_variant	LOW	0.466399	11036.8	82073
2019-nCoV	28361	GGAGAACGCA	G	DEL	Heterozygous	N	QHD43423.2	1	c.90_98delAGAACGCAG	p.Glu31_Ser33del	disruptive_inframe_deletion	MODERATE	0.944501	35868.7	17014
2019-nCoV	28361	GGAGAACGCAG	TT	MIXED	Heterozygous	N	QHD43423.2	1	c.88_98delGGAGAACGCAGinsTT	p.Gly30_Ser33delinsPhe	missense_variant&disruptive_inframe_deletion	MODERATE	0.0554995	35868.7	17014
2019-nCoV	28432	C	T	SNP	Heterozygous	N	QHD43423.2	1	c.159C>T	p.Phe53Phe	synonymous_variant	LOW	0.0572864	346.475	48844
2019-nCoV	28462	C	T	SNP	Heterozygous	N	QHD43423.2	1	c.189C>T	p.Asp63Asp	synonymous_variant	LOW	0.0635	402.338	33406
2019-nCoV	28603	C	T	SNP	Heterozygous	N	QHD43423.2	1	c.330C>T	p.Phe110Phe	synonymous_variant	LOW	0.0261044	41.0778	40837
2019-nCoV	28651	C	T	SNP	Heterozygous	N	QHD43423.2	1	c.378C>T	p.Asn126Asn	synonymous_variant	LOW	0.0300752	29.6409	106895
2019-nCoV	28681	G	T	SNP	Heterozygous	N	QHD43423.2	1	c.408G>T	p.Glu136Asp	missense_variant	MODERATE	0.108543	1101.48	108080
2019-nCoV	28728	C	T	SNP	Heterozygous	N	QHD43423.2	1	c.455C>T	p.Ala152Val	missense_variant	MODERATE	0.0750751	562.168	107552
2019-nCoV	28789	C	T	SNP	Heterozygous	N	QHD43423.2	1	c.516C>T	p.Tyr172Tyr	synonymous_variant	LOW	0.0195098	13.3652	95489
2019-nCoV	28881	GGG	AAC	MNP	Homozygous	N	QHD43423.2	1	c.608_610delGGGinsAAC	p.ArgGly203LysArg	missense_variant	MODERATE	0.984328	33439.4	34114
2019-nCoV	29032	G	A	SNP	Heterozygous	N	QHD43423.2	1	c.759G>A	p.Glu253Glu	synonymous_variant	LOW	0.0390586	75.6024	6529
2019-nCoV	29358	C	A	SNP	Heterozygous	N	QHD43423.2	1	c.1085C>A	p.Thr362Lys	missense_variant	MODERATE	0.0215385	23.3214	32373
2019-nCoV	29510	A	C	SNP	Homozygous	N	QHD43423.2	1	c.1237A>C	p.Ser413Arg	missense_variant	MODERATE	0.997495	33453.8	14519
2019-nCoV	29614	C	T	SNP	Heterozygous	ORF10	QHI42199.1	1	c.57C>T	p.Cys19Cys	synonymous_variant	LOW	0.031	70.7252	8289
2019-nCoV	29666	C	T	SNP	Heterozygous	ORF10	QHI42199.1	1	c.109C>T	p.Leu37Phe	missense_variant	MODERATE	0.314157	6140.44	8312
2019-nCoV	29700	A	G	SNP	Heterozygous	S	QHD43416.1	-1	c.*4316A>G	.	downstream_gene_variant	MODIFIER	0.0425213	162.571	8245
2019-nCoV	29733	CGAGGCCACGCGGAGTACGATCGAGTG	C	DEL	Homozygous	S	QHD43416.1	-1	c.*4350_*4375delGAGGCCACGCGGAGTACGATCGAGTG	.	downstream_gene_variant	MODIFIER	0.997446	35653.1	6442
