CHROM	POS	REF	ALT	VARTYPE	GEN[*].GT	ANN[*].GENE	ANN[*].FEATUREID	EFF[*].RANK	ANN[*].HGVS_C	ANN[*].HGVS_P	ANN[*].EFFECT	EFF[*].IMPACT	AF	QUAL	DP
2019-nCoV	44	C	T	SNP	Homozygous	orf1ab	QHD43415.1	-1	c.-222C>T	.	upstream_gene_variant	MODIFIER	0.9885	32187.0	55523
2019-nCoV	241	C	T	SNP	Homozygous	orf1ab	QHD43415.1	-1	c.-25C>T	.	upstream_gene_variant	MODIFIER	1.0	33295.5	4846
2019-nCoV	473	T	C	SNP	Heterozygous	orf1ab	QHD43415.1	1	c.208T>C	p.Phe70Leu	missense_variant	MODERATE	0.059	344.655	56771
2019-nCoV	670	T	G	SNP	Homozygous	orf1ab	QHD43415.1	1	c.405T>G	p.Ser135Arg	missense_variant	MODERATE	0.99198	33154.0	44416
2019-nCoV	1044	C	T	SNP	Heterozygous	orf1ab	QHD43415.1	1	c.779C>T	p.Ala260Val	missense_variant	MODERATE	0.04	140.481	24266
2019-nCoV	1145	G	A	SNP	Heterozygous	orf1ab	QHD43415.1	1	c.880G>A	p.Asp294Asn	missense_variant	MODERATE	0.0290145	57.8975	15436
2019-nCoV	1627	C	T	SNP	Heterozygous	orf1ab	QHD43415.1	1	c.1362C>T	p.Leu454Leu	synonymous_variant	LOW	0.587294	14084.6	36887
2019-nCoV	1820	G	A	SNP	Heterozygous	orf1ab	QHD43415.1	1	c.1555G>A	p.Gly519Ser	missense_variant	MODERATE	0.0375563	60.5847	22372
2019-nCoV	1931	C	A	SNP	Heterozygous	orf1ab	QHD43415.1	1	c.1666C>A	p.Gln556Lys	missense_variant	MODERATE	0.105158	1017.2	10747
2019-nCoV	1942	G	T	SNP	Heterozygous	orf1ab	QHD43415.1	1	c.1677G>T	p.Val559Val	synonymous_variant	LOW	0.0565849	315.122	10899
2019-nCoV	2393	G	A	SNP	Heterozygous	orf1ab	QHD43415.1	1	c.2128G>A	p.Val710Ile	missense_variant	MODERATE	0.361681	7609.06	2825
2019-nCoV	2790	C	T	SNP	Homozygous	orf1ab	QHD43415.1	1	c.2525C>T	p.Thr842Ile	missense_variant	MODERATE	0.998994	31158.4	40979
2019-nCoV	2954	T	C	SNP	Heterozygous	orf1ab	QHD43415.1	1	c.2689T>C	p.Leu897Leu	synonymous_variant	LOW	0.121	1344.07	37540
2019-nCoV	3037	C	T	SNP	Homozygous	orf1ab	QHD43415.1	1	c.2772C>T	p.Phe924Phe	synonymous_variant	LOW	0.999	33903.4	36415
2019-nCoV	3157	C	T	SNP	Heterozygous	orf1ab	QHD43415.1	1	c.2892C>T	p.Ala964Ala	synonymous_variant	LOW	0.0355	103.673	21824
2019-nCoV	3859	A	G	SNP	Heterozygous	orf1ab	QHD43415.1	1	c.3594A>G	p.Gln1198Gln	synonymous_variant	LOW	0.036	56.7756	3847
2019-nCoV	4184	G	A	SNP	Homozygous	orf1ab	QHD43415.1	1	c.3919G>A	p.Gly1307Ser	missense_variant	MODERATE	0.992982	35696.4	17482
2019-nCoV	4258	T	G	SNP	Heterozygous	orf1ab	QHD43415.1	1	c.3993T>G	p.Gly1331Gly	synonymous_variant	LOW	0.039137	134.481	10826
2019-nCoV	4321	C	T	SNP	Homozygous	orf1ab	QHD43415.1	1	c.4056C>T	p.Ala1352Ala	synonymous_variant	LOW	1.0	32496.7	43762
2019-nCoV	5012	G	T	SNP	Heterozygous	orf1ab	QHD43415.1	1	c.4747G>T	p.Val1583Phe	missense_variant	MODERATE	0.041	143.945	27286
2019-nCoV	5144	C	T	SNP	Heterozygous	orf1ab	QHD43415.1	1	c.4879C>T	p.Leu1627Leu	synonymous_variant	LOW	0.0235118	29.3906	5149
2019-nCoV	5284	C	T	SNP	Heterozygous	orf1ab	QHD43415.1	1	c.5019C>T	p.Asn1673Asn	synonymous_variant	LOW	0.0335503	87.8004	16189
2019-nCoV	5730	C	T	SNP	Heterozygous	orf1ab	QHD43415.1	1	c.5465C>T	p.Thr1822Ile	missense_variant	MODERATE	0.0295	60.7734	44059
2019-nCoV	5784	C	T	SNP	Heterozygous	orf1ab	QHD43415.1	1	c.5519C>T	p.Thr1840Ile	missense_variant	MODERATE	0.0245614	33.8597	42760
2019-nCoV	5842	C	T	SNP	Heterozygous	orf1ab	QHD43415.1	1	c.5577C>T	p.Tyr1859Tyr	synonymous_variant	LOW	0.042	92.6439	6646
2019-nCoV	6354	C	T	SNP	Heterozygous	orf1ab	QHD43415.1	1	c.6089C>T	p.Ser2030Leu	missense_variant	MODERATE	0.054027	190.972	22548
2019-nCoV	6374	G	A	SNP	Heterozygous	orf1ab	QHD43415.1	1	c.6109G>A	p.Asp2037Asn	missense_variant	MODERATE	0.048	132.322	22592
2019-nCoV	6636	C	T	SNP	Heterozygous	orf1ab	QHD43415.1	1	c.6371C>T	p.Thr2124Ile	missense_variant	MODERATE	0.028	51.7204	10875
2019-nCoV	6637	T	C	SNP	Heterozygous	orf1ab	QHD43415.1	1	c.6372T>C	p.Thr2124Thr	synonymous_variant	LOW	0.0935936	850.163	10875
2019-nCoV	6979	T	G	SNP	Heterozygous	orf1ab	QHD43415.1	1	c.6714T>G	p.Val2238Val	synonymous_variant	LOW	0.1085	1111.36	6793
2019-nCoV	7528	C	T	SNP	Heterozygous	orf1ab	QHD43415.1	1	c.7263C>T	p.Val2421Val	synonymous_variant	LOW	0.0605303	363.003	20106
2019-nCoV	7788	C	T	SNP	Heterozygous	orf1ab	QHD43415.1	1	c.7523C>T	p.Ala2508Val	missense_variant	MODERATE	0.038038	122.155	16472
2019-nCoV	8389	C	T	SNP	Heterozygous	orf1ab	QHD43415.1	1	c.8124C>T	p.Asn2708Asn	synonymous_variant	LOW	0.244745	4209.74	43765
2019-nCoV	9344	C	T	SNP	Homozygous	orf1ab	QHD43415.1	1	c.9079C>T	p.Leu3027Phe	missense_variant	MODERATE	1.0	32270.0	13897
2019-nCoV	9424	A	G	SNP	Homozygous	orf1ab	QHD43415.1	1	c.9159A>G	p.Val3053Val	synonymous_variant	LOW	1.0	36345.6	9087
2019-nCoV	9451	C	T	SNP	Heterozygous	orf1ab	QHD43415.1	1	c.9186C>T	p.Tyr3062Tyr	synonymous_variant	LOW	0.0365	110.225	9879
2019-nCoV	9534	C	T	SNP	Homozygous	orf1ab	QHD43415.1	1	c.9269C>T	p.Thr3090Ile	missense_variant	MODERATE	0.999083	19640.8	1088
2019-nCoV	9543	G	T	SNP	Heterozygous	orf1ab	QHD43415.1	1	c.9278G>T	p.Cys3093Phe	missense_variant	MODERATE	0.049678	127.599	1079
2019-nCoV	9565	C	T	SNP	Heterozygous	orf1ab	QHD43415.1	1	c.9300C>T	p.Phe3100Phe	synonymous_variant	LOW	0.0316106	77.0785	3731
2019-nCoV	9614	A	G	SNP	Heterozygous	orf1ab	QHD43415.1	1	c.9349A>G	p.Thr3117Ala	missense_variant	MODERATE	0.0635636	402.44	3889
2019-nCoV	9985	C	T	SNP	Heterozygous	orf1ab	QHD43415.1	1	c.9720C>T	p.Asp3240Asp	synonymous_variant	LOW	0.0270135	44.9113	31763
2019-nCoV	10029	C	T	SNP	Homozygous	orf1ab	QHD43415.1	1	c.9764C>T	p.Thr3255Ile	missense_variant	MODERATE	0.992492	35747.7	31456
2019-nCoV	10198	C	T	SNP	Homozygous	orf1ab	QHD43415.1	1	c.9933C>T	p.Asp3311Asp	synonymous_variant	LOW	0.9995	33884.2	24505
2019-nCoV	10447	GCC	ACA	MNP	Homozygous	orf1ab	QHD43415.1	1	c.10182_10184delGCCinsACA	p.Pro3395His	missense_variant	MODERATE	1.0	35774.9	13466
2019-nCoV	10998	G	A	SNP	Heterozygous	orf1ab	QHD43415.1	1	c.10733G>A	p.Gly3578Asp	missense_variant	MODERATE	0.24534	4174.17	19069
2019-nCoV	11020	C	T	SNP	Heterozygous	orf1ab	QHD43415.1	1	c.10755C>T	p.Leu3585Leu	synonymous_variant	LOW	0.0530265	181.755	19721
2019-nCoV	11287	GTCTGGTTTT	G	DEL	Homozygous	orf1ab	QHD43415.1	1	c.11023_11031delTCTGGTTTT	p.Ser3675_Phe3677del	conservative_inframe_deletion	MODERATE	1.0	35830.3	29619
2019-nCoV	11564	C	T	SNP	Heterozygous	orf1ab	QHD43415.1	1	c.11299C>T	p.Pro3767Ser	missense_variant	MODERATE	0.047047	208.607	17463
2019-nCoV	11713	T	C	SNP	Heterozygous	orf1ab	QHD43415.1	1	c.11448T>C	p.Ser3816Ser	synonymous_variant	LOW	0.039	132.031	37112
2019-nCoV	11750	C	T	SNP	Heterozygous	orf1ab	QHD43415.1	1	c.11485C>T	p.Leu3829Phe	missense_variant	MODERATE	0.1425	1755.07	25954
2019-nCoV	11781	A	G	SNP	Heterozygous	orf1ab	QHD43415.1	1	c.11516A>G	p.Lys3839Arg	missense_variant	MODERATE	0.048	219.27	61427
2019-nCoV	12160	G	A	SNP	Homozygous	orf1ab	QHD43415.1	1	c.11895G>A	p.Glu3965Glu	synonymous_variant	LOW	1.0	36364.8	13132
2019-nCoV	12310	G	A	SNP	Heterozygous	orf1ab	QHD43415.1	1	c.12045G>A	p.Gln4015Gln	synonymous_variant	LOW	0.443165	8970.94	23872
2019-nCoV	12880	C	T	SNP	Homozygous	orf1ab	QHD43415.1	1	c.12615C>T	p.Ile4205Ile	synonymous_variant	LOW	1.0	36125.4	25108
2019-nCoV	13118	G	T	SNP	Heterozygous	orf1ab	QHD43415.1	1	c.12853G>T	p.Ala4285Ser	missense_variant	MODERATE	0.25963	4612.76	59080
2019-nCoV	13423	C	T	SNP	Heterozygous	orf1ab	QHD43415.1	1	c.13158C>T	p.Leu4386Leu	synonymous_variant	LOW	0.291792	4793.7	74368
2019-nCoV	13762	G	A	SNP	Heterozygous	orf1ab	QHD43415.1	2	c.13498G>A	p.Gly4500Ser	missense_variant	MODERATE	0.025025	35.3452	10983
2019-nCoV	14257	T	C	SNP	Heterozygous	orf1ab	QHD43415.1	2	c.13993T>C	p.Tyr4665His	missense_variant	MODERATE	0.101005	759.095	24015
2019-nCoV	14408	C	T	SNP	Homozygous	orf1ab	QHD43415.1	2	c.14144C>T	p.Pro4715Leu	missense_variant	MODERATE	0.994997	33374.0	8446
2019-nCoV	14791	A	C	SNP	Heterozygous	orf1ab	QHD43415.1	2	c.14527A>C	p.Ser4843Arg	missense_variant	MODERATE	0.0301205	64.4274	16841
2019-nCoV	15240	C	T	SNP	Heterozygous	orf1ab	QHD43415.1	2	c.14976C>T	p.Asn4992Asn	synonymous_variant	LOW	0.034017	46.7153	33662
2019-nCoV	15714	C	T	SNP	Homozygous	orf1ab	QHD43415.1	2	c.15450C>T	p.Leu5150Leu	synonymous_variant	LOW	1.0	36302.1	61339
2019-nCoV	16049	C	T	SNP	Heterozygous	orf1ab	QHD43415.1	2	c.15785C>T	p.Thr5262Ile	missense_variant	MODERATE	0.028014	21.5994	48765
2019-nCoV	16616	C	A	SNP	Heterozygous	orf1ab	QHD43415.1	2	c.16352C>A	p.Thr5451Asn	missense_variant	MODERATE	0.33635	6764.22	14534
2019-nCoV	16935	G	A	SNP	Heterozygous	orf1ab	QHD43415.1	2	c.16671G>A	p.Met5557Ile	missense_variant	MODERATE	0.123246	1384.68	60927
2019-nCoV	17039	A	G	SNP	Heterozygous	orf1ab	QHD43415.1	2	c.16775A>G	p.Asn5592Ser	missense_variant	MODERATE	0.049	143.809	45287
2019-nCoV	17410	C	T	SNP	Homozygous	orf1ab	QHD43415.1	2	c.17146C>T	p.Arg5716Cys	missense_variant	MODERATE	0.9985	36256.9	57739
2019-nCoV	17747	C	A	SNP	Heterozygous	orf1ab	QHD43415.1	2	c.17483C>A	p.Pro5828His	missense_variant	MODERATE	0.0315315	73.4935	6443
2019-nCoV	18163	A	G	SNP	Homozygous	orf1ab	QHD43415.1	2	c.17899A>G	p.Ile5967Val	missense_variant	MODERATE	0.9995	33644.7	16383
2019-nCoV	18377	C	T	SNP	Heterozygous	orf1ab	QHD43415.1	2	c.18113C>T	p.Thr6038Ile	missense_variant	MODERATE	0.064	408.77	37317
2019-nCoV	19009	G	T	SNP	Heterozygous	orf1ab	QHD43415.1	2	c.18745G>T	p.Asp6249Tyr	missense_variant	MODERATE	0.0355355	103.644	13886
2019-nCoV	19955	C	T	SNP	Homozygous	orf1ab	QHD43415.1	2	c.19691C>T	p.Thr6564Ile	missense_variant	MODERATE	0.991988	35634.3	49480
2019-nCoV	20055	A	G	SNP	Heterozygous	orf1ab	QHD43415.1	2	c.19791A>G	p.Glu6597Glu	synonymous_variant	LOW	0.96493	31237.1	34739
2019-nCoV	20132	C	T	SNP	Heterozygous	orf1ab	QHD43415.1	2	c.19868C>T	p.Ala6623Val	missense_variant	MODERATE	0.0295	61.0489	10688
2019-nCoV	20679	G	A	SNP	Heterozygous	orf1ab	QHD43415.1	2	c.20415G>A	p.Pro6805Pro	synonymous_variant	LOW	0.0295295	60.9201	32832
2019-nCoV	21483	T	C	SNP	Heterozygous	orf1ab	QHD43415.1	2	c.21219T>C	p.Leu7073Leu	synonymous_variant	LOW	0.025	35.2974	15162
2019-nCoV	21618	C	T	SNP	Homozygous	S	QHD43416.1	1	c.56C>T	p.Thr19Ile	missense_variant	MODERATE	1.0	33913.0	20936
2019-nCoV	21632	TTACCCCCTG	T	DEL	Homozygous	S	QHD43416.1	1	c.71_79delTACCCCCTG	p.Leu24_Ala27delinsSer	disruptive_inframe_deletion	MODERATE	1.0	36010.5	20414
2019-nCoV	21764	ATACATG	A	DEL	Homozygous	S	QHD43416.1	1	c.204_209delACATGT	p.His69_Val70del	disruptive_inframe_deletion	MODERATE	1.0	35864.9	22843
2019-nCoV	21855	C	T	SNP	Heterozygous	S	QHD43416.1	1	c.293C>T	p.Ser98Phe	missense_variant	MODERATE	0.0590591	347.324	31060
2019-nCoV	21987	G	A	SNP	Homozygous	S	QHD43416.1	1	c.425G>A	p.Gly142Asp	missense_variant	MODERATE	0.993497	33325.2	26963
2019-nCoV	22200	T	G	SNP	Homozygous	S	QHD43416.1	1	c.638T>G	p.Val213Gly	missense_variant	MODERATE	0.994997	35925.0	13843
2019-nCoV	22281	C	T	SNP	Heterozygous	S	QHD43416.1	1	c.719C>T	p.Thr240Ile	missense_variant	MODERATE	0.0565566	209.743	27169
2019-nCoV	22326	C	T	SNP	Heterozygous	S	QHD43416.1	1	c.764C>T	p.Ser255Phe	missense_variant	MODERATE	0.293138	5034.27	11731
2019-nCoV	22432	C	T	SNP	Heterozygous	S	QHD43416.1	1	c.870C>T	p.Asp290Asp	synonymous_variant	LOW	0.0875	742.354	23290
2019-nCoV	22530	C	T	SNP	Heterozygous	S	QHD43416.1	1	c.968C>T	p.Thr323Ile	missense_variant	MODERATE	0.356034	7398.86	15816
2019-nCoV	22578	G	A	SNP	Homozygous	S	QHD43416.1	1	c.1016G>A	p.Gly339Asp	missense_variant	MODERATE	0.996992	36042.3	15388
2019-nCoV	22599	G	C	SNP	Heterozygous	S	QHD43416.1	1	c.1037G>C	p.Arg346Thr	missense_variant	MODERATE	0.161581	2181.91	5707
2019-nCoV	22600	A	T	SNP	Heterozygous	S	QHD43416.1	1	c.1038A>T	p.Arg346Ser	missense_variant	MODERATE	0.0285143	52.2942	5704
2019-nCoV	22674	C	T	SNP	Homozygous	S	QHD43416.1	1	c.1112C>T	p.Ser371Phe	missense_variant	MODERATE	0.995996	33219.4	7530
2019-nCoV	22679	T	C	SNP	Homozygous	S	QHD43416.1	1	c.1117T>C	p.Ser373Pro	missense_variant	MODERATE	0.997497	33444.7	7446
2019-nCoV	22686	CCA	TCG	MNP	Homozygous	S	QHD43416.1	1	c.1124_1126delCCAinsTCG	p.SerThr375PheAla	missense_variant	MODERATE	0.999464	30944.2	2307
2019-nCoV	22775	G	A	SNP	Homozygous	S	QHD43416.1	1	c.1213G>A	p.Asp405Asn	missense_variant	MODERATE	1.0	31167.4	1838
2019-nCoV	22786	A	C	SNP	Homozygous	S	QHD43416.1	1	c.1224A>C	p.Arg408Ser	missense_variant	MODERATE	0.999446	32462.4	1804
2019-nCoV	22813	G	T	SNP	Homozygous	S	QHD43416.1	1	c.1251G>T	p.Lys417Asn	missense_variant	MODERATE	0.999496	33628.1	28928
2019-nCoV	22882	T	G	SNP	Homozygous	S	QHD43416.1	1	c.1320T>G	p.Asn440Lys	missense_variant	MODERATE	0.9995	33838.5	49120
2019-nCoV	22893	A	C	SNP	Heterozygous	S	QHD43416.1	1	c.1331A>C	p.Lys444Thr	missense_variant	MODERATE	0.108961	1100.16	49313
2019-nCoV	22894	G	T	SNP	Heterozygous	S	QHD43416.1	1	c.1332G>T	p.Lys444Asn	missense_variant	MODERATE	0.32763	6523.29	49313
2019-nCoV	22917	T	G	SNP	Homozygous	S	QHD43416.1	1	c.1355T>G	p.Leu452Arg	missense_variant	MODERATE	0.995498	36033.6	49209
2019-nCoV	22942	T	G	SNP	Heterozygous	S	QHD43416.1	1	c.1380T>G	p.Asn460Lys	missense_variant	MODERATE	0.311968	9889.12	49001
2019-nCoV	22992	GCAC	ACAA	MNP	Homozygous	S	QHD43416.1	1	c.1430_1433delGCACinsACAA	p.SerThr477AsnLys	missense_variant	MODERATE	1.0	35973.9	20492
2019-nCoV	23005	T	A	SNP	Heterozygous	S	QHD43416.1	1	c.1443T>A	p.Asn481Lys	missense_variant	MODERATE	0.0385772	123.167	20580
2019-nCoV	23013	A	C	SNP	Homozygous	S	QHD43416.1	1	c.1451A>C	p.Glu484Ala	missense_variant	MODERATE	0.997496	36132.8	33254
2019-nCoV	23018	T	G	SNP	Homozygous	S	QHD43416.1	1	c.1456T>G	p.Phe486Val	missense_variant	MODERATE	0.995486	19570.8	33326
2019-nCoV	23055	A	G	SNP	Homozygous	S	QHD43416.1	1	c.1493A>G	p.Gln498Arg	missense_variant	MODERATE	0.995986	35909.9	13067
2019-nCoV	23063	A	T	SNP	Homozygous	S	QHD43416.1	1	c.1501A>T	p.Asn501Tyr	missense_variant	MODERATE	0.991992	33068.2	13181
2019-nCoV	23075	T	C	SNP	Homozygous	S	QHD43416.1	1	c.1513T>C	p.Tyr505His	missense_variant	MODERATE	1.0	36436.5	13376
2019-nCoV	23403	A	G	SNP	Homozygous	S	QHD43416.1	1	c.1841A>G	p.Asp614Gly	missense_variant	MODERATE	1.0	33463.6	66064
2019-nCoV	23525	C	T	SNP	Homozygous	S	QHD43416.1	1	c.1963C>T	p.His655Tyr	missense_variant	MODERATE	1.0	33686.6	116660
2019-nCoV	23599	T	G	SNP	Homozygous	S	QHD43416.1	1	c.2037T>G	p.Asn679Lys	missense_variant	MODERATE	0.996496	36053.6	151878
2019-nCoV	23604	C	A	SNP	Homozygous	S	QHD43416.1	1	c.2042C>A	p.Pro681His	missense_variant	MODERATE	0.997495	19725.2	151983
2019-nCoV	23668	A	G	SNP	Heterozygous	S	QHD43416.1	1	c.2106A>G	p.Glu702Glu	synonymous_variant	LOW	0.0605	364.069	63515
2019-nCoV	23854	C	A	SNP	Homozygous	S	QHD43416.1	1	c.2292C>A	p.Asn764Lys	missense_variant	MODERATE	0.997491	32960.5	27411
2019-nCoV	23948	GATTTTG	TATTT	MIXED	Heterozygous	S	QHD43416.1	1	c.2386_2392delGATTTTGinsTATTT	p.Asp796fs	frameshift_variant&missense_variant	HIGH	0.0408046	29099.1	25088
2019-nCoV	23948	G	T	SNP	Heterozygous	S	QHD43416.1	1	c.2386G>T	p.Asp796Tyr	missense_variant	MODERATE	0.959195	29099.1	25088
2019-nCoV	24424	A	T	SNP	Homozygous	S	QHD43416.1	1	c.2862A>T	p.Gln954His	missense_variant	MODERATE	0.995495	35783.1	40559
2019-nCoV	24469	T	A	SNP	Homozygous	S	QHD43416.1	1	c.2907T>A	p.Asn969Lys	missense_variant	MODERATE	0.992972	31726.2	61027
2019-nCoV	25000	C	T	SNP	Homozygous	S	QHD43416.1	1	c.3438C>T	p.Asp1146Asp	synonymous_variant	LOW	0.998498	36174.3	37995
2019-nCoV	25352	G	T	SNP	Heterozygous	S	QHD43416.1	1	c.3790G>T	p.Val1264Leu	missense_variant	MODERATE	0.079198	461.091	9212
2019-nCoV	25521	C	T	SNP	Heterozygous	ORF3a	QHD43417.1	1	c.129C>T	p.Phe43Phe	synonymous_variant	LOW	0.0402617	130.852	141986
2019-nCoV	25584	C	T	SNP	Homozygous	ORF3a	QHD43417.1	1	c.192C>T	p.Thr64Thr	synonymous_variant	LOW	0.99499	35904.9	116267
2019-nCoV	26060	C	T	SNP	Homozygous	ORF3a	QHD43417.1	1	c.668C>T	p.Thr223Ile	missense_variant	MODERATE	0.998999	36287.2	49655
2019-nCoV	26130	T	C	SNP	Heterozygous	ORF3a	QHD43417.1	1	c.738T>C	p.Ile246Ile	synonymous_variant	LOW	0.0475	135.567	39078
2019-nCoV	26154	A	C	SNP	Heterozygous	ORF3a	QHD43417.1	1	c.762A>C	p.Gly254Gly	synonymous_variant	LOW	0.0455228	117.687	39666
2019-nCoV	26172	G	A	SNP	Heterozygous	ORF3a	QHD43417.1	1	c.780G>A	p.Met260Ile	missense_variant	MODERATE	0.0435218	172.944	124368
2019-nCoV	26211	G	A	SNP	Heterozygous	ORF3a	QHD43417.1	1	c.819G>A	p.Val273Val	synonymous_variant	LOW	0.0341194	91.9733	127453
2019-nCoV	26270	C	T	SNP	Homozygous	E	QHD43418.1	1	c.26C>T	p.Thr9Ile	missense_variant	MODERATE	1.0	33871.0	125377
2019-nCoV	26428	G	T	SNP	Heterozygous	E	QHD43418.1	1	c.184G>T	p.Val62Phe	missense_variant	MODERATE	0.238978	3987.54	16452
2019-nCoV	26529	G	A	SNP	Homozygous	M	QHD43419.1	1	c.7G>A	p.Asp3Asn	missense_variant	MODERATE	0.993997	35833.4	18846
2019-nCoV	26577	C	G	SNP	Homozygous	M	QHD43419.1	1	c.55C>G	p.Gln19Glu	missense_variant	MODERATE	1.0	33902.3	8419
2019-nCoV	26709	G	A	SNP	Homozygous	M	QHD43419.1	1	c.187G>A	p.Ala63Thr	missense_variant	MODERATE	1.0	36309.2	37265
2019-nCoV	27012	C	T	SNP	Heterozygous	M	QHD43419.1	1	c.490C>T	p.Leu164Leu	synonymous_variant	LOW	0.399	7826.86	68617
2019-nCoV	27026	C	T	SNP	Heterozygous	M	QHD43419.1	1	c.504C>T	p.Ile168Ile	synonymous_variant	LOW	0.034	47.6197	68285
2019-nCoV	27038	A	G	SNP	Heterozygous	M	QHD43419.1	1	c.516A>G	p.Thr172Thr	synonymous_variant	LOW	0.167167	2301.01	9648
2019-nCoV	27345	A	G	SNP	Heterozygous	ORF6	QHD43420.1	1	c.144A>G	p.Lys48Lys	synonymous_variant	LOW	0.103206	1013.57	23480
2019-nCoV	27438	T	C	SNP	Heterozygous	ORF7a	QHD43421.1	1	c.45T>C	p.Cys15Cys	synonymous_variant	LOW	0.2085	2773.02	41484
2019-nCoV	27513	C	T	SNP	Heterozygous	ORF7a	QHD43421.1	1	c.120C>T	p.Tyr40Tyr	synonymous_variant	LOW	0.396698	8720.17	70646
2019-nCoV	27616	T	C	SNP	Heterozygous	ORF7a	QHD43421.1	1	c.223T>C	p.Tyr75His	missense_variant	MODERATE	0.114	1212.05	41958
2019-nCoV	27807	C	T	SNP	Homozygous	ORF8	QHD43422.1	-1	c.-87C>T	.	upstream_gene_variant	MODIFIER	1.0	36479.8	37645
2019-nCoV	27889	C	T	SNP	Homozygous	ORF8	QHD43422.1	-1	c.-5C>T	.	upstream_gene_variant	MODIFIER	0.991483	35608.4	20839
2019-nCoV	27915	G	A	SNP	Heterozygous	ORF8	QHD43422.1	1	c.22G>A	p.Gly8Arg	missense_variant	MODERATE	0.0395	78.2777	20176
2019-nCoV	27935	T	C	SNP	Heterozygous	ORF8	QHD43422.1	1	c.42T>C	p.Ala14Ala	synonymous_variant	LOW	0.022792	10.0526	351
2019-nCoV	27957	T	C	SNP	Heterozygous	ORF8	QHD43422.1	1	c.64T>C	p.Leu22Leu	synonymous_variant	LOW	0.0251397	13.0662	358
2019-nCoV	28028	G	T	SNP	Heterozygous	ORF8	QHD43422.1	1	c.135G>T	p.Trp45Cys	missense_variant	MODERATE	0.057	217.349	39736
2019-nCoV	28148	T	C	SNP	Heterozygous	ORF8	QHD43422.1	1	c.255T>C	p.Pro85Pro	synonymous_variant	LOW	0.0344653	43.5857	63177
2019-nCoV	28266	A	T	SNP	Heterozygous	N	QHD43423.2	-1	c.-8A>T	.	upstream_gene_variant	MODIFIER	0.0270406	45.5841	113214
2019-nCoV	28271	A	T	SNP	Heterozygous	N	QHD43423.2	-1	c.-3A>T	.	upstream_gene_variant	MODIFIER	0.953172	30126.6	113838
2019-nCoV	28290	C	T	SNP	Heterozygous	N	QHD43423.2	1	c.17C>T	p.Pro6Leu	missense_variant	MODERATE	0.09	793.095	115112
2019-nCoV	28311	C	T	SNP	Heterozygous	N	QHD43423.2	1	c.38C>T	p.Pro13Leu	missense_variant	MODERATE	0.90261	36232.2	114481
2019-nCoV	28311	CC	TT	MNP	Heterozygous	N	QHD43423.2	1	c.38_39delCCinsTT	p.Pro13Leu	missense_variant	MODERATE	0.0968876	36232.2	114481
2019-nCoV	28330	A	G	SNP	Heterozygous	N	QHD43423.2	1	c.57A>G	p.Gly19Gly	synonymous_variant	LOW	0.630886	17041.6	107072
2019-nCoV	28361	GGAGAACGCA	G	DEL	Heterozygous	N	QHD43423.2	1	c.90_98delAGAACGCAG	p.Glu31_Ser33del	disruptive_inframe_deletion	MODERATE	0.923356	35067.1	30856
2019-nCoV	28361	GGAGAACGCAG	TT	MIXED	Heterozygous	N	QHD43423.2	1	c.88_98delGGAGAACGCAGinsTT	p.Gly30_Ser33delinsPhe	missense_variant&disruptive_inframe_deletion	MODERATE	0.0766442	35067.1	30856
2019-nCoV	28462	C	T	SNP	Heterozygous	N	QHD43423.2	1	c.189C>T	p.Asp63Asp	synonymous_variant	LOW	0.08	631.58	32473
2019-nCoV	28567	C	T	SNP	Heterozygous	N	QHD43423.2	1	c.294C>T	p.Asp98Asp	synonymous_variant	LOW	0.0675338	452.877	66337
2019-nCoV	28681	G	T	SNP	Heterozygous	N	QHD43423.2	1	c.408G>T	p.Glu136Asp	missense_variant	MODERATE	0.0961924	884.365	135872
2019-nCoV	28881	GGG	AAC	MNP	Homozygous	N	QHD43423.2	1	c.608_610delGGGinsAAC	p.ArgGly203LysArg	missense_variant	MODERATE	1.0	33384.7	55519
2019-nCoV	29017	G	T	SNP	Heterozygous	N	QHD43423.2	1	c.744G>T	p.Lys248Asn	missense_variant	MODERATE	0.0525789	176.159	10843
2019-nCoV	29510	A	C	SNP	Homozygous	N	QHD43423.2	1	c.1237A>C	p.Ser413Arg	missense_variant	MODERATE	0.999499	33610.4	9332
2019-nCoV	29574	T	C	SNP	Heterozygous	ORF10	QHI42199.1	1	c.17T>C	p.Val6Ala	missense_variant	MODERATE	0.0930233	21.5209	43
2019-nCoV	29600	A	G	SNP	Heterozygous	ORF10	QHI42199.1	1	c.43A>G	p.Ser15Gly	missense_variant	MODERATE	0.041041	149.979	7129
2019-nCoV	29614	C	T	SNP	Heterozygous	ORF10	QHI42199.1	1	c.57C>T	p.Cys19Cys	synonymous_variant	LOW	0.042	158.914	7202
2019-nCoV	29666	C	T	SNP	Heterozygous	ORF10	QHI42199.1	1	c.109C>T	p.Leu37Phe	missense_variant	MODERATE	0.201601	3093.09	7197
2019-nCoV	29733	CGAGGCCACGCGGAGTACGATCGAGTG	C	DEL	Homozygous	S	QHD43416.1	-1	c.*4350_*4375delGAGGCCACGCGGAGTACGATCGAGTG	.	downstream_gene_variant	MODIFIER	1.0	36072.8	5629
2019-nCoV	29759	G	C	SNP	Homozygous	S	QHD43416.1	-1	c.*4375G>C	.	downstream_gene_variant	MODIFIER	1.0	22367.8	46
