CHROM	POS	REF	ALT	VARTYPE	GEN[*].GT	ANN[*].GENE	ANN[*].FEATUREID	EFF[*].RANK	ANN[*].HGVS_C	ANN[*].HGVS_P	ANN[*].EFFECT	EFF[*].IMPACT	AF	QUAL	DP
2019-nCoV	44	C	T	SNP	Homozygous	orf1ab	QHD43415.1	-1	c.-222C>T	.	upstream_gene_variant	MODIFIER	0.991487	32530.5	39072
2019-nCoV	209	T	C	SNP	Heterozygous	orf1ab	QHD43415.1	-1	c.-57T>C	.	upstream_gene_variant	MODIFIER	0.0255	37.6069	40815
2019-nCoV	223	A	G	SNP	Heterozygous	orf1ab	QHD43415.1	-1	c.-43A>G	.	upstream_gene_variant	MODIFIER	0.039	76.4427	40264
2019-nCoV	241	C	T	SNP	Homozygous	orf1ab	QHD43415.1	-1	c.-25C>T	.	upstream_gene_variant	MODIFIER	1.0	33527.5	3537
2019-nCoV	405	A	G	SNP	Heterozygous	orf1ab	QHD43415.1	1	c.140A>G	p.Lys47Arg	missense_variant	MODERATE	0.2095	3308.03	40330
2019-nCoV	625	G	T	SNP	Heterozygous	orf1ab	QHD43415.1	1	c.360G>T	p.Lys120Asn	missense_variant	MODERATE	0.0435435	173.609	42904
2019-nCoV	670	T	G	SNP	Homozygous	orf1ab	QHD43415.1	1	c.405T>G	p.Ser135Arg	missense_variant	MODERATE	0.995	33440.2	42411
2019-nCoV	1471	C	T	SNP	Heterozygous	orf1ab	QHD43415.1	1	c.1206C>T	p.Arg402Arg	synonymous_variant	LOW	0.0710355	366.519	36063
2019-nCoV	1627	C	T	SNP	Heterozygous	orf1ab	QHD43415.1	1	c.1362C>T	p.Leu454Leu	synonymous_variant	LOW	0.11992	1045.25	20927
2019-nCoV	1779	C	T	SNP	Heterozygous	orf1ab	QHD43415.1	1	c.1514C>T	p.Ser505Phe	missense_variant	MODERATE	0.03	29.3121	18009
2019-nCoV	1912	C	T	SNP	Heterozygous	orf1ab	QHD43415.1	1	c.1647C>T	p.Ser549Ser	synonymous_variant	LOW	0.0385	128.333	8782
2019-nCoV	1931	C	A	SNP	Heterozygous	orf1ab	QHD43415.1	1	c.1666C>A	p.Gln556Lys	missense_variant	MODERATE	0.383333	8086.42	8753
2019-nCoV	2112	T	C	SNP	Heterozygous	orf1ab	QHD43415.1	1	c.1847T>C	p.Ile616Thr	missense_variant	MODERATE	0.0625	389.488	6162
2019-nCoV	2164	G	A	SNP	Heterozygous	orf1ab	QHD43415.1	1	c.1899G>A	p.Glu633Glu	synonymous_variant	LOW	0.134238	1574.79	11523
2019-nCoV	2445	C	T	SNP	Heterozygous	orf1ab	QHD43415.1	1	c.2180C>T	p.Thr727Ile	missense_variant	MODERATE	0.0695348	473.497	6824
2019-nCoV	2734	T	C	SNP	Heterozygous	orf1ab	QHD43415.1	1	c.2469T>C	p.Val823Val	synonymous_variant	LOW	0.046	196.43	28532
2019-nCoV	2790	C	T	SNP	Homozygous	orf1ab	QHD43415.1	1	c.2525C>T	p.Thr842Ile	missense_variant	MODERATE	1.0	31505.4	28781
2019-nCoV	2954	T	C	SNP	Heterozygous	orf1ab	QHD43415.1	1	c.2689T>C	p.Leu897Leu	synonymous_variant	LOW	0.422711	9596.8	23027
2019-nCoV	3037	C	T	SNP	Homozygous	orf1ab	QHD43415.1	1	c.2772C>T	p.Phe924Phe	synonymous_variant	LOW	0.9995	33399.4	21058
2019-nCoV	3170	C	T	SNP	Heterozygous	orf1ab	QHD43415.1	1	c.2905C>T	p.Leu969Phe	missense_variant	MODERATE	0.0245	33.1366	18251
2019-nCoV	3604	C	T	SNP	Heterozygous	orf1ab	QHD43415.1	1	c.3339C>T	p.His1113His	synonymous_variant	LOW	0.04	140.962	27499
2019-nCoV	3796	C	T	SNP	Heterozygous	orf1ab	QHD43415.1	1	c.3531C>T	p.Val1177Val	synonymous_variant	LOW	0.125	1366.9	15584
2019-nCoV	3857	C	A	SNP	Heterozygous	orf1ab	QHD43415.1	1	c.3592C>A	p.Gln1198Lys	missense_variant	MODERATE	0.0395792	78.4631	3531
2019-nCoV	3927	C	T	SNP	Heterozygous	orf1ab	QHD43415.1	1	c.3662C>T	p.Ser1221Leu	missense_variant	MODERATE	0.108554	1107.8	7413
2019-nCoV	4184	G	A	SNP	Homozygous	orf1ab	QHD43415.1	1	c.3919G>A	p.Gly1307Ser	missense_variant	MODERATE	0.995994	33483.1	11440
2019-nCoV	4321	C	T	SNP	Homozygous	orf1ab	QHD43415.1	1	c.4056C>T	p.Ala1352Ala	synonymous_variant	LOW	0.999497	32931.4	28073
2019-nCoV	4402	T	A	SNP	Heterozygous	orf1ab	QHD43415.1	1	c.4137T>A	p.Leu1379Leu	synonymous_variant	LOW	0.0235	28.4746	22435
2019-nCoV	4586	C	T	SNP	Heterozygous	orf1ab	QHD43415.1	1	c.4321C>T	p.Leu1441Leu	synonymous_variant	LOW	0.0906814	794.087	33318
2019-nCoV	5183	C	T	SNP	Heterozygous	orf1ab	QHD43415.1	1	c.4918C>T	p.Pro1640Ser	missense_variant	MODERATE	0.0795	459.055	13451
2019-nCoV	5406	T	C	SNP	Heterozygous	orf1ab	QHD43415.1	1	c.5141T>C	p.Ile1714Thr	missense_variant	MODERATE	0.098	926.249	4635
2019-nCoV	5700	C	T	SNP	Heterozygous	orf1ab	QHD43415.1	1	c.5435C>T	p.Ala1812Val	missense_variant	MODERATE	0.058	329.24	29421
2019-nCoV	6063	A	G	SNP	Heterozygous	orf1ab	QHD43415.1	1	c.5798A>G	p.Asp1933Gly	missense_variant	MODERATE	0.02	13.9265	17066
2019-nCoV	6070	C	T	SNP	Heterozygous	orf1ab	QHD43415.1	1	c.5805C>T	p.Ile1935Ile	synonymous_variant	LOW	0.022	21.98	17039
2019-nCoV	6573	C	T	SNP	Heterozygous	orf1ab	QHD43415.1	1	c.6308C>T	p.Ser2103Phe	missense_variant	MODERATE	0.0545273	290.591	23995
2019-nCoV	6770	A	G	SNP	Heterozygous	orf1ab	QHD43415.1	1	c.6505A>G	p.Met2169Val	missense_variant	MODERATE	0.049	229.766	20379
2019-nCoV	6786	C	T	SNP	Heterozygous	orf1ab	QHD43415.1	1	c.6521C>T	p.Thr2174Ile	missense_variant	MODERATE	0.0546914	289.484	20001
2019-nCoV	7528	C	T	SNP	Heterozygous	orf1ab	QHD43415.1	1	c.7263C>T	p.Val2421Val	synonymous_variant	LOW	0.058	332.969	15424
2019-nCoV	7990	A	G	SNP	Heterozygous	orf1ab	QHD43415.1	1	c.7725A>G	p.Ala2575Ala	synonymous_variant	LOW	0.056028	309.124	33315
2019-nCoV	8140	C	T	SNP	Heterozygous	orf1ab	QHD43415.1	1	c.7875C>T	p.Ser2625Ser	synonymous_variant	LOW	0.027	17.7605	31129
2019-nCoV	8208	C	T	SNP	Heterozygous	orf1ab	QHD43415.1	1	c.7943C>T	p.Thr2648Ile	missense_variant	MODERATE	0.043	168.908	19803
2019-nCoV	8389	C	T	SNP	Heterozygous	orf1ab	QHD43415.1	1	c.8124C>T	p.Asn2708Asn	synonymous_variant	LOW	0.031	70.7302	33186
2019-nCoV	8982	C	T	SNP	Heterozygous	orf1ab	QHD43415.1	1	c.8717C>T	p.Thr2906Ile	missense_variant	MODERATE	0.0285143	23.7554	22633
2019-nCoV	8991	C	T	SNP	Heterozygous	orf1ab	QHD43415.1	1	c.8726C>T	p.Ala2909Val	missense_variant	MODERATE	0.0695	348.737	22552
2019-nCoV	9042	C	T	SNP	Heterozygous	orf1ab	QHD43415.1	1	c.8777C>T	p.Ser2926Phe	missense_variant	MODERATE	0.0320963	73.1832	15345
2019-nCoV	9344	C	T	SNP	Homozygous	orf1ab	QHD43415.1	1	c.9079C>T	p.Leu3027Phe	missense_variant	MODERATE	1.0	32488.8	10760
2019-nCoV	9424	A	G	SNP	Homozygous	orf1ab	QHD43415.1	1	c.9159A>G	p.Val3053Val	synonymous_variant	LOW	0.9995	36398.5	6389
2019-nCoV	9534	C	T	SNP	Homozygous	orf1ab	QHD43415.1	1	c.9269C>T	p.Thr3090Ile	missense_variant	MODERATE	0.999256	24229.9	1340
2019-nCoV	9866	C	T	SNP	Heterozygous	orf1ab	QHD43415.1	1	c.9601C>T	p.Leu3201Phe	missense_variant	MODERATE	0.401204	8323.17	16711
2019-nCoV	10029	C	T	SNP	Homozygous	orf1ab	QHD43415.1	1	c.9764C>T	p.Thr3255Ile	missense_variant	MODERATE	0.995498	36054.9	22467
2019-nCoV	10189	C	T	SNP	Heterozygous	orf1ab	QHD43415.1	1	c.9924C>T	p.Thr3308Thr	synonymous_variant	LOW	0.0555	204.14	12143
2019-nCoV	10198	C	T	SNP	Homozygous	orf1ab	QHD43415.1	1	c.9933C>T	p.Asp3311Asp	synonymous_variant	LOW	0.998999	36320.9	20124
2019-nCoV	10361	T	C	SNP	Heterozygous	orf1ab	QHD43415.1	1	c.10096T>C	p.Phe3366Leu	missense_variant	MODERATE	0.0260391	41.3342	7924
2019-nCoV	10447	GCC	ACA	MNP	Homozygous	orf1ab	QHD43415.1	1	c.10182_10184delGCCinsACA	p.Pro3395His	missense_variant	MODERATE	1.0	35837.6	7586
2019-nCoV	11287	GTCTGGTTTT	G	DEL	Homozygous	orf1ab	QHD43415.1	1	c.11023_11031delTCTGGTTTT	p.Ser3675_Phe3677del	conservative_inframe_deletion	MODERATE	1.0	35767.7	33110
2019-nCoV	11377	T	C	SNP	Heterozygous	orf1ab	QHD43415.1	1	c.11112T>C	p.Gly3704Gly	synonymous_variant	LOW	0.0515258	255.201	15806
2019-nCoV	11463	T	C	SNP	Heterozygous	orf1ab	QHD43415.1	1	c.11198T>C	p.Met3733Thr	missense_variant	MODERATE	0.0285	54.7325	22575
2019-nCoV	11515	T	C	SNP	Heterozygous	orf1ab	QHD43415.1	1	c.11250T>C	p.Thr3750Thr	synonymous_variant	LOW	0.0360541	107.761	7116
2019-nCoV	11750	C	T	SNP	Heterozygous	orf1ab	QHD43415.1	1	c.11485C>T	p.Leu3829Phe	missense_variant	MODERATE	0.426	9704.41	21493
2019-nCoV	11760	A	G	SNP	Heterozygous	orf1ab	QHD43415.1	1	c.11495A>G	p.Lys3832Arg	missense_variant	MODERATE	0.041	87.404	21453
2019-nCoV	11914	A	G	SNP	Heterozygous	orf1ab	QHD43415.1	1	c.11649A>G	p.Ser3883Ser	synonymous_variant	LOW	0.057	217.774	26105
2019-nCoV	12030	A	G	SNP	Heterozygous	orf1ab	QHD43415.1	1	c.11765A>G	p.Gln3922Arg	missense_variant	MODERATE	0.047	205.822	5763
2019-nCoV	12160	G	A	SNP	Heterozygous	orf1ab	QHD43415.1	1	c.11895G>A	p.Glu3965Glu	synonymous_variant	LOW	0.590681	15594.5	10330
2019-nCoV	12310	G	A	SNP	Heterozygous	orf1ab	QHD43415.1	1	c.12045G>A	p.Gln4015Gln	synonymous_variant	LOW	0.0415	86.7975	20833
2019-nCoV	12444	A	G	SNP	Heterozygous	orf1ab	QHD43415.1	1	c.12179A>G	p.Asn4060Ser	missense_variant	MODERATE	0.138	1678.72	20918
2019-nCoV	12513	C	T	SNP	Heterozygous	orf1ab	QHD43415.1	1	c.12248C>T	p.Thr4083Met	missense_variant	MODERATE	0.0375	66.7515	27360
2019-nCoV	12880	C	T	SNP	Homozygous	orf1ab	QHD43415.1	1	c.12615C>T	p.Ile4205Ile	synonymous_variant	LOW	1.0	36207.9	21225
2019-nCoV	14257	T	C	SNP	Heterozygous	orf1ab	QHD43415.1	2	c.13993T>C	p.Tyr4665His	missense_variant	MODERATE	0.3998	7838.71	15939
2019-nCoV	14318	C	T	SNP	Heterozygous	orf1ab	QHD43415.1	2	c.14054C>T	p.Thr4685Ile	missense_variant	MODERATE	0.0265	43.1365	6173
2019-nCoV	14408	C	T	SNP	Homozygous	orf1ab	QHD43415.1	2	c.14144C>T	p.Pro4715Leu	missense_variant	MODERATE	1.0	33768.0	6299
2019-nCoV	14599	C	T	SNP	Heterozygous	orf1ab	QHD43415.1	2	c.14335C>T	p.Leu4779Leu	synonymous_variant	LOW	0.0390195	133.551	11364
2019-nCoV	15451	G	A	SNP	Heterozygous	orf1ab	QHD43415.1	2	c.15187G>A	p.Gly5063Ser	missense_variant	MODERATE	0.357858	7460.8	45422
2019-nCoV	15714	C	T	SNP	Homozygous	orf1ab	QHD43415.1	2	c.15450C>T	p.Leu5150Leu	synonymous_variant	LOW	0.9995	36265.1	43940
2019-nCoV	15738	C	T	SNP	Heterozygous	orf1ab	QHD43415.1	2	c.15474C>T	p.Phe5158Phe	synonymous_variant	LOW	0.252879	3648.88	43278
2019-nCoV	15939	T	C	SNP	Heterozygous	orf1ab	QHD43415.1	2	c.15675T>C	p.Asp5225Asp	synonymous_variant	LOW	0.194097	2875.8	26980
2019-nCoV	16342	T	C	SNP	Heterozygous	orf1ab	QHD43415.1	2	c.16078T>C	p.Ser5360Pro	missense_variant	MODERATE	0.261	4644.54	42149
2019-nCoV	16413	T	C	SNP	Heterozygous	orf1ab	QHD43415.1	2	c.16149T>C	p.Asp5383Asp	synonymous_variant	LOW	0.0485	224.395	57614
2019-nCoV	16616	C	A	SNP	Heterozygous	orf1ab	QHD43415.1	2	c.16352C>A	p.Thr5451Asn	missense_variant	MODERATE	0.0535	279.179	13963
2019-nCoV	16818	A	G	SNP	Heterozygous	orf1ab	QHD43415.1	2	c.16554A>G	p.Gln5518Gln	synonymous_variant	LOW	0.0370185	115.891	22904
2019-nCoV	16935	G	A	SNP	Heterozygous	orf1ab	QHD43415.1	2	c.16671G>A	p.Met5557Ile	missense_variant	MODERATE	0.401201	8881.05	36937
2019-nCoV	17039	A	G	SNP	Heterozygous	orf1ab	QHD43415.1	2	c.16775A>G	p.Asn5592Ser	missense_variant	MODERATE	0.326	5672.91	27534
2019-nCoV	17112	T	C	SNP	Heterozygous	orf1ab	QHD43415.1	2	c.16848T>C	p.Ala5616Ala	synonymous_variant	LOW	0.0345173	95.9017	16844
2019-nCoV	17304	C	T	SNP	Heterozygous	orf1ab	QHD43415.1	2	c.17040C>T	p.Val5680Val	synonymous_variant	LOW	0.0356784	106.269	63241
2019-nCoV	17410	C	T	SNP	Homozygous	orf1ab	QHD43415.1	2	c.17146C>T	p.Arg5716Cys	missense_variant	MODERATE	1.0	36393.5	41726
2019-nCoV	17678	C	T	SNP	Heterozygous	orf1ab	QHD43415.1	2	c.17414C>T	p.Thr5805Met	missense_variant	MODERATE	0.0805	481.113	22177
2019-nCoV	17859	T	C	SNP	Heterozygous	orf1ab	QHD43415.1	2	c.17595T>C	p.Tyr5865Tyr	synonymous_variant	LOW	0.2435	4175.41	14514
2019-nCoV	18163	A	G	SNP	Homozygous	orf1ab	QHD43415.1	2	c.17899A>G	p.Ile5967Val	missense_variant	MODERATE	0.988994	35498.5	12896
2019-nCoV	18252	C	T	SNP	Heterozygous	orf1ab	QHD43415.1	2	c.17988C>T	p.Asn5996Asn	synonymous_variant	LOW	0.0665333	316.373	14612
2019-nCoV	18465	T	C	SNP	Heterozygous	orf1ab	QHD43415.1	2	c.18201T>C	p.Pro6067Pro	synonymous_variant	LOW	0.0295148	61.2293	21685
2019-nCoV	18583	G	A	SNP	Heterozygous	orf1ab	QHD43415.1	2	c.18319G>A	p.Val6107Ile	missense_variant	MODERATE	0.0830415	681.853	19532
2019-nCoV	18647	C	T	SNP	Heterozygous	orf1ab	QHD43415.1	2	c.18383C>T	p.Pro6128Leu	missense_variant	MODERATE	0.0485	139.895	19809
2019-nCoV	18703	G	C	SNP	Heterozygous	orf1ab	QHD43415.1	2	c.18439G>C	p.Asp6147His	missense_variant	MODERATE	0.0385193	72.4554	8627
2019-nCoV	19021	G	A	SNP	Heterozygous	orf1ab	QHD43415.1	2	c.18757G>A	p.Val6253Ile	missense_variant	MODERATE	0.145073	1815.2	9643
2019-nCoV	19326	A	G	SNP	Heterozygous	orf1ab	QHD43415.1	2	c.19062A>G	p.Pro6354Pro	synonymous_variant	LOW	0.207812	3248.25	25911
2019-nCoV	19955	C	T	SNP	Homozygous	orf1ab	QHD43415.1	2	c.19691C>T	p.Thr6564Ile	missense_variant	MODERATE	0.994995	35838.5	35687
2019-nCoV	20055	A	G	SNP	Heterozygous	orf1ab	QHD43415.1	2	c.19791A>G	p.Glu6597Glu	synonymous_variant	LOW	0.973961	31847.0	24804
2019-nCoV	20235	C	T	SNP	Heterozygous	orf1ab	QHD43415.1	2	c.19971C>T	p.Pro6657Pro	synonymous_variant	LOW	0.0365365	111.205	7901
2019-nCoV	20741	A	G	SNP	Heterozygous	orf1ab	QHD43415.1	2	c.20477A>G	p.Gln6826Arg	missense_variant	MODERATE	0.0351759	98.9306	14511
2019-nCoV	21077	C	T	SNP	Heterozygous	orf1ab	QHD43415.1	2	c.20813C>T	p.Thr6938Ile	missense_variant	MODERATE	0.0613991	365.04	53382
2019-nCoV	21618	C	T	SNP	Homozygous	S	QHD43416.1	1	c.56C>T	p.Thr19Ile	missense_variant	MODERATE	0.996991	36074.8	11238
2019-nCoV	21632	TTACCCCCTG	T	DEL	Homozygous	S	QHD43416.1	1	c.71_79delTACCCCCTG	p.Leu24_Ala27delinsSer	disruptive_inframe_deletion	MODERATE	0.998488	35916.5	10985
2019-nCoV	21764	ATACATG	A	DEL	Heterozygous	S	QHD43416.1	1	c.204_209delACATGT	p.His69_Val70del	disruptive_inframe_deletion	MODERATE	0.757128	22366.5	9485
2019-nCoV	21786	G	T	SNP	Heterozygous	S	QHD43416.1	1	c.224G>T	p.Gly75Val	missense_variant	MODERATE	0.0315158	33.9832	9613
2019-nCoV	21811	C	T	SNP	Heterozygous	S	QHD43416.1	1	c.249C>T	p.Val83Val	synonymous_variant	LOW	0.061	258.147	3693
2019-nCoV	21987	G	A	SNP	Homozygous	S	QHD43416.1	1	c.425G>A	p.Gly142Asp	missense_variant	MODERATE	0.991992	33249.9	18201
2019-nCoV	21990	TTTA	T	DEL	Heterozygous	S	QHD43416.1	1	c.432_434delTTA	p.Tyr145del	disruptive_inframe_deletion	MODERATE	0.498483	11811.9	18019
2019-nCoV	22000	C	A	SNP	Heterozygous	S	QHD43416.1	1	c.438C>A	p.His146Gln	missense_variant	MODERATE	0.215827	2807.85	16752
2019-nCoV	22001	A	G	SNP	Heterozygous	S	QHD43416.1	1	c.439A>G	p.Lys147Glu	missense_variant	MODERATE	0.0856284	533.023	16752
2019-nCoV	22016	T	C	SNP	Heterozygous	S	QHD43416.1	1	c.454T>C	p.Trp152Arg	missense_variant	MODERATE	0.0890891	776.898	18316
2019-nCoV	22020	T	C	SNP	Heterozygous	S	QHD43416.1	1	c.458T>C	p.Met153Thr	missense_variant	MODERATE	0.0625626	389.475	18359
2019-nCoV	22033	C	A	SNP	Heterozygous	S	QHD43416.1	1	c.471C>A	p.Phe157Leu	missense_variant	MODERATE	0.0660991	436.002	26556
2019-nCoV	22054	T	G	SNP	Heterozygous	S	QHD43416.1	1	c.492T>G	p.Asn164Lys	missense_variant	MODERATE	0.065	299.63	26642
2019-nCoV	22200	T	A	SNP	Heterozygous	S	QHD43416.1	1	c.638T>A	p.Val213Glu	missense_variant	MODERATE	0.267267	35506.8	9671
2019-nCoV	22200	T	G	SNP	Heterozygous	S	QHD43416.1	1	c.638T>G	p.Val213Gly	missense_variant	MODERATE	0.724224	35506.8	9671
2019-nCoV	22295	C	A	SNP	Heterozygous	S	QHD43416.1	1	c.733C>A	p.His245Asn	missense_variant	MODERATE	0.0370185	114.335	19506
2019-nCoV	22317	G	T	SNP	Heterozygous	S	QHD43416.1	1	c.755G>T	p.Gly252Val	missense_variant	MODERATE	0.2275	3197.29	19432
2019-nCoV	22331	G	A	SNP	Heterozygous	S	QHD43416.1	1	c.769G>A	p.Gly257Ser	missense_variant	MODERATE	0.1065	845.388	9403
2019-nCoV	22332	G	A	SNP	Heterozygous	S	QHD43416.1	1	c.770G>A	p.Gly257Asp	missense_variant	MODERATE	0.0722166	519.83	9409
2019-nCoV	22576	TGG	CA	MIXED	Heterozygous	S	QHD43416.1	1	c.1014_1016delTGGinsCA	p.Gly339fs	frameshift_variant&missense_variant	HIGH	0.164819	32992.8	8626
2019-nCoV	22576	TGG	GA	MIXED	Heterozygous	S	QHD43416.1	1	c.1014_1016delTGGinsGA	p.Phe338fs	frameshift_variant&missense_variant	HIGH	0.805948	32992.8	8626
2019-nCoV	22599	G	C	SNP	Heterozygous	S	QHD43416.1	1	c.1037G>C	p.Arg346Thr	missense_variant	MODERATE	0.668334	18917.2	3052
2019-nCoV	22600	A	C	SNP	Heterozygous	S	QHD43416.1	1	c.1038A>C	p.Arg346Ser	missense_variant	MODERATE	0.0215	20.1584	3055
2019-nCoV	22629	A	C	SNP	Heterozygous	S	QHD43416.1	1	c.1067A>C	p.Lys356Thr	missense_variant	MODERATE	0.0320641	77.6272	4304
2019-nCoV	22664	C	A	SNP	Heterozygous	S	QHD43416.1	1	c.1102C>A	p.Leu368Ile	missense_variant	MODERATE	0.207	3239.79	4315
2019-nCoV	22674	C	T	SNP	Homozygous	S	QHD43416.1	1	c.1112C>T	p.Ser371Phe	missense_variant	MODERATE	0.997998	33403.8	4193
2019-nCoV	22679	T	C	SNP	Homozygous	S	QHD43416.1	1	c.1117T>C	p.Ser373Pro	missense_variant	MODERATE	0.9985	33288.0	4120
2019-nCoV	22686	CCA	TCG	MNP	Homozygous	S	QHD43416.1	1	c.1124_1126delCCAinsTCG	p.SerThr375PheAla	missense_variant	MODERATE	1.0	19498.9	1479
2019-nCoV	22775	G	A	SNP	Homozygous	S	QHD43416.1	1	c.1213G>A	p.Asp405Asn	missense_variant	MODERATE	0.999139	19541.4	1161
2019-nCoV	22786	A	C	SNP	Homozygous	S	QHD43416.1	1	c.1224A>C	p.Arg408Ser	missense_variant	MODERATE	0.99913	11403.4	1152
2019-nCoV	22813	G	T	SNP	Homozygous	S	QHD43416.1	1	c.1251G>T	p.Lys417Asn	missense_variant	MODERATE	1.0	33829.2	20228
2019-nCoV	22882	T	G	SNP	Homozygous	S	QHD43416.1	1	c.1320T>G	p.Asn440Lys	missense_variant	MODERATE	0.998998	19790.5	27345
2019-nCoV	22893	A	C	SNP	Heterozygous	S	QHD43416.1	1	c.1331A>C	p.Lys444Thr	missense_variant	MODERATE	0.430085	21112.7	26838
2019-nCoV	22910	A	G	SNP	Heterozygous	S	QHD43416.1	1	c.1348A>G	p.Asn450Asp	missense_variant	MODERATE	0.105871	1058.36	26514
2019-nCoV	22916	C	A	SNP	Heterozygous	S	QHD43416.1	1	c.1354C>A	p.Leu452Met	missense_variant	MODERATE	0.0505	245.469	26499
2019-nCoV	22917	T	G	SNP	Heterozygous	S	QHD43416.1	1	c.1355T>G	p.Leu452Arg	missense_variant	MODERATE	0.718218	21023.6	26470
2019-nCoV	22942	T	A	SNP	Heterozygous	S	QHD43416.1	1	c.1380T>A	p.Asn460Lys	missense_variant	MODERATE	0.424212	22423.5	25751
2019-nCoV	22942	T	G	SNP	Heterozygous	S	QHD43416.1	1	c.1380T>G	p.Asn460Lys	missense_variant	MODERATE	0.325663	22423.5	25751
2019-nCoV	22992	GCAC	ACAA	MNP	Homozygous	S	QHD43416.1	1	c.1430_1433delGCACinsACAA	p.SerThr477AsnLys	missense_variant	MODERATE	1.0	36045.3	7456
2019-nCoV	23012	GA	AG	MNP	Heterozygous	S	QHD43416.1	1	c.1450_1451delGAinsAG	p.Glu484Arg	missense_variant	MODERATE	0.0201309	19712.3	17298
2019-nCoV	23013	A	C	SNP	Heterozygous	S	QHD43416.1	1	c.1451A>C	p.Glu484Ala	missense_variant	MODERATE	0.978863	19712.3	17298
2019-nCoV	23018	T	G	SNP	Heterozygous	S	QHD43416.1	1	c.1456T>G	p.Phe486Val	missense_variant	MODERATE	0.75527	22140.0	17449
2019-nCoV	23019	T	C	SNP	Heterozygous	S	QHD43416.1	1	c.1457T>C	p.Phe486Ser	missense_variant	MODERATE	0.185093	2715.61	17449
2019-nCoV	23031	T	C	SNP	Heterozygous	S	QHD43416.1	1	c.1469T>C	p.Phe490Ser	missense_variant	MODERATE	0.203602	3160.8	17581
2019-nCoV	23055	A	G	SNP	Homozygous	S	QHD43416.1	1	c.1493A>G	p.Gln498Arg	missense_variant	MODERATE	0.994464	35653.3	10206
2019-nCoV	23063	A	T	SNP	Homozygous	S	QHD43416.1	1	c.1501A>T	p.Asn501Tyr	missense_variant	MODERATE	0.993	33029.0	10318
2019-nCoV	23075	T	C	SNP	Homozygous	S	QHD43416.1	1	c.1513T>C	p.Tyr505His	missense_variant	MODERATE	0.998998	19838.8	10495
2019-nCoV	23188	C	T	SNP	Heterozygous	S	QHD43416.1	1	c.1626C>T	p.Asn542Asn	synonymous_variant	LOW	0.100251	749.882	19911
2019-nCoV	23403	A	G	SNP	Homozygous	S	QHD43416.1	1	c.1841A>G	p.Asp614Gly	missense_variant	MODERATE	0.999499	35833.4	40461
2019-nCoV	23525	C	T	SNP	Homozygous	S	QHD43416.1	1	c.1963C>T	p.His655Tyr	missense_variant	MODERATE	1.0	33774.2	72419
2019-nCoV	23535	A	G	SNP	Heterozygous	S	QHD43416.1	1	c.1973A>G	p.Asn658Ser	missense_variant	MODERATE	0.0345	95.7493	72494
2019-nCoV	23558	A	G	SNP	Heterozygous	S	QHD43416.1	1	c.1996A>G	p.Ile666Val	missense_variant	MODERATE	0.021021	18.4046	56284
2019-nCoV	23579	A	G	SNP	Heterozygous	S	QHD43416.1	1	c.2017A>G	p.Ser673Gly	missense_variant	MODERATE	0.144	1803.53	56511
2019-nCoV	23599	T	G	SNP	Homozygous	S	QHD43416.1	1	c.2037T>G	p.Asn679Lys	missense_variant	MODERATE	0.998999	36344.5	90232
2019-nCoV	23604	C	A	SNP	Homozygous	S	QHD43416.1	1	c.2042C>A	p.Pro681His	missense_variant	MODERATE	0.998497	19814.8	90260
2019-nCoV	23854	C	A	SNP	Homozygous	S	QHD43416.1	1	c.2292C>A	p.Asn764Lys	missense_variant	MODERATE	0.997479	33086.3	17982
2019-nCoV	23948	GATTTTG	TATTT	MIXED	Heterozygous	S	QHD43416.1	1	c.2386_2392delGATTTTGinsTATTT	p.Asp796fs	frameshift_variant&missense_variant	HIGH	0.0635524	31003.6	15040
2019-nCoV	23948	G	T	SNP	Heterozygous	S	QHD43416.1	1	c.2386G>T	p.Asp796Tyr	missense_variant	MODERATE	0.936448	31003.6	15040
2019-nCoV	24210	C	T	SNP	Heterozygous	S	QHD43416.1	1	c.2648C>T	p.Thr883Ile	missense_variant	MODERATE	0.137137	1345.09	17402
2019-nCoV	24424	A	T	SNP	Homozygous	S	QHD43416.1	1	c.2862A>T	p.Gln954His	missense_variant	MODERATE	0.991996	35698.8	25340
2019-nCoV	24469	T	A	SNP	Homozygous	S	QHD43416.1	1	c.2907T>A	p.Asn969Lys	missense_variant	MODERATE	0.9965	31301.5	37573
2019-nCoV	25000	C	T	SNP	Homozygous	S	QHD43416.1	1	c.3438C>T	p.Asp1146Asp	synonymous_variant	LOW	0.997997	36081.2	27571
2019-nCoV	25171	T	C	SNP	Heterozygous	S	QHD43416.1	1	c.3609T>C	p.Leu1203Leu	synonymous_variant	LOW	0.0496489	236.272	36450
2019-nCoV	25416	C	T	SNP	Heterozygous	ORF3a	QHD43417.1	1	c.24C>T	p.Phe8Phe	synonymous_variant	LOW	0.308963	5926.02	26160
2019-nCoV	25459	G	T	SNP	Heterozygous	ORF3a	QHD43417.1	1	c.67G>T	p.Ala23Ser	missense_variant	MODERATE	0.039	132.675	25324
2019-nCoV	25567	G	A	SNP	Heterozygous	ORF3a	QHD43417.1	1	c.175G>A	p.Ala59Thr	missense_variant	MODERATE	0.0375188	119.579	68474
2019-nCoV	25584	C	T	SNP	Homozygous	ORF3a	QHD43417.1	1	c.192C>T	p.Thr64Thr	synonymous_variant	LOW	0.99499	35882.2	68193
2019-nCoV	25614	C	T	SNP	Heterozygous	ORF3a	QHD43417.1	1	c.222C>T	p.Ser74Ser	synonymous_variant	LOW	0.059769	353.269	87600
2019-nCoV	25810	C	T	SNP	Heterozygous	ORF3a	QHD43417.1	1	c.418C>T	p.Leu140Phe	missense_variant	MODERATE	0.0658895	403.59	15520
2019-nCoV	26060	C	T	SNP	Homozygous	ORF3a	QHD43417.1	1	c.668C>T	p.Thr223Ile	missense_variant	MODERATE	0.999499	33813.6	27895
2019-nCoV	26160	T	C	SNP	Heterozygous	ORF3a	QHD43417.1	1	c.768T>C	p.Val256Val	synonymous_variant	LOW	0.1825	2645.47	17068
2019-nCoV	26270	C	T	SNP	Homozygous	E	QHD43418.1	1	c.26C>T	p.Thr9Ile	missense_variant	MODERATE	0.998998	33718.4	61248
2019-nCoV	26275	A	G	SNP	Heterozygous	E	QHD43418.1	1	c.31A>G	p.Thr11Ala	missense_variant	MODERATE	0.266133	4784.03	61045
2019-nCoV	26459	A	G	SNP	Heterozygous	E	QHD43418.1	1	c.215A>G	p.Asp72Gly	missense_variant	MODERATE	0.0335	87.4327	10912
2019-nCoV	26529	G	A	SNP	Heterozygous	M	QHD43419.1	1	c.7G>A	p.Asp3Asn	missense_variant	MODERATE	0.506	12512.5	12371
2019-nCoV	26543	T	C	SNP	Heterozygous	M	QHD43419.1	1	c.21T>C	p.Thr7Thr	synonymous_variant	LOW	0.03003	64.298	6458
2019-nCoV	26577	C	G	SNP	Homozygous	M	QHD43419.1	1	c.55C>G	p.Gln19Glu	missense_variant	MODERATE	1.0	33957.8	6120
2019-nCoV	26709	G	A	SNP	Homozygous	M	QHD43419.1	1	c.187G>A	p.Ala63Thr	missense_variant	MODERATE	0.997999	36252.9	21821
2019-nCoV	26858	C	T	SNP	Heterozygous	M	QHD43419.1	1	c.336C>T	p.Phe112Phe	synonymous_variant	LOW	0.405203	8992.86	34805
2019-nCoV	27012	C	T	SNP	Heterozygous	M	QHD43419.1	1	c.490C>T	p.Leu164Leu	synonymous_variant	LOW	0.0525	176.266	41813
2019-nCoV	27038	A	G	SNP	Heterozygous	M	QHD43419.1	1	c.516A>G	p.Thr172Thr	synonymous_variant	LOW	0.0705353	497.371	6537
2019-nCoV	27259	A	C	SNP	Heterozygous	ORF6	QHD43420.1	1	c.58A>C	p.Arg20Arg	synonymous_variant	LOW	0.454227	10656.8	17724
2019-nCoV	27382	GAT	CTC	MNP	Heterozygous	ORF6	QHD43420.1	1	c.181_183delGATinsCTC	p.Asp61Leu	missense_variant	MODERATE	0.471479	11154.3	5262
2019-nCoV	27438	T	C	SNP	Heterozygous	ORF7a	QHD43421.1	1	c.45T>C	p.Cys15Cys	synonymous_variant	LOW	0.047	131.178	14354
2019-nCoV	27513	C	T	SNP	Heterozygous	ORF7a	QHD43421.1	1	c.120C>T	p.Tyr40Tyr	synonymous_variant	LOW	0.104552	1039.77	31551
2019-nCoV	27676	G	T	SNP	Heterozygous	ORF7a	QHD43421.1	1	c.283G>T	p.Glu95*	stop_gained	HIGH	0.0385578	126.398	38760
2019-nCoV	27788	G	T	SNP	Heterozygous	ORF8	QHD43422.1	-1	c.-106G>T	.	upstream_gene_variant	MODIFIER	0.0399393	140.271	35620
2019-nCoV	27807	C	T	SNP	Homozygous	ORF8	QHD43422.1	-1	c.-87C>T	.	upstream_gene_variant	MODIFIER	0.998498	36295.2	35967
2019-nCoV	27866	T	C	SNP	Heterozygous	ORF8	QHD43422.1	-1	c.-28T>C	.	upstream_gene_variant	MODIFIER	0.0885886	764.068	17405
2019-nCoV	27889	C	T	SNP	Heterozygous	ORF8	QHD43422.1	-1	c.-5C>T	.	upstream_gene_variant	MODIFIER	0.552776	14263.3	17306
2019-nCoV	27915	G	T	SNP	Heterozygous	ORF8	QHD43422.1	1	c.22G>T	p.Gly8*	stop_gained	HIGH	0.3605	7572.83	41605
2019-nCoV	27945	C	T	SNP	Heterozygous	ORF8	QHD43422.1	1	c.52C>T	p.Gln18*	stop_gained	HIGH	0.0265	43.3377	24986
2019-nCoV	28271	A	T	SNP	Heterozygous	N	QHD43423.2	-1	c.-3A>T	.	upstream_gene_variant	MODIFIER	0.960222	30330.1	68386
2019-nCoV	28311	C	T	SNP	Heterozygous	N	QHD43423.2	1	c.38C>T	p.Pro13Leu	missense_variant	MODERATE	0.575879	36253.0	68319
2019-nCoV	28311	CC	TT	MNP	Heterozygous	N	QHD43423.2	1	c.38_39delCCinsTT	p.Pro13Leu	missense_variant	MODERATE	0.424121	36253.0	68319
2019-nCoV	28330	A	G	SNP	Heterozygous	N	QHD43423.2	1	c.57A>G	p.Gly19Gly	synonymous_variant	LOW	0.10961	1119.27	66448
2019-nCoV	28361	GGAGAACGCA	G	DEL	Heterozygous	N	QHD43423.2	1	c.90_98delAGAACGCAG	p.Glu31_Ser33del	disruptive_inframe_deletion	MODERATE	0.959694	35495.5	15425
2019-nCoV	28361	GGAGAACGCAG	TT	MIXED	Heterozygous	N	QHD43423.2	1	c.88_98delGGAGAACGCAGinsTT	p.Gly30_Ser33delinsPhe	missense_variant&disruptive_inframe_deletion	MODERATE	0.0403061	35495.5	15425
2019-nCoV	28550	C	A	SNP	Heterozygous	N	QHD43423.2	1	c.277C>A	p.Arg93Arg	synonymous_variant	LOW	0.0961442	883.745	47555
2019-nCoV	28636	T	C	SNP	Heterozygous	N	QHD43423.2	1	c.363T>C	p.Leu121Leu	synonymous_variant	LOW	0.031	31.2777	22254
2019-nCoV	28681	G	T	SNP	Heterozygous	N	QHD43423.2	1	c.408G>T	p.Glu136Asp	missense_variant	MODERATE	0.396897	8710.04	73950
2019-nCoV	28724	CCT	TCC	MNP	Heterozygous	N	QHD43423.2	1	c.451_453delCCTinsTCC	p.Pro151Ser	missense_variant	MODERATE	0.030102	63.6226	74349
2019-nCoV	28881	GGG	AAC	MNP	Homozygous	N	QHD43423.2	1	c.608_610delGGGinsAAC	p.ArgGly203LysArg	missense_variant	MODERATE	1.0	33382.9	24748
2019-nCoV	29510	A	C	SNP	Homozygous	N	QHD43423.2	1	c.1237A>C	p.Ser413Arg	missense_variant	MODERATE	0.997994	33532.0	6561
2019-nCoV	29666	C	T	SNP	Heterozygous	ORF10	QHI42199.1	1	c.109C>T	p.Leu37Phe	missense_variant	MODERATE	0.0875	748.634	7563
2019-nCoV	29700	A	G	SNP	Heterozygous	S	QHD43416.1	-1	c.*4316A>G	.	downstream_gene_variant	MODIFIER	0.116851	1231.93	7445
2019-nCoV	29733	CGAGGCCACGCGGAGTACGATCGAGTG	C	DEL	Homozygous	S	QHD43416.1	-1	c.*4350_*4375delGAGGCCACGCGGAGTACGATCGAGTG	.	downstream_gene_variant	MODIFIER	0.981209	35781.4	6074
2019-nCoV	29758	TG	CC	MNP	Homozygous	S	QHD43416.1	-1	c.*4374_*4375delTGinsCC	.	downstream_gene_variant	MODIFIER	0.997487	30279.6	21
