CHROM	POS	REF	ALT	VARTYPE	GEN[*].GT	ANN[*].GENE	ANN[*].FEATUREID	EFF[*].RANK	ANN[*].HGVS_C	ANN[*].HGVS_P	ANN[*].EFFECT	EFF[*].IMPACT	AF	QUAL	DP
2019-nCoV	210	G	T	SNP	Heterozygous	orf1ab	QHD43415.1	-1	c.-56G>T	.	upstream_gene_variant	MODIFIER	0.646617	4007.22	56946
2019-nCoV	241	C	T	SNP	Homozygous	orf1ab	QHD43415.1	-1	c.-25C>T	.	upstream_gene_variant	MODIFIER	1.0	7792.96	16374
2019-nCoV	2832	A	G	SNP	Heterozygous	orf1ab	QHD43415.1	1	c.2567A>G	p.Lys856Arg	missense_variant	MODERATE	0.481203	2656.76	45869
2019-nCoV	3037	C	T	SNP	Homozygous	orf1ab	QHD43415.1	1	c.2772C>T	p.Phe924Phe	synonymous_variant	LOW	1.0	7268.04	39089
2019-nCoV	4181	G	T	SNP	Heterozygous	orf1ab	QHD43415.1	1	c.3916G>T	p.Ala1306Ser	missense_variant	MODERATE	0.609023	3685.49	16924
2019-nCoV	5386	T	G	SNP	Heterozygous	orf1ab	QHD43415.1	1	c.5121T>G	p.Ala1707Ala	synonymous_variant	LOW	0.354271	1700.09	21997
2019-nCoV	6402	C	T	SNP	Heterozygous	orf1ab	QHD43415.1	1	c.6137C>T	p.Pro2046Leu	missense_variant	MODERATE	0.7075	4630.85	43080
2019-nCoV	6512	AGTT	A	DEL	Heterozygous	orf1ab	QHD43415.1	1	c.6248_6250delGTT	p.Ser2083_Leu2084delinsIle	disruptive_inframe_deletion	MODERATE	0.404523	1992.07	31928
2019-nCoV	7124	C	T	SNP	Heterozygous	orf1ab	QHD43415.1	1	c.6859C>T	p.Pro2287Ser	missense_variant	MODERATE	0.5375	3122.73	12220
2019-nCoV	7851	C	T	SNP	Heterozygous	orf1ab	QHD43415.1	1	c.7586C>T	p.Ala2529Val	missense_variant	MODERATE	0.1875	670.714	31750
2019-nCoV	8393	G	A	SNP	Heterozygous	orf1ab	QHD43415.1	1	c.8128G>A	p.Ala2710Thr	missense_variant	MODERATE	0.328321	1551.04	31505
2019-nCoV	8986	C	T	SNP	Heterozygous	orf1ab	QHD43415.1	1	c.8721C>T	p.Asp2907Asp	synonymous_variant	LOW	0.515	2833.6	20047
2019-nCoV	9053	G	T	SNP	Heterozygous	orf1ab	QHD43415.1	1	c.8788G>T	p.Val2930Leu	missense_variant	MODERATE	0.5025	2823.1	11367
2019-nCoV	10029	C	T	SNP	Heterozygous	orf1ab	QHD43415.1	1	c.9764C>T	p.Thr3255Ile	missense_variant	MODERATE	0.99	7830.97	29361
2019-nCoV	11201	A	G	SNP	Heterozygous	orf1ab	QHD43415.1	1	c.10936A>G	p.Thr3646Ala	missense_variant	MODERATE	0.7875	5403.98	35375
2019-nCoV	11282	AGTTTGTCTG	A	DEL	Heterozygous	orf1ab	QHD43415.1	1	c.11022_11030delGTCTGGTTT	p.Leu3674_Gly3676del	disruptive_inframe_deletion	MODERATE	0.269231	1067.72	40320
2019-nCoV	11332	A	G	SNP	Heterozygous	orf1ab	QHD43415.1	1	c.11067A>G	p.Val3689Val	synonymous_variant	LOW	0.716792	4702.03	40815
2019-nCoV	11537	A	G	SNP	Heterozygous	orf1ab	QHD43415.1	1	c.11272A>G	p.Ile3758Val	missense_variant	MODERATE	0.3	1363.7	28961
2019-nCoV	13195	T	C	SNP	Heterozygous	orf1ab	QHD43415.1	1	c.12930T>C	p.Val4310Val	synonymous_variant	LOW	0.2675	1157.03	45715
2019-nCoV	14408	C	T	SNP	Heterozygous	orf1ab	QHD43415.1	2	c.14144C>T	p.Pro4715Leu	missense_variant	MODERATE	0.985	7707.82	5271
2019-nCoV	15240	C	T	SNP	Heterozygous	orf1ab	QHD43415.1	2	c.14976C>T	p.Asn4992Asn	synonymous_variant	LOW	0.225	895.552	37641
2019-nCoV	15451	G	A	SNP	Heterozygous	orf1ab	QHD43415.1	2	c.15187G>A	p.Gly5063Ser	missense_variant	MODERATE	0.706767	4601.05	71451
2019-nCoV	15952	C	A	SNP	Heterozygous	orf1ab	QHD43415.1	2	c.15688C>A	p.Leu5230Ile	missense_variant	MODERATE	0.195489	733.804	50938
2019-nCoV	16466	C	T	SNP	Heterozygous	orf1ab	QHD43415.1	2	c.16202C>T	p.Pro5401Leu	missense_variant	MODERATE	0.65	4092.55	24836
2019-nCoV	18163	A	G	SNP	Heterozygous	orf1ab	QHD43415.1	2	c.17899A>G	p.Ile5967Val	missense_variant	MODERATE	0.3925	2000.98	16879
2019-nCoV	18744	C	T	SNP	Heterozygous	orf1ab	QHD43415.1	2	c.18480C>T	p.Tyr6160Tyr	synonymous_variant	LOW	0.1625	559.322	11112
2019-nCoV	19220	C	T	SNP	Heterozygous	orf1ab	QHD43415.1	2	c.18956C>T	p.Ala6319Val	missense_variant	MODERATE	0.66	4167.51	38109
2019-nCoV	21618	C	G	SNP	Heterozygous	S	QHD43416.1	1	c.56C>G	p.Thr19Arg	missense_variant	MODERATE	0.646465	4018.58	21595
2019-nCoV	21762	CTATACATG	TTA	MIXED	Heterozygous	S	QHD43416.1	1	c.200_208delCTATACATGinsTTA	p.Ala67_Val70delinsValIle	missense_variant&disruptive_inframe_deletion	MODERATE	0.361323	1726.15	13466
2019-nCoV	21817	AT	A	DEL	Heterozygous	S	QHD43416.1	1	c.258delT	p.Phe86fs	frameshift_variant	HIGH	0.553885	912.392	848
2019-nCoV	21846	C	T	SNP	Heterozygous	S	QHD43416.1	1	c.284C>T	p.Thr95Ile	missense_variant	MODERATE	0.38	1909.37	909
2019-nCoV	21987	G	A	SNP	Homozygous	S	QHD43416.1	1	c.425G>A	p.Gly142Asp	missense_variant	MODERATE	0.995	7907.12	17181
2019-nCoV	22028	GAGTTCA	G	DEL	Heterozygous	S	QHD43416.1	1	c.467_472delAGTTCA	p.Glu156_Arg158delinsGly	disruptive_inframe_deletion	MODERATE	0.979849	7566.26	36675
2019-nCoV	22193	AATT	A	DEL	Heterozygous	S	QHD43416.1	1	c.632_634delATT	p.Asn211_Leu212delinsIle	disruptive_inframe_deletion	MODERATE	0.29798	1328.29	16322
2019-nCoV	22204	T	TGAGCCAGAA	INS	Heterozygous	S	QHD43416.1	1	c.644_645insGCCAGAAGA	p.Arg214_Asp215insGluProGlu	disruptive_inframe_insertion	MODERATE	0.2575	1080.96	16521
2019-nCoV	22578	G	A	SNP	Heterozygous	S	QHD43416.1	1	c.1016G>A	p.Gly339Asp	missense_variant	MODERATE	0.298246	1345.3	20619
2019-nCoV	22673	TC	CT	MNP	Heterozygous	S	QHD43416.1	1	c.1111_1112delTCinsCT	p.Ser371Leu	missense_variant	MODERATE	0.157895	535.015	9689
2019-nCoV	22679	T	C	SNP	Heterozygous	S	QHD43416.1	1	c.1117T>C	p.Ser373Pro	missense_variant	MODERATE	0.19	701.647	9563
2019-nCoV	22686	C	T	SNP	Heterozygous	S	QHD43416.1	1	c.1124C>T	p.Ser375Phe	missense_variant	MODERATE	0.341772	1381.01	1248
2019-nCoV	22813	G	T	SNP	Heterozygous	S	QHD43416.1	1	c.1251G>T	p.Lys417Asn	missense_variant	MODERATE	0.3125	1447.84	45627
2019-nCoV	22882	T	G	SNP	Heterozygous	S	QHD43416.1	1	c.1320T>G	p.Asn440Lys	missense_variant	MODERATE	0.283208	1256.29	54796
2019-nCoV	22898	G	A	SNP	Heterozygous	S	QHD43416.1	1	c.1336G>A	p.Gly446Ser	missense_variant	MODERATE	0.285	1270.17	54592
2019-nCoV	22917	T	G	SNP	Heterozygous	S	QHD43416.1	1	c.1355T>G	p.Leu452Arg	missense_variant	MODERATE	0.715	4702.3	54345
2019-nCoV	22992	GCAC	ACAA	MNP	Heterozygous	S	QHD43416.1	1	c.1430_1433delGCACinsACAA	p.SerThr477AsnLys	missense_variant	MODERATE	0.2267	7887.66	8919
2019-nCoV	22995	C	A	SNP	Heterozygous	S	QHD43416.1	1	c.1433C>A	p.Thr478Lys	missense_variant	MODERATE	0.7733	7887.66	8919
2019-nCoV	23013	A	C	SNP	Heterozygous	S	QHD43416.1	1	c.1451A>C	p.Glu484Ala	missense_variant	MODERATE	0.2075	802.853	9199
2019-nCoV	23040	A	G	SNP	Heterozygous	S	QHD43416.1	1	c.1478A>G	p.Gln493Arg	missense_variant	MODERATE	0.193955	722.236	8350
2019-nCoV	23202	C	A	SNP	Heterozygous	S	QHD43416.1	1	c.1640C>A	p.Thr547Lys	missense_variant	MODERATE	0.265	1105.55	10153
2019-nCoV	23403	A	G	SNP	Homozygous	S	QHD43416.1	1	c.1841A>G	p.Asp614Gly	missense_variant	MODERATE	1.0	7804.63	70019
2019-nCoV	23525	C	T	SNP	Heterozygous	S	QHD43416.1	1	c.1963C>T	p.His655Tyr	missense_variant	MODERATE	0.3325	1578.02	89487
2019-nCoV	23599	T	G	SNP	Heterozygous	S	QHD43416.1	1	c.2037T>G	p.Asn679Lys	missense_variant	MODERATE	0.298246	1351.77	97701
2019-nCoV	23604	C	A	SNP	Heterozygous	S	QHD43416.1	1	c.2042C>A	p.Pro681His	missense_variant	MODERATE	0.2725	7956.11	97823
2019-nCoV	23604	C	G	SNP	Heterozygous	S	QHD43416.1	1	c.2042C>G	p.Pro681Arg	missense_variant	MODERATE	0.725	7956.11	97823
2019-nCoV	23854	C	A	SNP	Heterozygous	S	QHD43416.1	1	c.2292C>A	p.Asn764Lys	missense_variant	MODERATE	0.345	1640.91	14806
2019-nCoV	23948	G	T	SNP	Heterozygous	S	QHD43416.1	1	c.2386G>T	p.Asp796Tyr	missense_variant	MODERATE	0.345865	1671.19	13227
2019-nCoV	24130	C	A	SNP	Heterozygous	S	QHD43416.1	1	c.2568C>A	p.Asn856Lys	missense_variant	MODERATE	0.200501	763.945	14286
2019-nCoV	24410	G	A	SNP	Heterozygous	S	QHD43416.1	1	c.2848G>A	p.Asp950Asn	missense_variant	MODERATE	0.801508	5366.91	15529
2019-nCoV	24424	A	T	SNP	Heterozygous	S	QHD43416.1	1	c.2862A>T	p.Gln954His	missense_variant	MODERATE	0.4675	2546.75	15718
2019-nCoV	24469	T	A	SNP	Heterozygous	S	QHD43416.1	1	c.2907T>A	p.Asn969Lys	missense_variant	MODERATE	0.491228	2681.96	33145
2019-nCoV	24503	C	T	SNP	Heterozygous	S	QHD43416.1	1	c.2941C>T	p.Leu981Phe	missense_variant	MODERATE	0.42	2186.79	34500
2019-nCoV	25000	C	T	SNP	Heterozygous	S	QHD43416.1	1	c.3438C>T	p.Asp1146Asp	synonymous_variant	LOW	0.445	2389.73	32880
2019-nCoV	25469	C	T	SNP	Heterozygous	ORF3a	QHD43417.1	1	c.77C>T	p.Ser26Leu	missense_variant	MODERATE	0.687657	4179.42	21416
2019-nCoV	25584	C	T	SNP	Heterozygous	ORF3a	QHD43417.1	1	c.192C>T	p.Thr64Thr	synonymous_variant	LOW	0.233083	949.42	41838
2019-nCoV	26270	C	T	SNP	Heterozygous	E	QHD43418.1	1	c.26C>T	p.Thr9Ile	missense_variant	MODERATE	0.35589	1730.28	64368
2019-nCoV	26530	A	G	SNP	Heterozygous	M	QHD43419.1	1	c.8A>G	p.Asp3Gly	missense_variant	MODERATE	0.28	1239.03	20449
2019-nCoV	26577	C	G	SNP	Heterozygous	M	QHD43419.1	1	c.55C>G	p.Gln19Glu	missense_variant	MODERATE	0.205	787.986	10114
2019-nCoV	26709	G	A	SNP	Heterozygous	M	QHD43419.1	1	c.187G>A	p.Ala63Thr	missense_variant	MODERATE	0.157895	534.631	25051
2019-nCoV	26767	T	C	SNP	Heterozygous	M	QHD43419.1	1	c.245T>C	p.Ile82Thr	missense_variant	MODERATE	0.8025	5553.51	24980
2019-nCoV	27259	A	C	SNP	Heterozygous	ORF6	QHD43420.1	1	c.58A>C	p.Arg20Arg	synonymous_variant	LOW	0.177945	634.547	20705
2019-nCoV	27638	T	C	SNP	Heterozygous	ORF7a	QHD43421.1	1	c.245T>C	p.Val82Ala	missense_variant	MODERATE	0.700252	4532.49	45705
2019-nCoV	27752	C	T	SNP	Heterozygous	ORF7a	QHD43421.1	1	c.359C>T	p.Thr120Ile	missense_variant	MODERATE	0.685	4357.29	47542
2019-nCoV	27807	C	T	SNP	Heterozygous	ORF8	QHD43422.1	-1	c.-87C>T	.	upstream_gene_variant	MODIFIER	0.3225	1516.23	49889
2019-nCoV	27874	C	T	SNP	Heterozygous	ORF8	QHD43422.1	-1	c.-20C>T	.	upstream_gene_variant	MODIFIER	0.649123	3863.68	40609
2019-nCoV	28247	AGATTTC	A	DEL	Heterozygous	ORF8	QHD43422.1	1	c.355_360delGATTTC	p.Asp119_Phe120del	conservative_inframe_deletion	MODERATE	0.650919	3852.77	36553
2019-nCoV	28270	TA	T	DEL	Heterozygous	N	QHD43423.2	-1	c.-3delA	.	upstream_gene_variant	MODIFIER	0.769036	5907.19	66015
2019-nCoV	28271	A	T	SNP	Heterozygous	N	QHD43423.2	-1	c.-3A>T	.	upstream_gene_variant	MODIFIER	0.230964	5907.19	66015
2019-nCoV	28299	A	T	SNP	Heterozygous	N	QHD43423.2	1	c.26A>T	p.Gln9Leu	missense_variant	MODERATE	0.2025	766.087	66687
2019-nCoV	28311	C	T	SNP	Heterozygous	N	QHD43423.2	1	c.38C>T	p.Pro13Leu	missense_variant	MODERATE	0.2425	1005.75	66887
2019-nCoV	28361	GGAGAACGCA	G	DEL	Heterozygous	N	QHD43423.2	1	c.90_98delAGAACGCAG	p.Glu31_Ser33del	disruptive_inframe_deletion	MODERATE	0.307895	1328.98	26787
2019-nCoV	28461	A	G	SNP	Heterozygous	N	QHD43423.2	1	c.188A>G	p.Asp63Gly	missense_variant	MODERATE	0.786432	5359.98	17393
2019-nCoV	28881	GGG	AAC	MNP	Heterozygous	N	QHD43423.2	1	c.608_610delGGGinsAAC	p.ArgGly203LysArg	missense_variant	MODERATE	0.308861	7594.79	26354
2019-nCoV	28881	G	T	SNP	Heterozygous	N	QHD43423.2	1	c.608G>T	p.Arg203Met	missense_variant	MODERATE	0.681013	7594.79	26354
2019-nCoV	28916	G	T	SNP	Heterozygous	N	QHD43423.2	1	c.643G>T	p.Gly215Cys	missense_variant	MODERATE	0.7175	4727.02	58394
2019-nCoV	29402	G	T	SNP	Heterozygous	N	QHD43423.2	1	c.1129G>T	p.Asp377Tyr	missense_variant	MODERATE	0.767677	5149.18	20268
2019-nCoV	29742	G	T	SNP	Heterozygous	S	QHD43416.1	-1	c.*4358G>T	.	downstream_gene_variant	MODIFIER	0.5125	2920.69	2679
