CHROM	POS	REF	ALT	VARTYPE	GEN[*].GT	ANN[*].GENE	ANN[*].FEATUREID	EFF[*].RANK	ANN[*].HGVS_C	ANN[*].HGVS_P	ANN[*].EFFECT	EFF[*].IMPACT	AF	QUAL	DP
2019-nCoV	44	C	T	SNP	Homozygous	orf1ab	QHD43415.1	-1	c.-222C>T	.	upstream_gene_variant	MODIFIER	0.990495	32283.2	87421
2019-nCoV	173	C	T	SNP	Heterozygous	orf1ab	QHD43415.1	-1	c.-93C>T	.	upstream_gene_variant	MODIFIER	0.028028	51.8104	89053
2019-nCoV	241	C	T	SNP	Homozygous	orf1ab	QHD43415.1	-1	c.-25C>T	.	upstream_gene_variant	MODIFIER	1.0	33321.7	4734
2019-nCoV	245	C	T	SNP	Heterozygous	orf1ab	QHD43415.1	-1	c.-21C>T	.	upstream_gene_variant	MODIFIER	0.019	11.9224	4829
2019-nCoV	337	C	T	SNP	Heterozygous	orf1ab	QHD43415.1	1	c.72C>T	p.Arg24Arg	synonymous_variant	LOW	0.0405	84.2803	74800
2019-nCoV	670	T	G	SNP	Homozygous	orf1ab	QHD43415.1	1	c.405T>G	p.Ser135Arg	missense_variant	MODERATE	0.994987	33383.8	69850
2019-nCoV	683	C	T	SNP	Heterozygous	orf1ab	QHD43415.1	1	c.418C>T	p.Leu140Leu	synonymous_variant	LOW	0.0635	402.5	69793
2019-nCoV	874	C	T	SNP	Heterozygous	orf1ab	QHD43415.1	1	c.609C>T	p.Asp203Asp	synonymous_variant	LOW	0.0525	264.535	40088
2019-nCoV	884	C	T	SNP	Heterozygous	orf1ab	QHD43415.1	1	c.619C>T	p.Arg207Cys	missense_variant	MODERATE	0.0475475	136.313	40247
2019-nCoV	1320	A	G	SNP	Heterozygous	orf1ab	QHD43415.1	1	c.1055A>G	p.Glu352Gly	missense_variant	MODERATE	0.031	33.3815	21002
2019-nCoV	1342	C	T	SNP	Heterozygous	orf1ab	QHD43415.1	1	c.1077C>T	p.Tyr359Tyr	synonymous_variant	LOW	0.0295	60.9188	20924
2019-nCoV	1547	A	G	SNP	Heterozygous	orf1ab	QHD43415.1	1	c.1282A>G	p.Ser428Gly	missense_variant	MODERATE	0.0540811	282.601	44975
2019-nCoV	1601	C	T	SNP	Heterozygous	orf1ab	QHD43415.1	1	c.1336C>T	p.Leu446Phe	missense_variant	MODERATE	0.0305305	68.1204	24823
2019-nCoV	1627	C	T	SNP	Heterozygous	orf1ab	QHD43415.1	1	c.1362C>T	p.Leu454Leu	synonymous_variant	LOW	0.408613	8101.21	31048
2019-nCoV	1931	C	A	SNP	Heterozygous	orf1ab	QHD43415.1	1	c.1666C>A	p.Gln556Lys	missense_variant	MODERATE	0.201605	3018.39	11001
2019-nCoV	2281	G	T	SNP	Heterozygous	orf1ab	QHD43415.1	1	c.2016G>T	p.Lys672Asn	missense_variant	MODERATE	0.0385	128.076	20879
2019-nCoV	2393	G	A	SNP	Heterozygous	orf1ab	QHD43415.1	1	c.2128G>A	p.Val710Ile	missense_variant	MODERATE	0.0655328	427.946	2359
2019-nCoV	2790	C	T	SNP	Homozygous	orf1ab	QHD43415.1	1	c.2525C>T	p.Thr842Ile	missense_variant	MODERATE	1.0	32698.7	36161
2019-nCoV	2954	T	C	SNP	Heterozygous	orf1ab	QHD43415.1	1	c.2689T>C	p.Leu897Leu	synonymous_variant	LOW	0.208604	3284.28	35680
2019-nCoV	3037	C	T	SNP	Homozygous	orf1ab	QHD43415.1	1	c.2772C>T	p.Phe924Phe	synonymous_variant	LOW	0.998	33800.1	33344
2019-nCoV	3231	G	T	SNP	Heterozygous	orf1ab	QHD43415.1	1	c.2966G>T	p.Gly989Val	missense_variant	MODERATE	0.029	25.1961	11194
2019-nCoV	3796	C	T	SNP	Heterozygous	orf1ab	QHD43415.1	1	c.3531C>T	p.Val1177Val	synonymous_variant	LOW	0.0775038	564.513	11714
2019-nCoV	3927	C	T	SNP	Heterozygous	orf1ab	QHD43415.1	1	c.3662C>T	p.Ser1221Leu	missense_variant	MODERATE	0.0795	621.592	7058
2019-nCoV	3992	C	T	SNP	Heterozygous	orf1ab	QHD43415.1	1	c.3727C>T	p.Leu1243Leu	synonymous_variant	LOW	0.0315158	74.2181	4326
2019-nCoV	4084	C	T	SNP	Heterozygous	orf1ab	QHD43415.1	1	c.3819C>T	p.Asp1273Asp	synonymous_variant	LOW	0.023	26.1836	9191
2019-nCoV	4184	G	A	SNP	Homozygous	orf1ab	QHD43415.1	1	c.3919G>A	p.Gly1307Ser	missense_variant	MODERATE	0.99499	33358.6	10862
2019-nCoV	4321	C	T	SNP	Homozygous	orf1ab	QHD43415.1	1	c.4056C>T	p.Ala1352Ala	synonymous_variant	LOW	0.999496	32556.6	30465
2019-nCoV	4586	C	T	SNP	Heterozygous	orf1ab	QHD43415.1	1	c.4321C>T	p.Leu1441Leu	synonymous_variant	LOW	0.096	893.298	39031
2019-nCoV	5007	C	T	SNP	Heterozygous	orf1ab	QHD43415.1	1	c.4742C>T	p.Thr1581Met	missense_variant	MODERATE	0.0195	13.3817	18710
2019-nCoV	5183	C	T	SNP	Heterozygous	orf1ab	QHD43415.1	1	c.4918C>T	p.Pro1640Ser	missense_variant	MODERATE	0.0671679	319.206	17108
2019-nCoV	5284	C	T	SNP	Heterozygous	orf1ab	QHD43415.1	1	c.5019C>T	p.Asn1673Asn	synonymous_variant	LOW	0.0875876	754.942	13588
2019-nCoV	5339	C	T	SNP	Heterozygous	orf1ab	QHD43415.1	1	c.5074C>T	p.Pro1692Ser	missense_variant	MODERATE	0.026	15.2791	20215
2019-nCoV	5581	C	T	SNP	Heterozygous	orf1ab	QHD43415.1	1	c.5316C>T	p.Gly1772Gly	synonymous_variant	LOW	0.0215108	20.2596	9228
2019-nCoV	5806	C	T	SNP	Heterozygous	orf1ab	QHD43415.1	1	c.5541C>T	p.Cys1847Cys	synonymous_variant	LOW	0.0185	10.5379	33982
2019-nCoV	6427	T	C	SNP	Heterozygous	orf1ab	QHD43415.1	1	c.6162T>C	p.Asn2054Asn	synonymous_variant	LOW	0.0225564	25.7942	29506
2019-nCoV	6616	A	G	SNP	Heterozygous	orf1ab	QHD43415.1	1	c.6351A>G	p.Leu2117Leu	synonymous_variant	LOW	0.028014	51.8708	10389
2019-nCoV	6636	C	T	SNP	Heterozygous	orf1ab	QHD43415.1	1	c.6371C>T	p.Thr2124Ile	missense_variant	MODERATE	0.0295148	60.9679	10262
2019-nCoV	6979	T	G	SNP	Heterozygous	orf1ab	QHD43415.1	1	c.6714T>G	p.Val2238Val	synonymous_variant	LOW	0.0475	214.039	4418
2019-nCoV	7156	T	C	SNP	Heterozygous	orf1ab	QHD43415.1	1	c.6891T>C	p.Ser2297Ser	synonymous_variant	LOW	0.0475952	134.335	10327
2019-nCoV	7393	G	A	SNP	Heterozygous	orf1ab	QHD43415.1	1	c.7128G>A	p.Pro2376Pro	synonymous_variant	LOW	0.0505253	245.6	4721
2019-nCoV	7528	C	T	SNP	Heterozygous	orf1ab	QHD43415.1	1	c.7263C>T	p.Val2421Val	synonymous_variant	LOW	0.159	2123.95	13282
2019-nCoV	7735	C	T	SNP	Heterozygous	orf1ab	QHD43415.1	1	c.7470C>T	p.Ile2490Ile	synonymous_variant	LOW	0.0205	16.5197	37619
2019-nCoV	7753	G	T	SNP	Heterozygous	orf1ab	QHD43415.1	1	c.7488G>T	p.Val2496Val	synonymous_variant	LOW	0.0500501	240.698	11036
2019-nCoV	7945	C	T	SNP	Heterozygous	orf1ab	QHD43415.1	1	c.7680C>T	p.Tyr2560Tyr	synonymous_variant	LOW	0.029	57.7733	16070
2019-nCoV	8389	C	T	SNP	Heterozygous	orf1ab	QHD43415.1	1	c.8124C>T	p.Asn2708Asn	synonymous_variant	LOW	0.026026	40.7174	37046
2019-nCoV	8733	C	T	SNP	Heterozygous	orf1ab	QHD43415.1	1	c.8468C>T	p.Thr2823Ile	missense_variant	MODERATE	0.032	77.5123	5142
2019-nCoV	9333	C	G	SNP	Heterozygous	orf1ab	QHD43415.1	1	c.9068C>G	p.Ala3023Gly	missense_variant	MODERATE	0.019019	11.6629	13086
2019-nCoV	9344	C	T	SNP	Homozygous	orf1ab	QHD43415.1	1	c.9079C>T	p.Leu3027Phe	missense_variant	MODERATE	0.999496	31877.5	11419
2019-nCoV	9424	A	G	SNP	Homozygous	orf1ab	QHD43415.1	1	c.9159A>G	p.Val3053Val	synonymous_variant	LOW	0.999498	36236.8	7648
2019-nCoV	9534	C	T	SNP	Homozygous	orf1ab	QHD43415.1	1	c.9269C>T	p.Thr3090Ile	missense_variant	MODERATE	1.0	11207.7	622
2019-nCoV	9866	C	T	SNP	Heterozygous	orf1ab	QHD43415.1	1	c.9601C>T	p.Leu3201Phe	missense_variant	MODERATE	0.0591479	318.139	15913
2019-nCoV	10029	C	T	SNP	Homozygous	orf1ab	QHD43415.1	1	c.9764C>T	p.Thr3255Ile	missense_variant	MODERATE	0.997499	33517.0	25380
2019-nCoV	10078	C	T	SNP	Heterozygous	orf1ab	QHD43415.1	1	c.9813C>T	p.Phe3271Phe	synonymous_variant	LOW	0.029	25.6394	12742
2019-nCoV	10198	C	T	SNP	Homozygous	orf1ab	QHD43415.1	1	c.9933C>T	p.Asp3311Asp	synonymous_variant	LOW	1.0	33861.6	19777
2019-nCoV	10287	T	C	SNP	Heterozygous	orf1ab	QHD43415.1	1	c.10022T>C	p.Ile3341Thr	missense_variant	MODERATE	0.0465233	127.904	19599
2019-nCoV	10447	GCC	ACA	MNP	Homozygous	orf1ab	QHD43415.1	1	c.10182_10184delGCCinsACA	p.Pro3395His	missense_variant	MODERATE	1.0	35801.8	7513
2019-nCoV	10621	A	G	SNP	Heterozygous	orf1ab	QHD43415.1	1	c.10356A>G	p.Gln3452Gln	synonymous_variant	LOW	0.0288462	10.7366	103
2019-nCoV	10998	G	A	SNP	Heterozygous	orf1ab	QHD43415.1	1	c.10733G>A	p.Gly3578Asp	missense_variant	MODERATE	0.034	90.9991	14607
2019-nCoV	11109	C	T	SNP	Heterozygous	orf1ab	QHD43415.1	1	c.10844C>T	p.Ala3615Val	missense_variant	MODERATE	0.022011	22.223	4390
2019-nCoV	11287	GTCTGGTTTT	G	DEL	Homozygous	orf1ab	QHD43415.1	1	c.11023_11031delTCTGGTTTT	p.Ser3675_Phe3677del	conservative_inframe_deletion	MODERATE	1.0	35536.8	27535
2019-nCoV	11322	C	T	SNP	Heterozygous	orf1ab	QHD43415.1	1	c.11057C>T	p.Ala3686Val	missense_variant	MODERATE	0.024012	30.4675	29079
2019-nCoV	11515	T	C	SNP	Heterozygous	orf1ab	QHD43415.1	1	c.11250T>C	p.Thr3750Thr	synonymous_variant	LOW	0.0551102	297.64	4782
2019-nCoV	11614	T	C	SNP	Heterozygous	orf1ab	QHD43415.1	1	c.11349T>C	p.Tyr3783Tyr	synonymous_variant	LOW	0.038	123.105	13052
2019-nCoV	11750	C	T	SNP	Heterozygous	orf1ab	QHD43415.1	1	c.11485C>T	p.Leu3829Phe	missense_variant	MODERATE	0.205603	3192.42	20097
2019-nCoV	11938	T	C	SNP	Heterozygous	orf1ab	QHD43415.1	1	c.11673T>C	p.Cys3891Cys	synonymous_variant	LOW	0.0275	48.8522	31517
2019-nCoV	11956	C	T	SNP	Heterozygous	orf1ab	QHD43415.1	1	c.11691C>T	p.Asp3897Asp	synonymous_variant	LOW	0.0635	402.187	36709
2019-nCoV	12061	A	G	SNP	Heterozygous	orf1ab	QHD43415.1	1	c.11796A>G	p.Glu3932Glu	synonymous_variant	LOW	0.045	113.719	10443
2019-nCoV	12160	G	A	SNP	Heterozygous	orf1ab	QHD43415.1	1	c.11895G>A	p.Glu3965Glu	synonymous_variant	LOW	0.919298	30982.1	10723
2019-nCoV	12310	G	A	SNP	Heterozygous	orf1ab	QHD43415.1	1	c.12045G>A	p.Gln4015Gln	synonymous_variant	LOW	0.1645	1823.18	18478
2019-nCoV	12444	A	G	SNP	Heterozygous	orf1ab	QHD43415.1	1	c.12179A>G	p.Asn4060Ser	missense_variant	MODERATE	0.091	804.287	18256
2019-nCoV	12741	C	T	SNP	Heterozygous	orf1ab	QHD43415.1	1	c.12476C>T	p.Thr4159Ile	missense_variant	MODERATE	0.0275	47.6285	25435
2019-nCoV	12880	C	T	SNP	Homozygous	orf1ab	QHD43415.1	1	c.12615C>T	p.Ile4205Ile	synonymous_variant	LOW	1.0	36199.0	20084
2019-nCoV	13118	G	T	SNP	Heterozygous	orf1ab	QHD43415.1	1	c.12853G>T	p.Ala4285Ser	missense_variant	MODERATE	0.033584	87.017	58288
2019-nCoV	13423	C	T	SNP	Heterozygous	orf1ab	QHD43415.1	1	c.13158C>T	p.Leu4386Leu	synonymous_variant	LOW	0.0842528	524.055	72267
2019-nCoV	14178	C	T	SNP	Heterozygous	orf1ab	QHD43415.1	2	c.13914C>T	p.Thr4638Thr	synonymous_variant	LOW	0.046	124.472	22250
2019-nCoV	14184	C	T	SNP	Heterozygous	orf1ab	QHD43415.1	2	c.13920C>T	p.Thr4640Thr	synonymous_variant	LOW	0.0285143	54.7015	22303
2019-nCoV	14257	T	C	SNP	Heterozygous	orf1ab	QHD43415.1	2	c.13993T>C	p.Tyr4665His	missense_variant	MODERATE	0.217936	2977.47	18826
2019-nCoV	14313	T	C	SNP	Heterozygous	orf1ab	QHD43415.1	2	c.14049T>C	p.Asp4683Asp	synonymous_variant	LOW	0.0315	74.148	18812
2019-nCoV	14318	C	T	SNP	Heterozygous	orf1ab	QHD43415.1	2	c.14054C>T	p.Thr4685Ile	missense_variant	MODERATE	0.053	273.621	6604
2019-nCoV	14407	CC	TT	MNP	Heterozygous	orf1ab	QHD43415.1	2	c.14143_14144delCCinsTT	p.Pro4715Phe	missense_variant	MODERATE	0.0165663	35817.9	6823
2019-nCoV	14408	C	T	SNP	Heterozygous	orf1ab	QHD43415.1	2	c.14144C>T	p.Pro4715Leu	missense_variant	MODERATE	0.981426	35817.9	6823
2019-nCoV	14475	A	G	SNP	Heterozygous	orf1ab	QHD43415.1	2	c.14211A>G	p.Gly4737Gly	synonymous_variant	LOW	0.022011	22.2315	44981
2019-nCoV	14599	C	T	SNP	Heterozygous	orf1ab	QHD43415.1	2	c.14335C>T	p.Leu4779Leu	synonymous_variant	LOW	0.0255	38.0934	9645
2019-nCoV	15026	C	T	SNP	Heterozygous	orf1ab	QHD43415.1	2	c.14762C>T	p.Ala4921Val	missense_variant	MODERATE	0.0265	17.0956	25783
2019-nCoV	15451	G	A	SNP	Heterozygous	orf1ab	QHD43415.1	2	c.15187G>A	p.Gly5063Ser	missense_variant	MODERATE	0.0790395	459.43	59592
2019-nCoV	15714	C	T	SNP	Homozygous	orf1ab	QHD43415.1	2	c.15450C>T	p.Leu5150Leu	synonymous_variant	LOW	1.0	36255.6	59537
2019-nCoV	15763	C	T	SNP	Heterozygous	orf1ab	QHD43415.1	2	c.15499C>T	p.Leu5167Leu	synonymous_variant	LOW	0.021021	18.8387	2528
2019-nCoV	16087	T	C	SNP	Heterozygous	orf1ab	QHD43415.1	2	c.15823T>C	p.Leu5275Leu	synonymous_variant	LOW	0.0265133	43.4129	16982
2019-nCoV	16428	C	T	SNP	Heterozygous	orf1ab	QHD43415.1	2	c.16164C>T	p.Tyr5388Tyr	synonymous_variant	LOW	0.0981472	701.105	63769
2019-nCoV	16616	C	A	SNP	Heterozygous	orf1ab	QHD43415.1	2	c.16352C>A	p.Thr5451Asn	missense_variant	MODERATE	0.158158	2102.95	12751
2019-nCoV	16935	G	A	SNP	Heterozygous	orf1ab	QHD43415.1	2	c.16671G>A	p.Met5557Ile	missense_variant	MODERATE	0.222611	3630.65	49095
2019-nCoV	17039	A	G	SNP	Heterozygous	orf1ab	QHD43415.1	2	c.16775A>G	p.Asn5592Ser	missense_variant	MODERATE	0.1525	1612.05	36113
2019-nCoV	17410	C	T	SNP	Homozygous	orf1ab	QHD43415.1	2	c.17146C>T	p.Arg5716Cys	missense_variant	MODERATE	1.0	36364.9	50963
2019-nCoV	17913	C	T	SNP	Heterozygous	orf1ab	QHD43415.1	2	c.17649C>T	p.Asn5883Asn	synonymous_variant	LOW	0.0530265	273.716	17179
2019-nCoV	18163	A	G	SNP	Homozygous	orf1ab	QHD43415.1	2	c.17899A>G	p.Ile5967Val	missense_variant	MODERATE	0.999498	36093.7	13414
2019-nCoV	18171	C	T	SNP	Heterozygous	orf1ab	QHD43415.1	2	c.17907C>T	p.Gly5969Gly	synonymous_variant	LOW	0.027027	46.0339	31574
2019-nCoV	18490	C	T	SNP	Heterozygous	orf1ab	QHD43415.1	2	c.18226C>T	p.Pro6076Ser	missense_variant	MODERATE	0.02	14.9833	6737
2019-nCoV	18826	G	A	SNP	Heterozygous	orf1ab	QHD43415.1	2	c.18562G>A	p.Val6188Ile	missense_variant	MODERATE	0.0275827	17.5669	32500
2019-nCoV	19160	C	T	SNP	Heterozygous	orf1ab	QHD43415.1	2	c.18896C>T	p.Ser6299Phe	missense_variant	MODERATE	0.0335	88.4008	14382
2019-nCoV	19660	C	T	SNP	Heterozygous	orf1ab	QHD43415.1	2	c.19396C>T	p.His6466Tyr	missense_variant	MODERATE	0.0365	111.077	16384
2019-nCoV	19955	C	T	SNP	Homozygous	orf1ab	QHD43415.1	2	c.19691C>T	p.Thr6564Ile	missense_variant	MODERATE	0.999499	33686.6	39383
2019-nCoV	20055	A	G	SNP	Heterozygous	orf1ab	QHD43415.1	2	c.19791A>G	p.Glu6597Glu	synonymous_variant	LOW	0.977455	32100.4	30163
2019-nCoV	20235	C	T	SNP	Heterozygous	orf1ab	QHD43415.1	2	c.19971C>T	p.Pro6657Pro	synonymous_variant	LOW	0.0571142	317.163	5531
2019-nCoV	21137	A	G	SNP	Heterozygous	orf1ab	QHD43415.1	2	c.20873A>G	p.Lys6958Arg	missense_variant	MODERATE	0.0265133	16.0966	72648
2019-nCoV	21618	C	T	SNP	Homozygous	S	QHD43416.1	1	c.56C>T	p.Thr19Ile	missense_variant	MODERATE	0.998	36176.1	14656
2019-nCoV	21632	TTACCCCCTG	T	DEL	Homozygous	S	QHD43416.1	1	c.71_79delTACCCCCTG	p.Leu24_Ala27delinsSer	disruptive_inframe_deletion	MODERATE	1.0	36064.0	14208
2019-nCoV	21764	ATACATG	A	DEL	Heterozygous	S	QHD43416.1	1	c.204_209delACATGT	p.His69_Val70del	disruptive_inframe_deletion	MODERATE	0.922301	30947.9	15912
2019-nCoV	21987	G	A	SNP	Homozygous	S	QHD43416.1	1	c.425G>A	p.Gly142Asp	missense_variant	MODERATE	0.997	33431.9	21345
2019-nCoV	22001	A	G	SNP	Heterozygous	S	QHD43416.1	1	c.439A>G	p.Lys147Glu	missense_variant	MODERATE	0.082	494.311	20720
2019-nCoV	22016	T	C	SNP	Heterozygous	S	QHD43416.1	1	c.454T>C	p.Trp152Arg	missense_variant	MODERATE	0.066	433.904	21642
2019-nCoV	22033	C	A	SNP	Heterozygous	S	QHD43416.1	1	c.471C>A	p.Phe157Leu	missense_variant	MODERATE	0.0515774	169.29	35633
2019-nCoV	22200	T	G	SNP	Homozygous	S	QHD43416.1	1	c.638T>G	p.Val213Gly	missense_variant	MODERATE	0.994497	35870.4	13033
2019-nCoV	22326	C	T	SNP	Heterozygous	S	QHD43416.1	1	c.764C>T	p.Ser255Phe	missense_variant	MODERATE	0.0527108	256.986	10307
2019-nCoV	22329	C	T	SNP	Heterozygous	S	QHD43416.1	1	c.767C>T	p.Ser256Leu	missense_variant	MODERATE	0.0335671	90.177	10234
2019-nCoV	22331	G	A	SNP	Heterozygous	S	QHD43416.1	1	c.769G>A	p.Gly257Ser	missense_variant	MODERATE	0.102551	778.748	10218
2019-nCoV	22530	C	T	SNP	Heterozygous	S	QHD43416.1	1	c.968C>T	p.Thr323Ile	missense_variant	MODERATE	0.0506266	246.517	9732
2019-nCoV	22577	GG	CA	MNP	Heterozygous	S	QHD43416.1	1	c.1015_1016delGGinsCA	p.Gly339His	missense_variant	MODERATE	0.0590015	32878.0	9029
2019-nCoV	22578	G	A	SNP	Heterozygous	S	QHD43416.1	1	c.1016G>A	p.Gly339Asp	missense_variant	MODERATE	0.940998	32878.0	9029
2019-nCoV	22599	G	C	SNP	Heterozygous	S	QHD43416.1	1	c.1037G>C	p.Arg346Thr	missense_variant	MODERATE	0.361222	7584.39	5222
2019-nCoV	22629	A	C	SNP	Heterozygous	S	QHD43416.1	1	c.1067A>C	p.Lys356Thr	missense_variant	MODERATE	0.0565849	313.668	7247
2019-nCoV	22674	C	T	SNP	Homozygous	S	QHD43416.1	1	c.1112C>T	p.Ser371Phe	missense_variant	MODERATE	0.997998	33334.1	7022
2019-nCoV	22679	TCATTTTCCA	CCATTTTTCG	MNP	Heterozygous	S	QHD43416.1	1	c.1117_1126delTCATTTTCCAinsCCATTTTTCG	p.SerPheSerThr373ProPhePheAla	missense_variant	MODERATE	0.94261	30273.9	2340
2019-nCoV	22679	TCATTTTCCA	CCTTTTTTCG	MNP	Heterozygous	S	QHD43416.1	1	c.1117_1126delTCATTTTCCAinsCCTTTTTTCG	p.SerPheSerThr373ProPhePheAla	missense_variant	MODERATE	0.0573904	30273.9	2340
2019-nCoV	22775	G	A	SNP	Homozygous	S	QHD43416.1	1	c.1213G>A	p.Asp405Asn	missense_variant	MODERATE	1.0	32090.5	1891
2019-nCoV	22786	A	C	SNP	Homozygous	S	QHD43416.1	1	c.1224A>C	p.Arg408Ser	missense_variant	MODERATE	0.998927	33346.9	1862
2019-nCoV	22813	G	T	SNP	Homozygous	S	QHD43416.1	1	c.1251G>T	p.Lys417Asn	missense_variant	MODERATE	1.0	33919.2	28505
2019-nCoV	22882	T	G	SNP	Homozygous	S	QHD43416.1	1	c.1320T>G	p.Asn440Lys	missense_variant	MODERATE	0.9985	33805.1	52701
2019-nCoV	22893	A	C	SNP	Heterozygous	S	QHD43416.1	1	c.1331A>C	p.Lys444Thr	missense_variant	MODERATE	0.222946	3638.08	52921
2019-nCoV	22894	G	T	SNP	Heterozygous	S	QHD43416.1	1	c.1332G>T	p.Lys444Asn	missense_variant	MODERATE	0.0475952	214.65	52921
2019-nCoV	22896	T	C	SNP	Heterozygous	S	QHD43416.1	1	c.1334T>C	p.Val445Ala	missense_variant	MODERATE	0.023	26.2997	52769
2019-nCoV	22898	G	A	SNP	Heterozygous	S	QHD43416.1	1	c.1336G>A	p.Gly446Ser	missense_variant	MODERATE	0.0641283	407.473	52769
2019-nCoV	22910	A	G	SNP	Heterozygous	S	QHD43416.1	1	c.1348A>G	p.Asn450Asp	missense_variant	MODERATE	0.0895	785.067	52611
2019-nCoV	22917	T	G	SNP	Heterozygous	S	QHD43416.1	1	c.1355T>G	p.Leu452Arg	missense_variant	MODERATE	0.918959	31055.0	52647
2019-nCoV	22942	T	A	SNP	Heterozygous	S	QHD43416.1	1	c.1380T>A	p.Asn460Lys	missense_variant	MODERATE	0.247124	7453.42	52230
2019-nCoV	22992	GCAC	ACAA	MNP	Homozygous	S	QHD43416.1	1	c.1430_1433delGCACinsACAA	p.SerThr477AsnLys	missense_variant	MODERATE	1.0	36281.8	24394
2019-nCoV	23013	A	C	SNP	Homozygous	S	QHD43416.1	1	c.1451A>C	p.Glu484Ala	missense_variant	MODERATE	0.998995	36112.2	36511
2019-nCoV	23018	T	G	SNP	Heterozygous	S	QHD43416.1	1	c.1456T>G	p.Phe486Val	missense_variant	MODERATE	0.921461	31240.3	36556
2019-nCoV	23031	T	C	SNP	Heterozygous	S	QHD43416.1	1	c.1469T>C	p.Phe490Ser	missense_variant	MODERATE	0.0635	402.467	36532
2019-nCoV	23055	A	G	SNP	Homozygous	S	QHD43416.1	1	c.1493A>G	p.Gln498Arg	missense_variant	MODERATE	0.997489	35983.6	12387
2019-nCoV	23063	A	T	SNP	Homozygous	S	QHD43416.1	1	c.1501A>T	p.Asn501Tyr	missense_variant	MODERATE	0.996491	33247.5	12501
2019-nCoV	23075	T	C	SNP	Homozygous	S	QHD43416.1	1	c.1513T>C	p.Tyr505His	missense_variant	MODERATE	0.997495	36134.4	12704
2019-nCoV	23092	A	G	SNP	Heterozygous	S	QHD43416.1	1	c.1530A>G	p.Val510Val	synonymous_variant	LOW	0.034	92.0166	24518
2019-nCoV	23403	A	G	SNP	Homozygous	S	QHD43416.1	1	c.1841A>G	p.Asp614Gly	missense_variant	MODERATE	1.0	33514.0	68912
2019-nCoV	23525	C	T	SNP	Homozygous	S	QHD43416.1	1	c.1963C>T	p.His655Tyr	missense_variant	MODERATE	0.9995	33780.8	119994
2019-nCoV	23535	A	G	SNP	Heterozygous	S	QHD43416.1	1	c.1973A>G	p.Asn658Ser	missense_variant	MODERATE	0.0475	213.924	119986
2019-nCoV	23599	T	G	SNP	Homozygous	S	QHD43416.1	1	c.2037T>G	p.Asn679Lys	missense_variant	MODERATE	0.995489	35987.6	156054
2019-nCoV	23604	C	A	SNP	Homozygous	S	QHD43416.1	1	c.2042C>A	p.Pro681His	missense_variant	MODERATE	1.0	36281.5	156157
2019-nCoV	23854	C	A	SNP	Homozygous	S	QHD43416.1	1	c.2292C>A	p.Asn764Lys	missense_variant	MODERATE	0.996979	32886.5	25803
2019-nCoV	23948	GATTTTG	TATTT	MIXED	Heterozygous	S	QHD43416.1	1	c.2386_2392delGATTTTGinsTATTT	p.Asp796fs	frameshift_variant&missense_variant	HIGH	0.0566893	29537.0	24392
2019-nCoV	23948	G	T	SNP	Heterozygous	S	QHD43416.1	1	c.2386G>T	p.Asp796Tyr	missense_variant	MODERATE	0.943311	29537.0	24392
2019-nCoV	24040	G	T	SNP	Heterozygous	S	QHD43416.1	1	c.2478G>T	p.Val826Val	synonymous_variant	LOW	0.0265	43.3277	46406
2019-nCoV	24210	C	T	SNP	Heterozygous	S	QHD43416.1	1	c.2648C>T	p.Thr883Ile	missense_variant	MODERATE	0.037037	63.3112	24191
2019-nCoV	24424	A	T	SNP	Homozygous	S	QHD43416.1	1	c.2862A>T	p.Gln954His	missense_variant	MODERATE	0.993991	35833.6	50449
2019-nCoV	24469	T	A	SNP	Homozygous	S	QHD43416.1	1	c.2907T>A	p.Asn969Lys	missense_variant	MODERATE	0.995489	32168.6	67857
2019-nCoV	25000	C	T	SNP	Homozygous	S	QHD43416.1	1	c.3438C>T	p.Asp1146Asp	synonymous_variant	LOW	0.999499	33700.2	29829
2019-nCoV	25342	C	T	SNP	Heterozygous	S	QHD43416.1	1	c.3780C>T	p.Asp1260Asp	synonymous_variant	LOW	0.0465	190.224	6589
2019-nCoV	25350	C	A	SNP	Heterozygous	S	QHD43416.1	1	c.3788C>A	p.Pro1263Gln	missense_variant	MODERATE	0.0430215	97.2177	6600
2019-nCoV	25416	C	T	SNP	Heterozygous	ORF3a	QHD43417.1	1	c.24C>T	p.Phe8Phe	synonymous_variant	LOW	0.086043	710.852	46788
2019-nCoV	25471	G	C	SNP	Heterozygous	ORF3a	QHD43417.1	1	c.79G>C	p.Asp27His	missense_variant	MODERATE	0.0245123	33.1029	46067
2019-nCoV	25513	C	T	SNP	Heterozygous	ORF3a	QHD43417.1	1	c.121C>T	p.Leu41Phe	missense_variant	MODERATE	0.024	30.6166	144889
2019-nCoV	25584	C	T	SNP	Homozygous	ORF3a	QHD43417.1	1	c.192C>T	p.Thr64Thr	synonymous_variant	LOW	0.994982	35798.0	118387
2019-nCoV	25614	C	T	SNP	Heterozygous	ORF3a	QHD43417.1	1	c.222C>T	p.Ser74Ser	synonymous_variant	LOW	0.0290145	57.8766	153265
2019-nCoV	25626	C	T	SNP	Heterozygous	ORF3a	QHD43417.1	1	c.234C>T	p.His78His	synonymous_variant	LOW	0.0557509	303.859	35893
2019-nCoV	25904	C	T	SNP	Heterozygous	ORF3a	QHD43417.1	1	c.512C>T	p.Ser171Leu	missense_variant	MODERATE	0.039039	134.511	3427
2019-nCoV	26060	C	T	SNP	Homozygous	ORF3a	QHD43417.1	1	c.668C>T	p.Thr223Ile	missense_variant	MODERATE	0.999499	36319.2	51556
2019-nCoV	26209	G	C	SNP	Heterozygous	ORF3a	QHD43417.1	1	c.817G>C	p.Val273Leu	missense_variant	MODERATE	0.0306071	68.8567	120549
2019-nCoV	26270	C	T	SNP	Homozygous	E	QHD43418.1	1	c.26C>T	p.Thr9Ile	missense_variant	MODERATE	1.0	33757.6	120288
2019-nCoV	26275	A	G	SNP	Heterozygous	E	QHD43418.1	1	c.31A>G	p.Thr11Ala	missense_variant	MODERATE	0.0695	482.422	119886
2019-nCoV	26428	G	T	SNP	Heterozygous	E	QHD43418.1	1	c.184G>T	p.Val62Phe	missense_variant	MODERATE	0.0335335	85.0677	11302
2019-nCoV	26459	A	G	SNP	Heterozygous	E	QHD43418.1	1	c.215A>G	p.Asp72Gly	missense_variant	MODERATE	0.0745746	403.985	11469
2019-nCoV	26529	G	A	SNP	Heterozygous	M	QHD43419.1	1	c.7G>A	p.Asp3Asn	missense_variant	MODERATE	0.8795	28872.1	15726
2019-nCoV	26577	C	G	SNP	Homozygous	M	QHD43419.1	1	c.55C>G	p.Gln19Glu	missense_variant	MODERATE	1.0	33752.5	7898
2019-nCoV	26709	G	A	SNP	Homozygous	M	QHD43419.1	1	c.187G>A	p.Ala63Thr	missense_variant	MODERATE	0.999499	36334.4	29839
2019-nCoV	26858	C	T	SNP	Heterozygous	M	QHD43419.1	1	c.336C>T	p.Phe112Phe	synonymous_variant	LOW	0.108554	1102.9	42780
2019-nCoV	27012	C	T	SNP	Heterozygous	M	QHD43419.1	1	c.490C>T	p.Leu164Leu	synonymous_variant	LOW	0.1785	2148.06	53060
2019-nCoV	27038	A	G	SNP	Heterozygous	M	QHD43419.1	1	c.516A>G	p.Thr172Thr	synonymous_variant	LOW	0.22	3568.04	9789
2019-nCoV	27213	C	T	SNP	Heterozygous	ORF6	QHD43420.1	1	c.12C>T	p.Leu4Leu	synonymous_variant	LOW	0.027122	45.5503	12678
2019-nCoV	27259	A	C	SNP	Heterozygous	ORF6	QHD43420.1	1	c.58A>C	p.Arg20Arg	synonymous_variant	LOW	0.0916834	810.451	18863
2019-nCoV	27382	GAT	CTC	MNP	Heterozygous	ORF6	QHD43420.1	1	c.181_183delGATinsCTC	p.Asp61Leu	missense_variant	MODERATE	0.123301	1380.31	5678
2019-nCoV	27389	C	T	SNP	Heterozygous	ORF7a	QHD43421.1	-1	c.-5C>T	.	upstream_gene_variant	MODIFIER	0.0335503	88.0887	7453
2019-nCoV	27438	T	C	SNP	Heterozygous	ORF7a	QHD43421.1	1	c.45T>C	p.Cys15Cys	synonymous_variant	LOW	0.107608	854.188	32006
2019-nCoV	27513	C	T	SNP	Heterozygous	ORF7a	QHD43421.1	1	c.120C>T	p.Tyr40Tyr	synonymous_variant	LOW	0.2115	3354.07	54260
2019-nCoV	27532	C	T	SNP	Heterozygous	ORF7a	QHD43421.1	1	c.139C>T	p.His47Tyr	missense_variant	MODERATE	0.0437659	150.77	54205
2019-nCoV	27622	T	C	SNP	Heterozygous	ORF7a	QHD43421.1	1	c.229T>C	p.Leu77Leu	synonymous_variant	LOW	0.0475475	213.61	27758
2019-nCoV	27788	G	T	SNP	Heterozygous	ORF8	QHD43422.1	-1	c.-106G>T	.	upstream_gene_variant	MODIFIER	0.0370927	118.071	29817
2019-nCoV	27807	C	T	SNP	Homozygous	ORF8	QHD43422.1	-1	c.-87C>T	.	upstream_gene_variant	MODIFIER	0.998999	36348.4	29816
2019-nCoV	27889	C	T	SNP	Heterozygous	ORF8	QHD43422.1	-1	c.-5C>T	.	upstream_gene_variant	MODIFIER	0.882382	29027.3	18526
2019-nCoV	27973	A	G	SNP	Heterozygous	ORF8	QHD43422.1	1	c.80A>G	p.Gln27Arg	missense_variant	MODERATE	0.033	42.2915	37454
2019-nCoV	27988	T	C	SNP	Heterozygous	ORF8	QHD43422.1	1	c.95T>C	p.Val32Ala	missense_variant	MODERATE	0.0230115	26.8404	37568
2019-nCoV	28170	C	A	SNP	Heterozygous	ORF8	QHD43422.1	1	c.277C>A	p.Pro93Thr	missense_variant	MODERATE	0.0275138	18.6394	73495
2019-nCoV	28271	A	T	SNP	Heterozygous	N	QHD43423.2	-1	c.-3A>T	.	upstream_gene_variant	MODIFIER	0.962963	31010.4	131536
2019-nCoV	28311	C	T	SNP	Heterozygous	N	QHD43423.2	1	c.38C>T	p.Pro13Leu	missense_variant	MODERATE	0.717665	36117.8	131978
2019-nCoV	28311	CC	TT	MNP	Heterozygous	N	QHD43423.2	1	c.38_39delCCinsTT	p.Pro13Leu	missense_variant	MODERATE	0.281329	36117.8	131978
2019-nCoV	28330	A	G	SNP	Heterozygous	N	QHD43423.2	1	c.57A>G	p.Gly19Gly	synonymous_variant	LOW	0.44	10131.1	125721
2019-nCoV	28361	GGAGAACGCA	G	DEL	Heterozygous	N	QHD43423.2	1	c.90_98delAGAACGCAG	p.Glu31_Ser33del	disruptive_inframe_deletion	MODERATE	0.85212	35060.2	27189
2019-nCoV	28361	GGAGAACGCAG	TT	MIXED	Heterozygous	N	QHD43423.2	1	c.88_98delGGAGAACGCAGinsTT	p.Gly30_Ser33delinsPhe	missense_variant&disruptive_inframe_deletion	MODERATE	0.14788	35060.2	27189
2019-nCoV	28510	T	C	SNP	Heterozygous	N	QHD43423.2	1	c.237T>C	p.Ser79Ser	synonymous_variant	LOW	0.0825413	662.259	30525
2019-nCoV	28681	G	T	SNP	Heterozygous	N	QHD43423.2	1	c.408G>T	p.Glu136Asp	missense_variant	MODERATE	0.2985	5679.16	128887
2019-nCoV	28724	C	T	SNP	Heterozygous	N	QHD43423.2	1	c.451C>T	p.Pro151Ser	missense_variant	MODERATE	0.0305	31.2397	129362
2019-nCoV	28881	GGG	AAC	MNP	Homozygous	N	QHD43423.2	1	c.608_610delGGGinsAAC	p.ArgGly203LysArg	missense_variant	MODERATE	1.0	33138.9	53567
2019-nCoV	29050	G	T	SNP	Heterozygous	N	QHD43423.2	1	c.777G>T	p.Arg259Arg	synonymous_variant	LOW	0.0295148	59.6528	23804
2019-nCoV	29510	A	C	SNP	Homozygous	N	QHD43423.2	1	c.1237A>C	p.Ser413Arg	missense_variant	MODERATE	0.998999	33621.6	10579
2019-nCoV	29513	G	C	SNP	Heterozygous	N	QHD43423.2	1	c.1240G>C	p.Ala414Pro	missense_variant	MODERATE	0.0550551	297.216	10621
2019-nCoV	29642	C	T	SNP	Heterozygous	ORF10	QHI42199.1	1	c.85C>T	p.Gln29*	stop_gained	HIGH	0.09	604.496	10038
2019-nCoV	29666	C	T	SNP	Heterozygous	ORF10	QHI42199.1	1	c.109C>T	p.Leu37Phe	missense_variant	MODERATE	0.139	1684.15	10022
2019-nCoV	29733	CGAGGCCACGCGGAGTACGATCGAGTG	C	DEL	Homozygous	S	QHD43416.1	-1	c.*4350_*4375delGAGGCCACGCGGAGTACGATCGAGTG	.	downstream_gene_variant	MODIFIER	1.0	35719.3	7896
2019-nCoV	29758	TG	CC	MNP	Homozygous	S	QHD43416.1	-1	c.*4374_*4375delTGinsCC	.	downstream_gene_variant	MODIFIER	0.99848	29774.8	25
