CHROM	POS	REF	ALT	VARTYPE	GEN[*].GT	ANN[*].GENE	ANN[*].FEATUREID	EFF[*].RANK	ANN[*].HGVS_C	ANN[*].HGVS_P	ANN[*].EFFECT	EFF[*].IMPACT	AF	QUAL	DP
2019-nCoV	44	C	T	SNP	Homozygous	orf1ab	QHD43415.1	-1	c.-222C>T	.	upstream_gene_variant	MODIFIER	0.993997	33149.8	129921
2019-nCoV	224	T	C	SNP	Heterozygous	orf1ab	QHD43415.1	-1	c.-42T>C	.	upstream_gene_variant	MODIFIER	0.0220441	5.61797	125374
2019-nCoV	241	C	T	SNP	Homozygous	orf1ab	QHD43415.1	-1	c.-25C>T	.	upstream_gene_variant	MODIFIER	0.999498	33575.8	4192
2019-nCoV	396	A	T	SNP	Heterozygous	orf1ab	QHD43415.1	1	c.131A>T	p.Gln44Leu	missense_variant	MODERATE	0.0175175	8.08061	78455
2019-nCoV	625	G	T	SNP	Heterozygous	orf1ab	QHD43415.1	1	c.360G>T	p.Lys120Asn	missense_variant	MODERATE	0.054027	285.584	121074
2019-nCoV	670	T	G	SNP	Homozygous	orf1ab	QHD43415.1	1	c.405T>G	p.Ser135Arg	missense_variant	MODERATE	0.995493	33507.0	119899
2019-nCoV	685	AAAGTCATTT	A	DEL	Heterozygous	orf1ab	QHD43415.1	1	c.421_429delAAGTCATTT	p.Lys141_Phe143del	conservative_inframe_deletion	MODERATE	0.0839618	692.093	117918
2019-nCoV	820	T	C	SNP	Heterozygous	orf1ab	QHD43415.1	1	c.555T>C	p.Tyr185Tyr	synonymous_variant	LOW	0.017	6.93445	29907
2019-nCoV	881	G	T	SNP	Heterozygous	orf1ab	QHD43415.1	1	c.616G>T	p.Ala206Ser	missense_variant	MODERATE	0.0205411	16.7692	50882
2019-nCoV	1078	A	T	SNP	Heterozygous	orf1ab	QHD43415.1	1	c.813A>T	p.Pro271Pro	synonymous_variant	LOW	0.0205823	108.789	8600
2019-nCoV	1170	C	T	SNP	Heterozygous	orf1ab	QHD43415.1	1	c.905C>T	p.Ser302Phe	missense_variant	MODERATE	0.02001	14.8811	12883
2019-nCoV	1216	T	C	SNP	Heterozygous	orf1ab	QHD43415.1	1	c.951T>C	p.Leu317Leu	synonymous_variant	LOW	0.0180814	9.38345	4068
2019-nCoV	1627	C	T	SNP	Heterozygous	orf1ab	QHD43415.1	1	c.1362C>T	p.Leu454Leu	synonymous_variant	LOW	0.3245	5687.69	46484
2019-nCoV	1688	A	G	SNP	Heterozygous	orf1ab	QHD43415.1	1	c.1423A>G	p.Ile475Val	missense_variant	MODERATE	0.0180723	8.78358	3582
2019-nCoV	1879	A	G	SNP	Heterozygous	orf1ab	QHD43415.1	1	c.1614A>G	p.Ser538Ser	synonymous_variant	LOW	0.018	9.23867	19093
2019-nCoV	1931	C	A	SNP	Heterozygous	orf1ab	QHD43415.1	1	c.1666C>A	p.Gln556Lys	missense_variant	MODERATE	0.0889447	757.987	12887
2019-nCoV	2128	T	C	SNP	Heterozygous	orf1ab	QHD43415.1	1	c.1863T>C	p.Tyr621Tyr	synonymous_variant	LOW	0.017017	6.96757	19724
2019-nCoV	2437	A	T	SNP	Heterozygous	orf1ab	QHD43415.1	1	c.2172A>T	p.Arg724Ser	missense_variant	MODERATE	0.0170597	7.05106	10483
2019-nCoV	2438	G	T	SNP	Heterozygous	orf1ab	QHD43415.1	1	c.2173G>T	p.Glu725*	stop_gained	HIGH	0.0165083	6.30245	10483
2019-nCoV	2544	C	T	SNP	Heterozygous	orf1ab	QHD43415.1	1	c.2279C>T	p.Thr760Ile	missense_variant	MODERATE	0.0325651	82.4097	19715
2019-nCoV	2688	TAACA	T	DEL	Heterozygous	orf1ab	QHD43415.1	1	c.2429_2432delACAA	p.Asn810fs	frameshift_variant	HIGH	0.0146984	59.6378	28278
2019-nCoV	2790	C	T	SNP	Homozygous	orf1ab	QHD43415.1	1	c.2525C>T	p.Thr842Ile	missense_variant	MODERATE	0.998495	31077.2	73500
2019-nCoV	2954	T	C	SNP	Heterozygous	orf1ab	QHD43415.1	1	c.2689T>C	p.Leu897Leu	synonymous_variant	LOW	0.0561404	309.067	58065
2019-nCoV	3037	C	T	SNP	Homozygous	orf1ab	QHD43415.1	1	c.2772C>T	p.Phe924Phe	synonymous_variant	LOW	1.0	35042.0	16812
2019-nCoV	3267	C	T	SNP	Heterozygous	orf1ab	QHD43415.1	1	c.3002C>T	p.Thr1001Ile	missense_variant	MODERATE	0.022011	6.32503	25776
2019-nCoV	3775	C	T	SNP	Heterozygous	orf1ab	QHD43415.1	1	c.3510C>T	p.Arg1170Arg	synonymous_variant	LOW	0.02	14.9672	27778
2019-nCoV	3859	A	G	SNP	Heterozygous	orf1ab	QHD43415.1	1	c.3594A>G	p.Gln1198Gln	synonymous_variant	LOW	0.031	33.6966	5395
2019-nCoV	4184	G	A	SNP	Homozygous	orf1ab	QHD43415.1	1	c.3919G>A	p.Gly1307Ser	missense_variant	MODERATE	1.0	33900.3	16452
2019-nCoV	4302	TTAAAAAGTGTAAAAGTGCC	T	DEL	Heterozygous	orf1ab	QHD43415.1	1	c.4039_4057delAAAAAGTGTAAAAGTGCCT	p.Lys1347fs	frameshift_variant	HIGH	0.0244773	34132.1	56992
2019-nCoV	4321	C	T	SNP	Heterozygous	orf1ab	QHD43415.1	1	c.4056C>T	p.Ala1352Ala	synonymous_variant	LOW	0.949516	34132.1	56992
2019-nCoV	5144	C	T	SNP	Heterozygous	orf1ab	QHD43415.1	1	c.4879C>T	p.Leu1627Leu	synonymous_variant	LOW	0.0190095	11.9423	4932
2019-nCoV	5284	C	T	SNP	Heterozygous	orf1ab	QHD43415.1	1	c.5019C>T	p.Asn1673Asn	synonymous_variant	LOW	0.0411234	152.724	18506
2019-nCoV	5884	C	T	SNP	Heterozygous	orf1ab	QHD43415.1	1	c.5619C>T	p.Tyr1873Tyr	synonymous_variant	LOW	0.023	26.3018	11917
2019-nCoV	6094	G	T	SNP	Heterozygous	orf1ab	QHD43415.1	1	c.5829G>T	p.Gln1943His	missense_variant	MODERATE	0.0230115	8.18062	10293
2019-nCoV	6979	T	G	SNP	Heterozygous	orf1ab	QHD43415.1	1	c.6714T>G	p.Val2238Val	synonymous_variant	LOW	0.130565	1522.04	3040
2019-nCoV	7160	G	A	SNP	Heterozygous	orf1ab	QHD43415.1	1	c.6895G>A	p.Asp2299Asn	missense_variant	MODERATE	0.0195195	13.4675	12443
2019-nCoV	8695	G	A	SNP	Heterozygous	orf1ab	QHD43415.1	1	c.8430G>A	p.Lys2810Lys	synonymous_variant	LOW	0.0305	31.5415	12708
2019-nCoV	8905	C	T	SNP	Heterozygous	orf1ab	QHD43415.1	1	c.8640C>T	p.Asp2880Asp	synonymous_variant	LOW	0.0246231	61.423	14421
2019-nCoV	8945	A	G	SNP	Heterozygous	orf1ab	QHD43415.1	1	c.8680A>G	p.Asn2894Asp	missense_variant	MODERATE	0.0175703	8.24057	34240
2019-nCoV	9344	C	T	SNP	Homozygous	orf1ab	QHD43415.1	1	c.9079C>T	p.Leu3027Phe	missense_variant	MODERATE	1.0	33619.6	17343
2019-nCoV	9424	A	G	SNP	Homozygous	orf1ab	QHD43415.1	1	c.9159A>G	p.Val3053Val	synonymous_variant	LOW	1.0	36391.6	12274
2019-nCoV	9534	C	T	SNP	Homozygous	orf1ab	QHD43415.1	1	c.9269C>T	p.Thr3090Ile	missense_variant	MODERATE	1.0	20877.1	1154
2019-nCoV	9866	C	T	SNP	Heterozygous	orf1ab	QHD43415.1	1	c.9601C>T	p.Leu3201Phe	missense_variant	MODERATE	0.0605	341.982	22832
2019-nCoV	10029	C	T	SNP	Homozygous	orf1ab	QHD43415.1	1	c.9764C>T	p.Thr3255Ile	missense_variant	MODERATE	1.0	33684.2	41112
2019-nCoV	10198	C	T	SNP	Homozygous	orf1ab	QHD43415.1	1	c.9933C>T	p.Asp3311Asp	synonymous_variant	LOW	1.0	33914.7	36686
2019-nCoV	10447	GCC	ACA	MNP	Homozygous	orf1ab	QHD43415.1	1	c.10182_10184delGCCinsACA	p.Pro3395His	missense_variant	MODERATE	0.999489	35529.3	4661
2019-nCoV	10656	CAG	C	DEL	Heterozygous	orf1ab	QHD43415.1	1	c.10392_10393delAG	p.Val3465fs	frameshift_variant	HIGH	0.027027	10.8343	153
2019-nCoV	10671	CTTGG	C	DEL	Heterozygous	orf1ab	QHD43415.1	1	c.10410_10413delGTTG	p.Trp3470fs	frameshift_variant	HIGH	0.016285	6.39951	25799
2019-nCoV	10790	C	T	SNP	Heterozygous	orf1ab	QHD43415.1	1	c.10525C>T	p.His3509Tyr	missense_variant	MODERATE	0.02001	15.0328	54845
2019-nCoV	11287	GTCTGGTTTT	G	DEL	Homozygous	orf1ab	QHD43415.1	1	c.11023_11031delTCTGGTTTT	p.Ser3675_Phe3677del	conservative_inframe_deletion	MODERATE	1.0	36070.1	76372
2019-nCoV	11514	C	T	SNP	Heterozygous	orf1ab	QHD43415.1	1	c.11249C>T	p.Thr3750Ile	missense_variant	MODERATE	0.0366834	60.8331	7529
2019-nCoV	11562	G	C	SNP	Heterozygous	orf1ab	QHD43415.1	1	c.11297G>C	p.Cys3766Ser	missense_variant	MODERATE	0.018565	10.1257	23113
2019-nCoV	11674	C	T	SNP	Heterozygous	orf1ab	QHD43415.1	1	c.11409C>T	p.Tyr3803Tyr	synonymous_variant	LOW	0.0426707	164.886	15910
2019-nCoV	11750	C	T	SNP	Heterozygous	orf1ab	QHD43415.1	1	c.11485C>T	p.Leu3829Phe	missense_variant	MODERATE	0.0525526	264.404	38832
2019-nCoV	11781	A	G	SNP	Heterozygous	orf1ab	QHD43415.1	1	c.11516A>G	p.Lys3839Arg	missense_variant	MODERATE	0.0190381	12.1358	108223
2019-nCoV	12068	C	T	SNP	Heterozygous	orf1ab	QHD43415.1	1	c.11803C>T	p.Leu3935Leu	synonymous_variant	LOW	0.02001	14.9377	13542
2019-nCoV	12160	G	A	SNP	Heterozygous	orf1ab	QHD43415.1	1	c.11895G>A	p.Glu3965Glu	synonymous_variant	LOW	0.929684	31557.2	13862
2019-nCoV	12310	G	A	SNP	Heterozygous	orf1ab	QHD43415.1	1	c.12045G>A	p.Gln4015Gln	synonymous_variant	LOW	0.0995	739.545	37779
2019-nCoV	12880	C	T	SNP	Homozygous	orf1ab	QHD43415.1	1	c.12615C>T	p.Ile4205Ile	synonymous_variant	LOW	0.997497	36413.0	46877
2019-nCoV	12952	C	T	SNP	Heterozygous	orf1ab	QHD43415.1	1	c.12687C>T	p.Tyr4229Tyr	synonymous_variant	LOW	0.0195587	13.1738	46060
2019-nCoV	14408	C	T	SNP	Homozygous	orf1ab	QHD43415.1	2	c.14144C>T	p.Pro4715Leu	missense_variant	MODERATE	0.998495	33649.9	4445
2019-nCoV	14489	A	G	SNP	Heterozygous	orf1ab	QHD43415.1	2	c.14225A>G	p.Glu4742Gly	missense_variant	MODERATE	0.02	14.9689	65117
2019-nCoV	15009	T	C	SNP	Heterozygous	orf1ab	QHD43415.1	2	c.14745T>C	p.Asp4915Asp	synonymous_variant	LOW	0.0245123	11.6069	80070
2019-nCoV	15714	C	T	SNP	Homozygous	orf1ab	QHD43415.1	2	c.15450C>T	p.Leu5150Leu	synonymous_variant	LOW	1.0	36283.6	141735
2019-nCoV	15931	T	C	SNP	Heterozygous	orf1ab	QHD43415.1	2	c.15667T>C	p.Tyr5223His	missense_variant	MODERATE	0.018	9.24008	63350
2019-nCoV	16323	C	T	SNP	Heterozygous	orf1ab	QHD43415.1	2	c.16059C>T	p.Cys5353Cys	synonymous_variant	LOW	0.0935468	845.174	135570
2019-nCoV	16528	G	T	SNP	Heterozygous	orf1ab	QHD43415.1	2	c.16264G>T	p.Val5422Phe	missense_variant	MODERATE	0.0215215	20.9188	45576
2019-nCoV	16616	C	A	SNP	Heterozygous	orf1ab	QHD43415.1	2	c.16352C>A	p.Thr5451Asn	missense_variant	MODERATE	0.123624	1388.37	21063
2019-nCoV	16859	C	T	SNP	Heterozygous	orf1ab	QHD43415.1	2	c.16595C>T	p.Ala5532Val	missense_variant	MODERATE	0.0185	10.4942	15426
2019-nCoV	16935	G	A	SNP	Heterozygous	orf1ab	QHD43415.1	2	c.16671G>A	p.Met5557Ile	missense_variant	MODERATE	0.0841683	698.623	81188
2019-nCoV	17278	G	T	SNP	Heterozygous	orf1ab	QHD43415.1	2	c.17014G>T	p.Val5672Leu	missense_variant	MODERATE	0.0545273	291.4	161963
2019-nCoV	17285	C	T	SNP	Heterozygous	orf1ab	QHD43415.1	2	c.17021C>T	p.Ser5674Leu	missense_variant	MODERATE	0.0405	143.327	162649
2019-nCoV	17410	C	T	SNP	Homozygous	orf1ab	QHD43415.1	2	c.17146C>T	p.Arg5716Cys	missense_variant	MODERATE	1.0	33886.8	78108
2019-nCoV	17726	G	T	SNP	Heterozygous	orf1ab	QHD43415.1	2	c.17462G>T	p.Arg5821Ile	missense_variant	MODERATE	0.017017	6.94954	4047
2019-nCoV	17750	C	T	SNP	Heterozygous	orf1ab	QHD43415.1	2	c.17486C>T	p.Ala5829Val	missense_variant	MODERATE	0.0195783	13.6878	4222
2019-nCoV	17985	C	T	SNP	Heterozygous	orf1ab	QHD43415.1	2	c.17721C>T	p.Asp5907Asp	synonymous_variant	LOW	0.0290436	26.2255	5157
2019-nCoV	18163	A	G	SNP	Homozygous	orf1ab	QHD43415.1	2	c.17899A>G	p.Ile5967Val	missense_variant	MODERATE	0.986459	35895.9	14232
2019-nCoV	18508	C	T	SNP	Heterozygous	orf1ab	QHD43415.1	2	c.18244C>T	p.Leu6082Phe	missense_variant	MODERATE	0.0375	64.7148	15376
2019-nCoV	19955	C	T	SNP	Homozygous	orf1ab	QHD43415.1	2	c.19691C>T	p.Thr6564Ile	missense_variant	MODERATE	1.0	33948.4	50674
2019-nCoV	20055	A	G	SNP	Homozygous	orf1ab	QHD43415.1	2	c.19791A>G	p.Glu6597Glu	synonymous_variant	LOW	1.0	33590.3	35058
2019-nCoV	20132	C	T	SNP	Heterozygous	orf1ab	QHD43415.1	2	c.19868C>T	p.Ala6623Val	missense_variant	MODERATE	0.0285285	54.8685	10550
2019-nCoV	20335	G	T	SNP	Heterozygous	orf1ab	QHD43415.1	2	c.20071G>T	p.Asp6691Tyr	missense_variant	MODERATE	0.021021	4.72929	76084
2019-nCoV	20486	AGT	A	DEL	Heterozygous	orf1ab	QHD43415.1	2	c.20231_20232delGT	p.Cys6744fs	frameshift_variant	HIGH	0.0171112	6.17504	21835
2019-nCoV	20578	G	T	SNP	Heterozygous	orf1ab	QHD43415.1	2	c.20314G>T	p.Val6772Leu	missense_variant	MODERATE	0.0261175	41.3853	43265
2019-nCoV	21618	C	T	SNP	Homozygous	S	QHD43416.1	1	c.56C>T	p.Thr19Ile	missense_variant	MODERATE	0.998999	33763.4	16569
2019-nCoV	21632	TTACCCCCTG	T	DEL	Homozygous	S	QHD43416.1	1	c.71_79delTACCCCCTG	p.Leu24_Ala27delinsSer	disruptive_inframe_deletion	MODERATE	1.0	36195.5	16131
2019-nCoV	21721	C	T	SNP	Heterozygous	S	QHD43416.1	1	c.159C>T	p.Asp53Asp	synonymous_variant	LOW	0.0541625	282.712	10213
2019-nCoV	21764	ATACATG	A	DEL	Heterozygous	S	QHD43416.1	1	c.204_209delACATGT	p.His69_Val70del	disruptive_inframe_deletion	MODERATE	0.938539	31963.5	17845
2019-nCoV	21789	C	T	SNP	Heterozygous	S	QHD43416.1	1	c.227C>T	p.Thr76Ile	missense_variant	MODERATE	0.0195098	13.43	18231
2019-nCoV	21987	G	A	SNP	Homozygous	S	QHD43416.1	1	c.425G>A	p.Gly142Asp	missense_variant	MODERATE	1.0	33714.7	23928
2019-nCoV	22200	T	G	SNP	Heterozygous	S	QHD43416.1	1	c.638T>G	p.Val213Gly	missense_variant	MODERATE	0.966483	33913.2	8345
2019-nCoV	22578	G	A	SNP	Homozygous	S	QHD43416.1	1	c.1016G>A	p.Gly339Asp	missense_variant	MODERATE	0.996992	36047.5	13915
2019-nCoV	22674	C	T	SNP	Homozygous	S	QHD43416.1	1	c.1112C>T	p.Ser371Phe	missense_variant	MODERATE	0.997497	33554.3	2945
2019-nCoV	22679	T	C	SNP	Homozygous	S	QHD43416.1	1	c.1117T>C	p.Ser373Pro	missense_variant	MODERATE	0.9965	33545.9	2908
2019-nCoV	22686	CCA	TCG	MNP	Homozygous	S	QHD43416.1	1	c.1124_1126delCCAinsTCG	p.SerThr375PheAla	missense_variant	MODERATE	1.0	13585.7	1043
2019-nCoV	22775	G	A	SNP	Homozygous	S	QHD43416.1	1	c.1213G>A	p.Asp405Asn	missense_variant	MODERATE	1.0	13998.9	834
2019-nCoV	22786	A	C	SNP	Homozygous	S	QHD43416.1	1	c.1224A>C	p.Arg408Ser	missense_variant	MODERATE	0.996319	14493.9	817
2019-nCoV	22792	C	T	SNP	Heterozygous	S	QHD43416.1	1	c.1230C>T	p.Ile410Ile	synonymous_variant	LOW	0.026506	22.616	831
2019-nCoV	22813	G	T	SNP	Homozygous	S	QHD43416.1	1	c.1251G>T	p.Lys417Asn	missense_variant	MODERATE	1.0	33475.7	37339
2019-nCoV	22851	C	T	SNP	Heterozygous	S	QHD43416.1	1	c.1289C>T	p.Thr430Ile	missense_variant	MODERATE	0.0215	20.2239	37782
2019-nCoV	22882	T	G	SNP	Homozygous	S	QHD43416.1	1	c.1320T>G	p.Asn440Lys	missense_variant	MODERATE	0.996	33631.9	58706
2019-nCoV	22917	T	A	SNP	Heterozygous	S	QHD43416.1	1	c.1355T>A	p.Leu452Gln	missense_variant	MODERATE	0.0195195	35520.7	57876
2019-nCoV	22917	T	G	SNP	Heterozygous	S	QHD43416.1	1	c.1355T>G	p.Leu452Arg	missense_variant	MODERATE	0.969469	35520.7	57876
2019-nCoV	22992	GCAC	ACAA	MNP	Homozygous	S	QHD43416.1	1	c.1430_1433delGCACinsACAA	p.SerThr477AsnLys	missense_variant	MODERATE	1.0	36297.8	19331
2019-nCoV	23013	A	C	SNP	Homozygous	S	QHD43416.1	1	c.1451A>C	p.Glu484Ala	missense_variant	MODERATE	0.997487	36000.7	30095
2019-nCoV	23018	T	G	SNP	Heterozygous	S	QHD43416.1	1	c.1456T>G	p.Phe486Val	missense_variant	MODERATE	0.958918	33438.1	30146
2019-nCoV	23040	A	G	SNP	Heterozygous	S	QHD43416.1	1	c.1478A>G	p.Gln493Arg	missense_variant	MODERATE	0.0270948	47.0951	29982
2019-nCoV	23055	A	G	SNP	Homozygous	S	QHD43416.1	1	c.1493A>G	p.Gln498Arg	missense_variant	MODERATE	1.0	33304.6	11212
2019-nCoV	23063	A	T	SNP	Homozygous	S	QHD43416.1	1	c.1501A>T	p.Asn501Tyr	missense_variant	MODERATE	0.994947	32951.8	11388
2019-nCoV	23075	T	C	SNP	Homozygous	S	QHD43416.1	1	c.1513T>C	p.Tyr505His	missense_variant	MODERATE	0.995486	35935.6	11574
2019-nCoV	23403	A	G	SNP	Homozygous	S	QHD43416.1	1	c.1841A>G	p.Asp614Gly	missense_variant	MODERATE	0.9995	33685.4	77408
2019-nCoV	23525	C	T	SNP	Homozygous	S	QHD43416.1	1	c.1963C>T	p.His655Tyr	missense_variant	MODERATE	0.999495	33518.2	182348
2019-nCoV	23599	T	G	SNP	Homozygous	S	QHD43416.1	1	c.2037T>G	p.Asn679Lys	missense_variant	MODERATE	0.997994	33696.7	242731
2019-nCoV	23604	C	A	SNP	Homozygous	S	QHD43416.1	1	c.2042C>A	p.Pro681His	missense_variant	MODERATE	0.999499	36395.0	242930
2019-nCoV	23673	C	T	SNP	Heterozygous	S	QHD43416.1	1	c.2111C>T	p.Ser704Leu	missense_variant	MODERATE	0.0870871	742.32	81719
2019-nCoV	23678	G	T	SNP	Heterozygous	S	QHD43416.1	1	c.2116G>T	p.Ala706Ser	missense_variant	MODERATE	0.0185278	10.7359	81716
2019-nCoV	23707	C	T	SNP	Heterozygous	S	QHD43416.1	1	c.2145C>T	p.Pro715Pro	synonymous_variant	LOW	0.026013	39.3859	96322
2019-nCoV	23854	C	A	SNP	Homozygous	S	QHD43416.1	1	c.2292C>A	p.Asn764Lys	missense_variant	MODERATE	1.0	33575.0	20030
2019-nCoV	23948	GATTTTGGTGGTTTTAATTTTTCACAAATAT	TATTTGTGGTTGATTTTATTTCAACAATAC	MIXED	Heterozygous	S	QHD43416.1	1	c.2386_2416delGATTTTGGTGGTTTTAATTTTTCACAAATATinsTATTTGTGGTTGATTTTATTTCAACAATAC	p.Asp796fs	frameshift_variant&missense_variant	HIGH	0.0779292	31012.4	12253
2019-nCoV	23948	G	T	SNP	Heterozygous	S	QHD43416.1	1	c.2386G>T	p.Asp796Tyr	missense_variant	MODERATE	0.881199	31012.4	12253
2019-nCoV	24424	A	T	SNP	Homozygous	S	QHD43416.1	1	c.2862A>T	p.Gln954His	missense_variant	MODERATE	0.984887	35925.0	68328
2019-nCoV	24469	T	A	SNP	Homozygous	S	QHD43416.1	1	c.2907T>A	p.Asn969Lys	missense_variant	MODERATE	1.0	33534.6	90395
2019-nCoV	24499	T	C	SNP	Heterozygous	S	QHD43416.1	1	c.2937T>C	p.Asp979Asp	synonymous_variant	LOW	0.018	9.23727	92186
2019-nCoV	25000	C	T	SNP	Homozygous	S	QHD43416.1	1	c.3438C>T	p.Asp1146Asp	synonymous_variant	LOW	1.0	33659.0	36551
2019-nCoV	25416	C	T	SNP	Heterozygous	ORF3a	QHD43417.1	1	c.24C>T	p.Phe8Phe	synonymous_variant	LOW	0.046023	197.179	51008
2019-nCoV	25521	C	T	SNP	Heterozygous	ORF3a	QHD43417.1	1	c.129C>T	p.Phe43Phe	synonymous_variant	LOW	0.0191243	12.543	215562
2019-nCoV	25584	C	T	SNP	Homozygous	ORF3a	QHD43417.1	1	c.192C>T	p.Thr64Thr	synonymous_variant	LOW	0.99598	35729.8	195898
2019-nCoV	26060	C	T	SNP	Homozygous	ORF3a	QHD43417.1	1	c.668C>T	p.Thr223Ile	missense_variant	MODERATE	0.9995	33888.0	83910
2019-nCoV	26270	C	T	SNP	Homozygous	E	QHD43418.1	1	c.26C>T	p.Thr9Ile	missense_variant	MODERATE	1.0	33880.6	165548
2019-nCoV	26529	G	A	SNP	Heterozygous	M	QHD43419.1	1	c.7G>A	p.Asp3Asn	missense_variant	MODERATE	0.8835	29128.6	10166
2019-nCoV	26577	C	G	SNP	Homozygous	M	QHD43419.1	1	c.55C>G	p.Gln19Glu	missense_variant	MODERATE	1.0	33740.0	6022
2019-nCoV	26709	G	A	SNP	Homozygous	M	QHD43419.1	1	c.187G>A	p.Ala63Thr	missense_variant	MODERATE	1.0	36451.4	24259
2019-nCoV	26858	C	T	SNP	Heterozygous	M	QHD43419.1	1	c.336C>T	p.Phe112Phe	synonymous_variant	LOW	0.130696	1524.03	51008
2019-nCoV	27012	C	T	SNP	Heterozygous	M	QHD43419.1	1	c.490C>T	p.Leu164Leu	synonymous_variant	LOW	0.1025	787.276	58177
2019-nCoV	27038	A	G	SNP	Heterozygous	M	QHD43419.1	1	c.516A>G	p.Thr172Thr	synonymous_variant	LOW	0.1095	1126.71	6290
2019-nCoV	27218	A	G	SNP	Heterozygous	ORF6	QHD43420.1	1	c.17A>G	p.Asp6Gly	missense_variant	MODERATE	0.084	694.605	15247
2019-nCoV	27259	A	C	SNP	Heterozygous	ORF6	QHD43420.1	1	c.58A>C	p.Arg20Arg	synonymous_variant	LOW	0.178267	2551.65	18736
2019-nCoV	27263	CTTTTAAAGTTTCCATTTGGAATCTTGA	C	DEL	Heterozygous	ORF6	QHD43420.1	1	c.65_91delTTAAAGTTTCCATTTGGAATCTTGATT	p.Phe22_Asp30del	disruptive_inframe_deletion	MODERATE	0.0147808	13.9498	18542
2019-nCoV	27382	GAT	CTC	MNP	Heterozygous	ORF6	QHD43420.1	1	c.181_183delGATinsCTC	p.Asp61Leu	missense_variant	MODERATE	0.160321	2151.14	3170
2019-nCoV	27438	T	C	SNP	Heterozygous	ORF7a	QHD43421.1	1	c.45T>C	p.Cys15Cys	synonymous_variant	LOW	0.461849	9637.75	30972
2019-nCoV	27513	C	T	SNP	Heterozygous	ORF7a	QHD43421.1	1	c.120C>T	p.Tyr40Tyr	synonymous_variant	LOW	0.100601	970.839	59724
2019-nCoV	27532	C	T	SNP	Heterozygous	ORF7a	QHD43421.1	1	c.139C>T	p.His47Tyr	missense_variant	MODERATE	0.0240602	29.0751	60777
2019-nCoV	27788	G	T	SNP	Heterozygous	ORF8	QHD43422.1	-1	c.-106G>T	.	upstream_gene_variant	MODIFIER	0.065261	418.643	41564
2019-nCoV	27807	C	T	SNP	Homozygous	ORF8	QHD43422.1	-1	c.-87C>T	.	upstream_gene_variant	MODIFIER	0.998499	36321.4	41531
2019-nCoV	27889	C	T	SNP	Heterozygous	ORF8	QHD43422.1	-1	c.-5C>T	.	upstream_gene_variant	MODIFIER	0.873811	28562.0	32163
2019-nCoV	27945	C	T	SNP	Heterozygous	ORF8	QHD43422.1	1	c.52C>T	p.Gln18*	stop_gained	HIGH	0.044	178.73	22685
2019-nCoV	28271	A	T	SNP	Homozygous	N	QHD43423.2	-1	c.-3A>T	.	upstream_gene_variant	MODIFIER	1.0	33239.6	142046
2019-nCoV	28311	C	T	SNP	Homozygous	N	QHD43423.2	1	c.38C>T	p.Pro13Leu	missense_variant	MODERATE	0.991992	35749.2	143399
2019-nCoV	28330	A	G	SNP	Heterozygous	N	QHD43423.2	1	c.57A>G	p.Gly19Gly	synonymous_variant	LOW	0.265388	4695.24	138044
2019-nCoV	28361	GGAGAACGCA	G	DEL	Homozygous	N	QHD43423.2	1	c.90_98delAGAACGCAG	p.Glu31_Ser33del	disruptive_inframe_deletion	MODERATE	1.0	35751.7	21699
2019-nCoV	28681	G	T	SNP	Heterozygous	N	QHD43423.2	1	c.408G>T	p.Glu136Asp	missense_variant	MODERATE	0.110775	1144.79	141449
2019-nCoV	28724	C	T	SNP	Heterozygous	N	QHD43423.2	1	c.451C>T	p.Pro151Ser	missense_variant	MODERATE	0.078	450.635	141611
2019-nCoV	28881	GGG	AAC	MNP	Homozygous	N	QHD43423.2	1	c.608_610delGGGinsAAC	p.ArgGly203LysArg	missense_variant	MODERATE	1.0	33687.7	41338
2019-nCoV	29032	G	A	SNP	Heterozygous	N	QHD43423.2	1	c.759G>A	p.Glu253Glu	synonymous_variant	LOW	0.0305655	29.865	3305
2019-nCoV	29510	A	C	SNP	Homozygous	N	QHD43423.2	1	c.1237A>C	p.Ser413Arg	missense_variant	MODERATE	0.995996	36027.1	6974
2019-nCoV	29614	C	T	SNP	Heterozygous	ORF10	QHI42199.1	1	c.57C>T	p.Cys19Cys	synonymous_variant	LOW	0.0325	81.0006	8549
2019-nCoV	29666	C	T	SNP	Heterozygous	ORF10	QHI42199.1	1	c.109C>T	p.Leu37Phe	missense_variant	MODERATE	0.322161	6366.56	8514
2019-nCoV	29733	CGAGGCCACGCGGAGTACGATCGAGTG	C	DEL	Homozygous	S	QHD43416.1	-1	c.*4350_*4375delGAGGCCACGCGGAGTACGATCGAGTG	.	downstream_gene_variant	MODIFIER	1.0	35821.9	6421
