CHROM	POS	REF	ALT	VARTYPE	GEN[*].GT	ANN[*].GENE	ANN[*].FEATUREID	EFF[*].RANK	ANN[*].HGVS_C	ANN[*].HGVS_P	ANN[*].EFFECT	EFF[*].IMPACT	AF	QUAL	DP
2019-nCoV	44	C	T	SNP	Homozygous	orf1ab	QHD43415.1	-1	c.-222C>T	.	upstream_gene_variant	MODIFIER	0.991992	32424.2	25011
2019-nCoV	241	C	T	SNP	Homozygous	orf1ab	QHD43415.1	-1	c.-25C>T	.	upstream_gene_variant	MODIFIER	0.999498	33266.1	2234
2019-nCoV	254	C	T	SNP	Heterozygous	orf1ab	QHD43415.1	-1	c.-12C>T	.	upstream_gene_variant	MODIFIER	0.021	18.4075	2265
2019-nCoV	405	A	G	SNP	Heterozygous	orf1ab	QHD43415.1	1	c.140A>G	p.Lys47Arg	missense_variant	MODERATE	0.345345	7099.13	26544
2019-nCoV	441	G	A	SNP	Heterozygous	orf1ab	QHD43415.1	1	c.176G>A	p.Gly59Asp	missense_variant	MODERATE	0.0555	203.503	25638
2019-nCoV	670	T	G	SNP	Homozygous	orf1ab	QHD43415.1	1	c.405T>G	p.Ser135Arg	missense_variant	MODERATE	0.996995	33497.4	28634
2019-nCoV	683	C	T	SNP	Heterozygous	orf1ab	QHD43415.1	1	c.418C>T	p.Leu140Leu	synonymous_variant	LOW	0.0560561	307.481	28626
2019-nCoV	1320	A	G	SNP	Heterozygous	orf1ab	QHD43415.1	1	c.1055A>G	p.Glu352Gly	missense_variant	MODERATE	0.0355	53.4412	11934
2019-nCoV	1385	C	T	SNP	Heterozygous	orf1ab	QHD43415.1	1	c.1120C>T	p.His374Tyr	missense_variant	MODERATE	0.0715	511.021	23085
2019-nCoV	1627	C	T	SNP	Heterozygous	orf1ab	QHD43415.1	1	c.1362C>T	p.Leu454Leu	synonymous_variant	LOW	0.163976	1819.83	16167
2019-nCoV	1779	C	T	SNP	Heterozygous	orf1ab	QHD43415.1	1	c.1514C>T	p.Ser505Phe	missense_variant	MODERATE	0.0657301	307.581	15437
2019-nCoV	1803	A	G	SNP	Heterozygous	orf1ab	QHD43415.1	1	c.1538A>G	p.Lys513Arg	missense_variant	MODERATE	0.0625	363.169	15414
2019-nCoV	1889	C	T	SNP	Heterozygous	orf1ab	QHD43415.1	1	c.1624C>T	p.Arg542Cys	missense_variant	MODERATE	0.036	105.706	19401
2019-nCoV	1931	C	A	SNP	Heterozygous	orf1ab	QHD43415.1	1	c.1666C>A	p.Gln556Lys	missense_variant	MODERATE	0.344238	6813.67	7299
2019-nCoV	2015	A	G	SNP	Heterozygous	orf1ab	QHD43415.1	1	c.1750A>G	p.Met584Val	missense_variant	MODERATE	0.0370185	113.245	12578
2019-nCoV	2164	G	A	SNP	Heterozygous	orf1ab	QHD43415.1	1	c.1899G>A	p.Glu633Glu	synonymous_variant	LOW	0.375125	7900.59	8194
2019-nCoV	2453	C	T	SNP	Heterozygous	orf1ab	QHD43415.1	1	c.2188C>T	p.Leu730Phe	missense_variant	MODERATE	0.106053	1066.88	3725
2019-nCoV	2790	C	T	SNP	Homozygous	orf1ab	QHD43415.1	1	c.2525C>T	p.Thr842Ile	missense_variant	MODERATE	1.0	29933.3	21555
2019-nCoV	2954	T	C	SNP	Heterozygous	orf1ab	QHD43415.1	1	c.2689T>C	p.Leu897Leu	synonymous_variant	LOW	0.34	6942.81	16606
2019-nCoV	3037	C	T	SNP	Homozygous	orf1ab	QHD43415.1	1	c.2772C>T	p.Phe924Phe	synonymous_variant	LOW	1.0	32973.2	15644
2019-nCoV	3046	A	G	SNP	Heterozygous	orf1ab	QHD43415.1	1	c.2781A>G	p.Pro927Pro	synonymous_variant	LOW	0.025	35.5272	5742
2019-nCoV	3170	C	T	SNP	Heterozygous	orf1ab	QHD43415.1	1	c.2905C>T	p.Leu969Phe	missense_variant	MODERATE	0.0572864	320.023	14587
2019-nCoV	3181	A	G	SNP	Heterozygous	orf1ab	QHD43415.1	1	c.2916A>G	p.Glu972Glu	synonymous_variant	LOW	0.0815408	492.084	9219
2019-nCoV	3365	C	T	SNP	Heterozygous	orf1ab	QHD43415.1	1	c.3100C>T	p.Leu1034Phe	missense_variant	MODERATE	0.0465233	125.561	8921
2019-nCoV	3604	C	T	SNP	Heterozygous	orf1ab	QHD43415.1	1	c.3339C>T	p.His1113His	synonymous_variant	LOW	0.035	98.9075	17606
2019-nCoV	3796	C	T	SNP	Heterozygous	orf1ab	QHD43415.1	1	c.3531C>T	p.Val1177Val	synonymous_variant	LOW	0.0511535	252.71	13764
2019-nCoV	3927	C	T	SNP	Heterozygous	orf1ab	QHD43415.1	1	c.3662C>T	p.Ser1221Leu	missense_variant	MODERATE	0.0410616	151.687	11006
2019-nCoV	3992	C	T	SNP	Heterozygous	orf1ab	QHD43415.1	1	c.3727C>T	p.Leu1243Leu	synonymous_variant	LOW	0.0585293	336.488	5217
2019-nCoV	4184	G	A	SNP	Homozygous	orf1ab	QHD43415.1	1	c.3919G>A	p.Gly1307Ser	missense_variant	MODERATE	0.995992	36007.0	10214
2019-nCoV	4321	C	T	SNP	Homozygous	orf1ab	QHD43415.1	1	c.4056C>T	p.Ala1352Ala	synonymous_variant	LOW	0.999497	32707.2	19583
2019-nCoV	4586	C	T	SNP	Heterozygous	orf1ab	QHD43415.1	1	c.4321C>T	p.Leu1441Leu	synonymous_variant	LOW	0.043043	167.21	30218
2019-nCoV	5183	C	T	SNP	Heterozygous	orf1ab	QHD43415.1	1	c.4918C>T	p.Pro1640Ser	missense_variant	MODERATE	0.034034	44.3248	14646
2019-nCoV	6352	G	T	SNP	Heterozygous	orf1ab	QHD43415.1	1	c.6087G>T	p.Lys2029Asn	missense_variant	MODERATE	0.0265	16.4602	7679
2019-nCoV	6573	C	T	SNP	Heterozygous	orf1ab	QHD43415.1	1	c.6308C>T	p.Ser2103Phe	missense_variant	MODERATE	0.0395	133.462	16269
2019-nCoV	6770	A	G	SNP	Heterozygous	orf1ab	QHD43415.1	1	c.6505A>G	p.Met2169Val	missense_variant	MODERATE	0.027	45.9101	22043
2019-nCoV	6781	C	T	SNP	Heterozygous	orf1ab	QHD43415.1	1	c.6516C>T	p.Phe2172Phe	synonymous_variant	LOW	0.0496203	212.58	21331
2019-nCoV	6786	C	T	SNP	Heterozygous	orf1ab	QHD43415.1	1	c.6521C>T	p.Thr2174Ile	missense_variant	MODERATE	0.0320963	72.6507	21748
2019-nCoV	7235	G	A	SNP	Heterozygous	orf1ab	QHD43415.1	1	c.6970G>A	p.Val2324Ile	missense_variant	MODERATE	0.0275138	48.9825	14319
2019-nCoV	7528	C	T	SNP	Heterozygous	orf1ab	QHD43415.1	1	c.7263C>T	p.Val2421Val	synonymous_variant	LOW	0.101005	975.874	13470
2019-nCoV	7688	C	T	SNP	Heterozygous	orf1ab	QHD43415.1	1	c.7423C>T	p.Leu2475Leu	synonymous_variant	LOW	0.030015	29.3182	24166
2019-nCoV	7735	C	T	SNP	Heterozygous	orf1ab	QHD43415.1	1	c.7470C>T	p.Ile2490Ile	synonymous_variant	LOW	0.0495495	229.58	24212
2019-nCoV	7990	A	G	SNP	Heterozygous	orf1ab	QHD43415.1	1	c.7725A>G	p.Ala2575Ala	synonymous_variant	LOW	0.0230115	26.28	26147
2019-nCoV	8251	C	T	SNP	Heterozygous	orf1ab	QHD43415.1	1	c.7986C>T	p.Asp2662Asp	synonymous_variant	LOW	0.048	218.533	12706
2019-nCoV	8320	C	T	SNP	Heterozygous	orf1ab	QHD43415.1	1	c.8055C>T	p.Pro2685Pro	synonymous_variant	LOW	0.021	18.2305	12242
2019-nCoV	9344	C	T	SNP	Homozygous	orf1ab	QHD43415.1	1	c.9079C>T	p.Leu3027Phe	missense_variant	MODERATE	0.995966	33904.7	10425
2019-nCoV	9424	A	G	SNP	Homozygous	orf1ab	QHD43415.1	1	c.9159A>G	p.Val3053Val	synonymous_variant	LOW	0.995471	35814.4	6503
2019-nCoV	9502	C	T	SNP	Heterozygous	orf1ab	QHD43415.1	1	c.9237C>T	p.Ala3079Ala	synonymous_variant	LOW	0.0301556	18.3719	1028
2019-nCoV	9534	C	T	SNP	Homozygous	orf1ab	QHD43415.1	1	c.9269C>T	p.Thr3090Ile	missense_variant	MODERATE	0.999032	10272.5	1032
2019-nCoV	9724	C	A	SNP	Heterozygous	orf1ab	QHD43415.1	1	c.9459C>A	p.Phe3153Leu	missense_variant	MODERATE	0.059	238.209	8537
2019-nCoV	9866	C	T	SNP	Heterozygous	orf1ab	QHD43415.1	1	c.9601C>T	p.Leu3201Phe	missense_variant	MODERATE	0.386466	7757.8	14572
2019-nCoV	10029	C	T	SNP	Homozygous	orf1ab	QHD43415.1	1	c.9764C>T	p.Thr3255Ile	missense_variant	MODERATE	0.995495	35911.4	18693
2019-nCoV	10198	C	T	SNP	Homozygous	orf1ab	QHD43415.1	1	c.9933C>T	p.Asp3311Asp	synonymous_variant	LOW	1.0	33955.3	19012
2019-nCoV	10252	C	T	SNP	Heterozygous	orf1ab	QHD43415.1	1	c.9987C>T	p.Phe3329Phe	synonymous_variant	LOW	0.0356784	110.724	19084
2019-nCoV	10447	GCC	ACA	MNP	Homozygous	orf1ab	QHD43415.1	1	c.10182_10184delGCCinsACA	p.Pro3395His	missense_variant	MODERATE	1.0	35604.9	5375
2019-nCoV	11287	GTCTGGTTTT	G	DEL	Homozygous	orf1ab	QHD43415.1	1	c.11023_11031delTCTGGTTTT	p.Ser3675_Phe3677del	conservative_inframe_deletion	MODERATE	1.0	35667.6	23926
2019-nCoV	11552	G	T	SNP	Heterozygous	orf1ab	QHD43415.1	1	c.11287G>T	p.Val3763Phe	missense_variant	MODERATE	0.0250752	38.9847	14058
2019-nCoV	11750	C	T	SNP	Heterozygous	orf1ab	QHD43415.1	1	c.11485C>T	p.Leu3829Phe	missense_variant	MODERATE	0.446626	10252.3	9925
2019-nCoV	12160	G	A	SNP	Heterozygous	orf1ab	QHD43415.1	1	c.11895G>A	p.Glu3965Glu	synonymous_variant	LOW	0.622623	16847.0	7706
2019-nCoV	12880	C	T	SNP	Homozygous	orf1ab	QHD43415.1	1	c.12615C>T	p.Ile4205Ile	synonymous_variant	LOW	0.9995	36225.3	14456
2019-nCoV	13968	C	T	SNP	Heterozygous	orf1ab	QHD43415.1	2	c.13704C>T	p.Ala4568Ala	synonymous_variant	LOW	0.041	150.455	8966
2019-nCoV	14230	C	T	SNP	Heterozygous	orf1ab	QHD43415.1	2	c.13966C>T	p.Pro4656Ser	missense_variant	MODERATE	0.061716	261.466	8232
2019-nCoV	14257	T	C	SNP	Heterozygous	orf1ab	QHD43415.1	2	c.13993T>C	p.Tyr4665His	missense_variant	MODERATE	0.397596	7753.78	11409
2019-nCoV	14408	C	T	SNP	Homozygous	orf1ab	QHD43415.1	2	c.14144C>T	p.Pro4715Leu	missense_variant	MODERATE	0.990495	33169.6	3416
2019-nCoV	15451	G	A	SNP	Heterozygous	orf1ab	QHD43415.1	2	c.15187G>A	p.Gly5063Ser	missense_variant	MODERATE	0.344845	7038.36	37136
2019-nCoV	15714	C	T	SNP	Homozygous	orf1ab	QHD43415.1	2	c.15450C>T	p.Leu5150Leu	synonymous_variant	LOW	0.997998	35942.7	31983
2019-nCoV	15738	C	T	SNP	Heterozygous	orf1ab	QHD43415.1	2	c.15474C>T	p.Phe5158Phe	synonymous_variant	LOW	0.326479	5516.25	31608
2019-nCoV	15939	T	C	SNP	Heterozygous	orf1ab	QHD43415.1	2	c.15675T>C	p.Asp5225Asp	synonymous_variant	LOW	0.242105	4071.23	22723
2019-nCoV	16342	T	C	SNP	Heterozygous	orf1ab	QHD43415.1	2	c.16078T>C	p.Ser5360Pro	missense_variant	MODERATE	0.297649	5672.73	41771
2019-nCoV	16616	C	A	SNP	Heterozygous	orf1ab	QHD43415.1	2	c.16352C>A	p.Thr5451Asn	missense_variant	MODERATE	0.0285143	54.7688	11151
2019-nCoV	16818	A	G	SNP	Heterozygous	orf1ab	QHD43415.1	2	c.16554A>G	p.Gln5518Gln	synonymous_variant	LOW	0.0495	231.62	27695
2019-nCoV	16935	G	A	SNP	Heterozygous	orf1ab	QHD43415.1	2	c.16671G>A	p.Met5557Ile	missense_variant	MODERATE	0.41483	9309.87	40872
2019-nCoV	17039	A	G	SNP	Heterozygous	orf1ab	QHD43415.1	2	c.16775A>G	p.Asn5592Ser	missense_variant	MODERATE	0.359359	6535.78	30185
2019-nCoV	17304	C	T	SNP	Heterozygous	orf1ab	QHD43415.1	2	c.17040C>T	p.Val5680Val	synonymous_variant	LOW	0.0255639	34.0533	59495
2019-nCoV	17410	C	T	SNP	Homozygous	orf1ab	QHD43415.1	2	c.17146C>T	p.Arg5716Cys	missense_variant	MODERATE	0.987988	35437.9	32208
2019-nCoV	17746	C	T	SNP	Heterozygous	orf1ab	QHD43415.1	2	c.17482C>T	p.Pro5828Ser	missense_variant	MODERATE	0.033	84.7296	4740
2019-nCoV	17859	T	C	SNP	Heterozygous	orf1ab	QHD43415.1	2	c.17595T>C	p.Tyr5865Tyr	synonymous_variant	LOW	0.407	9064.42	13006
2019-nCoV	18163	A	G	SNP	Homozygous	orf1ab	QHD43415.1	2	c.17899A>G	p.Ile5967Val	missense_variant	MODERATE	0.991483	35636.7	9820
2019-nCoV	18252	C	T	SNP	Heterozygous	orf1ab	QHD43415.1	2	c.17988C>T	p.Asn5996Asn	synonymous_variant	LOW	0.028	21.9304	11870
2019-nCoV	18465	T	C	SNP	Heterozygous	orf1ab	QHD43415.1	2	c.18201T>C	p.Pro6067Pro	synonymous_variant	LOW	0.0375375	120.773	15678
2019-nCoV	18988	G	A	SNP	Heterozygous	orf1ab	QHD43415.1	2	c.18724G>A	p.Val6242Ile	missense_variant	MODERATE	0.030015	64.1124	20972
2019-nCoV	19021	G	A	SNP	Heterozygous	orf1ab	QHD43415.1	2	c.18757G>A	p.Val6253Ile	missense_variant	MODERATE	0.0655984	429.033	5163
2019-nCoV	19160	C	T	SNP	Heterozygous	orf1ab	QHD43415.1	2	c.18896C>T	p.Ser6299Phe	missense_variant	MODERATE	0.0625	389.55	13694
2019-nCoV	19170	C	T	SNP	Heterozygous	orf1ab	QHD43415.1	2	c.18906C>T	p.Phe6302Phe	synonymous_variant	LOW	0.101101	970.313	13524
2019-nCoV	19326	A	G	SNP	Heterozygous	orf1ab	QHD43415.1	2	c.19062A>G	p.Pro6354Pro	synonymous_variant	LOW	0.311623	6057.26	16274
2019-nCoV	19955	C	T	SNP	Homozygous	orf1ab	QHD43415.1	2	c.19691C>T	p.Thr6564Ile	missense_variant	MODERATE	0.993994	35650.6	28449
2019-nCoV	20055	A	G	SNP	Heterozygous	orf1ab	QHD43415.1	2	c.19791A>G	p.Glu6597Glu	synonymous_variant	LOW	0.95994	30917.8	19379
2019-nCoV	20235	C	T	SNP	Heterozygous	orf1ab	QHD43415.1	2	c.19971C>T	p.Pro6657Pro	synonymous_variant	LOW	0.0345691	96.18	6345
2019-nCoV	20944	G	T	SNP	Heterozygous	orf1ab	QHD43415.1	2	c.20680G>T	p.Val6894Phe	missense_variant	MODERATE	0.0535536	280.127	21794
2019-nCoV	21618	C	T	SNP	Homozygous	S	QHD43416.1	1	c.56C>T	p.Thr19Ile	missense_variant	MODERATE	1.0	33925.5	12615
2019-nCoV	21632	TTACCCCCTG	T	DEL	Homozygous	S	QHD43416.1	1	c.71_79delTACCCCCTG	p.Leu24_Ala27delinsSer	disruptive_inframe_deletion	MODERATE	1.0	36062.0	12287
2019-nCoV	21764	ATACATG	A	DEL	Heterozygous	S	QHD43416.1	1	c.204_209delACATGT	p.His69_Val70del	disruptive_inframe_deletion	MODERATE	0.935219	31079.9	10414
2019-nCoV	21786	G	T	SNP	Heterozygous	S	QHD43416.1	1	c.224G>T	p.Gly75Val	missense_variant	MODERATE	0.0455228	118.554	10612
2019-nCoV	21987	G	A	SNP	Homozygous	S	QHD43416.1	1	c.425G>A	p.Gly142Asp	missense_variant	MODERATE	0.997999	33448.6	15996
2019-nCoV	21990	TTTA	T	DEL	Heterozygous	S	QHD43416.1	1	c.432_434delTTA	p.Tyr145del	disruptive_inframe_deletion	MODERATE	0.498737	11899.5	15943
2019-nCoV	22000	C	A	SNP	Heterozygous	S	QHD43416.1	1	c.438C>A	p.His146Gln	missense_variant	MODERATE	0.299842	5040.64	16044
2019-nCoV	22016	T	C	SNP	Heterozygous	S	QHD43416.1	1	c.454T>C	p.Trp152Arg	missense_variant	MODERATE	0.0295	60.5422	16244
2019-nCoV	22033	C	A	SNP	Heterozygous	S	QHD43416.1	1	c.471C>A	p.Phe157Leu	missense_variant	MODERATE	0.0235	28.3678	23675
2019-nCoV	22109	C	G	SNP	Heterozygous	S	QHD43416.1	1	c.547C>G	p.Gln183Glu	missense_variant	MODERATE	0.203611	2667.27	17459
2019-nCoV	22200	T	A	SNP	Heterozygous	S	QHD43416.1	1	c.638T>A	p.Val213Glu	missense_variant	MODERATE	0.345673	35816.6	10809
2019-nCoV	22200	T	G	SNP	Heterozygous	S	QHD43416.1	1	c.638T>G	p.Val213Gly	missense_variant	MODERATE	0.650825	35816.6	10809
2019-nCoV	22317	G	T	SNP	Heterozygous	S	QHD43416.1	1	c.755G>T	p.Gly252Val	missense_variant	MODERATE	0.359359	6615.28	20986
2019-nCoV	22323	C	T	SNP	Heterozygous	S	QHD43416.1	1	c.761C>T	p.Ser254Phe	missense_variant	MODERATE	0.0185371	11.7017	9536
2019-nCoV	22331	G	A	SNP	Heterozygous	S	QHD43416.1	1	c.769G>A	p.Gly257Ser	missense_variant	MODERATE	0.035	52.0592	9418
2019-nCoV	22576	TGG	CA	MIXED	Heterozygous	S	QHD43416.1	1	c.1014_1016delTGGinsCA	p.Gly339fs	frameshift_variant&missense_variant	HIGH	0.150254	32623.0	6305
2019-nCoV	22576	TGG	GA	MIXED	Heterozygous	S	QHD43416.1	1	c.1014_1016delTGGinsGA	p.Phe338fs	frameshift_variant&missense_variant	HIGH	0.784264	32623.0	6305
2019-nCoV	22599	G	C	SNP	Heterozygous	S	QHD43416.1	1	c.1037G>C	p.Arg346Thr	missense_variant	MODERATE	0.74024	22047.9	3300
2019-nCoV	22629	A	C	SNP	Heterozygous	S	QHD43416.1	1	c.1067A>C	p.Lys356Thr	missense_variant	MODERATE	0.0305153	66.4602	4737
2019-nCoV	22664	C	A	SNP	Heterozygous	S	QHD43416.1	1	c.1102C>A	p.Leu368Ile	missense_variant	MODERATE	0.266633	4781.42	4775
2019-nCoV	22674	C	T	SNP	Homozygous	S	QHD43416.1	1	c.1112C>T	p.Ser371Phe	missense_variant	MODERATE	0.998498	33353.3	4623
2019-nCoV	22679	T	C	SNP	Homozygous	S	QHD43416.1	1	c.1117T>C	p.Ser373Pro	missense_variant	MODERATE	0.998999	33173.9	4598
2019-nCoV	22686	CCA	TCG	MNP	Homozygous	S	QHD43416.1	1	c.1124_1126delCCAinsTCG	p.SerThr375PheAla	missense_variant	MODERATE	1.0	21984.9	1704
2019-nCoV	22775	G	A	SNP	Homozygous	S	QHD43416.1	1	c.1213G>A	p.Asp405Asn	missense_variant	MODERATE	1.0	21978.0	1311
2019-nCoV	22786	A	C	SNP	Homozygous	S	QHD43416.1	1	c.1224A>C	p.Arg408Ser	missense_variant	MODERATE	0.998454	23286.5	1291
2019-nCoV	22813	G	T	SNP	Homozygous	S	QHD43416.1	1	c.1251G>T	p.Lys417Asn	missense_variant	MODERATE	1.0	33846.2	16096
2019-nCoV	22882	T	G	SNP	Homozygous	S	QHD43416.1	1	c.1320T>G	p.Asn440Lys	missense_variant	MODERATE	1.0	33856.8	26677
2019-nCoV	22893	A	C	SNP	Heterozygous	S	QHD43416.1	1	c.1331A>C	p.Lys444Thr	missense_variant	MODERATE	0.494393	11861.8	26415
2019-nCoV	22895	GTTG	CCTA	MNP	Heterozygous	S	QHD43416.1	1	c.1333_1336delGTTGinsCCTA	p.ValGly445ProSer	missense_variant	MODERATE	0.174154	3540.76	26385
2019-nCoV	22917	T	G	SNP	Heterozygous	S	QHD43416.1	1	c.1355T>G	p.Leu452Arg	missense_variant	MODERATE	0.790185	24361.4	26073
2019-nCoV	22942	T	A	SNP	Heterozygous	S	QHD43416.1	1	c.1380T>A	p.Asn460Lys	missense_variant	MODERATE	0.526289	22148.5	25535
2019-nCoV	22992	GCAC	ACAA	MNP	Homozygous	S	QHD43416.1	1	c.1430_1433delGCACinsACAA	p.SerThr477AsnLys	missense_variant	MODERATE	0.999495	35902.4	11230
2019-nCoV	23013	A	C	SNP	Homozygous	S	QHD43416.1	1	c.1451A>C	p.Glu484Ala	missense_variant	MODERATE	0.998988	35772.5	20143
2019-nCoV	23018	T	G	SNP	Heterozygous	S	QHD43416.1	1	c.1456T>G	p.Phe486Val	missense_variant	MODERATE	0.8155	25640.8	20291
2019-nCoV	23019	T	C	SNP	Heterozygous	S	QHD43416.1	1	c.1457T>C	p.Phe486Ser	missense_variant	MODERATE	0.134067	1600.18	20291
2019-nCoV	23031	T	C	SNP	Heterozygous	S	QHD43416.1	1	c.1469T>C	p.Phe490Ser	missense_variant	MODERATE	0.174	2461.29	20295
2019-nCoV	23055	A	G	SNP	Homozygous	S	QHD43416.1	1	c.1493A>G	p.Gln498Arg	missense_variant	MODERATE	0.990918	35208.3	9220
2019-nCoV	23063	A	T	SNP	Homozygous	S	QHD43416.1	1	c.1501A>T	p.Asn501Tyr	missense_variant	MODERATE	0.986439	32280.9	9374
2019-nCoV	23075	T	C	SNP	Homozygous	S	QHD43416.1	1	c.1513T>C	p.Tyr505His	missense_variant	MODERATE	0.997495	36140.4	9606
2019-nCoV	23188	C	T	SNP	Heterozygous	S	QHD43416.1	1	c.1626C>T	p.Asn542Asn	synonymous_variant	LOW	0.035589	57.0399	19775
2019-nCoV	23403	A	G	SNP	Homozygous	S	QHD43416.1	1	c.1841A>G	p.Asp614Gly	missense_variant	MODERATE	0.9995	35930.1	39976
2019-nCoV	23525	C	T	SNP	Homozygous	S	QHD43416.1	1	c.1963C>T	p.His655Tyr	missense_variant	MODERATE	0.999498	33683.3	59632
2019-nCoV	23558	A	G	SNP	Heterozygous	S	QHD43416.1	1	c.1996A>G	p.Ile666Val	missense_variant	MODERATE	0.026026	40.6333	41929
2019-nCoV	23579	A	G	SNP	Heterozygous	S	QHD43416.1	1	c.2017A>G	p.Ser673Gly	missense_variant	MODERATE	0.25404	4418.58	41953
2019-nCoV	23599	T	G	SNP	Homozygous	S	QHD43416.1	1	c.2037T>G	p.Asn679Lys	missense_variant	MODERATE	0.998498	33598.6	65719
2019-nCoV	23604	C	A	SNP	Homozygous	S	QHD43416.1	1	c.2042C>A	p.Pro681His	missense_variant	MODERATE	0.998998	19876.9	65756
2019-nCoV	23854	C	A	SNP	Homozygous	S	QHD43416.1	1	c.2292C>A	p.Asn764Lys	missense_variant	MODERATE	0.994483	33013.2	12736
2019-nCoV	23948	GATTTTG	TATTT	MIXED	Heterozygous	S	QHD43416.1	1	c.2386_2392delGATTTTGinsTATTT	p.Asp796fs	frameshift_variant&missense_variant	HIGH	0.0806003	30000.3	12237
2019-nCoV	23948	G	T	SNP	Heterozygous	S	QHD43416.1	1	c.2386G>T	p.Asp796Tyr	missense_variant	MODERATE	0.9194	30000.3	12237
2019-nCoV	24040	G	T	SNP	Heterozygous	S	QHD43416.1	1	c.2478G>T	p.Val826Val	synonymous_variant	LOW	0.0265	42.8834	25959
2019-nCoV	24210	C	T	SNP	Heterozygous	S	QHD43416.1	1	c.2648C>T	p.Thr883Ile	missense_variant	MODERATE	0.282282	4542.61	12775
2019-nCoV	24406	T	C	SNP	Heterozygous	S	QHD43416.1	1	c.2844T>C	p.Leu948Leu	synonymous_variant	LOW	0.0455	119.794	6538
2019-nCoV	24424	A	T	SNP	Homozygous	S	QHD43416.1	1	c.2862A>T	p.Gln954His	missense_variant	MODERATE	0.996998	35822.6	20366
2019-nCoV	24469	T	A	SNP	Homozygous	S	QHD43416.1	1	c.2907T>A	p.Asn969Lys	missense_variant	MODERATE	0.995495	31165.5	29200
2019-nCoV	25000	C	T	SNP	Homozygous	S	QHD43416.1	1	c.3438C>T	p.Asp1146Asp	synonymous_variant	LOW	0.992904	35085.6	21043
2019-nCoV	25416	C	T	SNP	Heterozygous	ORF3a	QHD43417.1	1	c.24C>T	p.Phe8Phe	synonymous_variant	LOW	0.341206	6818.47	21974
2019-nCoV	25471	G	C	SNP	Heterozygous	ORF3a	QHD43417.1	1	c.79G>C	p.Asp27His	missense_variant	MODERATE	0.0715	509.611	21186
2019-nCoV	25513	C	T	SNP	Heterozygous	ORF3a	QHD43417.1	1	c.121C>T	p.Leu41Phe	missense_variant	MODERATE	0.066033	430.919	75670
2019-nCoV	25584	C	T	SNP	Homozygous	ORF3a	QHD43417.1	1	c.192C>T	p.Thr64Thr	synonymous_variant	LOW	0.986493	35339.2	68137
2019-nCoV	26060	C	T	SNP	Homozygous	ORF3a	QHD43417.1	1	c.668C>T	p.Thr223Ile	missense_variant	MODERATE	0.995	36017.9	25631
2019-nCoV	26160	T	C	SNP	Heterozygous	ORF3a	QHD43417.1	1	c.768T>C	p.Val256Val	synonymous_variant	LOW	0.309	5995.73	13205
2019-nCoV	26270	C	T	SNP	Homozygous	E	QHD43418.1	1	c.26C>T	p.Thr9Ile	missense_variant	MODERATE	0.995495	33532.3	51472
2019-nCoV	26275	A	G	SNP	Heterozygous	E	QHD43418.1	1	c.31A>G	p.Thr11Ala	missense_variant	MODERATE	0.311156	6073.75	51275
2019-nCoV	26459	A	G	SNP	Heterozygous	E	QHD43418.1	1	c.215A>G	p.Asp72Gly	missense_variant	MODERATE	0.0295295	61.071	10414
2019-nCoV	26529	G	A	SNP	Heterozygous	M	QHD43419.1	1	c.7G>A	p.Asp3Asn	missense_variant	MODERATE	0.619	16830.5	12349
2019-nCoV	26577	C	G	SNP	Homozygous	M	QHD43419.1	1	c.55C>G	p.Gln19Glu	missense_variant	MODERATE	0.995998	36094.9	6385
2019-nCoV	26709	G	A	SNP	Homozygous	M	QHD43419.1	1	c.187G>A	p.Ala63Thr	missense_variant	MODERATE	0.998998	36253.9	25354
2019-nCoV	26858	C	T	SNP	Heterozygous	M	QHD43419.1	1	c.336C>T	p.Phe112Phe	synonymous_variant	LOW	0.345173	7075.99	29922
2019-nCoV	27012	C	T	SNP	Heterozygous	M	QHD43419.1	1	c.490C>T	p.Leu164Leu	synonymous_variant	LOW	0.036	57.2651	39103
2019-nCoV	27038	A	G	SNP	Heterozygous	M	QHD43419.1	1	c.516A>G	p.Thr172Thr	synonymous_variant	LOW	0.1605	2158.68	8645
2019-nCoV	27259	A	C	SNP	Heterozygous	ORF6	QHD43420.1	1	c.58A>C	p.Arg20Arg	synonymous_variant	LOW	0.380881	8193.26	15817
2019-nCoV	27382	GAT	CTC	MNP	Heterozygous	ORF6	QHD43420.1	1	c.181_183delGATinsCTC	p.Asp61Leu	missense_variant	MODERATE	0.345418	7048.96	5551
2019-nCoV	27438	T	C	SNP	Heterozygous	ORF7a	QHD43421.1	1	c.45T>C	p.Cys15Cys	synonymous_variant	LOW	0.056	206.73	20586
2019-nCoV	27513	C	T	SNP	Heterozygous	ORF7a	QHD43421.1	1	c.120C>T	p.Tyr40Tyr	synonymous_variant	LOW	0.0325651	81.5684	38312
2019-nCoV	27807	C	T	SNP	Homozygous	ORF8	QHD43422.1	-1	c.-87C>T	.	upstream_gene_variant	MODIFIER	1.0	36392.7	36129
2019-nCoV	27889	C	T	SNP	Heterozygous	ORF8	QHD43422.1	-1	c.-5C>T	.	upstream_gene_variant	MODIFIER	0.6745	17495.7	21980
2019-nCoV	27915	G	T	SNP	Heterozygous	ORF8	QHD43422.1	1	c.22G>T	p.Gly8*	stop_gained	HIGH	0.515562	12791.2	35948
2019-nCoV	28271	A	T	SNP	Heterozygous	N	QHD43423.2	-1	c.-3A>T	.	upstream_gene_variant	MODIFIER	0.973896	31155.1	53692
2019-nCoV	28311	C	T	SNP	Heterozygous	N	QHD43423.2	1	c.38C>T	p.Pro13Leu	missense_variant	MODERATE	0.579929	36034.4	53674
2019-nCoV	28311	CC	TT	MNP	Heterozygous	N	QHD43423.2	1	c.38_39delCCinsTT	p.Pro13Leu	missense_variant	MODERATE	0.419062	36034.4	53674
2019-nCoV	28330	A	G	SNP	Heterozygous	N	QHD43423.2	1	c.57A>G	p.Gly19Gly	synonymous_variant	LOW	0.2	3036.17	51067
2019-nCoV	28361	GGAGAACGCA	G	DEL	Heterozygous	N	QHD43423.2	1	c.90_98delAGAACGCAG	p.Glu31_Ser33del	disruptive_inframe_deletion	MODERATE	0.869321	35235.8	10427
2019-nCoV	28361	GGAGAACGCAG	TT	MIXED	Heterozygous	N	QHD43423.2	1	c.88_98delGGAGAACGCAGinsTT	p.Gly30_Ser33delinsPhe	missense_variant&disruptive_inframe_deletion	MODERATE	0.130679	35235.8	10427
2019-nCoV	28681	G	T	SNP	Heterozygous	N	QHD43423.2	1	c.408G>T	p.Glu136Asp	missense_variant	MODERATE	0.416541	9349.57	59390
2019-nCoV	28877	AGTAGGG	TCTAAAC	MNP	Heterozygous	N	QHD43423.2	1	c.604_610delAGTAGGGinsTCTAAAC	p.ArgGly203LysArg	missense_variant	MODERATE	0.0534544	35693.7	26466
2019-nCoV	28881	GGG	AAC	MNP	Heterozygous	N	QHD43423.2	1	c.608_610delGGGinsAAC	p.ArgGly203LysArg	missense_variant	MODERATE	0.946546	35693.7	26466
2019-nCoV	29155	A	G	SNP	Heterozygous	N	QHD43423.2	1	c.882A>G	p.Gln294Gln	synonymous_variant	LOW	0.0515	167.814	17891
2019-nCoV	29353	C	T	SNP	Heterozygous	N	QHD43423.2	1	c.1080C>T	p.Tyr360Tyr	synonymous_variant	LOW	0.0546092	291.797	14119
2019-nCoV	29510	A	C	SNP	Homozygous	N	QHD43423.2	1	c.1237A>C	p.Ser413Arg	missense_variant	MODERATE	0.998996	33511.9	5711
2019-nCoV	29700	A	G	SNP	Heterozygous	S	QHD43416.1	-1	c.*4316A>G	.	downstream_gene_variant	MODIFIER	0.0335503	86.3694	4174
2019-nCoV	29733	CGAGGCCACGCGGAGTACGATCGAGTG	C	DEL	Homozygous	S	QHD43416.1	-1	c.*4350_*4375delGAGGCCACGCGGAGTACGATCGAGTG	.	downstream_gene_variant	MODIFIER	1.0	35842.0	3483
2019-nCoV	29759	GT	G	DEL	Homozygous	S	QHD43416.1	-1	c.*4376delT	.	downstream_gene_variant	MODIFIER	0.999367	15678.9	19
