CHROM	POS	REF	ALT	VARTYPE	GEN[*].GT	ANN[*].GENE	ANN[*].FEATUREID	EFF[*].RANK	ANN[*].HGVS_C	ANN[*].HGVS_P	ANN[*].EFFECT	EFF[*].IMPACT	AF	QUAL	DP
2019-nCoV	44	C	T	SNP	Homozygous	orf1ab	QHD43415.1	-1	c.-222C>T	.	upstream_gene_variant	MODIFIER	0.993411	22172.3	1363
2019-nCoV	241	C	T	SNP	Homozygous	orf1ab	QHD43415.1	-1	c.-25C>T	.	upstream_gene_variant	MODIFIER	1.0	523.615	34
2019-nCoV	315	G	T	SNP	Heterozygous	orf1ab	QHD43415.1	1	c.50G>T	p.Ser17Ile	missense_variant	MODERATE	0.0681818	97.0545	394
2019-nCoV	347	G	A	SNP	Heterozygous	orf1ab	QHD43415.1	1	c.82G>A	p.Val28Ile	missense_variant	MODERATE	0.0218209	16.8141	1328
2019-nCoV	625	G	T	SNP	Heterozygous	orf1ab	QHD43415.1	1	c.360G>T	p.Lys120Asn	missense_variant	MODERATE	0.158564	1891.31	1806
2019-nCoV	664	C	T	SNP	Heterozygous	orf1ab	QHD43415.1	1	c.399C>T	p.Gly133Gly	synonymous_variant	LOW	0.0866185	665.431	1799
2019-nCoV	670	T	G	SNP	Homozygous	orf1ab	QHD43415.1	1	c.405T>G	p.Ser135Arg	missense_variant	MODERATE	0.991611	29626.4	1787
2019-nCoV	701	G	A	SNP	Heterozygous	orf1ab	QHD43415.1	1	c.436G>A	p.Gly146Ser	missense_variant	MODERATE	0.338912	722.374	238
2019-nCoV	865	C	T	SNP	Heterozygous	orf1ab	QHD43415.1	1	c.600C>T	p.Cys200Cys	synonymous_variant	LOW	0.0253378	16.896	592
2019-nCoV	1140	A	G	SNP	Heterozygous	orf1ab	QHD43415.1	1	c.875A>G	p.Lys292Arg	missense_variant	MODERATE	0.0550459	27.8871	217
2019-nCoV	1170	C	T	SNP	Heterozygous	orf1ab	QHD43415.1	1	c.905C>T	p.Ser302Phe	missense_variant	MODERATE	0.410138	931.957	215
2019-nCoV	1347	C	T	SNP	Heterozygous	orf1ab	QHD43415.1	1	c.1082C>T	p.Pro361Leu	missense_variant	MODERATE	0.176292	413.68	333
2019-nCoV	1627	C	T	SNP	Heterozygous	orf1ab	QHD43415.1	1	c.1362C>T	p.Leu454Leu	synonymous_variant	LOW	0.293458	1292.55	583
2019-nCoV	1820	G	A	SNP	Heterozygous	orf1ab	QHD43415.1	1	c.1555G>A	p.Gly519Ser	missense_variant	MODERATE	0.111364	197.17	439
2019-nCoV	1931	C	A	SNP	Heterozygous	orf1ab	QHD43415.1	1	c.1666C>A	p.Gln556Lys	missense_variant	MODERATE	0.627907	328.345	43
2019-nCoV	2020	G	T	SNP	Heterozygous	orf1ab	QHD43415.1	1	c.1755G>T	p.Met585Ile	missense_variant	MODERATE	0.0412371	45.1976	484
2019-nCoV	2485	C	T	SNP	Heterozygous	orf1ab	QHD43415.1	1	c.2220C>T	p.Ile740Ile	synonymous_variant	LOW	0.169231	313.924	258
2019-nCoV	2496	G	A	SNP	Heterozygous	orf1ab	QHD43415.1	1	c.2231G>A	p.Gly744Glu	missense_variant	MODERATE	0.0727273	60.182	274
2019-nCoV	2790	C	T	SNP	Homozygous	orf1ab	QHD43415.1	1	c.2525C>T	p.Thr842Ile	missense_variant	MODERATE	1.0	11023.8	679
2019-nCoV	2914	G	T	SNP	Heterozygous	orf1ab	QHD43415.1	1	c.2649G>T	p.Leu883Phe	missense_variant	MODERATE	0.134132	655.758	828
2019-nCoV	2979	A	C	SNP	Heterozygous	orf1ab	QHD43415.1	1	c.2714A>C	p.Tyr905Ser	missense_variant	MODERATE	0.185185	722.151	542
2019-nCoV	3037	C	T	SNP	Homozygous	orf1ab	QHD43415.1	1	c.2772C>T	p.Phe924Phe	synonymous_variant	LOW	1.0	8738.58	368
2019-nCoV	3198	A	G	SNP	Heterozygous	orf1ab	QHD43415.1	1	c.2933A>G	p.Asp978Gly	missense_variant	MODERATE	0.0373832	15.1436	107
2019-nCoV	3211	T	C	SNP	Heterozygous	orf1ab	QHD43415.1	1	c.2946T>C	p.Asp982Asp	synonymous_variant	LOW	0.0555556	25.7489	108
2019-nCoV	3284	G	T	SNP	Heterozygous	orf1ab	QHD43415.1	1	c.3019G>T	p.Glu1007*	stop_gained	HIGH	0.139785	203.123	279
2019-nCoV	3407	G	T	SNP	Heterozygous	orf1ab	QHD43415.1	1	c.3142G>T	p.Glu1048*	stop_gained	HIGH	0.0639731	69.7143	295
2019-nCoV	3587	C	T	SNP	Heterozygous	orf1ab	QHD43415.1	1	c.3322C>T	p.His1108Tyr	missense_variant	MODERATE	0.172275	758.353	742
2019-nCoV	3841	A	G	SNP	Heterozygous	orf1ab	QHD43415.1	1	c.3576A>G	p.Glu1192Glu	synonymous_variant	LOW	0.0490196	33.4228	204
2019-nCoV	3901	G	T	SNP	Heterozygous	orf1ab	QHD43415.1	1	c.3636G>T	p.Lys1212Asn	missense_variant	MODERATE	0.0785714	95.252	279
2019-nCoV	4113	C	T	SNP	Heterozygous	orf1ab	QHD43415.1	1	c.3848C>T	p.Ala1283Val	missense_variant	MODERATE	0.152482	276.138	282
2019-nCoV	4184	G	A	SNP	Homozygous	orf1ab	QHD43415.1	1	c.3919G>A	p.Gly1307Ser	missense_variant	MODERATE	0.994286	5837.0	350
2019-nCoV	4321	C	T	SNP	Homozygous	orf1ab	QHD43415.1	1	c.4056C>T	p.Ala1352Ala	synonymous_variant	LOW	1.0	10092.9	592
2019-nCoV	4379	T	C	SNP	Heterozygous	orf1ab	QHD43415.1	1	c.4114T>C	p.Ser1372Pro	missense_variant	MODERATE	0.0398671	30.5106	602
2019-nCoV	4981	A	C	SNP	Heterozygous	orf1ab	QHD43415.1	1	c.4716A>C	p.Thr1572Thr	synonymous_variant	LOW	0.0970874	153.686	407
2019-nCoV	5205	T	C	SNP	Heterozygous	orf1ab	QHD43415.1	1	c.4940T>C	p.Met1647Thr	missense_variant	MODERATE	0.112245	240.258	391
2019-nCoV	6483	G	C	SNP	Heterozygous	orf1ab	QHD43415.1	1	c.6218G>C	p.Gly2073Ala	missense_variant	MODERATE	0.063358	196.226	947
2019-nCoV	6979	T	G	SNP	Heterozygous	orf1ab	QHD43415.1	1	c.6714T>G	p.Val2238Val	synonymous_variant	LOW	0.268293	88.7417	41
2019-nCoV	7280	T	C	SNP	Heterozygous	orf1ab	QHD43415.1	1	c.7015T>C	p.Tyr2339His	missense_variant	MODERATE	0.0702247	96.4878	355
2019-nCoV	7487	A	G	SNP	Heterozygous	orf1ab	QHD43415.1	1	c.7222A>G	p.Thr2408Ala	missense_variant	MODERATE	0.0966184	152.971	413
2019-nCoV	7513	T	C	SNP	Heterozygous	orf1ab	QHD43415.1	1	c.7248T>C	p.Asn2416Asn	synonymous_variant	LOW	0.100244	204.438	408
2019-nCoV	7737	T	C	SNP	Heterozygous	orf1ab	QHD43415.1	1	c.7472T>C	p.Val2491Ala	missense_variant	MODERATE	0.0669216	125.818	520
2019-nCoV	7960	G	T	SNP	Heterozygous	orf1ab	QHD43415.1	1	c.7695G>T	p.Met2565Ile	missense_variant	MODERATE	0.0882937	385.527	1006
2019-nCoV	8019	A	G	SNP	Heterozygous	orf1ab	QHD43415.1	1	c.7754A>G	p.Glu2585Gly	missense_variant	MODERATE	0.101266	393.921	1024
2019-nCoV	8398	G	T	SNP	Heterozygous	orf1ab	QHD43415.1	1	c.8133G>T	p.Leu2711Phe	missense_variant	MODERATE	0.0310559	18.4062	805
2019-nCoV	8423	T	C	SNP	Heterozygous	orf1ab	QHD43415.1	1	c.8158T>C	p.Ser2720Pro	missense_variant	MODERATE	0.030303	27.3133	627
2019-nCoV	8774	T	C	SNP	Heterozygous	orf1ab	QHD43415.1	1	c.8509T>C	p.Trp2837Arg	missense_variant	MODERATE	0.102941	116.402	272
2019-nCoV	8922	C	T	SNP	Heterozygous	orf1ab	QHD43415.1	1	c.8657C>T	p.Pro2886Leu	missense_variant	MODERATE	0.0835509	206.069	766
2019-nCoV	8954	T	C	SNP	Heterozygous	orf1ab	QHD43415.1	1	c.8689T>C	p.Tyr2897His	missense_variant	MODERATE	0.0862944	223.546	784
2019-nCoV	9001	T	C	SNP	Heterozygous	orf1ab	QHD43415.1	1	c.8736T>C	p.Ala2912Ala	synonymous_variant	LOW	0.038961	31.1412	629
2019-nCoV	9007	T	C	SNP	Heterozygous	orf1ab	QHD43415.1	1	c.8742T>C	p.Val2914Val	synonymous_variant	LOW	0.0921875	270.459	640
2019-nCoV	9269	G	T	SNP	Heterozygous	orf1ab	QHD43415.1	1	c.9004G>T	p.Gly3002Cys	missense_variant	MODERATE	0.0427553	28.8623	419
2019-nCoV	9344	C	T	SNP	Homozygous	orf1ab	QHD43415.1	1	c.9079C>T	p.Leu3027Phe	missense_variant	MODERATE	1.0	6422.41	359
2019-nCoV	9424	A	G	SNP	Homozygous	orf1ab	QHD43415.1	1	c.9159A>G	p.Val3053Val	synonymous_variant	LOW	0.996154	2568.9	260
2019-nCoV	9534	C	T	SNP	Homozygous	orf1ab	QHD43415.1	1	c.9269C>T	p.Thr3090Ile	missense_variant	MODERATE	1.0	281.234	21
2019-nCoV	9700	C	T	SNP	Heterozygous	orf1ab	QHD43415.1	1	c.9435C>T	p.Ile3145Ile	synonymous_variant	LOW	0.110345	89.7683	145
2019-nCoV	9872	C	T	SNP	Heterozygous	orf1ab	QHD43415.1	1	c.9607C>T	p.Gln3203*	stop_gained	HIGH	0.0458333	23.4375	240
2019-nCoV	10029	C	T	SNP	Homozygous	orf1ab	QHD43415.1	1	c.9764C>T	p.Thr3255Ile	missense_variant	MODERATE	0.99637	9767.62	550
2019-nCoV	10103	A	T	SNP	Heterozygous	orf1ab	QHD43415.1	1	c.9838A>T	p.Met3280Leu	missense_variant	MODERATE	0.117188	234.295	380
2019-nCoV	10198	C	T	SNP	Homozygous	orf1ab	QHD43415.1	1	c.9933C>T	p.Asp3311Asp	synonymous_variant	LOW	0.998319	10776.6	595
2019-nCoV	10252	C	T	SNP	Heterozygous	orf1ab	QHD43415.1	1	c.9987C>T	p.Phe3329Phe	synonymous_variant	LOW	0.0508197	89.0055	608
2019-nCoV	10263	C	T	SNP	Heterozygous	orf1ab	QHD43415.1	1	c.9998C>T	p.Ala3333Val	missense_variant	MODERATE	0.0746753	134.96	615
2019-nCoV	10447	GCC	ACA	MNP	Homozygous	orf1ab	QHD43415.1	1	c.10182_10184delGCCinsACA	p.Pro3395His	missense_variant	MODERATE	1.0	1317.67	81
2019-nCoV	10468	T	C	SNP	Heterozygous	orf1ab	QHD43415.1	1	c.10203T>C	p.Gly3401Gly	synonymous_variant	LOW	0.102273	49.9913	88
2019-nCoV	10843	T	G	SNP	Heterozygous	orf1ab	QHD43415.1	1	c.10578T>G	p.Asp3526Glu	missense_variant	MODERATE	0.0558912	138.165	1324
2019-nCoV	10939	T	G	SNP	Heterozygous	orf1ab	QHD43415.1	1	c.10674T>G	p.Asp3558Glu	missense_variant	MODERATE	0.0217822	14.4486	1007
2019-nCoV	11075	T	C	SNP	Heterozygous	orf1ab	QHD43415.1	1	c.10810T>C	p.Phe3604Leu	missense_variant	MODERATE	0.106742	128.706	363
2019-nCoV	11076	T	C	SNP	Heterozygous	orf1ab	QHD43415.1	1	c.10811T>C	p.Phe3604Ser	missense_variant	MODERATE	0.0621622	47.572	363
2019-nCoV	11287	GTCTGGTTTT	G	DEL	Homozygous	orf1ab	QHD43415.1	1	c.11023_11031delTCTGGTTTT	p.Ser3675_Phe3677del	conservative_inframe_deletion	MODERATE	1.0	23514.1	1292
2019-nCoV	11300	C	T	SNP	Heterozygous	orf1ab	QHD43415.1	1	c.11035C>T	p.Leu3679Leu	synonymous_variant	LOW	0.0514925	170.52	1338
2019-nCoV	11691	G	A	SNP	Heterozygous	orf1ab	QHD43415.1	1	c.11426G>A	p.Gly3809Asp	missense_variant	MODERATE	0.0789007	263.708	1128
2019-nCoV	11746	A	G	SNP	Heterozygous	orf1ab	QHD43415.1	1	c.11481A>G	p.Gly3827Gly	synonymous_variant	LOW	0.0212766	15.5977	797
2019-nCoV	11750	C	T	SNP	Heterozygous	orf1ab	QHD43415.1	1	c.11485C>T	p.Leu3829Phe	missense_variant	MODERATE	0.08933	317.315	805
2019-nCoV	11980	T	C	SNP	Heterozygous	orf1ab	QHD43415.1	1	c.11715T>C	p.Thr3905Thr	synonymous_variant	LOW	0.0207885	15.13	1390
2019-nCoV	12073	C	T	SNP	Heterozygous	orf1ab	QHD43415.1	1	c.11808C>T	p.Asp3936Asp	synonymous_variant	LOW	0.0608108	28.8534	148
2019-nCoV	12128	G	T	SNP	Heterozygous	orf1ab	QHD43415.1	1	c.11863G>T	p.Ala3955Ser	missense_variant	MODERATE	0.0584416	36.0495	154
2019-nCoV	12160	G	A	SNP	Heterozygous	orf1ab	QHD43415.1	1	c.11895G>A	p.Glu3965Glu	synonymous_variant	LOW	0.924051	2307.62	149
2019-nCoV	12347	G	T	SNP	Heterozygous	orf1ab	QHD43415.1	1	c.12082G>T	p.Ala4028Ser	missense_variant	MODERATE	0.0616352	158.185	795
2019-nCoV	12661	G	T	SNP	Heterozygous	orf1ab	QHD43415.1	1	c.12396G>T	p.Arg4132Ser	missense_variant	MODERATE	0.0232558	17.6091	988
2019-nCoV	12674	GTC	T	MIXED	Heterozygous	orf1ab	QHD43415.1	1	c.12409_12411delGTCinsT	p.Val4137fs	frameshift_variant&missense_variant	HIGH	0.0235656	18.4821	993
2019-nCoV	12880	C	T	SNP	Homozygous	orf1ab	QHD43415.1	1	c.12615C>T	p.Ile4205Ile	synonymous_variant	LOW	1.0	6649.98	372
2019-nCoV	12970	C	T	SNP	Heterozygous	orf1ab	QHD43415.1	1	c.12705C>T	p.Asn4235Asn	synonymous_variant	LOW	0.170103	465.374	387
2019-nCoV	13418	C	T	SNP	Heterozygous	orf1ab	QHD43415.1	1	c.13153C>T	p.Gln4385*	stop_gained	HIGH	0.0685358	305.138	1282
2019-nCoV	13536	C	T	SNP	Heterozygous	orf1ab	QHD43415.1	2	c.13272C>T	p.Tyr4424Tyr	synonymous_variant	LOW	0.0403226	26.8668	248
2019-nCoV	13542	T	C	SNP	Heterozygous	orf1ab	QHD43415.1	2	c.13278T>C	p.Ala4426Ala	synonymous_variant	LOW	0.0441767	19.8415	249
2019-nCoV	14272	GA	G	DEL	Heterozygous	orf1ab	QHD43415.1	2	c.14009delA	p.Glu4670fs	frameshift_variant	HIGH	0.188679	211.441	161
2019-nCoV	14408	C	T	SNP	Homozygous	orf1ab	QHD43415.1	2	c.14144C>T	p.Pro4715Leu	missense_variant	MODERATE	1.0	1071.75	69
2019-nCoV	14462	T	C	SNP	Heterozygous	orf1ab	QHD43415.1	2	c.14198T>C	p.Val4733Ala	missense_variant	MODERATE	0.110731	505.349	876
2019-nCoV	14695	T	C	SNP	Heterozygous	orf1ab	QHD43415.1	2	c.14431T>C	p.Phe4811Leu	missense_variant	MODERATE	0.0455635	33.1344	416
2019-nCoV	14979	A	G	SNP	Heterozygous	orf1ab	QHD43415.1	2	c.14715A>G	p.Arg4905Arg	synonymous_variant	LOW	0.0281008	31.6892	1027
2019-nCoV	15038	G	T	SNP	Heterozygous	orf1ab	QHD43415.1	2	c.14774G>T	p.Arg4925Leu	missense_variant	MODERATE	0.165975	686.878	723
2019-nCoV	15207	T	A	SNP	Heterozygous	orf1ab	QHD43415.1	2	c.14943T>A	p.Ile4981Ile	synonymous_variant	LOW	0.0526992	112.468	780
2019-nCoV	15255	T	C	SNP	Heterozygous	orf1ab	QHD43415.1	2	c.14991T>C	p.Val4997Val	synonymous_variant	LOW	0.0543338	118.959	768
2019-nCoV	15714	C	T	SNP	Homozygous	orf1ab	QHD43415.1	2	c.15450C>T	p.Leu5150Leu	synonymous_variant	LOW	0.998999	36004.3	2380
2019-nCoV	15931	T	C	SNP	Heterozygous	orf1ab	QHD43415.1	2	c.15667T>C	p.Tyr5223His	missense_variant	MODERATE	0.0431406	60.8693	1161
2019-nCoV	16195	G	A	SNP	Heterozygous	orf1ab	QHD43415.1	2	c.15931G>A	p.Glu5311Lys	missense_variant	MODERATE	0.029	57.3044	2198
2019-nCoV	16323	C	T	SNP	Heterozygous	orf1ab	QHD43415.1	2	c.16059C>T	p.Cys5353Cys	synonymous_variant	LOW	0.056	309.02	3784
2019-nCoV	16351	C	T	SNP	Heterozygous	orf1ab	QHD43415.1	2	c.16087C>T	p.His5363Tyr	missense_variant	MODERATE	0.0335	44.1917	3780
2019-nCoV	16616	C	A	SNP	Heterozygous	orf1ab	QHD43415.1	2	c.16352C>A	p.Thr5451Asn	missense_variant	MODERATE	0.0945274	270.027	604
2019-nCoV	16912	G	A	SNP	Heterozygous	orf1ab	QHD43415.1	2	c.16648G>A	p.Val5550Met	missense_variant	MODERATE	0.0565566	215.533	2345
2019-nCoV	16935	G	A	SNP	Heterozygous	orf1ab	QHD43415.1	2	c.16671G>A	p.Met5557Ile	missense_variant	MODERATE	0.08004	636.049	2330
2019-nCoV	17108	T	A	SNP	Heterozygous	orf1ab	QHD43415.1	2	c.16844T>A	p.Phe5615Tyr	missense_variant	MODERATE	0.0358382	95.112	1734
2019-nCoV	17252	G	T	SNP	Heterozygous	orf1ab	QHD43415.1	2	c.16988G>T	p.Arg5663Leu	missense_variant	MODERATE	0.0632911	363.1	1816
2019-nCoV	17278	G	T	SNP	Heterozygous	orf1ab	QHD43415.1	2	c.17014G>T	p.Val5672Leu	missense_variant	MODERATE	0.0455228	193.305	3184
2019-nCoV	17304	C	T	SNP	Heterozygous	orf1ab	QHD43415.1	2	c.17040C>T	p.Val5680Val	synonymous_variant	LOW	0.0287154	60.3046	3176
2019-nCoV	17410	C	T	SNP	Heterozygous	orf1ab	QHD43415.1	2	c.17146C>T	p.Arg5716Cys	missense_variant	MODERATE	0.951777	28591.2	1572
2019-nCoV	17410	CG	TT	MNP	Heterozygous	orf1ab	QHD43415.1	2	c.17146_17147delCGinsTT	p.Arg5716Phe	missense_variant	MODERATE	0.0482234	28591.2	1572
2019-nCoV	17441	C	T	SNP	Heterozygous	orf1ab	QHD43415.1	2	c.17177C>T	p.Pro5726Leu	missense_variant	MODERATE	0.061849	202.058	1530
2019-nCoV	17766	C	T	SNP	Heterozygous	orf1ab	QHD43415.1	2	c.17502C>T	p.Val5834Val	synonymous_variant	LOW	0.152174	347.508	362
2019-nCoV	17976	C	T	SNP	Heterozygous	orf1ab	QHD43415.1	2	c.17712C>T	p.Asp5904Asp	synonymous_variant	LOW	0.131737	132.129	167
2019-nCoV	18163	A	G	SNP	Homozygous	orf1ab	QHD43415.1	2	c.17899A>G	p.Ile5967Val	missense_variant	MODERATE	1.0	9635.25	574
2019-nCoV	18175	C	T	SNP	Heterozygous	orf1ab	QHD43415.1	2	c.17911C>T	p.Pro5971Ser	missense_variant	MODERATE	0.0479452	117.448	1018
2019-nCoV	18180	G	T	SNP	Heterozygous	orf1ab	QHD43415.1	2	c.17916G>T	p.Lys5972Asn	missense_variant	MODERATE	0.0235064	17.83	1018
2019-nCoV	19130	A	G	SNP	Heterozygous	orf1ab	QHD43415.1	2	c.18866A>G	p.Glu6289Gly	missense_variant	MODERATE	0.032872	18.1056	563
2019-nCoV	19524	C	T	SNP	Heterozygous	orf1ab	QHD43415.1	2	c.19260C>T	p.Leu6420Leu	synonymous_variant	LOW	0.0437262	36.0188	523
2019-nCoV	19955	C	T	SNP	Homozygous	orf1ab	QHD43415.1	2	c.19691C>T	p.Thr6564Ile	missense_variant	MODERATE	1.0	28096.4	1668
2019-nCoV	19993	G	A	SNP	Heterozygous	orf1ab	QHD43415.1	2	c.19729G>A	p.Gly6577Ser	missense_variant	MODERATE	0.0535855	122.305	1269
2019-nCoV	20055	A	G	SNP	Homozygous	orf1ab	QHD43415.1	2	c.19791A>G	p.Glu6597Glu	synonymous_variant	LOW	0.981538	20928.1	1301
2019-nCoV	20356	G	A	SNP	Heterozygous	orf1ab	QHD43415.1	2	c.20092G>A	p.Gly6698Ser	missense_variant	MODERATE	0.193294	621.322	504
2019-nCoV	20409	T	C	SNP	Heterozygous	orf1ab	QHD43415.1	2	c.20145T>C	p.Phe6715Phe	synonymous_variant	LOW	0.0821577	407.352	1196
2019-nCoV	20487	G	T	SNP	Heterozygous	orf1ab	QHD43415.1	2	c.20223G>T	p.Lys6741Asn	missense_variant	MODERATE	0.0867052	198.045	695
2019-nCoV	21136	A	C	SNP	Heterozygous	orf1ab	QHD43415.1	2	c.20872A>C	p.Lys6958Gln	missense_variant	MODERATE	0.030015	64.1463	2284
2019-nCoV	21137	A	G	SNP	Heterozygous	orf1ab	QHD43415.1	2	c.20873A>G	p.Lys6958Arg	missense_variant	MODERATE	0.0800801	459.071	2284
2019-nCoV	21575	C	T	SNP	Heterozygous	S	QHD43416.1	1	c.13C>T	p.Leu5Phe	missense_variant	MODERATE	0.104348	43.2624	117
2019-nCoV	21618	C	T	SNP	Homozygous	S	QHD43416.1	1	c.56C>T	p.Thr19Ile	missense_variant	MODERATE	1.0	4640.88	279
2019-nCoV	21632	TTACCCCCTG	T	DEL	Homozygous	S	QHD43416.1	1	c.71_79delTACCCCCTG	p.Leu24_Ala27delinsSer	disruptive_inframe_deletion	MODERATE	1.0	4750.9	275
2019-nCoV	21764	ATACATG	A	DEL	Homozygous	S	QHD43416.1	1	c.204_209delACATGT	p.His69_Val70del	disruptive_inframe_deletion	MODERATE	1.0	5548.62	311
2019-nCoV	21987	G	A	SNP	Heterozygous	S	QHD43416.1	1	c.425G>A	p.Gly142Asp	missense_variant	MODERATE	0.977273	13416.6	836
2019-nCoV	22200	T	G	SNP	Homozygous	S	QHD43416.1	1	c.638T>G	p.Val213Gly	missense_variant	MODERATE	0.98895	6270.69	354
2019-nCoV	22274	T	C	SNP	Heterozygous	S	QHD43416.1	1	c.712T>C	p.Phe238Leu	missense_variant	MODERATE	0.062201	128.761	616
2019-nCoV	22560	C	T	SNP	Heterozygous	S	QHD43416.1	1	c.998C>T	p.Thr333Ile	missense_variant	MODERATE	0.0342298	16.7982	409
2019-nCoV	22578	G	A	SNP	Homozygous	S	QHD43416.1	1	c.1016G>A	p.Gly339Asp	missense_variant	MODERATE	0.997436	6497.46	392
2019-nCoV	22674	C	T	SNP	Homozygous	S	QHD43416.1	1	c.1112C>T	p.Ser371Phe	missense_variant	MODERATE	1.0	955.86	63
2019-nCoV	22679	T	C	SNP	Homozygous	S	QHD43416.1	1	c.1117T>C	p.Ser373Pro	missense_variant	MODERATE	1.0	951.107	63
2019-nCoV	22686	CCA	TCG	MNP	Homozygous	S	QHD43416.1	1	c.1124_1126delCCAinsTCG	p.SerThr375PheAla	missense_variant	MODERATE	1.0	579.264	50
2019-nCoV	22775	G	A	SNP	Homozygous	S	QHD43416.1	1	c.1213G>A	p.Asp405Asn	missense_variant	MODERATE	1.0	562.779	36
2019-nCoV	22786	A	C	SNP	Homozygous	S	QHD43416.1	1	c.1224A>C	p.Arg408Ser	missense_variant	MODERATE	1.0	541.634	34
2019-nCoV	22813	G	T	SNP	Homozygous	S	QHD43416.1	1	c.1251G>T	p.Lys417Asn	missense_variant	MODERATE	1.0	7189.19	429
2019-nCoV	22857	G	T	SNP	Heterozygous	S	QHD43416.1	1	c.1295G>T	p.Cys432Phe	missense_variant	MODERATE	0.151079	402.511	416
2019-nCoV	22878	A	G	SNP	Heterozygous	S	QHD43416.1	1	c.1316A>G	p.Asn439Ser	missense_variant	MODERATE	0.0261584	30.8315	1338
2019-nCoV	22882	T	G	SNP	Homozygous	S	QHD43416.1	1	c.1320T>G	p.Asn440Lys	missense_variant	MODERATE	1.0	22619.5	1339
2019-nCoV	22917	T	G	SNP	Homozygous	S	QHD43416.1	1	c.1355T>G	p.Leu452Arg	missense_variant	MODERATE	1.0	22764.1	1348
2019-nCoV	22992	GCAC	ACAA	MNP	Homozygous	S	QHD43416.1	1	c.1430_1433delGCACinsACAA	p.SerThr477AsnLys	missense_variant	MODERATE	1.0	15672.0	876
2019-nCoV	23013	A	C	SNP	Homozygous	S	QHD43416.1	1	c.1451A>C	p.Glu484Ala	missense_variant	MODERATE	0.998155	19493.0	1087
2019-nCoV	23018	T	G	SNP	Homozygous	S	QHD43416.1	1	c.1456T>G	p.Phe486Val	missense_variant	MODERATE	0.998158	10725.9	1084
2019-nCoV	23055	A	G	SNP	Heterozygous	S	QHD43416.1	1	c.1493A>G	p.Gln498Arg	missense_variant	MODERATE	0.981567	3628.79	217
2019-nCoV	23063	A	T	SNP	Homozygous	S	QHD43416.1	1	c.1501A>T	p.Asn501Tyr	missense_variant	MODERATE	1.0	3557.52	219
2019-nCoV	23075	T	C	SNP	Homozygous	S	QHD43416.1	1	c.1513T>C	p.Tyr505His	missense_variant	MODERATE	0.991071	2137.03	224
2019-nCoV	23190	T	C	SNP	Heterozygous	S	QHD43416.1	1	c.1628T>C	p.Phe543Ser	missense_variant	MODERATE	0.0419255	37.3232	644
2019-nCoV	23390	G	A	SNP	Heterozygous	S	QHD43416.1	1	c.1828G>A	p.Val610Ile	missense_variant	MODERATE	0.0610465	257.881	1372
2019-nCoV	23403	A	G	SNP	Homozygous	S	QHD43416.1	1	c.1841A>G	p.Asp614Gly	missense_variant	MODERATE	1.0	22785.4	1305
2019-nCoV	23525	C	T	SNP	Homozygous	S	QHD43416.1	1	c.1963C>T	p.His655Tyr	missense_variant	MODERATE	0.999425	29401.3	1745
2019-nCoV	23535	A	G	SNP	Heterozygous	S	QHD43416.1	1	c.1973A>G	p.Asn658Ser	missense_variant	MODERATE	0.0344432	83.9912	1743
2019-nCoV	23599	T	G	SNP	Homozygous	S	QHD43416.1	1	c.2037T>G	p.Asn679Lys	missense_variant	MODERATE	0.995994	36059.7	2877
2019-nCoV	23604	C	A	SNP	Homozygous	S	QHD43416.1	1	c.2042C>A	p.Pro681His	missense_variant	MODERATE	0.999499	33822.3	2877
2019-nCoV	23633	T	C	SNP	Heterozygous	S	QHD43416.1	1	c.2071T>C	p.Ser691Pro	missense_variant	MODERATE	0.0350526	101.403	2888
2019-nCoV	23643	C	T	SNP	Heterozygous	S	QHD43416.1	1	c.2081C>T	p.Ala694Val	missense_variant	MODERATE	0.345091	5982.12	1697
2019-nCoV	23854	C	A	SNP	Homozygous	S	QHD43416.1	1	c.2292C>A	p.Asn764Lys	missense_variant	MODERATE	0.996815	5070.57	310
2019-nCoV	23906	T	C	SNP	Heterozygous	S	QHD43416.1	1	c.2344T>C	p.Phe782Leu	missense_variant	MODERATE	0.08	49.2605	125
2019-nCoV	23948	GATTTTGGTGGTTTTAATT	TATTTGTGGTTGATTTTA	MIXED	Heterozygous	S	QHD43416.1	1	c.2386_2404delGATTTTGGTGGTTTTAATTinsTATTTGTGGTTGATTTTA	p.Asp796fs	frameshift_variant&missense_variant	HIGH	0.0396825	4346.73	307
2019-nCoV	23948	G	T	SNP	Heterozygous	S	QHD43416.1	1	c.2386G>T	p.Asp796Tyr	missense_variant	MODERATE	0.960317	4346.73	307
2019-nCoV	24424	AAA	TAAT	MIXED	Homozygous	S	QHD43416.1	1	c.2862_2864delAAAinsTAAT	p.Gln954fs	frameshift_variant&missense_variant	HIGH	0.997147	6935.63	708
2019-nCoV	24469	T	A	SNP	Homozygous	S	QHD43416.1	1	c.2907T>A	p.Asn969Lys	missense_variant	MODERATE	0.993811	17651.0	1110
2019-nCoV	24498	A	G	SNP	Heterozygous	S	QHD43416.1	1	c.2936A>G	p.Asp979Gly	missense_variant	MODERATE	0.0378657	44.4249	1162
2019-nCoV	24874	A	T	SNP	Heterozygous	S	QHD43416.1	1	c.3312A>T	p.Val1104Val	synonymous_variant	LOW	0.0909091	165.811	504
2019-nCoV	25000	C	T	SNP	Homozygous	S	QHD43416.1	1	c.3438C>T	p.Asp1146Asp	synonymous_variant	LOW	1.0	13329.8	793
2019-nCoV	25047	C	T	SNP	Heterozygous	S	QHD43416.1	1	c.3485C>T	p.Pro1162Leu	missense_variant	MODERATE	0.0506329	104.741	790
2019-nCoV	25274	A	C	SNP	Heterozygous	S	QHD43416.1	1	c.3712A>C	p.Thr1238Pro	missense_variant	MODERATE	0.0791855	405.061	1764
2019-nCoV	25350	C	A	SNP	Heterozygous	S	QHD43416.1	1	c.3788C>A	p.Pro1263Gln	missense_variant	MODERATE	0.0660377	42.9496	211
2019-nCoV	25358	A	G	SNP	Heterozygous	S	QHD43416.1	1	c.3796A>G	p.Lys1266Glu	missense_variant	MODERATE	0.0316742	14.9013	204
2019-nCoV	25584	C	T	SNP	Homozygous	ORF3a	QHD43417.1	1	c.192C>T	p.Thr64Thr	synonymous_variant	LOW	0.992972	35680.6	3381
2019-nCoV	25708	C	T	SNP	Heterozygous	ORF3a	QHD43417.1	1	c.316C>T	p.Leu106Phe	missense_variant	MODERATE	0.0679144	392.5	1855
2019-nCoV	26029	C	A	SNP	Heterozygous	ORF3a	QHD43417.1	1	c.637C>A	p.Gln213Lys	missense_variant	MODERATE	0.0809061	295.979	1237
2019-nCoV	26060	C	T	SNP	Homozygous	ORF3a	QHD43417.1	1	c.668C>T	p.Thr223Ile	missense_variant	MODERATE	1.0	19493.4	1158
2019-nCoV	26270	C	T	SNP	Homozygous	E	QHD43418.1	1	c.26C>T	p.Thr9Ile	missense_variant	MODERATE	0.985915	33655.6	2498
2019-nCoV	26529	G	A	SNP	Heterozygous	M	QHD43419.1	1	c.7G>A	p.Asp3Asn	missense_variant	MODERATE	0.955056	4235.53	264
2019-nCoV	26577	C	G	SNP	Homozygous	M	QHD43419.1	1	c.55C>G	p.Gln19Glu	missense_variant	MODERATE	0.99187	1956.75	123
2019-nCoV	26625	C	T	SNP	Heterozygous	M	QHD43419.1	1	c.103C>T	p.Leu35Leu	synonymous_variant	LOW	0.0259259	12.3718	265
2019-nCoV	26709	G	A	SNP	Homozygous	M	QHD43419.1	1	c.187G>A	p.Ala63Thr	missense_variant	MODERATE	1.0	11003.7	623
2019-nCoV	26858	C	T	SNP	Heterozygous	M	QHD43419.1	1	c.336C>T	p.Phe112Phe	synonymous_variant	LOW	0.035	96.9779	2223
2019-nCoV	27012	C	T	SNP	Heterozygous	M	QHD43419.1	1	c.490C>T	p.Leu164Leu	synonymous_variant	LOW	0.0790395	460.048	2423
2019-nCoV	27038	A	G	SNP	Heterozygous	M	QHD43419.1	1	c.516A>G	p.Thr172Thr	synonymous_variant	LOW	0.0308642	13.7236	162
2019-nCoV	27259	A	C	SNP	Heterozygous	ORF6	QHD43420.1	1	c.58A>C	p.Arg20Arg	synonymous_variant	LOW	0.128981	462.969	630
2019-nCoV	27371	C	T	SNP	Heterozygous	ORF6	QHD43420.1	1	c.170C>T	p.Pro57Leu	missense_variant	MODERATE	0.0363636	14.7605	110
2019-nCoV	27401	T	C	SNP	Heterozygous	ORF7a	QHD43421.1	1	c.8T>C	p.Ile3Thr	missense_variant	MODERATE	0.0584416	130.869	1077
2019-nCoV	27416	C	T	SNP	Heterozygous	ORF7a	QHD43421.1	1	c.23C>T	p.Ala8Val	missense_variant	MODERATE	0.0455764	113.983	1119
2019-nCoV	27438	T	C	SNP	Heterozygous	ORF7a	QHD43421.1	1	c.45T>C	p.Cys15Cys	synonymous_variant	LOW	0.791741	12410.5	1114
2019-nCoV	27513	C	T	SNP	Heterozygous	ORF7a	QHD43421.1	1	c.120C>T	p.Tyr40Tyr	synonymous_variant	LOW	0.0810405	649.567	2500
2019-nCoV	27696	T	C	SNP	Heterozygous	ORF7a	QHD43421.1	1	c.303T>C	p.Phe101Phe	synonymous_variant	LOW	0.463257	8154.5	1696
2019-nCoV	27788	G	A	SNP	Heterozygous	ORF8	QHD43422.1	-1	c.-106G>A	.	upstream_gene_variant	MODIFIER	0.057277	359.185	1061
2019-nCoV	27807	C	T	SNP	Homozygous	ORF8	QHD43422.1	-1	c.-87C>T	.	upstream_gene_variant	MODIFIER	0.998138	19266.5	1073
2019-nCoV	27889	C	T	SNP	Homozygous	ORF8	QHD43422.1	-1	c.-5C>T	.	upstream_gene_variant	MODIFIER	1.0	13136.3	780
2019-nCoV	28271	A	T	SNP	Heterozygous	N	QHD43423.2	-1	c.-3A>T	.	upstream_gene_variant	MODIFIER	0.969481	30472.5	2766
2019-nCoV	28311	C	T	SNP	Homozygous	N	QHD43423.2	1	c.38C>T	p.Pro13Leu	missense_variant	MODERATE	0.9915	19400.6	2784
2019-nCoV	28330	A	G	SNP	Heterozygous	N	QHD43423.2	1	c.57A>G	p.Gly19Gly	synonymous_variant	LOW	0.191596	2850.32	2674
2019-nCoV	28361	GGAGAACGCA	G	DEL	Homozygous	N	QHD43423.2	1	c.90_98delAGAACGCAG	p.Glu31_Ser33del	disruptive_inframe_deletion	MODERATE	1.0	8481.69	478
2019-nCoV	28681	G	T	SNP	Heterozygous	N	QHD43423.2	1	c.408G>T	p.Glu136Asp	missense_variant	MODERATE	0.0850851	707.612	3340
2019-nCoV	28819	C	A	SNP	Heterozygous	N	QHD43423.2	1	c.546C>A	p.Ala182Ala	synonymous_variant	LOW	0.0335168	89.1809	3551
2019-nCoV	28881	GGG	AAC	MNP	Homozygous	N	QHD43423.2	1	c.608_610delGGGinsAAC	p.ArgGly203LysArg	missense_variant	MODERATE	1.0	24834.4	1486
2019-nCoV	28960	G	T	SNP	Heterozygous	N	QHD43423.2	1	c.687G>T	p.Gln229His	missense_variant	MODERATE	0.0443081	132.808	1464
2019-nCoV	28975	G	T	SNP	Heterozygous	N	QHD43423.2	1	c.702G>T	p.Met234Ile	missense_variant	MODERATE	0.022409	19.2985	1424
2019-nCoV	28986	G	T	SNP	Heterozygous	N	QHD43423.2	1	c.713G>T	p.Gly238Val	missense_variant	MODERATE	0.0567779	227.723	1403
2019-nCoV	29022	C	T	SNP	Heterozygous	N	QHD43423.2	1	c.749C>T	p.Ser250Phe	missense_variant	MODERATE	0.0443038	23.8423	158
2019-nCoV	29186	G	T	SNP	Heterozygous	N	QHD43423.2	1	c.913G>T	p.Ala305Ser	missense_variant	MODERATE	0.0361446	26.5327	324
2019-nCoV	29204	G	T	SNP	Heterozygous	N	QHD43423.2	1	c.931G>T	p.Ala311Ser	missense_variant	MODERATE	0.0511811	41.6527	249
2019-nCoV	29448	T	C	SNP	Heterozygous	N	QHD43423.2	1	c.1175T>C	p.Val392Ala	missense_variant	MODERATE	0.0333333	22.6192	778
2019-nCoV	29510	A	C	SNP	Homozygous	N	QHD43423.2	1	c.1237A>C	p.Ser413Arg	missense_variant	MODERATE	0.995556	3672.29	223
2019-nCoV	29666	C	T	SNP	Heterozygous	ORF10	QHI42199.1	1	c.109C>T	p.Leu37Phe	missense_variant	MODERATE	0.305732	437.956	157
2019-nCoV	29733	CGAGGCCACGCGGAGTACGATCGAGTG	C	DEL	Homozygous	S	QHD43416.1	-1	c.*4350_*4375delGAGGCCACGCGGAGTACGATCGAGTG	.	downstream_gene_variant	MODIFIER	1.0	2218.38	125
