CHROM	POS	REF	ALT	VARTYPE	GEN[*].GT	ANN[*].GENE	ANN[*].FEATUREID	EFF[*].RANK	ANN[*].HGVS_C	ANN[*].HGVS_P	ANN[*].EFFECT	EFF[*].IMPACT	AF	QUAL	DP
2019-nCoV	210	G	T	SNP	Heterozygous	orf1ab	QHD43415.1	-1	c.-56G>T	.	upstream_gene_variant	MODIFIER	0.9475	7197.42	51129
2019-nCoV	241	C	T	SNP	Homozygous	orf1ab	QHD43415.1	-1	c.-25C>T	.	upstream_gene_variant	MODIFIER	1.0	7769.73	13478
2019-nCoV	3037	C	T	SNP	Homozygous	orf1ab	QHD43415.1	1	c.2772C>T	p.Phe924Phe	synonymous_variant	LOW	1.0	7318.59	20944
2019-nCoV	4181	G	T	SNP	Heterozygous	orf1ab	QHD43415.1	1	c.3916G>T	p.Ala1306Ser	missense_variant	MODERATE	0.91206	6740.88	17204
2019-nCoV	6310	C	T	SNP	Heterozygous	orf1ab	QHD43415.1	1	c.6045C>T	p.Ser2015Ser	synonymous_variant	LOW	0.25	1042.08	27663
2019-nCoV	6402	C	T	SNP	Heterozygous	orf1ab	QHD43415.1	1	c.6137C>T	p.Pro2046Leu	missense_variant	MODERATE	0.955	7283.26	28956
2019-nCoV	7124	C	T	SNP	Heterozygous	orf1ab	QHD43415.1	1	c.6859C>T	p.Pro2287Ser	missense_variant	MODERATE	0.922111	6876.64	14544
2019-nCoV	8326	C	T	SNP	Heterozygous	orf1ab	QHD43415.1	1	c.8061C>T	p.Asp2687Asp	synonymous_variant	LOW	0.2675	1160.1	6581
2019-nCoV	8986	C	T	SNP	Heterozygous	orf1ab	QHD43415.1	1	c.8721C>T	p.Asp2907Asp	synonymous_variant	LOW	0.922306	6634.75	22076
2019-nCoV	9053	G	T	SNP	Heterozygous	orf1ab	QHD43415.1	1	c.8788G>T	p.Val2930Leu	missense_variant	MODERATE	0.904523	6647.67	13450
2019-nCoV	9431	G	A	SNP	Heterozygous	orf1ab	QHD43415.1	1	c.9166G>A	p.Val3056Ile	missense_variant	MODERATE	0.14	446.814	11465
2019-nCoV	10029	C	T	SNP	Homozygous	orf1ab	QHD43415.1	1	c.9764C>T	p.Thr3255Ile	missense_variant	MODERATE	0.994962	7808.31	28501
2019-nCoV	10977	C	T	SNP	Heterozygous	orf1ab	QHD43415.1	1	c.10712C>T	p.Ala3571Val	missense_variant	MODERATE	0.2425	1007.22	14363
2019-nCoV	11201	A	G	SNP	Heterozygous	orf1ab	QHD43415.1	1	c.10936A>G	p.Thr3646Ala	missense_variant	MODERATE	0.9275	6978.23	27674
2019-nCoV	11332	A	G	SNP	Heterozygous	orf1ab	QHD43415.1	1	c.11067A>G	p.Val3689Val	synonymous_variant	LOW	0.9425	7150.33	32114
2019-nCoV	14408	C	T	SNP	Homozygous	orf1ab	QHD43415.1	2	c.14144C>T	p.Pro4715Leu	missense_variant	MODERATE	0.9975	7940.92	12615
2019-nCoV	15451	G	A	SNP	Heterozygous	orf1ab	QHD43415.1	2	c.15187G>A	p.Gly5063Ser	missense_variant	MODERATE	0.934837	7048.35	55754
2019-nCoV	15952	C	A	SNP	Heterozygous	orf1ab	QHD43415.1	2	c.15688C>A	p.Leu5230Ile	missense_variant	MODERATE	0.195489	733.64	31813
2019-nCoV	16466	C	T	SNP	Heterozygous	orf1ab	QHD43415.1	2	c.16202C>T	p.Pro5401Leu	missense_variant	MODERATE	0.94	7128.58	17169
2019-nCoV	19220	C	T	SNP	Heterozygous	orf1ab	QHD43415.1	2	c.18956C>T	p.Ala6319Val	missense_variant	MODERATE	0.96	7365.82	34208
2019-nCoV	19368	AT	A	DEL	Heterozygous	orf1ab	QHD43415.1	2	c.19109delT	p.Phe6370fs	frameshift_variant	HIGH	0.241206	162.94	32486
2019-nCoV	21396	C	T	SNP	Heterozygous	orf1ab	QHD43415.1	2	c.21132C>T	p.Asp7044Asp	synonymous_variant	LOW	0.1875	687.23	23105
2019-nCoV	21618	C	G	SNP	Heterozygous	S	QHD43416.1	1	c.56C>G	p.Thr19Arg	missense_variant	MODERATE	0.944584	7138.53	22613
2019-nCoV	21846	C	T	SNP	Heterozygous	S	QHD43416.1	1	c.284C>T	p.Thr95Ile	missense_variant	MODERATE	0.325815	1513.62	966
2019-nCoV	21987	G	A	SNP	Homozygous	S	QHD43416.1	1	c.425G>A	p.Gly142Asp	missense_variant	MODERATE	0.995	7909.35	14636
2019-nCoV	22028	GAGTTCA	G	DEL	Homozygous	S	QHD43416.1	1	c.467_472delAGTTCA	p.Glu156_Arg158delinsGly	disruptive_inframe_deletion	MODERATE	1.0	7937.21	29819
2019-nCoV	22917	T	G	SNP	Heterozygous	S	QHD43416.1	1	c.1355T>G	p.Leu452Arg	missense_variant	MODERATE	0.9475	7228.23	48284
2019-nCoV	22995	C	A	SNP	Homozygous	S	QHD43416.1	1	c.1433C>A	p.Thr478Lys	missense_variant	MODERATE	1.0	7984.62	20172
2019-nCoV	23403	A	G	SNP	Homozygous	S	QHD43416.1	1	c.1841A>G	p.Asp614Gly	missense_variant	MODERATE	1.0	7902.4	56814
2019-nCoV	23604	C	G	SNP	Homozygous	S	QHD43416.1	1	c.2042C>G	p.Pro681Arg	missense_variant	MODERATE	0.997297	7349.24	59602
2019-nCoV	24410	G	A	SNP	Heterozygous	S	QHD43416.1	1	c.2848G>A	p.Asp950Asn	missense_variant	MODERATE	0.934837	6919.09	18166
2019-nCoV	25469	C	T	SNP	Heterozygous	ORF3a	QHD43417.1	1	c.77C>T	p.Ser26Leu	missense_variant	MODERATE	0.924812	6692.17	28106
2019-nCoV	26767	T	C	SNP	Heterozygous	M	QHD43419.1	1	c.245T>C	p.Ile82Thr	missense_variant	MODERATE	0.955	7332.56	36284
2019-nCoV	27638	T	C	SNP	Heterozygous	ORF7a	QHD43421.1	1	c.245T>C	p.Val82Ala	missense_variant	MODERATE	0.877193	6361.95	43469
2019-nCoV	27752	C	T	SNP	Heterozygous	ORF7a	QHD43421.1	1	c.359C>T	p.Thr120Ile	missense_variant	MODERATE	0.947368	7068.34	49880
2019-nCoV	27874	C	T	SNP	Homozygous	ORF8	QHD43422.1	-1	c.-20C>T	.	upstream_gene_variant	MODIFIER	0.995	7601.61	33632
2019-nCoV	28247	AGATTTC	A	DEL	Heterozygous	ORF8	QHD43422.1	1	c.355_360delGATTTC	p.Asp119_Phe120del	conservative_inframe_deletion	MODERATE	0.892473	6033.03	29579
2019-nCoV	28270	TA	T	DEL	Homozygous	N	QHD43423.2	-1	c.-3delA	.	upstream_gene_variant	MODIFIER	1.0	5379.78	64191
2019-nCoV	28299	A	T	SNP	Heterozygous	N	QHD43423.2	1	c.26A>T	p.Gln9Leu	missense_variant	MODERATE	0.173367	606.744	65226
2019-nCoV	28461	A	G	SNP	Heterozygous	N	QHD43423.2	1	c.188A>G	p.Asp63Gly	missense_variant	MODERATE	0.975	7570.76	22069
2019-nCoV	28881	G	T	SNP	Heterozygous	N	QHD43423.2	1	c.608G>T	p.Arg203Met	missense_variant	MODERATE	0.984211	7170.11	30504
2019-nCoV	28916	G	T	SNP	Heterozygous	N	QHD43423.2	1	c.643G>T	p.Gly215Cys	missense_variant	MODERATE	0.936548	6992.59	45088
2019-nCoV	29402	G	T	SNP	Heterozygous	N	QHD43423.2	1	c.1129G>T	p.Asp377Tyr	missense_variant	MODERATE	0.906566	6640.19	18230
2019-nCoV	29742	G	T	SNP	Heterozygous	S	QHD43416.1	-1	c.*4358G>T	.	downstream_gene_variant	MODIFIER	0.934673	7003.67	5084
