CHROM	POS	REF	ALT	VARTYPE	GEN[*].GT	ANN[*].GENE	ANN[*].FEATUREID	EFF[*].RANK	ANN[*].HGVS_C	ANN[*].HGVS_P	ANN[*].EFFECT	EFF[*].IMPACT	AF	QUAL	DP
2019-nCoV	210	G	T	SNP	Homozygous	orf1ab	QHD43415.1	-1	c.-56G>T	.	upstream_gene_variant	MODIFIER	1.0	2982.02	12836
2019-nCoV	241	C	T	SNP	Homozygous	orf1ab	QHD43415.1	-1	c.-25C>T	.	upstream_gene_variant	MODIFIER	1.0	2929.47	2110
2019-nCoV	602	G	C	SNP	Heterozygous	orf1ab	QHD43415.1	1	c.337G>C	p.Glu113Gln	missense_variant	MODERATE	0.26	44.6623	13000
2019-nCoV	1108	C	T	SNP	Heterozygous	orf1ab	QHD43415.1	1	c.843C>T	p.Ile281Ile	synonymous_variant	LOW	0.3	83.87	1743
2019-nCoV	1884	C	T	SNP	Heterozygous	orf1ab	QHD43415.1	1	c.1619C>T	p.Ala540Val	missense_variant	MODERATE	0.807018	1619.52	2330
2019-nCoV	2409	GATT	G	DEL	Homozygous	orf1ab	QHD43415.1	1	c.2145_2147delATT	p.Leu716del	disruptive_inframe_deletion	MODERATE	0.9975	2874.24	578
2019-nCoV	2908	A	G	SNP	Homozygous	orf1ab	QHD43415.1	1	c.2643A>G	p.Lys881Lys	synonymous_variant	LOW	0.967419	2196.23	3979
2019-nCoV	4181	G	T	SNP	Homozygous	orf1ab	QHD43415.1	1	c.3916G>T	p.Ala1306Ser	missense_variant	MODERATE	0.994962	2840.56	1148
2019-nCoV	6961	G	A	SNP	Heterozygous	orf1ab	QHD43415.1	1	c.6696G>A	p.Trp2232*	stop_gained	HIGH	0.410377	140.967	211
2019-nCoV	7890	T	C	SNP	Heterozygous	orf1ab	QHD43415.1	1	c.7625T>C	p.Val2542Ala	missense_variant	MODERATE	0.227848	22.6162	3579
2019-nCoV	8299	C	T	SNP	Heterozygous	orf1ab	QHD43415.1	1	c.8034C>T	p.Asn2678Asn	synonymous_variant	LOW	0.25	35.0004	2214
2019-nCoV	9857	CTAT	C	DEL	Heterozygous	orf1ab	QHD43415.1	1	c.9595_9597delTTA	p.Leu3199del	conservative_inframe_deletion	MODERATE	0.343358	145.87	1825
2019-nCoV	10029	C	T	SNP	Homozygous	orf1ab	QHD43415.1	1	c.9764C>T	p.Thr3255Ile	missense_variant	MODERATE	0.992481	2871.04	3190
2019-nCoV	11201	A	G	SNP	Homozygous	orf1ab	QHD43415.1	1	c.10936A>G	p.Thr3646Ala	missense_variant	MODERATE	1.0	2955.26	3410
2019-nCoV	11332	A	G	SNP	Homozygous	orf1ab	QHD43415.1	1	c.11067A>G	p.Val3689Val	synonymous_variant	LOW	1.0	2962.27	2901
2019-nCoV	13252	C	T	SNP	Homozygous	orf1ab	QHD43415.1	1	c.12987C>T	p.Tyr4329Tyr	synonymous_variant	LOW	1.0	2924.82	3628
2019-nCoV	13536	C	T	SNP	Heterozygous	orf1ab	QHD43415.1	2	c.13272C>T	p.Tyr4424Tyr	synonymous_variant	LOW	0.614035	816.937	41692
2019-nCoV	14055	G	T	SNP	Heterozygous	orf1ab	QHD43415.1	2	c.13791G>T	p.Leu4597Leu	synonymous_variant	LOW	0.5025	476.305	6476
2019-nCoV	14358	C	T	SNP	Heterozygous	orf1ab	QHD43415.1	2	c.14094C>T	p.Cys4698Cys	synonymous_variant	LOW	0.503759	480.95	1620
2019-nCoV	14408	C	T	SNP	Homozygous	orf1ab	QHD43415.1	2	c.14144C>T	p.Pro4715Leu	missense_variant	MODERATE	0.9925	2842.71	1629
2019-nCoV	15451	G	A	SNP	Homozygous	orf1ab	QHD43415.1	2	c.15187G>A	p.Gly5063Ser	missense_variant	MODERATE	1.0	2966.83	2059
2019-nCoV	16466	C	T	SNP	Homozygous	orf1ab	QHD43415.1	2	c.16202C>T	p.Pro5401Leu	missense_variant	MODERATE	1.0	2971.32	4978
2019-nCoV	17304	C	T	SNP	Heterozygous	orf1ab	QHD43415.1	2	c.17040C>T	p.Val5680Val	synonymous_variant	LOW	0.29	70.895	18350
2019-nCoV	19220	C	T	SNP	Homozygous	orf1ab	QHD43415.1	2	c.18956C>T	p.Ala6319Val	missense_variant	MODERATE	0.989975	2856.76	2791
2019-nCoV	20502	T	C	SNP	Heterozygous	orf1ab	QHD43415.1	2	c.20238T>C	p.Val6746Val	synonymous_variant	LOW	0.35	154.115	6133
2019-nCoV	21137	A	G	SNP	Heterozygous	orf1ab	QHD43415.1	2	c.20873A>G	p.Lys6958Arg	missense_variant	MODERATE	0.42	275.459	20054
2019-nCoV	21618	C	G	SNP	Homozygous	S	QHD43416.1	1	c.56C>G	p.Thr19Arg	missense_variant	MODERATE	1.0	2937.42	667
2019-nCoV	22028	GAGTTCA	G	DEL	Homozygous	S	QHD43416.1	1	c.467_472delAGTTCA	p.Glu156_Arg158delinsGly	disruptive_inframe_deletion	MODERATE	1.0	2973.53	2602
2019-nCoV	22346	G	T	SNP	Homozygous	S	QHD43416.1	1	c.784G>T	p.Ala262Ser	missense_variant	MODERATE	0.994975	2903.57	813
2019-nCoV	23403	A	G	SNP	Homozygous	S	QHD43416.1	1	c.1841A>G	p.Asp614Gly	missense_variant	MODERATE	1.0	2948.73	9375
2019-nCoV	23604	C	G	SNP	Homozygous	S	QHD43416.1	1	c.2042C>G	p.Pro681Arg	missense_variant	MODERATE	1.0	2947.62	20321
2019-nCoV	24197	G	A	SNP	Heterozygous	S	QHD43416.1	1	c.2635G>A	p.Ala879Thr	missense_variant	MODERATE	0.2575	42.4849	7074
2019-nCoV	24410	G	A	SNP	Homozygous	S	QHD43416.1	1	c.2848G>A	p.Asp950Asn	missense_variant	MODERATE	1.0	2957.39	1739
2019-nCoV	24775	A	G	SNP	Heterozygous	S	QHD43416.1	1	c.3213A>G	p.Gln1071Gln	synonymous_variant	LOW	0.27	52.551	6840
2019-nCoV	25469	C	T	SNP	Homozygous	ORF3a	QHD43417.1	1	c.77C>T	p.Ser26Leu	missense_variant	MODERATE	1.0	2910.79	2831
2019-nCoV	26111	C	T	SNP	Heterozygous	ORF3a	QHD43417.1	1	c.719C>T	p.Pro240Leu	missense_variant	MODERATE	0.47	393.24	10037
2019-nCoV	26681	C	T	SNP	Heterozygous	M	QHD43419.1	1	c.159C>T	p.Phe53Phe	synonymous_variant	LOW	0.2375	22.6085	6620
2019-nCoV	26767	T	C	SNP	Homozygous	M	QHD43419.1	1	c.245T>C	p.Ile82Thr	missense_variant	MODERATE	1.0	2980.83	6646
2019-nCoV	27014	G	T	SNP	Heterozygous	M	QHD43419.1	1	c.492G>T	p.Leu164Leu	synonymous_variant	LOW	0.2725	56.2141	14796
2019-nCoV	27241	A	G	SNP	Heterozygous	ORF6	QHD43420.1	1	c.40A>G	p.Ile14Val	missense_variant	MODERATE	0.245	32.0321	4547
2019-nCoV	27527	C	T	SNP	Heterozygous	ORF7a	QHD43421.1	1	c.134C>T	p.Pro45Leu	missense_variant	MODERATE	0.3925	230.003	4015
2019-nCoV	27638	T	C	SNP	Homozygous	ORF7a	QHD43421.1	1	c.245T>C	p.Val82Ala	missense_variant	MODERATE	0.995	2825.8	2523
2019-nCoV	27752	C	T	SNP	Homozygous	ORF7a	QHD43421.1	1	c.359C>T	p.Thr120Ile	missense_variant	MODERATE	0.9975	2912.07	3959
2019-nCoV	27874	C	T	SNP	Homozygous	ORF8	QHD43422.1	-1	c.-20C>T	.	upstream_gene_variant	MODIFIER	1.0	2951.22	3446
2019-nCoV	28191	G	T	SNP	Heterozygous	ORF8	QHD43422.1	1	c.298G>T	p.Val100Leu	missense_variant	MODERATE	0.25	33.8662	10715
2019-nCoV	28247	AGATTTC	A	DEL	Homozygous	ORF8	QHD43422.1	1	c.355_360delGATTTC	p.Asp119_Phe120del	conservative_inframe_deletion	MODERATE	1.0	2845.03	8272
2019-nCoV	28270	TA	T	DEL	Homozygous	N	QHD43423.2	-1	c.-3delA	.	upstream_gene_variant	MODIFIER	1.0	1977.01	28643
2019-nCoV	28461	A	G	SNP	Homozygous	N	QHD43423.2	1	c.188A>G	p.Asp63Gly	missense_variant	MODERATE	0.9975	2909.74	7867
2019-nCoV	28881	G	T	SNP	Homozygous	N	QHD43423.2	1	c.608G>T	p.Arg203Met	missense_variant	MODERATE	1.0	2863.47	11412
2019-nCoV	28916	G	T	SNP	Homozygous	N	QHD43423.2	1	c.643G>T	p.Gly215Cys	missense_variant	MODERATE	0.9975	2466.01	63820
2019-nCoV	29402	G	T	SNP	Homozygous	N	QHD43423.2	1	c.1129G>T	p.Asp377Tyr	missense_variant	MODERATE	1.0	2953.21	3276
2019-nCoV	29555	C	T	SNP	Heterozygous	ORF10	QHI42199.1	-1	c.-3C>T	.	upstream_gene_variant	MODIFIER	0.531328	553.945	1494
