CHROM	POS	REF	ALT	VARTYPE	GEN[*].GT	ANN[*].GENE	ANN[*].FEATUREID	EFF[*].RANK	ANN[*].HGVS_C	ANN[*].HGVS_P	ANN[*].EFFECT	EFF[*].IMPACT	AF	QUAL	DP
2019-nCoV	210	G	T	SNP	Homozygous	orf1ab	QHD43415.1	-1	c.-56G>T	.	upstream_gene_variant	MODIFIER	1.0	2977.81	120285
2019-nCoV	3037	C	T	SNP	Homozygous	orf1ab	QHD43415.1	1	c.2772C>T	p.Phe924Phe	synonymous_variant	LOW	1.0	2897.23	10943
2019-nCoV	4181	G	T	SNP	Homozygous	orf1ab	QHD43415.1	1	c.3916G>T	p.Ala1306Ser	missense_variant	MODERATE	0.9975	2916.8	21988
2019-nCoV	6402	C	T	SNP	Homozygous	orf1ab	QHD43415.1	1	c.6137C>T	p.Pro2046Leu	missense_variant	MODERATE	0.99	2846.11	29738
2019-nCoV	7851	C	T	SNP	Heterozygous	orf1ab	QHD43415.1	1	c.7586C>T	p.Ala2529Val	missense_variant	MODERATE	0.5	468.811	26109
2019-nCoV	8986	C	T	SNP	Homozygous	orf1ab	QHD43415.1	1	c.8721C>T	p.Asp2907Asp	synonymous_variant	LOW	1.0	2929.48	15746
2019-nCoV	9053	G	T	SNP	Homozygous	orf1ab	QHD43415.1	1	c.8788G>T	p.Val2930Leu	missense_variant	MODERATE	1.0	2943.36	15695
2019-nCoV	10029	C	T	SNP	Homozygous	orf1ab	QHD43415.1	1	c.9764C>T	p.Thr3255Ile	missense_variant	MODERATE	0.9975	2901.44	20934
2019-nCoV	11201	A	G	SNP	Homozygous	orf1ab	QHD43415.1	1	c.10936A>G	p.Thr3646Ala	missense_variant	MODERATE	1.0	2946.1	7831
2019-nCoV	11332	A	G	SNP	Homozygous	orf1ab	QHD43415.1	1	c.11067A>G	p.Val3689Val	synonymous_variant	LOW	1.0	2913.02	16102
2019-nCoV	12485	A	G	SNP	Heterozygous	orf1ab	QHD43415.1	1	c.12220A>G	p.Ile4074Val	missense_variant	MODERATE	0.335	132.455	16300
2019-nCoV	13860	C	T	SNP	Heterozygous	orf1ab	QHD43415.1	2	c.13596C>T	p.Asp4532Asp	synonymous_variant	LOW	0.656642	964.536	15744
2019-nCoV	14055	G	C	SNP	Heterozygous	orf1ab	QHD43415.1	2	c.13791G>C	p.Leu4597Leu	synonymous_variant	LOW	0.62	838.925	30464
2019-nCoV	14408	C	T	SNP	Homozygous	orf1ab	QHD43415.1	2	c.14144C>T	p.Pro4715Leu	missense_variant	MODERATE	0.995	2891.7	16573
2019-nCoV	15451	G	A	SNP	Homozygous	orf1ab	QHD43415.1	2	c.15187G>A	p.Gly5063Ser	missense_variant	MODERATE	1.0	2953.62	68026
2019-nCoV	16056	T	C	SNP	Heterozygous	orf1ab	QHD43415.1	2	c.15792T>C	p.His5264His	synonymous_variant	LOW	0.2475	31.4565	36437
2019-nCoV	16466	C	T	SNP	Homozygous	orf1ab	QHD43415.1	2	c.16202C>T	p.Pro5401Leu	missense_variant	MODERATE	1.0	2954.72	79466
2019-nCoV	16558	G	T	SNP	Heterozygous	orf1ab	QHD43415.1	2	c.16294G>T	p.Ala5432Ser	missense_variant	MODERATE	0.528822	542.592	37792
2019-nCoV	17040	T	C	SNP	Heterozygous	orf1ab	QHD43415.1	2	c.16776T>C	p.Asn5592Asn	synonymous_variant	LOW	0.465	382.346	47499
2019-nCoV	17193	G	T	SNP	Heterozygous	orf1ab	QHD43415.1	2	c.16929G>T	p.Glu5643Asp	missense_variant	MODERATE	0.313283	101.699	52472
2019-nCoV	18744	C	T	SNP	Heterozygous	orf1ab	QHD43415.1	2	c.18480C>T	p.Tyr6160Tyr	synonymous_variant	LOW	0.2275	21.3968	18481
2019-nCoV	19220	C	T	SNP	Homozygous	orf1ab	QHD43415.1	2	c.18956C>T	p.Ala6319Val	missense_variant	MODERATE	1.0	2981.57	25424
2019-nCoV	20719	C	T	SNP	Heterozygous	orf1ab	QHD43415.1	2	c.20455C>T	p.Leu6819Leu	synonymous_variant	LOW	0.475	409.858	34806
2019-nCoV	21618	C	G	SNP	Homozygous	S	QHD43416.1	1	c.56C>G	p.Thr19Arg	missense_variant	MODERATE	0.9975	2915.51	25733
2019-nCoV	21987	G	A	SNP	Homozygous	S	QHD43416.1	1	c.425G>A	p.Gly142Asp	missense_variant	MODERATE	0.9875	2824.08	24318
2019-nCoV	22028	GAGTTCA	G	DEL	Homozygous	S	QHD43416.1	1	c.467_472delAGTTCA	p.Glu156_Arg158delinsGly	disruptive_inframe_deletion	MODERATE	1.0	2965.42	23798
2019-nCoV	22917	T	G	SNP	Homozygous	S	QHD43416.1	1	c.1355T>G	p.Leu452Arg	missense_variant	MODERATE	0.9975	2940.63	43610
2019-nCoV	22995	C	A	SNP	Homozygous	S	QHD43416.1	1	c.1433C>A	p.Thr478Lys	missense_variant	MODERATE	1.0	2975.1	39552
2019-nCoV	23403	A	G	SNP	Homozygous	S	QHD43416.1	1	c.1841A>G	p.Asp614Gly	missense_variant	MODERATE	0.9975	2912.41	70742
2019-nCoV	23604	C	G	SNP	Homozygous	S	QHD43416.1	1	c.2042C>G	p.Pro681Arg	missense_variant	MODERATE	0.997494	2941.16	81516
2019-nCoV	24410	G	A	SNP	Homozygous	S	QHD43416.1	1	c.2848G>A	p.Asp950Asn	missense_variant	MODERATE	0.995	2903.05	36477
2019-nCoV	25469	C	T	SNP	Homozygous	ORF3a	QHD43417.1	1	c.77C>T	p.Ser26Leu	missense_variant	MODERATE	1.0	2864.39	17846
2019-nCoV	26340	C	T	SNP	Heterozygous	E	QHD43418.1	1	c.96C>T	p.Ala32Ala	synonymous_variant	LOW	0.2475	33.3764	139044
2019-nCoV	26767	T	C	SNP	Homozygous	M	QHD43419.1	1	c.245T>C	p.Ile82Thr	missense_variant	MODERATE	0.9975	2948.69	51412
2019-nCoV	27638	T	C	SNP	Homozygous	ORF7a	QHD43421.1	1	c.245T>C	p.Val82Ala	missense_variant	MODERATE	0.9975	2852.9	5830
2019-nCoV	27752	C	T	SNP	Homozygous	ORF7a	QHD43421.1	1	c.359C>T	p.Thr120Ile	missense_variant	MODERATE	1.0	2852.59	6507
2019-nCoV	28247	AGATTTC	A	DEL	Homozygous	ORF8	QHD43422.1	1	c.355_360delGATTTC	p.Asp119_Phe120del	conservative_inframe_deletion	MODERATE	1.0	2760.15	101674
2019-nCoV	28270	TA	T	DEL	Homozygous	N	QHD43423.2	-1	c.-3delA	.	upstream_gene_variant	MODIFIER	1.0	1955.2	157038
2019-nCoV	28461	A	G	SNP	Homozygous	N	QHD43423.2	1	c.188A>G	p.Asp63Gly	missense_variant	MODERATE	1.0	2952.59	41218
2019-nCoV	28916	G	T	SNP	Homozygous	N	QHD43423.2	1	c.643G>T	p.Gly215Cys	missense_variant	MODERATE	0.997494	2445.59	110364
2019-nCoV	29402	G	T	SNP	Homozygous	N	QHD43423.2	1	c.1129G>T	p.Asp377Tyr	missense_variant	MODERATE	1.0	2947.24	26798
2019-nCoV	29604	T	C	SNP	Heterozygous	ORF10	QHI42199.1	1	c.47T>C	p.Leu16Pro	missense_variant	MODERATE	0.233668	25.9889	15371
2019-nCoV	29679	C	T	SNP	Heterozygous	S	QHD43416.1	-1	c.*4295C>T	.	downstream_gene_variant	MODIFIER	0.515	513.718	15159
