CHROM	POS	REF	ALT	VARTYPE	GEN[*].GT	ANN[*].GENE	ANN[*].FEATUREID	EFF[*].RANK	ANN[*].HGVS_C	ANN[*].HGVS_P	ANN[*].EFFECT	EFF[*].IMPACT	AF	QUAL	DP
2019-nCoV	44	C	T	SNP	Homozygous	orf1ab	QHD43415.1	-1	c.-222C>T	.	upstream_gene_variant	MODIFIER	0.988994	32229.6	55896
2019-nCoV	140	C	T	SNP	Heterozygous	orf1ab	QHD43415.1	-1	c.-126C>T	.	upstream_gene_variant	MODIFIER	0.034034	91.4596	59103
2019-nCoV	241	C	T	SNP	Homozygous	orf1ab	QHD43415.1	-1	c.-25C>T	.	upstream_gene_variant	MODIFIER	1.0	33374.1	3404
2019-nCoV	529	G	A	SNP	Heterozygous	orf1ab	QHD43415.1	1	c.264G>A	p.Leu88Leu	synonymous_variant	LOW	0.0345	95.8014	59520
2019-nCoV	629	C	T	SNP	Heterozygous	orf1ab	QHD43415.1	1	c.364C>T	p.Leu122Phe	missense_variant	MODERATE	0.0460922	204.426	42824
2019-nCoV	670	T	G	SNP	Homozygous	orf1ab	QHD43415.1	1	c.405T>G	p.Ser135Arg	missense_variant	MODERATE	0.99049	33106.7	42444
2019-nCoV	1627	C	T	SNP	Heterozygous	orf1ab	QHD43415.1	1	c.1362C>T	p.Leu454Leu	synonymous_variant	LOW	0.7405	20140.6	24803
2019-nCoV	1931	C	A	SNP	Heterozygous	orf1ab	QHD43415.1	1	c.1666C>A	p.Gln556Lys	missense_variant	MODERATE	0.0751127	550.497	8212
2019-nCoV	2455	C	A	SNP	Heterozygous	orf1ab	QHD43415.1	1	c.2190C>A	p.Leu730Leu	synonymous_variant	LOW	0.0675	455.311	9622
2019-nCoV	2570	C	T	SNP	Heterozygous	orf1ab	QHD43415.1	1	c.2305C>T	p.Pro769Ser	missense_variant	MODERATE	0.036	107.344	14563
2019-nCoV	2692	A	T	SNP	Heterozygous	orf1ab	QHD43415.1	1	c.2427A>T	p.Thr809Thr	synonymous_variant	LOW	0.0250376	35.6922	19000
2019-nCoV	2710	C	T	SNP	Heterozygous	orf1ab	QHD43415.1	1	c.2445C>T	p.Leu815Leu	synonymous_variant	LOW	0.0325	40.2581	19311
2019-nCoV	2790	C	T	SNP	Homozygous	orf1ab	QHD43415.1	1	c.2525C>T	p.Thr842Ile	missense_variant	MODERATE	0.998992	18678.6	33663
2019-nCoV	2954	T	C	SNP	Heterozygous	orf1ab	QHD43415.1	1	c.2689T>C	p.Leu897Leu	synonymous_variant	LOW	0.0515	257.154	36075
2019-nCoV	3037	C	T	SNP	Homozygous	orf1ab	QHD43415.1	1	c.2772C>T	p.Phe924Phe	synonymous_variant	LOW	0.9995	19181.0	35460
2019-nCoV	3278	A	G	SNP	Heterozygous	orf1ab	QHD43415.1	1	c.3013A>G	p.Ile1005Val	missense_variant	MODERATE	0.026	40.682	14134
2019-nCoV	3376	T	C	SNP	Heterozygous	orf1ab	QHD43415.1	1	c.3111T>C	p.Asn1037Asn	synonymous_variant	LOW	0.0385	128.308	7874
2019-nCoV	3634	C	T	SNP	Heterozygous	orf1ab	QHD43415.1	1	c.3369C>T	p.Asn1123Asn	synonymous_variant	LOW	0.0595298	349.66	24336
2019-nCoV	3796	C	T	SNP	Heterozygous	orf1ab	QHD43415.1	1	c.3531C>T	p.Val1177Val	synonymous_variant	LOW	0.0740181	551.675	12421
2019-nCoV	3927	C	T	SNP	Heterozygous	orf1ab	QHD43415.1	1	c.3662C>T	p.Ser1221Leu	missense_variant	MODERATE	0.0685343	465.816	4777
2019-nCoV	4184	G	A	SNP	Homozygous	orf1ab	QHD43415.1	1	c.3919G>A	p.Gly1307Ser	missense_variant	MODERATE	0.995996	35986.8	8901
2019-nCoV	4321	C	T	SNP	Homozygous	orf1ab	QHD43415.1	1	c.4056C>T	p.Ala1352Ala	synonymous_variant	LOW	0.99899	32533.7	23908
2019-nCoV	4586	C	T	SNP	Heterozygous	orf1ab	QHD43415.1	1	c.4321C>T	p.Leu1441Leu	synonymous_variant	LOW	0.0666667	440.128	33051
2019-nCoV	5183	C	T	SNP	Heterozygous	orf1ab	QHD43415.1	1	c.4918C>T	p.Pro1640Ser	missense_variant	MODERATE	0.0425	96.5494	13873
2019-nCoV	5284	C	T	SNP	Heterozygous	orf1ab	QHD43415.1	1	c.5019C>T	p.Asn1673Asn	synonymous_variant	LOW	0.0315473	75.2178	11823
2019-nCoV	5326	G	T	SNP	Heterozygous	orf1ab	QHD43415.1	1	c.5061G>T	p.Glu1687Asp	missense_variant	MODERATE	0.0706413	356.664	14194
2019-nCoV	5835	C	T	SNP	Heterozygous	orf1ab	QHD43415.1	1	c.5570C>T	p.Ser1857Leu	missense_variant	MODERATE	0.036	107.535	3248
2019-nCoV	6541	C	T	SNP	Heterozygous	orf1ab	QHD43415.1	1	c.6276C>T	p.His2092His	synonymous_variant	LOW	0.0330165	42.7045	9767
2019-nCoV	6979	T	G	SNP	Heterozygous	orf1ab	QHD43415.1	1	c.6714T>G	p.Val2238Val	synonymous_variant	LOW	0.1135	1204.95	2332
2019-nCoV	7259	A	G	SNP	Heterozygous	orf1ab	QHD43415.1	1	c.6994A>G	p.Ile2332Val	missense_variant	MODERATE	0.0245	32.8976	7384
2019-nCoV	7528	C	T	SNP	Heterozygous	orf1ab	QHD43415.1	1	c.7263C>T	p.Val2421Val	synonymous_variant	LOW	0.2845	5293.23	9107
2019-nCoV	7951	T	C	SNP	Heterozygous	orf1ab	QHD43415.1	1	c.7686T>C	p.Ser2562Ser	synonymous_variant	LOW	0.0455228	116.076	12126
2019-nCoV	8326	C	T	SNP	Heterozygous	orf1ab	QHD43415.1	1	c.8061C>T	p.Asp2687Asp	synonymous_variant	LOW	0.0415	155.052	3488
2019-nCoV	8371	G	T	SNP	Heterozygous	orf1ab	QHD43415.1	1	c.8106G>T	p.Gln2702His	missense_variant	MODERATE	0.0265133	43.0534	28545
2019-nCoV	8991	C	T	SNP	Heterozygous	orf1ab	QHD43415.1	1	c.8726C>T	p.Ala2909Val	missense_variant	MODERATE	0.039	75.6162	12612
2019-nCoV	9344	C	T	SNP	Homozygous	orf1ab	QHD43415.1	1	c.9079C>T	p.Leu3027Phe	missense_variant	MODERATE	0.998992	32178.7	6499
2019-nCoV	9424	A	G	SNP	Heterozygous	orf1ab	QHD43415.1	1	c.9159A>G	p.Val3053Val	synonymous_variant	LOW	0.972986	36314.1	4768
2019-nCoV	9424	A	T	SNP	Heterozygous	orf1ab	QHD43415.1	1	c.9159A>T	p.Val3053Val	synonymous_variant	LOW	0.0265133	36314.1	4768
2019-nCoV	9534	C	T	SNP	Homozygous	orf1ab	QHD43415.1	1	c.9269C>T	p.Thr3090Ile	missense_variant	MODERATE	0.996997	5813.22	334
2019-nCoV	9805	G	T	SNP	Heterozygous	orf1ab	QHD43415.1	1	c.9540G>T	p.Leu3180Leu	synonymous_variant	LOW	0.0241102	28.3791	1741
2019-nCoV	9866	C	T	SNP	Heterozygous	orf1ab	QHD43415.1	1	c.9601C>T	p.Leu3201Phe	missense_variant	MODERATE	0.0686029	441.247	11411
2019-nCoV	10029	C	T	SNP	Homozygous	orf1ab	QHD43415.1	1	c.9764C>T	p.Thr3255Ile	missense_variant	MODERATE	0.993997	35827.3	16988
2019-nCoV	10198	C	T	SNP	Homozygous	orf1ab	QHD43415.1	1	c.9933C>T	p.Asp3311Asp	synonymous_variant	LOW	0.9875	35410.6	14374
2019-nCoV	10447	GCC	ACA	MNP	Homozygous	orf1ab	QHD43415.1	1	c.10182_10184delGCCinsACA	p.Pro3395His	missense_variant	MODERATE	1.0	35548.1	5629
2019-nCoV	10702	C	T	SNP	Heterozygous	orf1ab	QHD43415.1	1	c.10437C>T	p.Asp3479Asp	synonymous_variant	LOW	0.04	141.398	8346
2019-nCoV	11077	T	C	SNP	Heterozygous	orf1ab	QHD43415.1	1	c.10812T>C	p.Phe3604Phe	synonymous_variant	LOW	0.0315158	74.26	6485
2019-nCoV	11287	GTCTGGTTTT	G	DEL	Homozygous	orf1ab	QHD43415.1	1	c.11023_11031delTCTGGTTTT	p.Ser3675_Phe3677del	conservative_inframe_deletion	MODERATE	1.0	35101.2	18443
2019-nCoV	11514	C	T	SNP	Heterozygous	orf1ab	QHD43415.1	1	c.11249C>T	p.Thr3750Ile	missense_variant	MODERATE	0.0305153	31.2389	3698
2019-nCoV	11747	C	T	SNP	Heterozygous	orf1ab	QHD43415.1	1	c.11482C>T	p.Leu3828Leu	synonymous_variant	LOW	0.0615616	260.883	17700
2019-nCoV	11750	C	T	SNP	Heterozygous	orf1ab	QHD43415.1	1	c.11485C>T	p.Leu3829Phe	missense_variant	MODERATE	0.0705353	482.396	17650
2019-nCoV	12019	G	A	SNP	Heterozygous	orf1ab	QHD43415.1	1	c.11754G>A	p.Leu3918Leu	synonymous_variant	LOW	0.0495	235.079	4483
2019-nCoV	12160	G	A	SNP	Heterozygous	orf1ab	QHD43415.1	1	c.11895G>A	p.Glu3965Glu	synonymous_variant	LOW	0.965414	33675.1	8687
2019-nCoV	12310	G	A	SNP	Heterozygous	orf1ab	QHD43415.1	1	c.12045G>A	p.Gln4015Gln	synonymous_variant	LOW	0.352676	6332.91	15433
2019-nCoV	12444	A	G	SNP	Heterozygous	orf1ab	QHD43415.1	1	c.12179A>G	p.Asn4060Ser	missense_variant	MODERATE	0.0305	67.2407	15298
2019-nCoV	12880	C	T	SNP	Homozygous	orf1ab	QHD43415.1	1	c.12615C>T	p.Ile4205Ile	synonymous_variant	LOW	0.995996	35936.8	15360
2019-nCoV	14181	G	C	SNP	Heterozygous	orf1ab	QHD43415.1	2	c.13917G>C	p.Leu4639Phe	missense_variant	MODERATE	0.0676014	326.419	17410
2019-nCoV	14257	T	C	SNP	Heterozygous	orf1ab	QHD43415.1	2	c.13993T>C	p.Tyr4665His	missense_variant	MODERATE	0.0812437	479.687	13919
2019-nCoV	14267	C	T	SNP	Heterozygous	orf1ab	QHD43415.1	2	c.14003C>T	p.Thr4668Met	missense_variant	MODERATE	0.0230115	25.9753	13793
2019-nCoV	14355	A	G	SNP	Heterozygous	orf1ab	QHD43415.1	2	c.14091A>G	p.Arg4697Arg	synonymous_variant	LOW	0.0895	781.747	3015
2019-nCoV	14408	C	T	SNP	Homozygous	orf1ab	QHD43415.1	2	c.14144C>T	p.Pro4715Leu	missense_variant	MODERATE	0.992993	33057.1	3134
2019-nCoV	14599	C	T	SNP	Heterozygous	orf1ab	QHD43415.1	2	c.14335C>T	p.Leu4779Leu	synonymous_variant	LOW	0.02	14.9685	5611
2019-nCoV	14676	C	T	SNP	Heterozygous	orf1ab	QHD43415.1	2	c.14412C>T	p.Pro4804Pro	synonymous_variant	LOW	0.0735	532.875	11585
2019-nCoV	15054	T	C	SNP	Heterozygous	orf1ab	QHD43415.1	2	c.14790T>C	p.Thr4930Thr	synonymous_variant	LOW	0.0515516	167.957	42518
2019-nCoV	15451	G	A	SNP	Heterozygous	orf1ab	QHD43415.1	2	c.15187G>A	p.Gly5063Ser	missense_variant	MODERATE	0.0875	738.167	51067
2019-nCoV	15714	C	T	SNP	Homozygous	orf1ab	QHD43415.1	2	c.15450C>T	p.Leu5150Leu	synonymous_variant	LOW	0.998998	36162.3	46865
2019-nCoV	15738	C	T	SNP	Heterozygous	orf1ab	QHD43415.1	2	c.15474C>T	p.Phe5158Phe	synonymous_variant	LOW	0.0355355	50.3397	46905
2019-nCoV	16616	C	A	SNP	Heterozygous	orf1ab	QHD43415.1	2	c.16352C>A	p.Thr5451Asn	missense_variant	MODERATE	0.272081	4786.2	8685
2019-nCoV	16726	C	T	SNP	Heterozygous	orf1ab	QHD43415.1	2	c.16462C>T	p.His5488Tyr	missense_variant	MODERATE	0.0385193	128.061	20687
2019-nCoV	16935	G	A	SNP	Heterozygous	orf1ab	QHD43415.1	2	c.16671G>A	p.Met5557Ile	missense_variant	MODERATE	0.0650325	422.411	40109
2019-nCoV	17039	A	G	SNP	Heterozygous	orf1ab	QHD43415.1	2	c.16775A>G	p.Asn5592Ser	missense_variant	MODERATE	0.0519939	166.707	31100
2019-nCoV	17410	C	T	SNP	Homozygous	orf1ab	QHD43415.1	2	c.17146C>T	p.Arg5716Cys	missense_variant	MODERATE	1.0	36391.5	42823
2019-nCoV	17679	G	T	SNP	Heterozygous	orf1ab	QHD43415.1	2	c.17415G>T	p.Thr5805Thr	synonymous_variant	LOW	0.044	179.33	15539
2019-nCoV	17910	A	G	SNP	Heterozygous	orf1ab	QHD43415.1	2	c.17646A>G	p.Val5882Val	synonymous_variant	LOW	0.0215431	20.1978	6516
2019-nCoV	18163	A	G	SNP	Homozygous	orf1ab	QHD43415.1	2	c.17899A>G	p.Ile5967Val	missense_variant	MODERATE	0.996495	35938.6	10571
2019-nCoV	19524	C	T	SNP	Heterozygous	orf1ab	QHD43415.1	2	c.19260C>T	p.Leu6420Leu	synonymous_variant	LOW	0.0356963	54.6544	18484
2019-nCoV	19955	C	T	SNP	Homozygous	orf1ab	QHD43415.1	2	c.19691C>T	p.Thr6564Ile	missense_variant	MODERATE	1.0	33716.8	27008
2019-nCoV	20055	A	G	SNP	Homozygous	orf1ab	QHD43415.1	2	c.19791A>G	p.Glu6597Glu	synonymous_variant	LOW	0.981991	32422.8	18258
2019-nCoV	20465	A	G	SNP	Heterozygous	orf1ab	QHD43415.1	2	c.20201A>G	p.Asp6734Gly	missense_variant	MODERATE	0.069	473.139	6237
2019-nCoV	21141	A	G	SNP	Heterozygous	orf1ab	QHD43415.1	2	c.20877A>G	p.Leu6959Leu	synonymous_variant	LOW	0.0335	88.3901	63311
2019-nCoV	21618	C	T	SNP	Homozygous	S	QHD43416.1	1	c.56C>T	p.Thr19Ile	missense_variant	MODERATE	0.9995	33803.0	11487
2019-nCoV	21624	G	C	SNP	Heterozygous	S	QHD43416.1	1	c.62G>C	p.Arg21Thr	missense_variant	MODERATE	0.037594	118.761	11378
2019-nCoV	21632	TTACCCCCTG	T	DEL	Homozygous	S	QHD43416.1	1	c.71_79delTACCCCCTG	p.Leu24_Ala27delinsSer	disruptive_inframe_deletion	MODERATE	1.0	36036.6	11105
2019-nCoV	21764	ATACATG	A	DEL	Heterozygous	S	QHD43416.1	1	c.204_209delACATGT	p.His69_Val70del	disruptive_inframe_deletion	MODERATE	0.93168	31350.1	12414
2019-nCoV	21777	G	T	SNP	Heterozygous	S	QHD43416.1	1	c.215G>T	p.Gly72Val	missense_variant	MODERATE	0.035035	99.8255	12823
2019-nCoV	21811	C	T	SNP	Heterozygous	S	QHD43416.1	1	c.249C>T	p.Val83Val	synonymous_variant	LOW	0.036	58.009	6930
2019-nCoV	21987	GTGTTTA	ATGT	MIXED	Heterozygous	S	QHD43416.1	1	c.425_431delGTGTTTAinsATGT	p.Gly142_Tyr144delinsAspVal	missense_variant&conservative_inframe_deletion	MODERATE	0.0530303	35649.2	9642
2019-nCoV	21987	G	A	SNP	Heterozygous	S	QHD43416.1	1	c.425G>A	p.Gly142Asp	missense_variant	MODERATE	0.946465	35649.2	9642
2019-nCoV	22001	A	G	SNP	Heterozygous	S	QHD43416.1	1	c.439A>G	p.Lys147Glu	missense_variant	MODERATE	0.0681704	325.712	9550
2019-nCoV	22016	T	C	SNP	Heterozygous	S	QHD43416.1	1	c.454T>C	p.Trp152Arg	missense_variant	MODERATE	0.0655328	427.744	9714
2019-nCoV	22033	C	A	SNP	Heterozygous	S	QHD43416.1	1	c.471C>A	p.Phe157Leu	missense_variant	MODERATE	0.0290145	25.663	22514
2019-nCoV	22200	T	G	SNP	Heterozygous	S	QHD43416.1	1	c.638T>G	p.Val213Gly	missense_variant	MODERATE	0.9765	34575.6	4525
2019-nCoV	22331	G	A	SNP	Heterozygous	S	QHD43416.1	1	c.769G>A	p.Gly257Ser	missense_variant	MODERATE	0.038	69.5711	10107
2019-nCoV	22577	GG	CA	MNP	Heterozygous	S	QHD43416.1	1	c.1015_1016delGGinsCA	p.Gly339His	missense_variant	MODERATE	0.0457286	33745.9	6957
2019-nCoV	22578	G	A	SNP	Heterozygous	S	QHD43416.1	1	c.1016G>A	p.Gly339Asp	missense_variant	MODERATE	0.954271	33745.9	6957
2019-nCoV	22599	G	C	SNP	Heterozygous	S	QHD43416.1	1	c.1037G>C	p.Arg346Thr	missense_variant	MODERATE	0.472946	12195.5	3533
2019-nCoV	22674	C	T	SNP	Homozygous	S	QHD43416.1	1	c.1112C>T	p.Ser371Phe	missense_variant	MODERATE	0.998999	33537.4	4205
2019-nCoV	22679	T	C	SNP	Homozygous	S	QHD43416.1	1	c.1117T>C	p.Ser373Pro	missense_variant	MODERATE	0.994	33228.4	4143
2019-nCoV	22686	CCA	TCG	MNP	Homozygous	S	QHD43416.1	1	c.1124_1126delCCAinsTCG	p.SerThr375PheAla	missense_variant	MODERATE	0.998501	10821.0	745
2019-nCoV	22775	G	A	SNP	Homozygous	S	QHD43416.1	1	c.1213G>A	p.Asp405Asn	missense_variant	MODERATE	0.998452	10906.0	646
2019-nCoV	22786	A	C	SNP	Homozygous	S	QHD43416.1	1	c.1224A>C	p.Arg408Ser	missense_variant	MODERATE	0.998415	11209.4	629
2019-nCoV	22813	G	T	SNP	Homozygous	S	QHD43416.1	1	c.1251G>T	p.Lys417Asn	missense_variant	MODERATE	1.0	33784.0	21800
2019-nCoV	22882	T	G	SNP	Homozygous	S	QHD43416.1	1	c.1320T>G	p.Asn440Lys	missense_variant	MODERATE	0.999499	33692.7	34787
2019-nCoV	22893	A	C	SNP	Heterozygous	S	QHD43416.1	1	c.1331A>C	p.Lys444Thr	missense_variant	MODERATE	0.0925463	834.08	34865
2019-nCoV	22894	G	T	SNP	Heterozygous	S	QHD43416.1	1	c.1332G>T	p.Lys444Asn	missense_variant	MODERATE	0.073	532.531	34865
2019-nCoV	22898	G	A	SNP	Heterozygous	S	QHD43416.1	1	c.1336G>A	p.Gly446Ser	missense_variant	MODERATE	0.05	238.937	34731
2019-nCoV	22917	T	G	SNP	Heterozygous	S	QHD43416.1	1	c.1355T>G	p.Leu452Arg	missense_variant	MODERATE	0.9365	32094.9	34379
2019-nCoV	22942	T	A	SNP	Heterozygous	S	QHD43416.1	1	c.1380T>A	p.Asn460Lys	missense_variant	MODERATE	0.1095	2340.63	33899
2019-nCoV	22992	GCAC	ACAA	MNP	Homozygous	S	QHD43416.1	1	c.1430_1433delGCACinsACAA	p.SerThr477AsnLys	missense_variant	MODERATE	0.999498	36121.1	11886
2019-nCoV	23013	A	C	SNP	Homozygous	S	QHD43416.1	1	c.1451A>C	p.Glu484Ala	missense_variant	MODERATE	0.995482	35868.3	20299
2019-nCoV	23018	T	G	SNP	Heterozygous	S	QHD43416.1	1	c.1456T>G	p.Phe486Val	missense_variant	MODERATE	0.973974	34451.1	20341
2019-nCoV	23055	A	G	SNP	Homozygous	S	QHD43416.1	1	c.1493A>G	p.Gln498Arg	missense_variant	MODERATE	0.995988	35936.5	8637
2019-nCoV	23063	A	T	SNP	Homozygous	S	QHD43416.1	1	c.1501A>T	p.Asn501Tyr	missense_variant	MODERATE	0.991479	32778.9	8735
2019-nCoV	23075	T	C	SNP	Homozygous	S	QHD43416.1	1	c.1513T>C	p.Tyr505His	missense_variant	MODERATE	0.994987	35954.1	8893
2019-nCoV	23403	A	G	SNP	Homozygous	S	QHD43416.1	1	c.1841A>G	p.Asp614Gly	missense_variant	MODERATE	0.999499	35877.9	44266
2019-nCoV	23525	C	T	SNP	Homozygous	S	QHD43416.1	1	c.1963C>T	p.His655Tyr	missense_variant	MODERATE	0.999499	33715.6	91308
2019-nCoV	23599	T	G	SNP	Homozygous	S	QHD43416.1	1	c.2037T>G	p.Asn679Lys	missense_variant	MODERATE	0.998999	33779.0	118096
2019-nCoV	23604	C	A	SNP	Homozygous	S	QHD43416.1	1	c.2042C>A	p.Pro681His	missense_variant	MODERATE	0.997997	19700.8	118160
2019-nCoV	23854	C	A	SNP	Homozygous	S	QHD43416.1	1	c.2292C>A	p.Asn764Lys	missense_variant	MODERATE	0.997491	32957.9	15191
2019-nCoV	23948	G	T	SNP	Homozygous	S	QHD43416.1	1	c.2386G>T	p.Asp796Tyr	missense_variant	MODERATE	0.999496	33638.8	17432
2019-nCoV	24133	C	T	SNP	Heterozygous	S	QHD43416.1	1	c.2571C>T	p.Gly857Gly	synonymous_variant	LOW	0.032016	77.7326	15751
2019-nCoV	24368	G	T	SNP	Heterozygous	S	QHD43416.1	1	c.2806G>T	p.Asp936Tyr	missense_variant	MODERATE	0.055	200.194	5980
2019-nCoV	24424	A	T	SNP	Homozygous	S	QHD43416.1	1	c.2862A>T	p.Gln954His	missense_variant	MODERATE	0.991931	35402.6	34254
2019-nCoV	24469	T	A	SNP	Homozygous	S	QHD43416.1	1	c.2907T>A	p.Asn969Lys	missense_variant	MODERATE	0.988488	31540.6	43993
2019-nCoV	24904	C	T	SNP	Heterozygous	S	QHD43416.1	1	c.3342C>T	p.Ile1114Ile	synonymous_variant	LOW	0.019019	11.2033	15753
2019-nCoV	25000	C	T	SNP	Homozygous	S	QHD43416.1	1	c.3438C>T	p.Asp1146Asp	synonymous_variant	LOW	0.9995	33773.0	21388
2019-nCoV	25416	C	T	SNP	Heterozygous	ORF3a	QHD43417.1	1	c.24C>T	p.Phe8Phe	synonymous_variant	LOW	0.074037	541.366	33084
2019-nCoV	25440	G	C	SNP	Heterozygous	ORF3a	QHD43417.1	1	c.48G>C	p.Lys16Asn	missense_variant	MODERATE	0.025025	35.6244	32801
2019-nCoV	25584	C	T	SNP	Homozygous	ORF3a	QHD43417.1	1	c.192C>T	p.Thr64Thr	synonymous_variant	LOW	0.989975	35451.7	93666
2019-nCoV	25896	C	T	SNP	Heterozygous	ORF3a	QHD43417.1	1	c.504C>T	p.Val168Val	synonymous_variant	LOW	0.024	29.3206	2842
2019-nCoV	26022	C	T	SNP	Heterozygous	ORF3a	QHD43417.1	1	c.630C>T	p.Asp210Asp	synonymous_variant	LOW	0.0315158	74.2186	37742
2019-nCoV	26060	C	T	SNP	Homozygous	ORF3a	QHD43417.1	1	c.668C>T	p.Thr223Ile	missense_variant	MODERATE	0.999499	36359.2	34600
2019-nCoV	26109	G	T	SNP	Heterozygous	ORF3a	QHD43417.1	1	c.717G>T	p.Glu239Asp	missense_variant	MODERATE	0.0305153	67.1019	60191
2019-nCoV	26151	C	T	SNP	Heterozygous	ORF3a	QHD43417.1	1	c.759C>T	p.Ser253Ser	synonymous_variant	LOW	0.054	285.53	26158
2019-nCoV	26270	C	T	SNP	Homozygous	E	QHD43418.1	1	c.26C>T	p.Thr9Ile	missense_variant	MODERATE	0.999499	33862.3	85096
2019-nCoV	26275	A	G	SNP	Heterozygous	E	QHD43418.1	1	c.31A>G	p.Thr11Ala	missense_variant	MODERATE	0.091	809.46	84809
2019-nCoV	26529	G	A	SNP	Heterozygous	M	QHD43419.1	1	c.7G>A	p.Asp3Asn	missense_variant	MODERATE	0.891	29442.3	9170
2019-nCoV	26577	C	G	SNP	Homozygous	M	QHD43419.1	1	c.55C>G	p.Gln19Glu	missense_variant	MODERATE	1.0	33572.1	3208
2019-nCoV	26709	G	A	SNP	Homozygous	M	QHD43419.1	1	c.187G>A	p.Ala63Thr	missense_variant	MODERATE	0.9995	19946.3	15658
2019-nCoV	26858	C	T	SNP	Heterozygous	M	QHD43419.1	1	c.336C>T	p.Phe112Phe	synonymous_variant	LOW	0.103552	1005.77	38916
2019-nCoV	27012	C	T	SNP	Heterozygous	M	QHD43419.1	1	c.490C>T	p.Leu164Leu	synonymous_variant	LOW	0.33	5835.09	44064
2019-nCoV	27038	A	G	SNP	Heterozygous	M	QHD43419.1	1	c.516A>G	p.Thr172Thr	synonymous_variant	LOW	0.354177	7371.04	4657
2019-nCoV	27259	A	C	SNP	Heterozygous	ORF6	QHD43420.1	1	c.58A>C	p.Arg20Arg	synonymous_variant	LOW	0.0560841	306.234	9042
2019-nCoV	27382	GAT	CTC	MNP	Heterozygous	ORF6	QHD43420.1	1	c.181_183delGATinsCTC	p.Asp61Leu	missense_variant	MODERATE	0.0645812	413.563	3643
2019-nCoV	27389	C	T	SNP	Heterozygous	ORF7a	QHD43421.1	-1	c.-5C>T	.	upstream_gene_variant	MODIFIER	0.0330452	85.2842	4399
2019-nCoV	27400	A	G	SNP	Heterozygous	ORF7a	QHD43421.1	1	c.7A>G	p.Ile3Val	missense_variant	MODERATE	0.034017	46.4007	16966
2019-nCoV	27438	T	C	SNP	Heterozygous	ORF7a	QHD43421.1	1	c.45T>C	p.Cys15Cys	synonymous_variant	LOW	0.0690345	342.66	17441
2019-nCoV	27450	C	A	SNP	Heterozygous	ORF7a	QHD43421.1	1	c.57C>A	p.His19Gln	missense_variant	MODERATE	0.0480962	219.769	17404
2019-nCoV	27513	C	T	SNP	Heterozygous	ORF7a	QHD43421.1	1	c.120C>T	p.Tyr40Tyr	synonymous_variant	LOW	0.331832	6682.49	28667
2019-nCoV	27532	C	T	SNP	Heterozygous	ORF7a	QHD43421.1	1	c.139C>T	p.His47Tyr	missense_variant	MODERATE	0.0556399	285.751	28781
2019-nCoV	27807	C	T	SNP	Homozygous	ORF8	QHD43422.1	-1	c.-87C>T	.	upstream_gene_variant	MODIFIER	0.994992	35985.7	14772
2019-nCoV	27889	C	T	SNP	Heterozygous	ORF8	QHD43422.1	-1	c.-5C>T	.	upstream_gene_variant	MODIFIER	0.905906	30257.4	9819
2019-nCoV	28233	G	C	SNP	Heterozygous	ORF8	QHD43422.1	1	c.340G>C	p.Val114Leu	missense_variant	MODERATE	0.0435218	104.802	27544
2019-nCoV	28271	A	T	SNP	Heterozygous	N	QHD43423.2	-1	c.-3A>T	.	upstream_gene_variant	MODIFIER	0.902305	29708.6	71320
2019-nCoV	28311	C	T	SNP	Heterozygous	N	QHD43423.2	1	c.38C>T	p.Pro13Leu	missense_variant	MODERATE	0.90603	35919.2	71513
2019-nCoV	28311	CC	TT	MNP	Heterozygous	N	QHD43423.2	1	c.38_39delCCinsTT	p.Pro13Leu	missense_variant	MODERATE	0.0904523	35919.2	71513
2019-nCoV	28330	A	G	SNP	Heterozygous	N	QHD43423.2	1	c.57A>G	p.Gly19Gly	synonymous_variant	LOW	0.745316	21931.1	65828
2019-nCoV	28361	GGAGAACGCA	G	DEL	Heterozygous	N	QHD43423.2	1	c.90_98delAGAACGCAG	p.Glu31_Ser33del	disruptive_inframe_deletion	MODERATE	0.749085	34446.5	17263
2019-nCoV	28361	GGAGAACGCAG	TT	MIXED	Heterozygous	N	QHD43423.2	1	c.88_98delGGAGAACGCAGinsTT	p.Gly30_Ser33delinsPhe	missense_variant&disruptive_inframe_deletion	MODERATE	0.250915	34446.5	17263
2019-nCoV	28402	A	G	SNP	Heterozygous	N	QHD43423.2	1	c.129A>G	p.Gln43Gln	synonymous_variant	LOW	0.0285	23.071	30129
2019-nCoV	28436	G	T	SNP	Heterozygous	N	QHD43423.2	1	c.163G>T	p.Ala55Ser	missense_variant	MODERATE	0.022011	21.8858	30609
2019-nCoV	28681	G	T	SNP	Heterozygous	N	QHD43423.2	1	c.408G>T	p.Glu136Asp	missense_variant	MODERATE	0.121561	1347.02	72074
2019-nCoV	28851	G	T	SNP	Heterozygous	N	QHD43423.2	1	c.578G>T	p.Ser193Ile	missense_variant	MODERATE	0.0285571	50.2413	69075
2019-nCoV	28881	GGG	AAC	MNP	Homozygous	N	QHD43423.2	1	c.608_610delGGGinsAAC	p.ArgGly203LysArg	missense_variant	MODERATE	1.0	33441.2	31494
2019-nCoV	28986	G	A	SNP	Heterozygous	N	QHD43423.2	1	c.713G>A	p.Gly238Asp	missense_variant	MODERATE	0.0890445	775.0	28753
2019-nCoV	29046	C	T	SNP	Heterozygous	N	QHD43423.2	1	c.773C>T	p.Pro258Leu	missense_variant	MODERATE	0.0275	19.318	8243
2019-nCoV	29081	G	A	SNP	Heterozygous	N	QHD43423.2	1	c.808G>A	p.Val270Ile	missense_variant	MODERATE	0.04	140.966	8400
2019-nCoV	29095	C	T	SNP	Heterozygous	N	QHD43423.2	1	c.822C>T	p.Phe274Phe	synonymous_variant	LOW	0.047047	211.454	8400
2019-nCoV	29510	A	C	SNP	Homozygous	N	QHD43423.2	1	c.1237A>C	p.Ser413Arg	missense_variant	MODERATE	1.0	33521.2	3761
2019-nCoV	29666	C	T	SNP	Heterozygous	ORF10	QHI42199.1	1	c.109C>T	p.Leu37Phe	missense_variant	MODERATE	0.105158	1046.2	6373
2019-nCoV	29692	G	T	SNP	Heterozygous	S	QHD43416.1	-1	c.*4308G>T	.	downstream_gene_variant	MODIFIER	0.043	166.676	6337
2019-nCoV	29706	G	T	SNP	Heterozygous	S	QHD43416.1	-1	c.*4322G>T	.	downstream_gene_variant	MODIFIER	0.0275413	48.1396	6288
2019-nCoV	29727	T	C	SNP	Heterozygous	S	QHD43416.1	-1	c.*4343T>C	.	downstream_gene_variant	MODIFIER	0.0195	13.3997	5475
2019-nCoV	29733	CGAGGCCACGCGGAGTACGATCGAGTG	C	DEL	Homozygous	S	QHD43416.1	-1	c.*4350_*4375delGAGGCCACGCGGAGTACGATCGAGTG	.	downstream_gene_variant	MODIFIER	1.0	36022.8	5157
2019-nCoV	29759	GT	G	DEL	Homozygous	S	QHD43416.1	-1	c.*4376delT	.	downstream_gene_variant	MODIFIER	0.997662	13742.0	13
2019-nCoV	29774	C	T	SNP	Heterozygous	S	QHD43416.1	-1	c.*4390C>T	.	downstream_gene_variant	MODIFIER	0.0702106	494.952	5340
2019-nCoV	29782	A	C	SNP	Heterozygous	S	QHD43416.1	-1	c.*4398A>C	.	downstream_gene_variant	MODIFIER	0.0285714	53.9129	5343
