CHROM	POS	REF	ALT	VARTYPE	GEN[*].GT	ANN[*].GENE	ANN[*].FEATUREID	EFF[*].RANK	ANN[*].HGVS_C	ANN[*].HGVS_P	ANN[*].EFFECT	EFF[*].IMPACT	AF	QUAL	DP
2019-nCoV	44	C	T	SNP	Homozygous	orf1ab	QHD43415.1	-1	c.-222C>T	.	upstream_gene_variant	MODIFIER	0.987994	32220.2	60786
2019-nCoV	140	C	T	SNP	Heterozygous	orf1ab	QHD43415.1	-1	c.-126C>T	.	upstream_gene_variant	MODIFIER	0.0275138	48.7934	66042
2019-nCoV	171	C	T	SNP	Heterozygous	orf1ab	QHD43415.1	-1	c.-95C>T	.	upstream_gene_variant	MODIFIER	0.0335168	88.3482	64503
2019-nCoV	204	G	A	SNP	Heterozygous	orf1ab	QHD43415.1	-1	c.-62G>A	.	upstream_gene_variant	MODIFIER	0.026026	15.663	62389
2019-nCoV	222	C	T	SNP	Heterozygous	orf1ab	QHD43415.1	-1	c.-44C>T	.	upstream_gene_variant	MODIFIER	0.111723	917.838	61339
2019-nCoV	241	C	T	SNP	Homozygous	orf1ab	QHD43415.1	-1	c.-25C>T	.	upstream_gene_variant	MODIFIER	1.0	33244.7	5057
2019-nCoV	529	G	A	SNP	Heterozygous	orf1ab	QHD43415.1	1	c.264G>A	p.Leu88Leu	synonymous_variant	LOW	0.0455	193.455	85223
2019-nCoV	670	T	G	SNP	Homozygous	orf1ab	QHD43415.1	1	c.405T>G	p.Ser135Arg	missense_variant	MODERATE	0.994486	33345.0	55370
2019-nCoV	683	C	T	SNP	Heterozygous	orf1ab	QHD43415.1	1	c.418C>T	p.Leu140Leu	synonymous_variant	LOW	0.029	57.8578	55371
2019-nCoV	1320	A	G	SNP	Heterozygous	orf1ab	QHD43415.1	1	c.1055A>G	p.Glu352Gly	missense_variant	MODERATE	0.033	42.4014	21286
2019-nCoV	1519	C	T	SNP	Heterozygous	orf1ab	QHD43415.1	1	c.1254C>T	p.Asn418Asn	synonymous_variant	LOW	0.0350175	52.3137	44975
2019-nCoV	1593	C	T	SNP	Heterozygous	orf1ab	QHD43415.1	1	c.1328C>T	p.Ser443Phe	missense_variant	MODERATE	0.028	21.868	25766
2019-nCoV	1627	C	T	SNP	Heterozygous	orf1ab	QHD43415.1	1	c.1362C>T	p.Leu454Leu	synonymous_variant	LOW	0.641642	16149.6	34039
2019-nCoV	1931	C	A	SNP	Heterozygous	orf1ab	QHD43415.1	1	c.1666C>A	p.Gln556Lys	missense_variant	MODERATE	0.0510766	241.917	10979
2019-nCoV	2692	A	T	SNP	Heterozygous	orf1ab	QHD43415.1	1	c.2427A>T	p.Thr809Thr	synonymous_variant	LOW	0.0686373	470.679	18651
2019-nCoV	2790	C	T	SNP	Homozygous	orf1ab	QHD43415.1	1	c.2525C>T	p.Thr842Ile	missense_variant	MODERATE	0.933768	31597.3	41418
2019-nCoV	2954	T	C	SNP	Heterozygous	orf1ab	QHD43415.1	1	c.2689T>C	p.Leu897Leu	synonymous_variant	LOW	0.0725	525.372	30565
2019-nCoV	3037	C	T	SNP	Homozygous	orf1ab	QHD43415.1	1	c.2772C>T	p.Phe924Phe	synonymous_variant	LOW	0.9995	33861.2	31077
2019-nCoV	3418	G	A	SNP	Heterozygous	orf1ab	QHD43415.1	1	c.3153G>A	p.Lys1051Lys	synonymous_variant	LOW	0.039039	70.5445	12171
2019-nCoV	3518	G	A	SNP	Heterozygous	orf1ab	QHD43415.1	1	c.3253G>A	p.Val1085Ile	missense_variant	MODERATE	0.0435435	106.65	21968
2019-nCoV	3796	C	T	SNP	Heterozygous	orf1ab	QHD43415.1	1	c.3531C>T	p.Val1177Val	synonymous_variant	LOW	0.0210526	19.7387	16630
2019-nCoV	3859	A	G	SNP	Heterozygous	orf1ab	QHD43415.1	1	c.3594A>G	p.Gln1198Gln	synonymous_variant	LOW	0.172586	2021.69	4124
2019-nCoV	3913	T	C	SNP	Heterozygous	orf1ab	QHD43415.1	1	c.3648T>C	p.Thr1216Thr	synonymous_variant	LOW	0.0255	38.0918	10850
2019-nCoV	3992	C	T	SNP	Heterozygous	orf1ab	QHD43415.1	1	c.3727C>T	p.Leu1243Leu	synonymous_variant	LOW	0.0575	326.992	6422
2019-nCoV	4184	G	A	SNP	Homozygous	orf1ab	QHD43415.1	1	c.3919G>A	p.Gly1307Ser	missense_variant	MODERATE	0.997995	36078.6	15657
2019-nCoV	4321	C	T	SNP	Homozygous	orf1ab	QHD43415.1	1	c.4056C>T	p.Ala1352Ala	synonymous_variant	LOW	1.0	32740.8	32127
2019-nCoV	4586	C	T	SNP	Heterozygous	orf1ab	QHD43415.1	1	c.4321C>T	p.Leu1441Leu	synonymous_variant	LOW	0.036036	107.813	44705
2019-nCoV	4752	C	T	SNP	Heterozygous	orf1ab	QHD43415.1	1	c.4487C>T	p.Thr1496Ile	missense_variant	MODERATE	0.0435218	105.327	29845
2019-nCoV	5560	A	G	SNP	Heterozygous	orf1ab	QHD43415.1	1	c.5295A>G	p.Val1765Val	synonymous_variant	LOW	0.031	70.7557	9983
2019-nCoV	5796	C	T	SNP	Heterozygous	orf1ab	QHD43415.1	1	c.5531C>T	p.Thr1844Ile	missense_variant	MODERATE	0.0515774	257.253	33319
2019-nCoV	5857	G	A	SNP	Heterozygous	orf1ab	QHD43415.1	1	c.5592G>A	p.Thr1864Thr	synonymous_variant	LOW	0.108	1102.33	5894
2019-nCoV	6336	C	T	SNP	Heterozygous	orf1ab	QHD43415.1	1	c.6071C>T	p.Ser2024Leu	missense_variant	MODERATE	0.0315315	33.4983	31518
2019-nCoV	6706	C	T	SNP	Heterozygous	orf1ab	QHD43415.1	1	c.6441C>T	p.Asn2147Asn	synonymous_variant	LOW	0.0676353	453.287	33297
2019-nCoV	6979	T	G	SNP	Heterozygous	orf1ab	QHD43415.1	1	c.6714T>G	p.Val2238Val	synonymous_variant	LOW	0.115616	1243.0	5374
2019-nCoV	7528	C	T	SNP	Heterozygous	orf1ab	QHD43415.1	1	c.7263C>T	p.Val2421Val	synonymous_variant	LOW	0.350851	7267.67	10984
2019-nCoV	7732	C	T	SNP	Heterozygous	orf1ab	QHD43415.1	1	c.7467C>T	p.Tyr2489Tyr	synonymous_variant	LOW	0.0335	88.3312	25990
2019-nCoV	7936	G	T	SNP	Heterozygous	orf1ab	QHD43415.1	1	c.7671G>T	p.Ala2557Ala	synonymous_variant	LOW	0.0735736	532.167	12472
2019-nCoV	7967	C	T	SNP	Heterozygous	orf1ab	QHD43415.1	1	c.7702C>T	p.Pro2568Ser	missense_variant	MODERATE	0.0345	95.9138	28172
2019-nCoV	8181	A	C	SNP	Heterozygous	orf1ab	QHD43415.1	1	c.7916A>C	p.Gln2639Pro	missense_variant	MODERATE	0.0741483	400.022	9060
2019-nCoV	8362	T	C	SNP	Heterozygous	orf1ab	QHD43415.1	1	c.8097T>C	p.Ile2699Ile	synonymous_variant	LOW	0.0275	20.3152	4413
2019-nCoV	8371	G	T	SNP	Heterozygous	orf1ab	QHD43415.1	1	c.8106G>T	p.Gln2702His	missense_variant	MODERATE	0.0615308	375.51	31974
2019-nCoV	8950	C	T	SNP	Heterozygous	orf1ab	QHD43415.1	1	c.8685C>T	p.Ile2895Ile	synonymous_variant	LOW	0.0450225	189.983	20121
2019-nCoV	9344	C	T	SNP	Homozygous	orf1ab	QHD43415.1	1	c.9079C>T	p.Leu3027Phe	missense_variant	MODERATE	0.999496	34178.4	13180
2019-nCoV	9424	A	G	SNP	Homozygous	orf1ab	QHD43415.1	1	c.9159A>G	p.Val3053Val	synonymous_variant	LOW	0.999494	35907.1	8427
2019-nCoV	9534	C	T	SNP	Homozygous	orf1ab	QHD43415.1	1	c.9269C>T	p.Thr3090Ile	missense_variant	MODERATE	1.0	11605.3	641
2019-nCoV	9805	G	T	SNP	Heterozygous	orf1ab	QHD43415.1	1	c.9540G>T	p.Leu3180Leu	synonymous_variant	LOW	0.0465233	203.845	5507
2019-nCoV	9866	C	T	SNP	Heterozygous	orf1ab	QHD43415.1	1	c.9601C>T	p.Leu3201Phe	missense_variant	MODERATE	0.0330827	87.7045	18913
2019-nCoV	9982	T	C	SNP	Heterozygous	orf1ab	QHD43415.1	1	c.9717T>C	p.Asn3239Asn	synonymous_variant	LOW	0.032	77.4697	27045
2019-nCoV	10029	C	T	SNP	Homozygous	orf1ab	QHD43415.1	1	c.9764C>T	p.Thr3255Ile	missense_variant	MODERATE	0.9925	35837.4	26778
2019-nCoV	10198	C	T	SNP	Homozygous	orf1ab	QHD43415.1	1	c.9933C>T	p.Asp3311Asp	synonymous_variant	LOW	0.995498	36000.2	21086
2019-nCoV	10279	C	T	SNP	Heterozygous	orf1ab	QHD43415.1	1	c.10014C>T	p.Leu3338Leu	synonymous_variant	LOW	0.098443	923.993	20850
2019-nCoV	10323	A	G	SNP	Heterozygous	orf1ab	QHD43415.1	1	c.10058A>G	p.Lys3353Arg	missense_variant	MODERATE	0.0915916	614.652	20284
2019-nCoV	10447	GCC	ACA	MNP	Homozygous	orf1ab	QHD43415.1	1	c.10182_10184delGCCinsACA	p.Pro3395His	missense_variant	MODERATE	1.0	35770.6	11900
2019-nCoV	10702	C	T	SNP	Heterozygous	orf1ab	QHD43415.1	1	c.10437C>T	p.Asp3479Asp	synonymous_variant	LOW	0.0395	136.964	10942
2019-nCoV	11287	GTCTGGTTTT	G	DEL	Homozygous	orf1ab	QHD43415.1	1	c.11023_11031delTCTGGTTTT	p.Ser3675_Phe3677del	conservative_inframe_deletion	MODERATE	1.0	35538.1	24908
2019-nCoV	11494	C	T	SNP	Heterozygous	orf1ab	QHD43415.1	1	c.11229C>T	p.Asn3743Asn	synonymous_variant	LOW	0.115558	989.566	5780
2019-nCoV	11750	C	T	SNP	Heterozygous	orf1ab	QHD43415.1	1	c.11485C>T	p.Leu3829Phe	missense_variant	MODERATE	0.126063	1436.99	20811
2019-nCoV	11782	A	G	SNP	Heterozygous	orf1ab	QHD43415.1	1	c.11517A>G	p.Lys3839Lys	synonymous_variant	LOW	0.0315631	74.0303	44172
2019-nCoV	12160	G	A	SNP	Heterozygous	orf1ab	QHD43415.1	1	c.11895G>A	p.Glu3965Glu	synonymous_variant	LOW	0.960941	33506.5	11644
2019-nCoV	12310	G	A	SNP	Heterozygous	orf1ab	QHD43415.1	1	c.12045G>A	p.Gln4015Gln	synonymous_variant	LOW	0.165666	1832.12	20519
2019-nCoV	12444	A	G	SNP	Heterozygous	orf1ab	QHD43415.1	1	c.12179A>G	p.Asn4060Ser	missense_variant	MODERATE	0.0455	193.493	20224
2019-nCoV	12554	G	A	SNP	Heterozygous	orf1ab	QHD43415.1	1	c.12289G>A	p.Glu4097Lys	missense_variant	MODERATE	0.046	121.79	17341
2019-nCoV	12880	C	T	SNP	Homozygous	orf1ab	QHD43415.1	1	c.12615C>T	p.Ile4205Ile	synonymous_variant	LOW	0.9995	36062.9	21721
2019-nCoV	13096	T	C	SNP	Heterozygous	orf1ab	QHD43415.1	1	c.12831T>C	p.Ala4277Ala	synonymous_variant	LOW	0.0475	213.866	34234
2019-nCoV	14257	T	C	SNP	Heterozygous	orf1ab	QHD43415.1	2	c.13993T>C	p.Tyr4665His	missense_variant	MODERATE	0.0856713	545.281	23842
2019-nCoV	14267	C	T	SNP	Heterozygous	orf1ab	QHD43415.1	2	c.14003C>T	p.Thr4668Met	missense_variant	MODERATE	0.0445	182.814	23790
2019-nCoV	14408	C	T	SNP	Homozygous	orf1ab	QHD43415.1	2	c.14144C>T	p.Pro4715Leu	missense_variant	MODERATE	0.993497	33352.7	7506
2019-nCoV	14593	G	A	SNP	Heterozygous	orf1ab	QHD43415.1	2	c.14329G>A	p.Gly4777Ser	missense_variant	MODERATE	0.0255	37.0875	9844
2019-nCoV	14599	C	T	SNP	Heterozygous	orf1ab	QHD43415.1	2	c.14335C>T	p.Leu4779Leu	synonymous_variant	LOW	0.142571	1771.12	9820
2019-nCoV	15451	G	A	SNP	Heterozygous	orf1ab	QHD43415.1	2	c.15187G>A	p.Gly5063Ser	missense_variant	MODERATE	0.034017	87.4201	62916
2019-nCoV	15540	C	T	SNP	Heterozygous	orf1ab	QHD43415.1	2	c.15276C>T	p.Val5092Val	synonymous_variant	LOW	0.0570571	218.85	30948
2019-nCoV	15714	C	T	SNP	Homozygous	orf1ab	QHD43415.1	2	c.15450C>T	p.Leu5150Leu	synonymous_variant	LOW	0.998998	36124.5	59637
2019-nCoV	15921	G	A	SNP	Heterozygous	orf1ab	QHD43415.1	2	c.15657G>A	p.Val5219Val	synonymous_variant	LOW	0.086	725.666	38300
2019-nCoV	16376	C	T	SNP	Heterozygous	orf1ab	QHD43415.1	2	c.16112C>T	p.Pro5371Leu	missense_variant	MODERATE	0.0265	43.3569	66716
2019-nCoV	16616	C	A	SNP	Heterozygous	orf1ab	QHD43415.1	2	c.16352C>A	p.Thr5451Asn	missense_variant	MODERATE	0.156156	2696.82	15795
2019-nCoV	16726	C	T	SNP	Heterozygous	orf1ab	QHD43415.1	2	c.16462C>T	p.His5488Tyr	missense_variant	MODERATE	0.0265	43.1097	34673
2019-nCoV	16887	C	T	SNP	Heterozygous	orf1ab	QHD43415.1	2	c.16623C>T	p.Tyr5541Tyr	synonymous_variant	LOW	0.1125	937.815	51982
2019-nCoV	16935	G	A	SNP	Heterozygous	orf1ab	QHD43415.1	2	c.16671G>A	p.Met5557Ile	missense_variant	MODERATE	0.0925	834.109	53728
2019-nCoV	17013	A	G	SNP	Heterozygous	orf1ab	QHD43415.1	2	c.16749A>G	p.Ser5583Ser	synonymous_variant	LOW	0.031	70.5442	36657
2019-nCoV	17039	A	G	SNP	Heterozygous	orf1ab	QHD43415.1	2	c.16775A>G	p.Asn5592Ser	missense_variant	MODERATE	0.0335	45.0933	36454
2019-nCoV	17410	C	T	SNP	Homozygous	orf1ab	QHD43415.1	2	c.17146C>T	p.Arg5716Cys	missense_variant	MODERATE	1.0	36389.6	50152
2019-nCoV	18162	CA	TG	MNP	Heterozygous	orf1ab	QHD43415.1	2	c.17898_17899delCAinsTG	p.Ile5967Val	missense_variant	MODERATE	0.0305458	33794.8	15669
2019-nCoV	18163	A	G	SNP	Heterozygous	orf1ab	QHD43415.1	2	c.17899A>G	p.Ile5967Val	missense_variant	MODERATE	0.969454	33794.8	15669
2019-nCoV	18171	C	T	SNP	Heterozygous	orf1ab	QHD43415.1	2	c.17907C>T	p.Gly5969Gly	synonymous_variant	LOW	0.02	14.6819	36739
2019-nCoV	18395	C	T	SNP	Heterozygous	orf1ab	QHD43415.1	2	c.18131C>T	p.Ala6044Val	missense_variant	MODERATE	0.024	30.7001	17224
2019-nCoV	18700	T	A	SNP	Heterozygous	orf1ab	QHD43415.1	2	c.18436T>A	p.Ser6146Thr	missense_variant	MODERATE	0.0225113	24.2089	7750
2019-nCoV	18756	G	T	SNP	Heterozygous	orf1ab	QHD43415.1	2	c.18492G>T	p.Pro6164Pro	synonymous_variant	LOW	0.0305458	60.6113	5433
2019-nCoV	19160	C	T	SNP	Heterozygous	orf1ab	QHD43415.1	2	c.18896C>T	p.Ser6299Phe	missense_variant	MODERATE	0.0345173	96.0002	15570
2019-nCoV	19955	C	T	SNP	Homozygous	orf1ab	QHD43415.1	2	c.19691C>T	p.Thr6564Ile	missense_variant	MODERATE	1.0	33783.0	44863
2019-nCoV	20055	A	G	SNP	Homozygous	orf1ab	QHD43415.1	2	c.19791A>G	p.Glu6597Glu	synonymous_variant	LOW	0.97999	32260.0	32824
2019-nCoV	20178	C	T	SNP	Heterozygous	orf1ab	QHD43415.1	2	c.19914C>T	p.Val6638Val	synonymous_variant	LOW	0.062031	262.058	9740
2019-nCoV	21219	C	T	SNP	Heterozygous	orf1ab	QHD43415.1	2	c.20955C>T	p.Phe6985Phe	synonymous_variant	LOW	0.0275138	47.1944	50957
2019-nCoV	21304	CG	AA	MNP	Heterozygous	orf1ab	QHD43415.1	2	c.21040_21041delCGinsAA	p.Arg7014Asn	missense_variant	MODERATE	0.108216	1099.04	50686
2019-nCoV	21618	C	T	SNP	Homozygous	S	QHD43416.1	1	c.56C>T	p.Thr19Ile	missense_variant	MODERATE	1.0	33833.3	17754
2019-nCoV	21632	TTACCCCCTG	T	DEL	Homozygous	S	QHD43416.1	1	c.71_79delTACCCCCTG	p.Leu24_Ala27delinsSer	disruptive_inframe_deletion	MODERATE	1.0	36070.6	17243
2019-nCoV	21764	ATACATG	A	DEL	Heterozygous	S	QHD43416.1	1	c.204_209delACATGT	p.His69_Val70del	disruptive_inframe_deletion	MODERATE	0.980918	33804.0	17942
2019-nCoV	21987	G	A	SNP	Homozygous	S	QHD43416.1	1	c.425G>A	p.Gly142Asp	missense_variant	MODERATE	0.9925	33243.8	21755
2019-nCoV	22016	T	C	SNP	Heterozygous	S	QHD43416.1	1	c.454T>C	p.Trp152Arg	missense_variant	MODERATE	0.029	56.934	21976
2019-nCoV	22104	G	T	SNP	Heterozygous	S	QHD43416.1	1	c.542G>T	p.Gly181Val	missense_variant	MODERATE	0.0255128	38.0058	27312
2019-nCoV	22200	T	G	SNP	Homozygous	S	QHD43416.1	1	c.638T>G	p.Val213Gly	missense_variant	MODERATE	0.992996	35785.6	13927
2019-nCoV	22578	G	A	SNP	Homozygous	S	QHD43416.1	1	c.1016G>A	p.Gly339Asp	missense_variant	MODERATE	0.997991	36072.1	10942
2019-nCoV	22599	G	C	SNP	Heterozygous	S	QHD43416.1	1	c.1037G>C	p.Arg346Thr	missense_variant	MODERATE	0.357536	7464.0	5466
2019-nCoV	22600	A	T	SNP	Heterozygous	S	QHD43416.1	1	c.1038A>T	p.Arg346Ser	missense_variant	MODERATE	0.0275	48.8856	5465
2019-nCoV	22674	C	T	SNP	Homozygous	S	QHD43416.1	1	c.1112C>T	p.Ser371Phe	missense_variant	MODERATE	0.997998	33315.6	7438
2019-nCoV	22679	T	C	SNP	Homozygous	S	QHD43416.1	1	c.1117T>C	p.Ser373Pro	missense_variant	MODERATE	0.9955	33286.2	7368
2019-nCoV	22686	CCA	TCG	MNP	Homozygous	S	QHD43416.1	1	c.1124_1126delCCAinsTCG	p.SerThr375PheAla	missense_variant	MODERATE	1.0	33040.9	2507
2019-nCoV	22775	G	A	SNP	Homozygous	S	QHD43416.1	1	c.1213G>A	p.Asp405Asn	missense_variant	MODERATE	1.0	33406.8	1975
2019-nCoV	22786	A	C	SNP	Homozygous	S	QHD43416.1	1	c.1224A>C	p.Arg408Ser	missense_variant	MODERATE	0.999492	35656.5	1963
2019-nCoV	22813	G	T	SNP	Homozygous	S	QHD43416.1	1	c.1251G>T	p.Lys417Asn	missense_variant	MODERATE	0.999499	33771.3	24999
2019-nCoV	22882	T	G	SNP	Homozygous	S	QHD43416.1	1	c.1320T>G	p.Asn440Lys	missense_variant	MODERATE	0.9995	33740.9	45899
2019-nCoV	22893	A	C	SNP	Heterozygous	S	QHD43416.1	1	c.1331A>C	p.Lys444Thr	missense_variant	MODERATE	0.108108	1102.35	46145
2019-nCoV	22917	T	G	SNP	Heterozygous	S	QHD43416.1	1	c.1355T>G	p.Leu452Arg	missense_variant	MODERATE	0.9845	35218.2	45840
2019-nCoV	22921	T	C	SNP	Heterozygous	S	QHD43416.1	1	c.1359T>C	p.Tyr453Tyr	synonymous_variant	LOW	0.04	141.302	45923
2019-nCoV	22942	T	A	SNP	Heterozygous	S	QHD43416.1	1	c.1380T>A	p.Asn460Lys	missense_variant	MODERATE	0.11935	1288.95	45534
2019-nCoV	22992	GCAC	ACAA	MNP	Homozygous	S	QHD43416.1	1	c.1430_1433delGCACinsACAA	p.SerThr477AsnLys	missense_variant	MODERATE	1.0	36238.5	21265
2019-nCoV	23013	A	C	SNP	Homozygous	S	QHD43416.1	1	c.1451A>C	p.Glu484Ala	missense_variant	MODERATE	0.998999	36344.8	35659
2019-nCoV	23018	T	G	SNP	Heterozygous	S	QHD43416.1	1	c.1456T>G	p.Phe486Val	missense_variant	MODERATE	0.971	34243.8	35749
2019-nCoV	23019	T	C	SNP	Heterozygous	S	QHD43416.1	1	c.1457T>C	p.Phe486Ser	missense_variant	MODERATE	0.023023	26.3879	35749
2019-nCoV	23055	A	G	SNP	Homozygous	S	QHD43416.1	1	c.1493A>G	p.Gln498Arg	missense_variant	MODERATE	0.996479	35841.8	14712
2019-nCoV	23063	A	T	SNP	Homozygous	S	QHD43416.1	1	c.1501A>T	p.Asn501Tyr	missense_variant	MODERATE	0.995498	33342.2	14888
2019-nCoV	23075	T	C	SNP	Homozygous	S	QHD43416.1	1	c.1513T>C	p.Tyr505His	missense_variant	MODERATE	0.998999	19848.7	15097
2019-nCoV	23191	C	T	SNP	Heterozygous	S	QHD43416.1	1	c.1629C>T	p.Phe543Phe	synonymous_variant	LOW	0.036036	107.12	27271
2019-nCoV	23403	A	G	SNP	Homozygous	S	QHD43416.1	1	c.1841A>G	p.Asp614Gly	missense_variant	MODERATE	0.999499	33380.4	65334
2019-nCoV	23432	A	G	SNP	Heterozygous	S	QHD43416.1	1	c.1870A>G	p.Ile624Val	missense_variant	MODERATE	0.0625	272.564	67872
2019-nCoV	23525	C	T	SNP	Homozygous	S	QHD43416.1	1	c.1963C>T	p.His655Tyr	missense_variant	MODERATE	1.0	33773.9	107164
2019-nCoV	23599	T	G	SNP	Homozygous	S	QHD43416.1	1	c.2037T>G	p.Asn679Lys	missense_variant	MODERATE	0.998997	33715.6	129710
2019-nCoV	23604	C	A	SNP	Homozygous	S	QHD43416.1	1	c.2042C>A	p.Pro681His	missense_variant	MODERATE	0.999499	19889.0	129796
2019-nCoV	23816	C	T	SNP	Heterozygous	S	QHD43416.1	1	c.2254C>T	p.Leu752Phe	missense_variant	MODERATE	0.0974385	881.504	26228
2019-nCoV	23854	C	A	SNP	Homozygous	S	QHD43416.1	1	c.2292C>A	p.Asn764Lys	missense_variant	MODERATE	1.0	33079.0	25288
2019-nCoV	23948	GATTTTG	TATTT	MIXED	Heterozygous	S	QHD43416.1	1	c.2386_2392delGATTTTGinsTATTT	p.Asp796fs	frameshift_variant&missense_variant	HIGH	0.0465785	29028.7	23216
2019-nCoV	23948	G	T	SNP	Heterozygous	S	QHD43416.1	1	c.2386G>T	p.Asp796Tyr	missense_variant	MODERATE	0.953422	29028.7	23216
2019-nCoV	24079	T	C	SNP	Heterozygous	S	QHD43416.1	1	c.2517T>C	p.Asp839Asp	synonymous_variant	LOW	0.0410205	150.076	38299
2019-nCoV	24337	C	T	SNP	Heterozygous	S	QHD43416.1	1	c.2775C>T	p.Asn925Asn	synonymous_variant	LOW	0.0295	60.0327	24525
2019-nCoV	24424	A	T	SNP	Homozygous	S	QHD43416.1	1	c.2862A>T	p.Gln954His	missense_variant	MODERATE	0.992996	35650.0	36784
2019-nCoV	24469	T	A	SNP	Homozygous	S	QHD43416.1	1	c.2907T>A	p.Asn969Lys	missense_variant	MODERATE	0.994494	31933.6	50989
2019-nCoV	24794	G	T	SNP	Heterozygous	S	QHD43416.1	1	c.3232G>T	p.Ala1078Ser	missense_variant	MODERATE	0.110611	1148.53	16132
2019-nCoV	24947	G	A	SNP	Heterozygous	S	QHD43416.1	1	c.3385G>A	p.Val1129Ile	missense_variant	MODERATE	0.0570285	321.374	20398
2019-nCoV	25000	C	T	SNP	Homozygous	S	QHD43416.1	1	c.3438C>T	p.Asp1146Asp	synonymous_variant	LOW	1.0	33802.3	29626
2019-nCoV	25244	G	T	SNP	Heterozygous	S	QHD43416.1	1	c.3682G>T	p.Val1228Leu	missense_variant	MODERATE	0.0405	84.9863	28659
2019-nCoV	25352	G	T	SNP	Heterozygous	S	QHD43416.1	1	c.3790G>T	p.Val1264Leu	missense_variant	MODERATE	0.104814	821.116	6928
2019-nCoV	25471	G	C	SNP	Heterozygous	ORF3a	QHD43417.1	1	c.79G>C	p.Asp27His	missense_variant	MODERATE	0.0325163	81.009	35079
2019-nCoV	25584	C	T	SNP	Homozygous	ORF3a	QHD43417.1	1	c.192C>T	p.Thr64Thr	synonymous_variant	LOW	0.996991	36065.5	80667
2019-nCoV	25606	G	A	SNP	Heterozygous	ORF3a	QHD43417.1	1	c.214G>A	p.Ala72Thr	missense_variant	MODERATE	0.0290145	57.9015	80495
2019-nCoV	26058	CAC	TAT	MNP	Heterozygous	ORF3a	QHD43417.1	1	c.666_668delCACinsTAT	p.Thr223Ile	missense_variant	MODERATE	0.035	36019.6	35973
2019-nCoV	26060	C	T	SNP	Heterozygous	ORF3a	QHD43417.1	1	c.668C>T	p.Thr223Ile	missense_variant	MODERATE	0.9605	36019.6	35973
2019-nCoV	26109	G	T	SNP	Heterozygous	ORF3a	QHD43417.1	1	c.717G>T	p.Glu239Asp	missense_variant	MODERATE	0.0840841	693.537	66385
2019-nCoV	26151	C	T	SNP	Heterozygous	ORF3a	QHD43417.1	1	c.759C>T	p.Ser253Ser	synonymous_variant	LOW	0.0305	67.4234	30943
2019-nCoV	26172	G	A	SNP	Heterozygous	ORF3a	QHD43417.1	1	c.780G>A	p.Met260Ile	missense_variant	MODERATE	0.110832	1148.01	90025
2019-nCoV	26196	G	A	SNP	Heterozygous	ORF3a	QHD43417.1	1	c.804G>A	p.Thr268Thr	synonymous_variant	LOW	0.0390195	74.9698	92257
2019-nCoV	26270	C	T	SNP	Homozygous	E	QHD43418.1	1	c.26C>T	p.Thr9Ile	missense_variant	MODERATE	1.0	33739.1	90990
2019-nCoV	26529	G	A	SNP	Heterozygous	M	QHD43419.1	1	c.7G>A	p.Asp3Asn	missense_variant	MODERATE	0.93947	32208.3	13290
2019-nCoV	26534	C	T	SNP	Heterozygous	M	QHD43419.1	1	c.12C>T	p.Ser4Ser	synonymous_variant	LOW	0.0575864	331.554	13298
2019-nCoV	26577	C	G	SNP	Homozygous	M	QHD43419.1	1	c.55C>G	p.Gln19Glu	missense_variant	MODERATE	1.0	33910.0	5698
2019-nCoV	26709	G	A	SNP	Homozygous	M	QHD43419.1	1	c.187G>A	p.Ala63Thr	missense_variant	MODERATE	0.998999	36338.6	28523
2019-nCoV	26858	C	T	SNP	Heterozygous	M	QHD43419.1	1	c.336C>T	p.Phe112Phe	synonymous_variant	LOW	0.019019	12.4151	42379
2019-nCoV	27012	C	T	SNP	Heterozygous	M	QHD43419.1	1	c.490C>T	p.Leu164Leu	synonymous_variant	LOW	0.174	2058.44	50623
2019-nCoV	27038	A	G	SNP	Heterozygous	M	QHD43419.1	1	c.516A>G	p.Thr172Thr	synonymous_variant	LOW	0.53954	13757.2	7850
2019-nCoV	27259	A	C	SNP	Heterozygous	ORF6	QHD43420.1	1	c.58A>C	p.Arg20Arg	synonymous_variant	LOW	0.0260521	39.9975	17300
2019-nCoV	27382	GAT	CTC	MNP	Heterozygous	ORF6	QHD43420.1	1	c.181_183delGATinsCTC	p.Asp61Leu	missense_variant	MODERATE	0.040724	563.492	7079
2019-nCoV	27390	G	T	SNP	Heterozygous	ORF7a	QHD43421.1	-1	c.-4G>T	.	upstream_gene_variant	MODIFIER	0.0395198	78.1396	7989
2019-nCoV	27438	T	C	SNP	Heterozygous	ORF7a	QHD43421.1	1	c.45T>C	p.Cys15Cys	synonymous_variant	LOW	0.155	1671.42	27812
2019-nCoV	27478	G	T	SNP	Heterozygous	ORF7a	QHD43421.1	1	c.85G>T	p.Val29Leu	missense_variant	MODERATE	0.035	99.6974	18646
2019-nCoV	27513	C	T	SNP	Heterozygous	ORF7a	QHD43421.1	1	c.120C>T	p.Tyr40Tyr	synonymous_variant	LOW	0.185278	2701.99	46520
2019-nCoV	27686	C	T	SNP	Heterozygous	ORF7a	QHD43421.1	1	c.293C>T	p.Ser98Phe	missense_variant	MODERATE	0.0671343	428.578	35811
2019-nCoV	27807	C	T	SNP	Homozygous	ORF8	QHD43422.1	-1	c.-87C>T	.	upstream_gene_variant	MODIFIER	1.0	36463.2	26835
2019-nCoV	27879	C	T	SNP	Heterozygous	ORF8	QHD43422.1	-1	c.-15C>T	.	upstream_gene_variant	MODIFIER	0.0505	246.106	14872
2019-nCoV	27889	C	T	SNP	Heterozygous	ORF8	QHD43422.1	-1	c.-5C>T	.	upstream_gene_variant	MODIFIER	0.968437	34004.5	14676
2019-nCoV	28170	C	T	SNP	Heterozygous	ORF8	QHD43422.1	1	c.277C>T	p.Pro93Ser	missense_variant	MODERATE	0.0405203	146.061	60355
2019-nCoV	28271	A	C	SNP	Heterozygous	N	QHD43423.2	-1	c.-3A>C	.	upstream_gene_variant	MODIFIER	0.0275827	30956.1	92710
2019-nCoV	28271	A	T	SNP	Heterozygous	N	QHD43423.2	-1	c.-3A>T	.	upstream_gene_variant	MODIFIER	0.940321	30956.1	92710
2019-nCoV	28311	C	T	SNP	Heterozygous	N	QHD43423.2	1	c.38C>T	p.Pro13Leu	missense_variant	MODERATE	0.897267	35845.9	92938
2019-nCoV	28311	CC	TT	MNP	Heterozygous	N	QHD43423.2	1	c.38_39delCCinsTT	p.Pro13Leu	missense_variant	MODERATE	0.101721	35845.9	92938
2019-nCoV	28330	A	G	SNP	Heterozygous	N	QHD43423.2	1	c.57A>G	p.Gly19Gly	synonymous_variant	LOW	0.579133	15080.0	86441
2019-nCoV	28361	GGAGAACGCA	G	DEL	Heterozygous	N	QHD43423.2	1	c.90_98delAGAACGCAG	p.Glu31_Ser33del	disruptive_inframe_deletion	MODERATE	0.758056	35157.6	23450
2019-nCoV	28361	GGAGAACGCAG	TT	MIXED	Heterozygous	N	QHD43423.2	1	c.88_98delGGAGAACGCAGinsTT	p.Gly30_Ser33delinsPhe	missense_variant&disruptive_inframe_deletion	MODERATE	0.241944	35157.6	23450
2019-nCoV	28462	C	T	SNP	Heterozygous	N	QHD43423.2	1	c.189C>T	p.Asp63Asp	synonymous_variant	LOW	0.0945	865.911	24182
2019-nCoV	28603	C	T	SNP	Heterozygous	N	QHD43423.2	1	c.330C>T	p.Phe110Phe	synonymous_variant	LOW	0.031031	63.681	33317
2019-nCoV	28681	G	T	SNP	Heterozygous	N	QHD43423.2	1	c.408G>T	p.Glu136Asp	missense_variant	MODERATE	0.105	1045.27	107742
2019-nCoV	28849	C	T	SNP	Heterozygous	N	QHD43423.2	1	c.576C>T	p.Asn192Asn	synonymous_variant	LOW	0.0705706	492.509	108399
2019-nCoV	28881	GGG	AAC	MNP	Homozygous	N	QHD43423.2	1	c.608_610delGGGinsAAC	p.ArgGly203LysArg	missense_variant	MODERATE	1.0	33528.3	45263
2019-nCoV	29144	C	T	SNP	Heterozygous	N	QHD43423.2	1	c.871C>T	p.Leu291Leu	synonymous_variant	LOW	0.0315158	35.5275	25750
2019-nCoV	29510	A	C	SNP	Homozygous	N	QHD43423.2	1	c.1237A>C	p.Ser413Arg	missense_variant	MODERATE	1.0	33508.4	11204
2019-nCoV	29666	C	T	SNP	Heterozygous	ORF10	QHI42199.1	1	c.109C>T	p.Leu37Phe	missense_variant	MODERATE	0.134567	1585.97	9340
2019-nCoV	29733	CGAGGCCACGCGGAGTACGATCGAGTG	C	DEL	Heterozygous	S	QHD43416.1	-1	c.*4350_*4375delGAGGCCACGCGGAGTACGATCGAGTG	.	downstream_gene_variant	MODIFIER	0.818595	35956.4	7524
2019-nCoV	29734	GAGGCCACGCGGAGTACGATCGAGTGTAC	TAT	MIXED	Heterozygous	S	QHD43416.1	-1	c.*4350_*4378delGAGGCCACGCGGAGTACGATCGAGTGTACinsTAT	.	downstream_gene_variant	MODIFIER	0.161193	35956.4	7524
2019-nCoV	29758	TG	CC	MNP	Homozygous	S	QHD43416.1	-1	c.*4374_*4375delTGinsCC	.	downstream_gene_variant	MODIFIER	0.998492	28202.5	14
2019-nCoV	29762	C	T	SNP	Heterozygous	S	QHD43416.1	-1	c.*4378C>T	.	downstream_gene_variant	MODIFIER	0.142427	1447.51	7680
