CHROM	POS	REF	ALT	VARTYPE	GEN[*].GT	ANN[*].GENE	ANN[*].FEATUREID	EFF[*].RANK	ANN[*].HGVS_C	ANN[*].HGVS_P	ANN[*].EFFECT	EFF[*].IMPACT	AF	QUAL	DP
2019-nCoV	44	C	T	SNP	Homozygous	orf1ab	QHD43415.1	-1	c.-222C>T	.	upstream_gene_variant	MODIFIER	0.991996	32485.7	33468
2019-nCoV	241	C	T	SNP	Homozygous	orf1ab	QHD43415.1	-1	c.-25C>T	.	upstream_gene_variant	MODIFIER	0.999499	33245.1	3701
2019-nCoV	539	C	A	SNP	Heterozygous	orf1ab	QHD43415.1	1	c.274C>A	p.Leu92Ile	missense_variant	MODERATE	0.04002	141.59	21829
2019-nCoV	625	G	T	SNP	Heterozygous	orf1ab	QHD43415.1	1	c.360G>T	p.Lys120Asn	missense_variant	MODERATE	0.0430215	168.759	31787
2019-nCoV	670	T	G	SNP	Homozygous	orf1ab	QHD43415.1	1	c.405T>G	p.Ser135Arg	missense_variant	MODERATE	0.994995	33456.8	31608
2019-nCoV	919	A	G	SNP	Heterozygous	orf1ab	QHD43415.1	1	c.654A>G	p.Gln218Gln	synonymous_variant	LOW	0.0255	38.0792	8899
2019-nCoV	988	C	T	SNP	Heterozygous	orf1ab	QHD43415.1	1	c.723C>T	p.Tyr241Tyr	synonymous_variant	LOW	0.0445223	183.8	3331
2019-nCoV	1012	T	C	SNP	Heterozygous	orf1ab	QHD43415.1	1	c.747T>C	p.Tyr249Tyr	synonymous_variant	LOW	0.0275	48.9625	5342
2019-nCoV	1627	C	T	SNP	Heterozygous	orf1ab	QHD43415.1	1	c.1362C>T	p.Leu454Leu	synonymous_variant	LOW	0.470706	9993.82	12333
2019-nCoV	1778	T	C	SNP	Heterozygous	orf1ab	QHD43415.1	1	c.1513T>C	p.Ser505Pro	missense_variant	MODERATE	0.0305	67.4055	8959
2019-nCoV	1931	C	A	SNP	Heterozygous	orf1ab	QHD43415.1	1	c.1666C>A	p.Gln556Lys	missense_variant	MODERATE	0.0665666	434.124	4307
2019-nCoV	2119	C	T	SNP	Heterozygous	orf1ab	QHD43415.1	1	c.1854C>T	p.Gly618Gly	synonymous_variant	LOW	0.022011	22.2156	3187
2019-nCoV	2135	C	T	SNP	Heterozygous	orf1ab	QHD43415.1	1	c.1870C>T	p.Leu624Phe	missense_variant	MODERATE	0.029029	23.86	3093
2019-nCoV	2268	C	T	SNP	Heterozygous	orf1ab	QHD43415.1	1	c.2003C>T	p.Ala668Val	missense_variant	MODERATE	0.0415623	155.356	6216
2019-nCoV	2305	G	A	SNP	Heterozygous	orf1ab	QHD43415.1	1	c.2040G>A	p.Lys680Lys	synonymous_variant	LOW	0.0710355	689.99	6373
2019-nCoV	2355	G	T	SNP	Heterozygous	orf1ab	QHD43415.1	1	c.2090G>T	p.Gly697Val	missense_variant	MODERATE	0.0277264	31.2301	1048
2019-nCoV	2399	C	T	SNP	Heterozygous	orf1ab	QHD43415.1	1	c.2134C>T	p.His712Tyr	missense_variant	MODERATE	0.021608	19.378	3929
2019-nCoV	2431	A	C	SNP	Heterozygous	orf1ab	QHD43415.1	1	c.2166A>C	p.Lys722Asn	missense_variant	MODERATE	0.026013	40.3545	3057
2019-nCoV	2509	C	T	SNP	Heterozygous	orf1ab	QHD43415.1	1	c.2244C>T	p.Pro748Pro	synonymous_variant	LOW	0.0265265	43.48	6371
2019-nCoV	2639	G	T	SNP	Heterozygous	orf1ab	QHD43415.1	1	c.2374G>T	p.Glu792*	stop_gained	HIGH	0.0255383	37.2275	3256
2019-nCoV	2706	C	T	SNP	Heterozygous	orf1ab	QHD43415.1	1	c.2441C>T	p.Thr814Ile	missense_variant	MODERATE	0.0265	43.3221	7069
2019-nCoV	2790	C	T	SNP	Homozygous	orf1ab	QHD43415.1	1	c.2525C>T	p.Thr842Ile	missense_variant	MODERATE	1.0	30212.6	11946
2019-nCoV	2950	T	C	SNP	Heterozygous	orf1ab	QHD43415.1	1	c.2685T>C	p.Ile895Ile	synonymous_variant	LOW	0.0265	16.8976	11906
2019-nCoV	2954	T	C	SNP	Heterozygous	orf1ab	QHD43415.1	1	c.2689T>C	p.Leu897Leu	synonymous_variant	LOW	0.051	251.611	11953
2019-nCoV	2972	G	T	SNP	Heterozygous	orf1ab	QHD43415.1	1	c.2707G>T	p.Ala903Ser	missense_variant	MODERATE	0.0240361	30.8802	14158
2019-nCoV	3037	C	T	SNP	Homozygous	orf1ab	QHD43415.1	1	c.2772C>T	p.Phe924Phe	synonymous_variant	LOW	0.999	33981.4	11804
2019-nCoV	3055	T	C	SNP	Heterozygous	orf1ab	QHD43415.1	1	c.2790T>C	p.Asp930Asp	synonymous_variant	LOW	0.034	92.113	2086
2019-nCoV	3149	T	C	SNP	Heterozygous	orf1ab	QHD43415.1	1	c.2884T>C	p.Phe962Leu	missense_variant	MODERATE	0.026026	40.8996	6838
2019-nCoV	3206	G	T	SNP	Heterozygous	orf1ab	QHD43415.1	1	c.2941G>T	p.Asp981Tyr	missense_variant	MODERATE	0.0330165	42.4248	4795
2019-nCoV	3255	A	T	SNP	Heterozygous	orf1ab	QHD43415.1	1	c.2990A>T	p.Asn997Ile	missense_variant	MODERATE	0.0350175	51.6884	5463
2019-nCoV	3443	G	A	SNP	Heterozygous	orf1ab	QHD43415.1	1	c.3178G>A	p.Ala1060Thr	missense_variant	MODERATE	0.0215108	19.7145	3134
2019-nCoV	3482	G	T	SNP	Heterozygous	orf1ab	QHD43415.1	1	c.3217G>T	p.Gly1073*	stop_gained	HIGH	0.0335	88.1076	2131
2019-nCoV	3489	T	C	SNP	Heterozygous	orf1ab	QHD43415.1	1	c.3224T>C	p.Leu1075Ser	missense_variant	MODERATE	0.0245	33.0911	2127
2019-nCoV	3509	G	T	SNP	Heterozygous	orf1ab	QHD43415.1	1	c.3244G>T	p.Ala1082Ser	missense_variant	MODERATE	0.026013	40.6884	5740
2019-nCoV	3548	G	T	SNP	Heterozygous	orf1ab	QHD43415.1	1	c.3283G>T	p.Gly1095*	stop_gained	HIGH	0.032	35.9967	5701
2019-nCoV	3649	T	C	SNP	Heterozygous	orf1ab	QHD43415.1	1	c.3384T>C	p.Ile1128Ile	synonymous_variant	LOW	0.0265	16.9419	6636
2019-nCoV	3732	C	T	SNP	Heterozygous	orf1ab	QHD43415.1	1	c.3467C>T	p.Ala1156Val	missense_variant	MODERATE	0.0375	120.018	2939
2019-nCoV	3838	G	T	SNP	Heterozygous	orf1ab	QHD43415.1	1	c.3573G>T	p.Leu1191Phe	missense_variant	MODERATE	0.0492866	54.7149	759
2019-nCoV	3844	G	T	SNP	Heterozygous	orf1ab	QHD43415.1	1	c.3579G>T	p.Met1193Ile	missense_variant	MODERATE	0.0232258	14.9082	777
2019-nCoV	3853	A	G	SNP	Heterozygous	orf1ab	QHD43415.1	1	c.3588A>G	p.Glu1196Glu	synonymous_variant	LOW	0.0370844	52.2526	780
2019-nCoV	3859	A	G	SNP	Heterozygous	orf1ab	QHD43415.1	1	c.3594A>G	p.Gln1198Gln	synonymous_variant	LOW	0.0642674	121.095	778
2019-nCoV	3892	G	T	SNP	Heterozygous	orf1ab	QHD43415.1	1	c.3627G>T	p.Glu1209Asp	missense_variant	MODERATE	0.0265133	42.8364	2997
2019-nCoV	3933	A	T	SNP	Heterozygous	orf1ab	QHD43415.1	1	c.3668A>T	p.Glu1223Val	missense_variant	MODERATE	0.026026	15.3074	3031
2019-nCoV	4013	A	G	SNP	Heterozygous	orf1ab	QHD43415.1	1	c.3748A>G	p.Thr1250Ala	missense_variant	MODERATE	0.0295	27.4948	2176
2019-nCoV	4136	G	T	SNP	Heterozygous	orf1ab	QHD43415.1	1	c.3871G>T	p.Val1291Phe	missense_variant	MODERATE	0.0250878	32.2126	2727
2019-nCoV	4159	T	C	SNP	Heterozygous	orf1ab	QHD43415.1	1	c.3894T>C	p.Ala1298Ala	synonymous_variant	LOW	0.026	40.6725	2765
2019-nCoV	4184	G	A	SNP	Homozygous	orf1ab	QHD43415.1	1	c.3919G>A	p.Gly1307Ser	missense_variant	MODERATE	0.996498	33563.6	4826
2019-nCoV	4262	G	T	SNP	Heterozygous	orf1ab	QHD43415.1	1	c.3997G>T	p.Gly1333Cys	missense_variant	MODERATE	0.041041	150.671	2317
2019-nCoV	4321	C	T	SNP	Homozygous	orf1ab	QHD43415.1	1	c.4056C>T	p.Ala1352Ala	synonymous_variant	LOW	1.0	32497.8	10139
2019-nCoV	4330	T	C	SNP	Heterozygous	orf1ab	QHD43415.1	1	c.4065T>C	p.Ile1355Ile	synonymous_variant	LOW	0.0285	23.3271	10571
2019-nCoV	4503	A	G	SNP	Heterozygous	orf1ab	QHD43415.1	1	c.4238A>G	p.Glu1413Gly	missense_variant	MODERATE	0.0265	42.9761	9456
2019-nCoV	4525	T	C	SNP	Heterozygous	orf1ab	QHD43415.1	1	c.4260T>C	p.Ala1420Ala	synonymous_variant	LOW	0.022	22.0562	9720
2019-nCoV	4684	T	C	SNP	Heterozygous	orf1ab	QHD43415.1	1	c.4419T>C	p.Ala1473Ala	synonymous_variant	LOW	0.0270135	45.8972	3928
2019-nCoV	4908	G	A	SNP	Heterozygous	orf1ab	QHD43415.1	1	c.4643G>A	p.Gly1548Asp	missense_variant	MODERATE	0.0392257	131.707	2863
2019-nCoV	5055	C	T	SNP	Heterozygous	orf1ab	QHD43415.1	1	c.4790C>T	p.Thr1597Ile	missense_variant	MODERATE	0.0255128	38.1688	4053
2019-nCoV	5206	G	T	SNP	Heterozygous	orf1ab	QHD43415.1	1	c.4941G>T	p.Met1647Ile	missense_variant	MODERATE	0.0185185	10.6915	8484
2019-nCoV	6012	C	T	SNP	Heterozygous	orf1ab	QHD43415.1	1	c.5747C>T	p.Pro1916Leu	missense_variant	MODERATE	0.0265	43.3553	3436
2019-nCoV	6543	C	T	SNP	Heterozygous	orf1ab	QHD43415.1	1	c.6278C>T	p.Thr2093Ile	missense_variant	MODERATE	0.1525	1633.04	5773
2019-nCoV	6979	T	G	SNP	Heterozygous	orf1ab	QHD43415.1	1	c.6714T>G	p.Val2238Val	synonymous_variant	LOW	0.140082	1453.89	1689
2019-nCoV	7047	C	A	SNP	Heterozygous	orf1ab	QHD43415.1	1	c.6782C>A	p.Ser2261Tyr	missense_variant	MODERATE	0.0356704	28.5456	814
2019-nCoV	7393	G	T	SNP	Heterozygous	orf1ab	QHD43415.1	1	c.7128G>T	p.Pro2376Pro	synonymous_variant	LOW	0.0375752	120.183	2257
2019-nCoV	7402	T	C	SNP	Heterozygous	orf1ab	QHD43415.1	1	c.7137T>C	p.Ala2379Ala	synonymous_variant	LOW	0.0225113	24.106	2257
2019-nCoV	7430	T	C	SNP	Heterozygous	orf1ab	QHD43415.1	1	c.7165T>C	p.Ser2389Pro	missense_variant	MODERATE	0.0225	24.1835	5727
2019-nCoV	7579	T	C	SNP	Heterozygous	orf1ab	QHD43415.1	1	c.7314T>C	p.Ala2438Ala	synonymous_variant	LOW	0.0295	60.9742	3320
2019-nCoV	7791	G	T	SNP	Heterozygous	orf1ab	QHD43415.1	1	c.7526G>T	p.Gly2509Val	missense_variant	MODERATE	0.032	37.6223	3816
2019-nCoV	7800	C	G	SNP	Heterozygous	orf1ab	QHD43415.1	1	c.7535C>G	p.Thr2512Ser	missense_variant	MODERATE	0.0370185	62.4048	3825
2019-nCoV	7804	T	C	SNP	Heterozygous	orf1ab	QHD43415.1	1	c.7539T>C	p.Tyr2513Tyr	synonymous_variant	LOW	0.023	26.2669	3826
2019-nCoV	8265	G	T	SNP	Heterozygous	orf1ab	QHD43415.1	1	c.8000G>T	p.Gly2667Val	missense_variant	MODERATE	0.0195098	13.1325	5093
2019-nCoV	8271	G	T	SNP	Heterozygous	orf1ab	QHD43415.1	1	c.8006G>T	p.Ser2669Ile	missense_variant	MODERATE	0.019	11.9133	5084
2019-nCoV	8290	C	T	SNP	Heterozygous	orf1ab	QHD43415.1	1	c.8025C>T	p.Leu2675Leu	synonymous_variant	LOW	0.0195098	13.3988	5058
2019-nCoV	8350	T	A	SNP	Heterozygous	orf1ab	QHD43415.1	1	c.8085T>A	p.Ser2695Arg	missense_variant	MODERATE	0.0343316	68.1951	1367
2019-nCoV	8503	T	C	SNP	Heterozygous	orf1ab	QHD43415.1	1	c.8238T>C	p.Thr2746Thr	synonymous_variant	LOW	0.0408274	81.5904	1838
2019-nCoV	8546	A	T	SNP	Heterozygous	orf1ab	QHD43415.1	1	c.8281A>T	p.Lys2761*	stop_gained	HIGH	0.0328738	38.2102	1878
2019-nCoV	8768	G	T	SNP	Heterozygous	orf1ab	QHD43415.1	1	c.8503G>T	p.Asp2835Tyr	missense_variant	MODERATE	0.0295139	54.9566	1726
2019-nCoV	9163	C	T	SNP	Heterozygous	orf1ab	QHD43415.1	1	c.8898C>T	p.Asn2966Asn	synonymous_variant	LOW	0.02	14.6797	9647
2019-nCoV	9344	C	T	SNP	Homozygous	orf1ab	QHD43415.1	1	c.9079C>T	p.Leu3027Phe	missense_variant	MODERATE	1.0	32525.2	4776
2019-nCoV	9424	A	G	SNP	Homozygous	orf1ab	QHD43415.1	1	c.9159A>G	p.Val3053Val	synonymous_variant	LOW	1.0	35960.7	3745
2019-nCoV	9534	C	T	SNP	Homozygous	orf1ab	QHD43415.1	1	c.9269C>T	p.Thr3090Ile	missense_variant	MODERATE	1.0	2753.08	159
2019-nCoV	9559	C	G	SNP	Heterozygous	orf1ab	QHD43415.1	1	c.9294C>G	p.Tyr3098*	stop_gained	HIGH	0.125	100.157	160
2019-nCoV	9682	G	T	SNP	Heterozygous	orf1ab	QHD43415.1	1	c.9417G>T	p.Trp3139Cys	missense_variant	MODERATE	0.0224719	21.5151	1691
2019-nCoV	9930	A	C	SNP	Heterozygous	orf1ab	QHD43415.1	1	c.9665A>C	p.Asp3222Ala	missense_variant	MODERATE	0.0205205	16.696	5441
2019-nCoV	9967	C	T	SNP	Heterozygous	orf1ab	QHD43415.1	1	c.9702C>T	p.Leu3234Leu	synonymous_variant	LOW	0.029	25.3749	11727
2019-nCoV	10029	C	T	SNP	Homozygous	orf1ab	QHD43415.1	1	c.9764C>T	p.Thr3255Ile	missense_variant	MODERATE	0.9975	36071.2	11607
2019-nCoV	10180	G	A	SNP	Heterozygous	orf1ab	QHD43415.1	1	c.9915G>A	p.Val3305Val	synonymous_variant	LOW	0.0445223	183.122	5433
2019-nCoV	10198	C	T	SNP	Homozygous	orf1ab	QHD43415.1	1	c.9933C>T	p.Asp3311Asp	synonymous_variant	LOW	1.0	33888.1	8791
2019-nCoV	10376	C	T	SNP	Heterozygous	orf1ab	QHD43415.1	1	c.10111C>T	p.Pro3371Ser	missense_variant	MODERATE	0.0265	43.3085	3311
2019-nCoV	10447	GCC	ACA	MNP	Homozygous	orf1ab	QHD43415.1	1	c.10182_10184delGCCinsACA	p.Pro3395His	missense_variant	MODERATE	1.0	35889.9	4882
2019-nCoV	10717	T	C	SNP	Heterozygous	orf1ab	QHD43415.1	1	c.10452T>C	p.Asn3484Asn	synonymous_variant	LOW	0.021	18.1983	3744
2019-nCoV	11287	GTCTGGTTTT	G	DEL	Homozygous	orf1ab	QHD43415.1	1	c.11023_11031delTCTGGTTTT	p.Ser3675_Phe3677del	conservative_inframe_deletion	MODERATE	1.0	34229.7	10490
2019-nCoV	11369	G	A	SNP	Heterozygous	orf1ab	QHD43415.1	1	c.11104G>A	p.Asp3702Asn	missense_variant	MODERATE	0.0285143	55.6934	4719
2019-nCoV	11383	G	T	SNP	Heterozygous	orf1ab	QHD43415.1	1	c.11118G>T	p.Arg3706Ser	missense_variant	MODERATE	0.0292308	59.1298	4632
2019-nCoV	11398	T	C	SNP	Heterozygous	orf1ab	QHD43415.1	1	c.11133T>C	p.Leu3711Leu	synonymous_variant	LOW	0.0215	20.1607	4727
2019-nCoV	11400	T	C	SNP	Heterozygous	orf1ab	QHD43415.1	1	c.11135T>C	p.Met3712Thr	missense_variant	MODERATE	0.0225	24.0578	4727
2019-nCoV	11511	C	T	SNP	Heterozygous	orf1ab	QHD43415.1	1	c.11246C>T	p.Thr3749Ile	missense_variant	MODERATE	0.028014	21.9358	3529
2019-nCoV	12005	C	T	SNP	Heterozygous	orf1ab	QHD43415.1	1	c.11740C>T	p.Leu3914Leu	synonymous_variant	LOW	0.066033	433.308	4653
2019-nCoV	12160	G	A	SNP	Heterozygous	orf1ab	QHD43415.1	1	c.11895G>A	p.Glu3965Glu	synonymous_variant	LOW	0.962981	35440.0	6439
2019-nCoV	12160	GC	AT	MNP	Heterozygous	orf1ab	QHD43415.1	1	c.11895_11896delGCinsAT	p.Gln3966*	stop_gained	HIGH	0.0265133	35440.0	6439
2019-nCoV	12310	G	A	SNP	Heterozygous	orf1ab	QHD43415.1	1	c.12045G>A	p.Gln4015Gln	synonymous_variant	LOW	0.142142	1394.04	8088
2019-nCoV	12357	C	T	SNP	Heterozygous	orf1ab	QHD43415.1	1	c.12092C>T	p.Thr4031Ile	missense_variant	MODERATE	0.0510255	250.567	8463
2019-nCoV	12726	G	T	SNP	Heterozygous	orf1ab	QHD43415.1	1	c.12461G>T	p.Cys4154Phe	missense_variant	MODERATE	0.0320641	79.825	8920
2019-nCoV	12861	G	T	SNP	Heterozygous	orf1ab	QHD43415.1	1	c.12596G>T	p.Ser4199Ile	missense_variant	MODERATE	0.0245245	32.9222	8842
2019-nCoV	12880	C	T	SNP	Homozygous	orf1ab	QHD43415.1	1	c.12615C>T	p.Ile4205Ile	synonymous_variant	LOW	1.0	35649.3	8597
2019-nCoV	13084	T	C	SNP	Heterozygous	orf1ab	QHD43415.1	1	c.12819T>C	p.Ala4273Ala	synonymous_variant	LOW	0.0235	27.8577	14026
2019-nCoV	13384	C	T	SNP	Heterozygous	orf1ab	QHD43415.1	1	c.13119C>T	p.Cys4373Cys	synonymous_variant	LOW	0.024012	30.6715	48423
2019-nCoV	13818	C	T	SNP	Heterozygous	orf1ab	QHD43415.1	2	c.13554C>T	p.Asp4518Asp	synonymous_variant	LOW	0.0460572	144.923	1427
2019-nCoV	13982	G	A	SNP	Heterozygous	orf1ab	QHD43415.1	2	c.13718G>A	p.Arg4573His	missense_variant	MODERATE	0.04	141.28	7085
2019-nCoV	14227	A	T	SNP	Heterozygous	orf1ab	QHD43415.1	2	c.13963A>T	p.Lys4655*	stop_gained	HIGH	0.030015	64.164	3870
2019-nCoV	14236	A	C	SNP	Heterozygous	orf1ab	QHD43415.1	2	c.13972A>C	p.Ile4658Leu	missense_variant	MODERATE	0.0235118	27.4923	3843
2019-nCoV	14408	C	T	SNP	Homozygous	orf1ab	QHD43415.1	2	c.14144C>T	p.Pro4715Leu	missense_variant	MODERATE	0.993997	33403.7	3417
2019-nCoV	14554	C	T	SNP	Heterozygous	orf1ab	QHD43415.1	2	c.14290C>T	p.Leu4764Phe	missense_variant	MODERATE	0.0220994	24.1533	3810
2019-nCoV	14599	C	T	SNP	Heterozygous	orf1ab	QHD43415.1	2	c.14335C>T	p.Leu4779Leu	synonymous_variant	LOW	0.0405	145.928	3923
2019-nCoV	14670	C	T	SNP	Heterozygous	orf1ab	QHD43415.1	2	c.14406C>T	p.Val4802Val	synonymous_variant	LOW	0.0345518	95.963	7969
2019-nCoV	14852	T	C	SNP	Heterozygous	orf1ab	QHD43415.1	2	c.14588T>C	p.Phe4863Ser	missense_variant	MODERATE	0.0285	54.8097	7190
2019-nCoV	15327	G	T	SNP	Heterozygous	orf1ab	QHD43415.1	2	c.15063G>T	p.Met5021Ile	missense_variant	MODERATE	0.0340681	92.3688	13720
2019-nCoV	15372	GTGT	TTGC	MNP	Heterozygous	orf1ab	QHD43415.1	2	c.15108_15111delGTGTinsTTGC	p.5038	synonymous_variant	LOW	0.0220551	22.4295	7838
2019-nCoV	15381	C	T	SNP	Heterozygous	orf1ab	QHD43415.1	2	c.15117C>T	p.Ser5039Ser	synonymous_variant	LOW	0.0265133	16.259	7838
2019-nCoV	15484	T	C	SNP	Heterozygous	orf1ab	QHD43415.1	2	c.15220T>C	p.Ser5074Pro	missense_variant	MODERATE	0.026	40.6432	20005
2019-nCoV	15654	C	T	SNP	Heterozygous	orf1ab	QHD43415.1	2	c.15390C>T	p.Asp5130Asp	synonymous_variant	LOW	0.0435	173.312	20469
2019-nCoV	15714	C	T	SNP	Homozygous	orf1ab	QHD43415.1	2	c.15450C>T	p.Leu5150Leu	synonymous_variant	LOW	1.0	36265.1	19758
2019-nCoV	15847	A	C	SNP	Heterozygous	orf1ab	QHD43415.1	2	c.15583A>C	p.Thr5195Pro	missense_variant	MODERATE	0.0215539	20.3994	6468
2019-nCoV	15952	C	T	SNP	Heterozygous	orf1ab	QHD43415.1	2	c.15688C>T	p.Leu5230Leu	synonymous_variant	LOW	0.0355178	55.3304	13933
2019-nCoV	16323	C	T	SNP	Heterozygous	orf1ab	QHD43415.1	2	c.16059C>T	p.Cys5353Cys	synonymous_variant	LOW	0.1075	1088.43	14322
2019-nCoV	16616	C	A	SNP	Heterozygous	orf1ab	QHD43415.1	2	c.16352C>A	p.Thr5451Asn	missense_variant	MODERATE	0.127318	1464.08	3428
2019-nCoV	16726	C	T	SNP	Heterozygous	orf1ab	QHD43415.1	2	c.16462C>T	p.His5488Tyr	missense_variant	MODERATE	0.0355	103.326	9686
2019-nCoV	16744	G	A	SNP	Heterozygous	orf1ab	QHD43415.1	2	c.16480G>A	p.Gly5494Ser	missense_variant	MODERATE	0.0205	16.6462	6318
2019-nCoV	16935	G	A	SNP	Heterozygous	orf1ab	QHD43415.1	2	c.16671G>A	p.Met5557Ile	missense_variant	MODERATE	0.0859729	724.416	17831
2019-nCoV	17040	T	C	SNP	Heterozygous	orf1ab	QHD43415.1	2	c.16776T>C	p.Asn5592Asn	synonymous_variant	LOW	0.028	21.9561	28771
2019-nCoV	17410	C	T	SNP	Homozygous	orf1ab	QHD43415.1	2	c.17146C>T	p.Arg5716Cys	missense_variant	MODERATE	0.998999	36369.7	21311
2019-nCoV	17968	G	T	SNP	Heterozygous	orf1ab	QHD43415.1	2	c.17704G>T	p.Asp5902Tyr	missense_variant	MODERATE	0.0275	48.8684	8588
2019-nCoV	18163	A	G	SNP	Homozygous	orf1ab	QHD43415.1	2	c.17899A>G	p.Ile5967Val	missense_variant	MODERATE	0.988354	33371.4	6410
2019-nCoV	18499	T	C	SNP	Heterozygous	orf1ab	QHD43415.1	2	c.18235T>C	p.Tyr6079His	missense_variant	MODERATE	0.031031	72.2987	1998
2019-nCoV	18553	G	T	SNP	Heterozygous	orf1ab	QHD43415.1	2	c.18289G>T	p.Asp6097Tyr	missense_variant	MODERATE	0.032016	36.7827	4831
2019-nCoV	18716	G	T	SNP	Heterozygous	orf1ab	QHD43415.1	2	c.18452G>T	p.Cys6151Phe	missense_variant	MODERATE	0.0405812	146.353	2661
2019-nCoV	18888	C	T	SNP	Heterozygous	orf1ab	QHD43415.1	2	c.18624C>T	p.His6208His	synonymous_variant	LOW	0.0235118	28.4348	8585
2019-nCoV	18984	G	A	SNP	Heterozygous	orf1ab	QHD43415.1	2	c.18720G>A	p.Met6240Ile	missense_variant	MODERATE	0.02824	22.5598	13432
2019-nCoV	18988	G	T	SNP	Heterozygous	orf1ab	QHD43415.1	2	c.18724G>T	p.Val6242Phe	missense_variant	MODERATE	0.0255128	38.8529	13442
2019-nCoV	19154	C	T	SNP	Heterozygous	orf1ab	QHD43415.1	2	c.18890C>T	p.Thr6297Ile	missense_variant	MODERATE	0.0235	28.4017	5227
2019-nCoV	19524	C	T	SNP	Heterozygous	orf1ab	QHD43415.1	2	c.19260C>T	p.Leu6420Leu	synonymous_variant	LOW	0.0310155	32.616	14449
2019-nCoV	19582	G	A	SNP	Heterozygous	orf1ab	QHD43415.1	2	c.19318G>A	p.Asp6440Asn	missense_variant	MODERATE	0.0221106	19.8495	10611
2019-nCoV	19896	T	C	SNP	Heterozygous	orf1ab	QHD43415.1	2	c.19632T>C	p.Ala6544Ala	synonymous_variant	LOW	0.0245123	33.5721	19155
2019-nCoV	19955	C	T	SNP	Homozygous	orf1ab	QHD43415.1	2	c.19691C>T	p.Thr6564Ile	missense_variant	MODERATE	1.0	33813.0	17633
2019-nCoV	20055	A	G	SNP	Heterozygous	orf1ab	QHD43415.1	2	c.19791A>G	p.Glu6597Glu	synonymous_variant	LOW	0.977989	32180.5	13538
2019-nCoV	20250	A	T	SNP	Heterozygous	orf1ab	QHD43415.1	2	c.19986A>T	p.Glu6662Asp	missense_variant	MODERATE	0.026013	40.738	2641
2019-nCoV	20333	G	T	SNP	Heterozygous	orf1ab	QHD43415.1	2	c.20069G>T	p.Gly6690Val	missense_variant	MODERATE	0.029	58.3279	9560
2019-nCoV	20369	T	C	SNP	Heterozygous	orf1ab	QHD43415.1	2	c.20105T>C	p.Leu6702Pro	missense_variant	MODERATE	0.028028	52.4602	9547
2019-nCoV	20695	A	C	SNP	Heterozygous	orf1ab	QHD43415.1	2	c.20431A>C	p.Asn6811His	missense_variant	MODERATE	0.023	26.3077	3463
2019-nCoV	21137	A	G	SNP	Heterozygous	orf1ab	QHD43415.1	2	c.20873A>G	p.Lys6958Arg	missense_variant	MODERATE	0.059	231.207	27743
2019-nCoV	21570	T	G	SNP	Heterozygous	S	QHD43416.1	1	c.8T>G	p.Val3Gly	missense_variant	MODERATE	0.0372421	62.6471	2091
2019-nCoV	21596	T	C	SNP	Heterozygous	S	QHD43416.1	1	c.34T>C	p.Ser12Pro	missense_variant	MODERATE	0.03	64.0997	2310
2019-nCoV	21618	C	T	SNP	Homozygous	S	QHD43416.1	1	c.56C>T	p.Thr19Ile	missense_variant	MODERATE	0.999499	33862.9	5717
2019-nCoV	21632	TTACCCCCTG	T	DEL	Homozygous	S	QHD43416.1	1	c.71_79delTACCCCCTG	p.Leu24_Ala27delinsSer	disruptive_inframe_deletion	MODERATE	1.0	35992.3	5551
2019-nCoV	21701	G	A	SNP	Heterozygous	S	QHD43416.1	1	c.139G>A	p.Val47Ile	missense_variant	MODERATE	0.03	29.4473	2972
2019-nCoV	21726	T	C	SNP	Heterozygous	S	QHD43416.1	1	c.164T>C	p.Phe55Ser	missense_variant	MODERATE	0.028	21.9302	2937
2019-nCoV	21762	CTATACATG	TTA	MIXED	Heterozygous	S	QHD43416.1	1	c.200_208delCTATACATGinsTTA	p.Ala67_Val70delinsValIle	missense_variant&disruptive_inframe_deletion	MODERATE	0.0336345	35274.0	7814
2019-nCoV	21764	ATACATG	A	DEL	Heterozygous	S	QHD43416.1	1	c.204_209delACATGT	p.His69_Val70del	disruptive_inframe_deletion	MODERATE	0.955321	35274.0	7814
2019-nCoV	21987	G	A	SNP	Homozygous	S	QHD43416.1	1	c.425G>A	p.Gly142Asp	missense_variant	MODERATE	1.0	33218.8	8231
2019-nCoV	22200	T	G	SNP	Homozygous	S	QHD43416.1	1	c.638T>G	p.Val213Gly	missense_variant	MODERATE	0.993	35772.6	6590
2019-nCoV	22484	G	T	SNP	Heterozygous	S	QHD43416.1	1	c.922G>T	p.Val308Leu	missense_variant	MODERATE	0.026013	39.6649	3197
2019-nCoV	22578	G	A	SNP	Homozygous	S	QHD43416.1	1	c.1016G>A	p.Gly339Asp	missense_variant	MODERATE	0.998995	36185.8	5513
2019-nCoV	22674	C	T	SNP	Homozygous	S	QHD43416.1	1	c.1112C>T	p.Ser371Phe	missense_variant	MODERATE	0.9985	33517.1	3180
2019-nCoV	22679	T	C	SNP	Homozygous	S	QHD43416.1	1	c.1117T>C	p.Ser373Pro	missense_variant	MODERATE	0.996498	33362.7	3151
2019-nCoV	22686	CCA	TCG	MNP	Homozygous	S	QHD43416.1	1	c.1124_1126delCCAinsTCG	p.SerThr375PheAla	missense_variant	MODERATE	0.9922	10525.1	809
2019-nCoV	22775	G	A	SNP	Homozygous	S	QHD43416.1	1	c.1213G>A	p.Asp405Asn	missense_variant	MODERATE	0.998473	10851.5	651
2019-nCoV	22786	A	C	SNP	Homozygous	S	QHD43416.1	1	c.1224A>C	p.Arg408Ser	missense_variant	MODERATE	0.996899	11555.3	645
2019-nCoV	22813	G	T	SNP	Homozygous	S	QHD43416.1	1	c.1251G>T	p.Lys417Asn	missense_variant	MODERATE	0.999496	33668.1	13533
2019-nCoV	22882	T	G	SNP	Homozygous	S	QHD43416.1	1	c.1320T>G	p.Asn440Lys	missense_variant	MODERATE	0.997999	33745.0	25293
2019-nCoV	22917	T	G	SNP	Homozygous	S	QHD43416.1	1	c.1355T>G	p.Leu452Arg	missense_variant	MODERATE	0.999495	33545.4	25200
2019-nCoV	22992	GCAC	ACAA	MNP	Homozygous	S	QHD43416.1	1	c.1430_1433delGCACinsACAA	p.SerThr477AsnLys	missense_variant	MODERATE	1.0	35924.2	11340
2019-nCoV	23013	A	C	SNP	Homozygous	S	QHD43416.1	1	c.1451A>C	p.Glu484Ala	missense_variant	MODERATE	0.999493	35898.2	18288
2019-nCoV	23018	T	G	SNP	Heterozygous	S	QHD43416.1	1	c.1456T>G	p.Phe486Val	missense_variant	MODERATE	0.975892	34462.7	18267
2019-nCoV	23055	A	G	SNP	Homozygous	S	QHD43416.1	1	c.1493A>G	p.Gln498Arg	missense_variant	MODERATE	0.995978	35816.1	7057
2019-nCoV	23063	A	T	SNP	Homozygous	S	QHD43416.1	1	c.1501A>T	p.Asn501Tyr	missense_variant	MODERATE	0.994997	33150.5	7121
2019-nCoV	23075	T	C	SNP	Homozygous	S	QHD43416.1	1	c.1513T>C	p.Tyr505His	missense_variant	MODERATE	0.997993	19763.7	7230
2019-nCoV	23403	A	G	SNP	Homozygous	S	QHD43416.1	1	c.1841A>G	p.Asp614Gly	missense_variant	MODERATE	1.0	33342.4	39038
2019-nCoV	23525	C	T	SNP	Homozygous	S	QHD43416.1	1	c.1963C>T	p.His655Tyr	missense_variant	MODERATE	0.998489	33506.0	63315
2019-nCoV	23535	A	G	SNP	Heterozygous	S	QHD43416.1	1	c.1973A>G	p.Asn658Ser	missense_variant	MODERATE	0.032	78.7878	63755
2019-nCoV	23599	T	G	SNP	Homozygous	S	QHD43416.1	1	c.2037T>G	p.Asn679Lys	missense_variant	MODERATE	0.9995	33871.6	76122
2019-nCoV	23604	C	A	SNP	Homozygous	S	QHD43416.1	1	c.2042C>A	p.Pro681His	missense_variant	MODERATE	0.997495	19732.8	76169
2019-nCoV	23802	C	T	SNP	Heterozygous	S	QHD43416.1	1	c.2240C>T	p.Thr747Ile	missense_variant	MODERATE	0.02	14.4388	8693
2019-nCoV	23854	C	A	SNP	Homozygous	S	QHD43416.1	1	c.2292C>A	p.Asn764Lys	missense_variant	MODERATE	0.997492	32956.2	8282
2019-nCoV	23948	GATTTTGG	TATTTGTGGT	MIXED	Heterozygous	S	QHD43416.1	1	c.2386_2393delGATTTTGGinsTATTTGTGGT	p.Asp796fs	frameshift_variant&missense_variant	HIGH	0.0961431	30672.2	10462
2019-nCoV	23948	G	T	SNP	Heterozygous	S	QHD43416.1	1	c.2386G>T	p.Asp796Tyr	missense_variant	MODERATE	0.835662	30672.2	10462
2019-nCoV	24047	G	A	SNP	Heterozygous	S	QHD43416.1	1	c.2485G>A	p.Ala829Thr	missense_variant	MODERATE	0.056028	309.161	18614
2019-nCoV	24198	C	T	SNP	Heterozygous	S	QHD43416.1	1	c.2636C>T	p.Ala879Val	missense_variant	MODERATE	0.037	63.6827	9523
2019-nCoV	24319	C	T	SNP	Heterozygous	S	QHD43416.1	1	c.2757C>T	p.Asn919Asn	synonymous_variant	LOW	0.0940941	855.892	13275
2019-nCoV	24370	C	T	SNP	Heterozygous	S	QHD43416.1	1	c.2808C>T	p.Asp936Asp	synonymous_variant	LOW	0.0235707	28.8641	3419
2019-nCoV	24378	C	T	SNP	Heterozygous	S	QHD43416.1	1	c.2816C>T	p.Ser939Phe	missense_variant	MODERATE	0.0250627	34.7123	3383
2019-nCoV	24424	A	T	SNP	Homozygous	S	QHD43416.1	1	c.2862A>T	p.Gln954His	missense_variant	MODERATE	0.996997	35995.1	19885
2019-nCoV	24469	T	A	SNP	Homozygous	S	QHD43416.1	1	c.2907T>A	p.Asn969Lys	missense_variant	MODERATE	0.989474	31726.0	23900
2019-nCoV	24515	G	T	SNP	Heterozygous	S	QHD43416.1	1	c.2953G>T	p.Asp985Tyr	missense_variant	MODERATE	0.0275	48.6562	24426
2019-nCoV	24603	GAGC	T	MIXED	Heterozygous	S	QHD43416.1	1	c.3041_3044delGAGCinsT	p.Arg1014_Ala1015delinsIle	missense_variant&disruptive_inframe_deletion	MODERATE	0.0366834	112.02	4325
2019-nCoV	24620	G	T	SNP	Heterozygous	S	QHD43416.1	1	c.3058G>T	p.Ala1020Ser	missense_variant	MODERATE	0.021	18.3616	11190
2019-nCoV	25000	C	T	SNP	Homozygous	S	QHD43416.1	1	c.3438C>T	p.Asp1146Asp	synonymous_variant	LOW	0.997999	36148.4	13598
2019-nCoV	25329	T	C	SNP	Heterozygous	S	QHD43416.1	1	c.3767T>C	p.Phe1256Ser	missense_variant	MODERATE	0.0225	24.1752	2113
2019-nCoV	25584	C	T	SNP	Homozygous	ORF3a	QHD43417.1	1	c.192C>T	p.Thr64Thr	synonymous_variant	LOW	0.995489	35933.1	53214
2019-nCoV	26060	C	T	SNP	Homozygous	ORF3a	QHD43417.1	1	c.668C>T	p.Thr223Ile	missense_variant	MODERATE	0.9995	36367.5	26711
2019-nCoV	26270	C	T	SNP	Homozygous	E	QHD43418.1	1	c.26C>T	p.Thr9Ile	missense_variant	MODERATE	1.0	33800.9	51480
2019-nCoV	26529	G	A	SNP	Heterozygous	M	QHD43419.1	1	c.7G>A	p.Asp3Asn	missense_variant	MODERATE	0.9125	30642.7	8251
2019-nCoV	26567	G	C	SNP	Heterozygous	M	QHD43419.1	1	c.45G>C	p.Lys15Asn	missense_variant	MODERATE	0.0312185	69.4833	4139
2019-nCoV	26577	C	G	SNP	Homozygous	M	QHD43419.1	1	c.55C>G	p.Gln19Glu	missense_variant	MODERATE	1.0	33899.1	3967
2019-nCoV	26709	G	A	SNP	Homozygous	M	QHD43419.1	1	c.187G>A	p.Ala63Thr	missense_variant	MODERATE	0.998994	36176.8	16397
2019-nCoV	26858	C	T	SNP	Heterozygous	M	QHD43419.1	1	c.336C>T	p.Phe112Phe	synonymous_variant	LOW	0.0610305	365.681	21505
2019-nCoV	26894	C	T	SNP	Heterozygous	M	QHD43419.1	1	c.372C>T	p.Leu124Leu	synonymous_variant	LOW	0.0355	55.4128	24940
2019-nCoV	27012	C	T	SNP	Heterozygous	M	QHD43419.1	1	c.490C>T	p.Leu164Leu	synonymous_variant	LOW	0.065	298.498	24971
2019-nCoV	27038	A	G	SNP	Heterozygous	M	QHD43419.1	1	c.516A>G	p.Thr172Thr	synonymous_variant	LOW	0.304502	5814.25	3302
2019-nCoV	27218	A	G	SNP	Heterozygous	ORF6	QHD43420.1	1	c.17A>G	p.Asp6Gly	missense_variant	MODERATE	0.0991487	936.688	6345
2019-nCoV	27259	A	C	SNP	Heterozygous	ORF6	QHD43420.1	1	c.58A>C	p.Arg20Arg	synonymous_variant	LOW	0.0611222	369.964	9567
2019-nCoV	27382	GAT	CTC	MNP	Heterozygous	ORF6	QHD43420.1	1	c.181_183delGATinsCTC	p.Asp61Leu	missense_variant	MODERATE	0.0642248	411.141	3416
2019-nCoV	27438	T	C	SNP	Heterozygous	ORF7a	QHD43421.1	1	c.45T>C	p.Cys15Cys	synonymous_variant	LOW	0.305806	5141.93	13875
2019-nCoV	27497	G	T	SNP	Heterozygous	ORF7a	QHD43421.1	1	c.104G>T	p.Cys35Phe	missense_variant	MODERATE	0.0306071	66.9461	9224
2019-nCoV	27513	C	T	SNP	Heterozygous	ORF7a	QHD43421.1	1	c.120C>T	p.Tyr40Tyr	synonymous_variant	LOW	0.096	891.463	21304
2019-nCoV	27644	C	A	SNP	Heterozygous	ORF7a	QHD43421.1	1	c.251C>A	p.Pro84His	missense_variant	MODERATE	0.0406422	144.428	20328
2019-nCoV	27788	G	T	SNP	Heterozygous	ORF8	QHD43422.1	-1	c.-106G>T	.	upstream_gene_variant	MODIFIER	0.048048	218.601	19987
2019-nCoV	27802	T	C	SNP	Heterozygous	ORF8	QHD43422.1	-1	c.-92T>C	.	upstream_gene_variant	MODIFIER	0.0235	28.1731	20081
2019-nCoV	27807	C	T	SNP	Homozygous	ORF8	QHD43422.1	-1	c.-87C>T	.	upstream_gene_variant	MODIFIER	1.0	36311.6	20021
2019-nCoV	27889	C	T	SNP	Heterozygous	ORF8	QHD43422.1	-1	c.-5C>T	.	upstream_gene_variant	MODIFIER	0.946473	32699.0	10310
2019-nCoV	27944	C	T	SNP	Heterozygous	ORF8	QHD43422.1	1	c.51C>T	p.His17His	synonymous_variant	LOW	0.3435	7045.67	2031
2019-nCoV	28271	A	T	SNP	Heterozygous	N	QHD43423.2	-1	c.-3A>T	.	upstream_gene_variant	MODIFIER	0.971457	31426.9	39020
2019-nCoV	28307	G	T	SNP	Heterozygous	N	QHD43423.2	1	c.34G>T	p.Ala12Ser	missense_variant	MODERATE	0.0205411	16.7158	39287
2019-nCoV	28311	C	T	SNP	Homozygous	N	QHD43423.2	1	c.38C>T	p.Pro13Leu	missense_variant	MODERATE	0.994494	19547.5	39241
2019-nCoV	28330	A	G	SNP	Heterozygous	N	QHD43423.2	1	c.57A>G	p.Gly19Gly	synonymous_variant	LOW	0.554777	14295.8	37049
2019-nCoV	28361	GGAGAACGCA	G	DEL	Heterozygous	N	QHD43423.2	1	c.90_98delAGAACGCAG	p.Glu31_Ser33del	disruptive_inframe_deletion	MODERATE	0.950256	35398.5	7102
2019-nCoV	28361	GGAGAACGCAG	TT	MIXED	Heterozygous	N	QHD43423.2	1	c.88_98delGGAGAACGCAGinsTT	p.Gly30_Ser33delinsPhe	missense_variant&disruptive_inframe_deletion	MODERATE	0.0497436	35398.5	7102
2019-nCoV	28681	G	T	SNP	Heterozygous	N	QHD43423.2	1	c.408G>T	p.Glu136Asp	missense_variant	MODERATE	0.062031	376.203	35513
2019-nCoV	28724	C	T	SNP	Heterozygous	N	QHD43423.2	1	c.451C>T	p.Pro151Ser	missense_variant	MODERATE	0.044	108.28	35518
2019-nCoV	28881	GGG	AAC	MNP	Homozygous	N	QHD43423.2	1	c.608_610delGGGinsAAC	p.ArgGly203LysArg	missense_variant	MODERATE	1.0	33444.7	20356
2019-nCoV	29510	A	C	SNP	Homozygous	N	QHD43423.2	1	c.1237A>C	p.Ser413Arg	missense_variant	MODERATE	1.0	33495.7	5246
2019-nCoV	29616	G	C	SNP	Heterozygous	ORF10	QHI42199.1	1	c.59G>C	p.Arg20Thr	missense_variant	MODERATE	0.031202	70.752	7188
2019-nCoV	29627	C	T	SNP	Heterozygous	ORF10	QHI42199.1	1	c.70C>T	p.Arg24Cys	missense_variant	MODERATE	0.0515258	257.159	7379
2019-nCoV	29640	C	T	SNP	Heterozygous	ORF10	QHI42199.1	1	c.83C>T	p.Ala28Val	missense_variant	MODERATE	0.0415	154.467	7407
2019-nCoV	29665	T	C	SNP	Heterozygous	ORF10	QHI42199.1	1	c.108T>C	p.Asn36Asn	synonymous_variant	LOW	0.044	178.939	7401
2019-nCoV	29666	C	T	SNP	Heterozygous	ORF10	QHI42199.1	1	c.109C>T	p.Leu37Phe	missense_variant	MODERATE	0.274	4997.41	7372
2019-nCoV	29671	A	C	SNP	Heterozygous	ORF10	QHI42199.1	1	c.114A>C	p.Thr38Thr	synonymous_variant	LOW	0.0310466	70.9889	7390
2019-nCoV	29733	CGAGGCCACGCGGAGTACGATCGAGTG	C	DEL	Homozygous	S	QHD43416.1	-1	c.*4350_*4375delGAGGCCACGCGGAGTACGATCGAGTG	.	downstream_gene_variant	MODIFIER	1.0	35869.5	5709
2019-nCoV	29758	TG	CC	MNP	Homozygous	S	QHD43416.1	-1	c.*4374_*4375delTGinsCC	.	downstream_gene_variant	MODIFIER	0.997419	13812.1	14
2019-nCoV	29769	C	T	SNP	Heterozygous	S	QHD43416.1	-1	c.*4385C>T	.	downstream_gene_variant	MODIFIER	0.116642	1002.07	5898
2019-nCoV	29772	T	C	SNP	Heterozygous	S	QHD43416.1	-1	c.*4388T>C	.	downstream_gene_variant	MODIFIER	0.0365365	111.733	5926
