CHROM	POS	REF	ALT	VARTYPE	GEN[*].GT	ANN[*].GENE	ANN[*].FEATUREID	EFF[*].RANK	ANN[*].HGVS_C	ANN[*].HGVS_P	ANN[*].EFFECT	EFF[*].IMPACT	AF	QUAL	DP
2019-nCoV	44	C	T	SNP	Homozygous	orf1ab	QHD43415.1	-1	c.-222C>T	.	upstream_gene_variant	MODIFIER	0.99049	32073.7	60319
2019-nCoV	119	C	T	SNP	Heterozygous	orf1ab	QHD43415.1	-1	c.-147C>T	.	upstream_gene_variant	MODIFIER	0.0430215	166.168	66206
2019-nCoV	241	C	T	SNP	Homozygous	orf1ab	QHD43415.1	-1	c.-25C>T	.	upstream_gene_variant	MODIFIER	1.0	33107.2	3645
2019-nCoV	487	G	A	SNP	Heterozygous	orf1ab	QHD43415.1	1	c.222G>A	p.Ser74Ser	synonymous_variant	LOW	0.0335168	88.4707	31321
2019-nCoV	495	G	A	SNP	Heterozygous	orf1ab	QHD43415.1	1	c.230G>A	p.Arg77Gln	missense_variant	MODERATE	0.0570856	217.007	31017
2019-nCoV	670	T	G	SNP	Homozygous	orf1ab	QHD43415.1	1	c.405T>G	p.Ser135Arg	missense_variant	MODERATE	0.99348	33186.5	44030
2019-nCoV	1044	C	T	SNP	Heterozygous	orf1ab	QHD43415.1	1	c.779C>T	p.Ala260Val	missense_variant	MODERATE	0.0385772	128.384	25031
2019-nCoV	1441	C	T	SNP	Heterozygous	orf1ab	QHD43415.1	1	c.1176C>T	p.Gly392Gly	synonymous_variant	LOW	0.0365365	61.2776	24291
2019-nCoV	1627	C	T	SNP	Heterozygous	orf1ab	QHD43415.1	1	c.1362C>T	p.Leu454Leu	synonymous_variant	LOW	0.553777	12866.2	47077
2019-nCoV	1931	C	A	SNP	Heterozygous	orf1ab	QHD43415.1	1	c.1666C>A	p.Gln556Lys	missense_variant	MODERATE	0.0825826	658.157	12440
2019-nCoV	2790	C	T	SNP	Homozygous	orf1ab	QHD43415.1	1	c.2525C>T	p.Thr842Ile	missense_variant	MODERATE	0.984351	30024.3	53887
2019-nCoV	2898	C	T	SNP	Heterozygous	orf1ab	QHD43415.1	1	c.2633C>T	p.Ala878Val	missense_variant	MODERATE	0.0490245	229.512	77115
2019-nCoV	2954	T	C	SNP	Heterozygous	orf1ab	QHD43415.1	1	c.2689T>C	p.Leu897Leu	synonymous_variant	LOW	0.0405	145.925	48842
2019-nCoV	3037	C	T	SNP	Homozygous	orf1ab	QHD43415.1	1	c.2772C>T	p.Phe924Phe	synonymous_variant	LOW	1.0	33777.3	45003
2019-nCoV	3315	C	T	SNP	Heterozygous	orf1ab	QHD43415.1	1	c.3050C>T	p.Thr1017Ile	missense_variant	MODERATE	0.0565	210.062	4483
2019-nCoV	3859	A	G	SNP	Heterozygous	orf1ab	QHD43415.1	1	c.3594A>G	p.Gln1198Gln	synonymous_variant	LOW	0.0365	59.1764	6345
2019-nCoV	4184	G	A	SNP	Homozygous	orf1ab	QHD43415.1	1	c.3919G>A	p.Gly1307Ser	missense_variant	MODERATE	0.99599	35889.4	21832
2019-nCoV	4321	C	T	SNP	Homozygous	orf1ab	QHD43415.1	1	c.4056C>T	p.Ala1352Ala	synonymous_variant	LOW	1.0	32315.7	50423
2019-nCoV	5188	T	C	SNP	Heterozygous	orf1ab	QHD43415.1	1	c.4923T>C	p.Ser1641Ser	synonymous_variant	LOW	0.0407445	140.335	16934
2019-nCoV	5284	C	T	SNP	Heterozygous	orf1ab	QHD43415.1	1	c.5019C>T	p.Asn1673Asn	synonymous_variant	LOW	0.0880881	761.262	14837
2019-nCoV	5621	C	T	SNP	Heterozygous	orf1ab	QHD43415.1	1	c.5356C>T	p.Pro1786Ser	missense_variant	MODERATE	0.0225113	23.8416	41847
2019-nCoV	6181	T	C	SNP	Heterozygous	orf1ab	QHD43415.1	1	c.5916T>C	p.Tyr1972Tyr	synonymous_variant	LOW	0.184592	2682.41	51531
2019-nCoV	6979	T	G	SNP	Heterozygous	orf1ab	QHD43415.1	1	c.6714T>G	p.Val2238Val	synonymous_variant	LOW	0.1055	1054.22	12599
2019-nCoV	7760	G	A	SNP	Heterozygous	orf1ab	QHD43415.1	1	c.7495G>A	p.Gly2499Ser	missense_variant	MODERATE	0.212713	3369.17	19844
2019-nCoV	8099	C	A	SNP	Heterozygous	orf1ab	QHD43415.1	1	c.7834C>A	p.Leu2612Ile	missense_variant	MODERATE	0.0280561	53.5577	29745
2019-nCoV	8140	C	T	SNP	Heterozygous	orf1ab	QHD43415.1	1	c.7875C>T	p.Ser2625Ser	synonymous_variant	LOW	0.0370185	63.2793	43850
2019-nCoV	8982	C	T	SNP	Heterozygous	orf1ab	QHD43415.1	1	c.8717C>T	p.Thr2906Ile	missense_variant	MODERATE	0.0345518	48.911	21643
2019-nCoV	9344	C	T	SNP	Homozygous	orf1ab	QHD43415.1	1	c.9079C>T	p.Leu3027Phe	missense_variant	MODERATE	1.0	32363.3	15136
2019-nCoV	9424	A	G	SNP	Homozygous	orf1ab	QHD43415.1	1	c.9159A>G	p.Val3053Val	synonymous_variant	LOW	0.998496	36111.9	11375
2019-nCoV	9534	C	T	SNP	Homozygous	orf1ab	QHD43415.1	1	c.9269C>T	p.Thr3090Ile	missense_variant	MODERATE	0.998068	27980.2	1551
2019-nCoV	9967	C	T	SNP	Heterozygous	orf1ab	QHD43415.1	1	c.9702C>T	p.Leu3234Leu	synonymous_variant	LOW	0.0545273	193.903	24918
2019-nCoV	10029	C	T	SNP	Homozygous	orf1ab	QHD43415.1	1	c.9764C>T	p.Thr3255Ile	missense_variant	MODERATE	0.995491	35783.2	24519
2019-nCoV	10198	C	T	SNP	Homozygous	orf1ab	QHD43415.1	1	c.9933C>T	p.Asp3311Asp	synonymous_variant	LOW	0.9995	33827.3	27224
2019-nCoV	10447	GCC	ACA	MNP	Homozygous	orf1ab	QHD43415.1	1	c.10182_10184delGCCinsACA	p.Pro3395His	missense_variant	MODERATE	1.0	35665.7	8091
2019-nCoV	11287	GTCTGGTTTT	G	DEL	Homozygous	orf1ab	QHD43415.1	1	c.11023_11031delTCTGGTTTT	p.Ser3675_Phe3677del	conservative_inframe_deletion	MODERATE	1.0	35145.3	45100
2019-nCoV	11668	C	T	SNP	Heterozygous	orf1ab	QHD43415.1	1	c.11403C>T	p.Asn3801Asn	synonymous_variant	LOW	0.021	18.4029	23163
2019-nCoV	11750	C	T	SNP	Heterozygous	orf1ab	QHD43415.1	1	c.11485C>T	p.Leu3829Phe	missense_variant	MODERATE	0.057	317.12	28736
2019-nCoV	12038	G	A	SNP	Heterozygous	orf1ab	QHD43415.1	1	c.11773G>A	p.Val3925Ile	missense_variant	MODERATE	0.052	262.778	7639
2019-nCoV	12160	G	A	SNP	Homozygous	orf1ab	QHD43415.1	1	c.11895G>A	p.Glu3965Glu	synonymous_variant	LOW	0.992492	35636.1	10924
2019-nCoV	12310	G	A	SNP	Heterozygous	orf1ab	QHD43415.1	1	c.12045G>A	p.Gln4015Gln	synonymous_variant	LOW	0.296445	4733.68	23848
2019-nCoV	12400	C	T	SNP	Heterozygous	orf1ab	QHD43415.1	1	c.12135C>T	p.Leu4045Leu	synonymous_variant	LOW	0.0225113	22.7832	24761
2019-nCoV	12861	G	C	SNP	Heterozygous	orf1ab	QHD43415.1	1	c.12596G>C	p.Ser4199Thr	missense_variant	MODERATE	0.1295	1214.64	31245
2019-nCoV	12880	C	T	SNP	Homozygous	orf1ab	QHD43415.1	1	c.12615C>T	p.Ile4205Ile	synonymous_variant	LOW	1.0	36022.9	30413
2019-nCoV	13165	A	G	SNP	Heterozygous	orf1ab	QHD43415.1	1	c.12900A>G	p.Thr4300Thr	synonymous_variant	LOW	0.035	99.7954	47711
2019-nCoV	13410	G	A	SNP	Heterozygous	orf1ab	QHD43415.1	1	c.13145G>A	p.Ser4382Asn	missense_variant	MODERATE	0.034	92.1123	49734
2019-nCoV	14209	G	A	SNP	Heterozygous	orf1ab	QHD43415.1	2	c.13945G>A	p.Val4649Ile	missense_variant	MODERATE	0.035	99.2504	23013
2019-nCoV	14408	C	G	SNP	Heterozygous	orf1ab	QHD43415.1	2	c.14144C>G	p.Pro4715Arg	missense_variant	MODERATE	0.034017	35428.5	7435
2019-nCoV	14408	C	T	SNP	Heterozygous	orf1ab	QHD43415.1	2	c.14144C>T	p.Pro4715Leu	missense_variant	MODERATE	0.956478	35428.5	7435
2019-nCoV	14593	G	A	SNP	Heterozygous	orf1ab	QHD43415.1	2	c.14329G>A	p.Gly4777Ser	missense_variant	MODERATE	0.0605606	362.391	16041
2019-nCoV	14599	C	T	SNP	Heterozygous	orf1ab	QHD43415.1	2	c.14335C>T	p.Leu4779Leu	synonymous_variant	LOW	0.0395	137.022	16064
2019-nCoV	14922	C	A	SNP	Heterozygous	orf1ab	QHD43415.1	2	c.14658C>A	p.Ile4886Ile	synonymous_variant	LOW	0.0410822	149.903	40487
2019-nCoV	14931	C	T	SNP	Heterozygous	orf1ab	QHD43415.1	2	c.14667C>T	p.Asn4889Asn	synonymous_variant	LOW	0.025025	35.6398	42116
2019-nCoV	15240	C	T	SNP	Heterozygous	orf1ab	QHD43415.1	2	c.14976C>T	p.Asn4992Asn	synonymous_variant	LOW	0.0501253	155.271	42278
2019-nCoV	15253	G	A	SNP	Heterozygous	orf1ab	QHD43415.1	2	c.14989G>A	p.Val4997Ile	missense_variant	MODERATE	0.0370741	116.178	41129
2019-nCoV	15714	C	T	SNP	Homozygous	orf1ab	QHD43415.1	2	c.15450C>T	p.Leu5150Leu	synonymous_variant	LOW	0.998999	36139.7	52843
2019-nCoV	15750	T	C	SNP	Heterozygous	orf1ab	QHD43415.1	2	c.15486T>C	p.Tyr5162Tyr	synonymous_variant	LOW	0.0225113	24.0679	4155
2019-nCoV	15895	C	A	SNP	Heterozygous	orf1ab	QHD43415.1	2	c.15631C>A	p.Leu5211Ile	missense_variant	MODERATE	0.031	69.7942	40488
2019-nCoV	15931	T	C	SNP	Heterozygous	orf1ab	QHD43415.1	2	c.15667T>C	p.Tyr5223His	missense_variant	MODERATE	0.0465465	202.538	40783
2019-nCoV	16323	C	T	SNP	Heterozygous	orf1ab	QHD43415.1	2	c.16059C>T	p.Cys5353Cys	synonymous_variant	LOW	0.0195	13.1929	70850
2019-nCoV	16428	C	T	SNP	Heterozygous	orf1ab	QHD43415.1	2	c.16164C>T	p.Tyr5388Tyr	synonymous_variant	LOW	0.0560841	204.665	99901
2019-nCoV	16605	T	C	SNP	Heterozygous	orf1ab	QHD43415.1	2	c.16341T>C	p.Ala5447Ala	synonymous_variant	LOW	0.047047	195.583	28370
2019-nCoV	16616	C	A	SNP	Heterozygous	orf1ab	QHD43415.1	2	c.16352C>A	p.Thr5451Asn	missense_variant	MODERATE	0.274185	4986.31	28700
2019-nCoV	16935	G	A	SNP	Heterozygous	orf1ab	QHD43415.1	2	c.16671G>A	p.Met5557Ile	missense_variant	MODERATE	0.10055	969.51	60979
2019-nCoV	17004	C	T	SNP	Heterozygous	orf1ab	QHD43415.1	2	c.16740C>T	p.Leu5580Leu	synonymous_variant	LOW	0.022011	22.4735	52039
2019-nCoV	17285	C	T	SNP	Heterozygous	orf1ab	QHD43415.1	2	c.17021C>T	p.Ser5674Leu	missense_variant	MODERATE	0.03003	62.1291	102206
2019-nCoV	17410	C	T	SNP	Homozygous	orf1ab	QHD43415.1	2	c.17146C>T	p.Arg5716Cys	missense_variant	MODERATE	1.0	36335.7	56492
2019-nCoV	17913	C	T	SNP	Heterozygous	orf1ab	QHD43415.1	2	c.17649C>T	p.Asn5883Asn	synonymous_variant	LOW	0.022011	22.029	25257
2019-nCoV	18163	A	G	SNP	Homozygous	orf1ab	QHD43415.1	2	c.17899A>G	p.Ile5967Val	missense_variant	MODERATE	0.994492	33292.5	18877
2019-nCoV	18508	C	T	SNP	Heterozygous	orf1ab	QHD43415.1	2	c.18244C>T	p.Leu6082Phe	missense_variant	MODERATE	0.048048	136.672	10167
2019-nCoV	19524	C	T	SNP	Heterozygous	orf1ab	QHD43415.1	2	c.19260C>T	p.Leu6420Leu	synonymous_variant	LOW	0.072036	372.284	28351
2019-nCoV	19875	C	A	SNP	Heterozygous	orf1ab	QHD43415.1	2	c.19611C>A	p.Ile6537Ile	synonymous_variant	LOW	0.0540811	190.111	50593
2019-nCoV	19955	C	T	SNP	Homozygous	orf1ab	QHD43415.1	2	c.19691C>T	p.Thr6564Ile	missense_variant	MODERATE	0.996997	35834.2	42274
2019-nCoV	20055	A	G	SNP	Homozygous	orf1ab	QHD43415.1	2	c.19791A>G	p.Glu6597Glu	synonymous_variant	LOW	0.99647	32214.7	29522
2019-nCoV	20132	C	T	SNP	Heterozygous	orf1ab	QHD43415.1	2	c.19868C>T	p.Ala6623Val	missense_variant	MODERATE	0.0310155	70.1874	21614
2019-nCoV	21255	G	T	SNP	Heterozygous	orf1ab	QHD43415.1	2	c.20991G>T	p.Ala6997Ala	synonymous_variant	LOW	0.0386352	72.4204	41314
2019-nCoV	21618	C	T	SNP	Homozygous	S	QHD43416.1	1	c.56C>T	p.Thr19Ile	missense_variant	MODERATE	1.0	33898.4	21235
2019-nCoV	21632	TTACCCCCTG	T	DEL	Homozygous	S	QHD43416.1	1	c.71_79delTACCCCCTG	p.Leu24_Ala27delinsSer	disruptive_inframe_deletion	MODERATE	1.0	35918.6	20461
2019-nCoV	21764	ATACATG	A	DEL	Homozygous	S	QHD43416.1	1	c.204_209delACATGT	p.His69_Val70del	disruptive_inframe_deletion	MODERATE	0.997448	35311.0	25471
2019-nCoV	21987	G	A	SNP	Homozygous	S	QHD43416.1	1	c.425G>A	p.Gly142Asp	missense_variant	MODERATE	0.994494	33271.7	30829
2019-nCoV	22197	T	C	SNP	Heterozygous	S	QHD43416.1	1	c.635T>C	p.Leu212Ser	missense_variant	MODERATE	0.0490245	223.514	14342
2019-nCoV	22200	T	G	SNP	Homozygous	S	QHD43416.1	1	c.638T>G	p.Val213Gly	missense_variant	MODERATE	0.995495	35831.2	13958
2019-nCoV	22578	G	A	SNP	Homozygous	S	QHD43416.1	1	c.1016G>A	p.Gly339Asp	missense_variant	MODERATE	0.998997	36155.6	20318
2019-nCoV	22599	G	C	SNP	Heterozygous	S	QHD43416.1	1	c.1037G>C	p.Arg346Thr	missense_variant	MODERATE	0.0635	402.355	7797
2019-nCoV	22674	C	T	SNP	Homozygous	S	QHD43416.1	1	c.1112C>T	p.Ser371Phe	missense_variant	MODERATE	0.995996	33085.4	9422
2019-nCoV	22679	T	C	SNP	Homozygous	S	QHD43416.1	1	c.1117T>C	p.Ser373Pro	missense_variant	MODERATE	0.993	32823.4	9336
2019-nCoV	22686	CCA	TCG	MNP	Homozygous	S	QHD43416.1	1	c.1124_1126delCCAinsTCG	p.SerThr375PheAla	missense_variant	MODERATE	1.0	30849.3	2312
2019-nCoV	22775	G	A	SNP	Homozygous	S	QHD43416.1	1	c.1213G>A	p.Asp405Asn	missense_variant	MODERATE	1.0	29766.7	1772
2019-nCoV	22786	A	C	SNP	Homozygous	S	QHD43416.1	1	c.1224A>C	p.Arg408Ser	missense_variant	MODERATE	1.0	31023.6	1709
2019-nCoV	22813	G	T	SNP	Homozygous	S	QHD43416.1	1	c.1251G>T	p.Lys417Asn	missense_variant	MODERATE	0.999499	33873.2	32615
2019-nCoV	22882	T	G	SNP	Homozygous	S	QHD43416.1	1	c.1320T>G	p.Asn440Lys	missense_variant	MODERATE	0.998999	33830.9	53573
2019-nCoV	22917	T	G	SNP	Homozygous	S	QHD43416.1	1	c.1355T>G	p.Leu452Arg	missense_variant	MODERATE	0.996998	36122.1	52950
2019-nCoV	22992	GCAC	ACAA	MNP	Homozygous	S	QHD43416.1	1	c.1430_1433delGCACinsACAA	p.SerThr477AsnLys	missense_variant	MODERATE	1.0	36009.5	19686
2019-nCoV	23013	A	C	SNP	Homozygous	S	QHD43416.1	1	c.1451A>C	p.Glu484Ala	missense_variant	MODERATE	0.997987	35965.0	32744
2019-nCoV	23018	T	G	SNP	Homozygous	S	QHD43416.1	1	c.1456T>G	p.Phe486Val	missense_variant	MODERATE	0.99	35625.6	32852
2019-nCoV	23055	A	G	SNP	Homozygous	S	QHD43416.1	1	c.1493A>G	p.Gln498Arg	missense_variant	MODERATE	0.996416	34884.0	14076
2019-nCoV	23063	A	T	SNP	Homozygous	S	QHD43416.1	1	c.1501A>T	p.Asn501Tyr	missense_variant	MODERATE	0.98999	32948.6	14375
2019-nCoV	23075	T	C	SNP	Homozygous	S	QHD43416.1	1	c.1513T>C	p.Tyr505His	missense_variant	MODERATE	0.995466	35798.9	14871
2019-nCoV	23403	A	G	SNP	Homozygous	S	QHD43416.1	1	c.1841A>G	p.Asp614Gly	missense_variant	MODERATE	1.0	32946.5	47033
2019-nCoV	23525	C	T	SNP	Homozygous	S	QHD43416.1	1	c.1963C>T	p.His655Tyr	missense_variant	MODERATE	0.997997	33593.1	82822
2019-nCoV	23535	A	G	SNP	Heterozygous	S	QHD43416.1	1	c.1973A>G	p.Asn658Ser	missense_variant	MODERATE	0.0275275	48.9301	82800
2019-nCoV	23599	T	G	SNP	Homozygous	S	QHD43416.1	1	c.2037T>G	p.Asn679Lys	missense_variant	MODERATE	0.998998	36211.2	121821
2019-nCoV	23604	C	A	SNP	Homozygous	S	QHD43416.1	1	c.2042C>A	p.Pro681His	missense_variant	MODERATE	0.997995	19736.4	121882
2019-nCoV	23854	C	A	SNP	Homozygous	S	QHD43416.1	1	c.2292C>A	p.Asn764Lys	missense_variant	MODERATE	0.994985	32805.8	37662
2019-nCoV	23948	GATTTTG	TATTT	MIXED	Heterozygous	S	QHD43416.1	1	c.2386_2392delGATTTTGinsTATTT	p.Asp796fs	frameshift_variant&missense_variant	HIGH	0.0548246	30334.6	26934
2019-nCoV	23948	G	T	SNP	Heterozygous	S	QHD43416.1	1	c.2386G>T	p.Asp796Tyr	missense_variant	MODERATE	0.945175	30334.6	26934
2019-nCoV	24133	C	T	SNP	Heterozygous	S	QHD43416.1	1	c.2571C>T	p.Gly857Gly	synonymous_variant	LOW	0.1345	1610.23	22716
2019-nCoV	24421	C	T	SNP	Heterozygous	S	QHD43416.1	1	c.2859C>T	p.Asn953Asn	synonymous_variant	LOW	0.2006	3074.3	50060
2019-nCoV	24424	A	T	SNP	Homozygous	S	QHD43416.1	1	c.2862A>T	p.Gln954His	missense_variant	MODERATE	0.996956	19396.8	40413
2019-nCoV	24469	T	A	SNP	Homozygous	S	QHD43416.1	1	c.2907T>A	p.Asn969Lys	missense_variant	MODERATE	0.986967	31499.7	65170
2019-nCoV	24620	G	T	SNP	Heterozygous	S	QHD43416.1	1	c.3058G>T	p.Ala1020Ser	missense_variant	MODERATE	0.0555556	302.959	40527
2019-nCoV	25000	C	T	SNP	Homozygous	S	QHD43416.1	1	c.3438C>T	p.Asp1146Asp	synonymous_variant	LOW	1.0	33741.6	42222
2019-nCoV	25350	C	A	SNP	Heterozygous	S	QHD43416.1	1	c.3788C>A	p.Pro1263Gln	missense_variant	MODERATE	0.0380325	64.112	7147
2019-nCoV	25445	G	T	SNP	Heterozygous	ORF3a	QHD43417.1	1	c.53G>T	p.Gly18Val	missense_variant	MODERATE	0.078	445.89	39622
2019-nCoV	25522	G	A	SNP	Heterozygous	ORF3a	QHD43417.1	1	c.130G>A	p.Gly44Arg	missense_variant	MODERATE	0.0415	155.713	99665
2019-nCoV	25584	C	T	SNP	Homozygous	ORF3a	QHD43417.1	1	c.192C>T	p.Thr64Thr	synonymous_variant	LOW	0.992968	35661.9	71291
2019-nCoV	25603	C	T	SNP	Heterozygous	ORF3a	QHD43417.1	1	c.211C>T	p.Leu71Leu	synonymous_variant	LOW	0.032	75.9556	71319
2019-nCoV	25714	C	G	SNP	Heterozygous	ORF3a	QHD43417.1	1	c.322C>G	p.Leu108Val	missense_variant	MODERATE	0.16016	1780.6	61287
2019-nCoV	25913	G	A	SNP	Heterozygous	ORF3a	QHD43417.1	1	c.521G>A	p.Gly174Asp	missense_variant	MODERATE	0.0695348	347.975	4167
2019-nCoV	26060	C	T	SNP	Homozygous	ORF3a	QHD43417.1	1	c.668C>T	p.Thr223Ile	missense_variant	MODERATE	0.998999	36258.5	33933
2019-nCoV	26167	G	C	SNP	Heterozygous	ORF3a	QHD43417.1	1	c.775G>C	p.Val259Leu	missense_variant	MODERATE	0.051	249.395	32763
2019-nCoV	26270	C	T	SNP	Homozygous	E	QHD43418.1	1	c.26C>T	p.Thr9Ile	missense_variant	MODERATE	0.998495	33409.6	94450
2019-nCoV	26529	G	A	SNP	Heterozygous	M	QHD43419.1	1	c.7G>A	p.Asp3Asn	missense_variant	MODERATE	0.94044	32150.1	13832
2019-nCoV	26577	C	G	SNP	Homozygous	M	QHD43419.1	1	c.55C>G	p.Gln19Glu	missense_variant	MODERATE	1.0	33745.2	6269
2019-nCoV	26709	G	A	SNP	Homozygous	M	QHD43419.1	1	c.187G>A	p.Ala63Thr	missense_variant	MODERATE	1.0	36311.3	21853
2019-nCoV	26858	C	T	SNP	Heterozygous	M	QHD43419.1	1	c.336C>T	p.Phe112Phe	synonymous_variant	LOW	0.06	342.143	29629
2019-nCoV	26972	T	C	SNP	Heterozygous	M	QHD43419.1	1	c.450T>C	p.Arg150Arg	synonymous_variant	LOW	0.0235	28.4751	34004
2019-nCoV	27012	C	T	SNP	Heterozygous	M	QHD43419.1	1	c.490C>T	p.Leu164Leu	synonymous_variant	LOW	0.1135	945.821	33707
2019-nCoV	27038	A	G	SNP	Heterozygous	M	QHD43419.1	1	c.516A>G	p.Thr172Thr	synonymous_variant	LOW	0.2695	4883.24	3738
2019-nCoV	27128	C	T	SNP	Heterozygous	M	QHD43419.1	1	c.606C>T	p.Gly202Gly	synonymous_variant	LOW	0.041	88.0635	22352
2019-nCoV	27143	C	T	SNP	Heterozygous	M	QHD43419.1	1	c.621C>T	p.Asn207Asn	synonymous_variant	LOW	0.162581	2203.41	38984
2019-nCoV	27218	A	G	SNP	Heterozygous	ORF6	QHD43420.1	1	c.17A>G	p.Asp6Gly	missense_variant	MODERATE	0.0685686	455.515	19753
2019-nCoV	27259	A	C	SNP	Heterozygous	ORF6	QHD43420.1	1	c.58A>C	p.Arg20Arg	synonymous_variant	LOW	0.0547189	290.845	28798
2019-nCoV	27382	GAT	CTC	MNP	Heterozygous	ORF6	QHD43420.1	1	c.181_183delGATinsCTC	p.Asp61Leu	missense_variant	MODERATE	0.071826	510.349	10720
2019-nCoV	27438	T	C	SNP	Heterozygous	ORF7a	QHD43421.1	1	c.45T>C	p.Cys15Cys	synonymous_variant	LOW	0.304957	5107.73	35255
2019-nCoV	27513	C	T	SNP	Heterozygous	ORF7a	QHD43421.1	1	c.120C>T	p.Tyr40Tyr	synonymous_variant	LOW	0.114171	1213.58	40791
2019-nCoV	27532	C	T	SNP	Heterozygous	ORF7a	QHD43421.1	1	c.139C>T	p.His47Tyr	missense_variant	MODERATE	0.0409712	131.192	42073
2019-nCoV	27578	AATT	A	DEL	Heterozygous	ORF7a	QHD43421.1	1	c.186_188delATT	p.Gln62_Phe63delinsHis	disruptive_inframe_deletion	MODERATE	0.179758	2153.9	41795
2019-nCoV	27788	G	T	SNP	Heterozygous	ORF8	QHD43422.1	-1	c.-106G>T	.	upstream_gene_variant	MODIFIER	0.0400601	146.01	40009
2019-nCoV	27807	C	T	SNP	Homozygous	ORF8	QHD43422.1	-1	c.-87C>T	.	upstream_gene_variant	MODIFIER	0.999499	36335.0	40425
2019-nCoV	27889	C	T	SNP	Heterozygous	ORF8	QHD43422.1	-1	c.-5C>T	.	upstream_gene_variant	MODIFIER	0.909409	30517.1	32982
2019-nCoV	27916	G	T	SNP	Heterozygous	ORF8	QHD43422.1	1	c.23G>T	p.Gly8Val	missense_variant	MODERATE	0.0195	13.1314	36790
2019-nCoV	28107	C	T	SNP	Heterozygous	ORF8	QHD43422.1	1	c.214C>T	p.Gln72*	stop_gained	HIGH	0.0285428	50.322	32934
2019-nCoV	28150	T	C	SNP	Heterozygous	ORF8	QHD43422.1	1	c.257T>C	p.Phe86Ser	missense_variant	MODERATE	0.0405	145.919	67872
2019-nCoV	28271	A	T	SNP	Heterozygous	N	QHD43423.2	-1	c.-3A>T	.	upstream_gene_variant	MODIFIER	0.97193	30927.4	85024
2019-nCoV	28290	C	T	SNP	Heterozygous	N	QHD43423.2	1	c.17C>T	p.Pro6Leu	missense_variant	MODERATE	0.052026	262.911	85885
2019-nCoV	28311	C	T	SNP	Homozygous	N	QHD43423.2	1	c.38C>T	p.Pro13Leu	missense_variant	MODERATE	0.97999	18761.1	85043
2019-nCoV	28330	A	G	SNP	Heterozygous	N	QHD43423.2	1	c.57A>G	p.Gly19Gly	synonymous_variant	LOW	0.537994	13365.0	78635
2019-nCoV	28361	GGAGAACGCA	G	DEL	Heterozygous	N	QHD43423.2	1	c.90_98delAGAACGCAG	p.Glu31_Ser33del	disruptive_inframe_deletion	MODERATE	0.947879	35067.0	18912
2019-nCoV	28361	GGAGAACGCAG	TT	MIXED	Heterozygous	N	QHD43423.2	1	c.88_98delGGAGAACGCAGinsTT	p.Gly30_Ser33delinsPhe	missense_variant&disruptive_inframe_deletion	MODERATE	0.0521206	35067.0	18912
2019-nCoV	28402	A	G	SNP	Heterozygous	N	QHD43423.2	1	c.129A>G	p.Gln43Gln	synonymous_variant	LOW	0.045	112.892	35510
2019-nCoV	28681	G	T	SNP	Heterozygous	N	QHD43423.2	1	c.408G>T	p.Glu136Asp	missense_variant	MODERATE	0.0796194	625.793	77259
2019-nCoV	28724	C	T	SNP	Heterozygous	N	QHD43423.2	1	c.451C>T	p.Pro151Ser	missense_variant	MODERATE	0.0285	23.4257	78229
2019-nCoV	28881	GGG	AAC	MNP	Homozygous	N	QHD43423.2	1	c.608_610delGGGinsAAC	p.ArgGly203LysArg	missense_variant	MODERATE	1.0	33275.6	26601
2019-nCoV	29510	A	C	SNP	Homozygous	N	QHD43423.2	1	c.1237A>C	p.Ser413Arg	missense_variant	MODERATE	1.0	33166.4	7086
2019-nCoV	29614	C	T	SNP	Heterozygous	ORF10	QHI42199.1	1	c.57C>T	p.Cys19Cys	synonymous_variant	LOW	0.058	329.984	3905
2019-nCoV	29642	C	T	SNP	Heterozygous	ORF10	QHI42199.1	1	c.85C>T	p.Gln29*	stop_gained	HIGH	0.135068	1314.94	3940
2019-nCoV	29666	C	T	SNP	Heterozygous	ORF10	QHI42199.1	1	c.109C>T	p.Leu37Phe	missense_variant	MODERATE	0.284927	5241.05	3887
2019-nCoV	29733	CGAGGCCACGCGGAGTACGATCGAGTG	C	DEL	Homozygous	S	QHD43416.1	-1	c.*4350_*4375delGAGGCCACGCGGAGTACGATCGAGTG	.	downstream_gene_variant	MODIFIER	1.0	35669.1	2824
