CHROM	POS	REF	ALT	VARTYPE	GEN[*].GT	ANN[*].GENE	ANN[*].FEATUREID	EFF[*].RANK	ANN[*].HGVS_C	ANN[*].HGVS_P	ANN[*].EFFECT	EFF[*].IMPACT	AF	QUAL	DP
2019-nCoV	44	C	T	SNP	Homozygous	orf1ab	QHD43415.1	-1	c.-222C>T	.	upstream_gene_variant	MODIFIER	0.989484	32373.4	44887
2019-nCoV	222	C	T	SNP	Heterozygous	orf1ab	QHD43415.1	-1	c.-44C>T	.	upstream_gene_variant	MODIFIER	0.136637	1342.41	48545
2019-nCoV	241	C	T	SNP	Homozygous	orf1ab	QHD43415.1	-1	c.-25C>T	.	upstream_gene_variant	MODIFIER	1.0	33482.5	5719
2019-nCoV	670	T	G	SNP	Homozygous	orf1ab	QHD43415.1	1	c.405T>G	p.Ser135Arg	missense_variant	MODERATE	0.997998	33535.1	56490
2019-nCoV	925	C	T	SNP	Heterozygous	orf1ab	QHD43415.1	1	c.660C>T	p.Asp220Asp	synonymous_variant	LOW	0.023023	26.2375	31527
2019-nCoV	1627	C	T	SNP	Heterozygous	orf1ab	QHD43415.1	1	c.1362C>T	p.Leu454Leu	synonymous_variant	LOW	0.2915	4754.58	28190
2019-nCoV	1931	C	A	SNP	Heterozygous	orf1ab	QHD43415.1	1	c.1666C>A	p.Gln556Lys	missense_variant	MODERATE	0.504825	11924.2	15330
2019-nCoV	2094	C	T	SNP	Heterozygous	orf1ab	QHD43415.1	1	c.1829C>T	p.Ser610Leu	missense_variant	MODERATE	0.0425	98.0602	6901
2019-nCoV	2272	G	T	SNP	Heterozygous	orf1ab	QHD43415.1	1	c.2007G>T	p.Lys669Asn	missense_variant	MODERATE	0.025849	39.1612	19722
2019-nCoV	2393	G	A	SNP	Heterozygous	orf1ab	QHD43415.1	1	c.2128G>A	p.Val710Ile	missense_variant	MODERATE	0.0325	81.1385	2094
2019-nCoV	2790	C	T	SNP	Homozygous	orf1ab	QHD43415.1	1	c.2525C>T	p.Thr842Ile	missense_variant	MODERATE	0.998993	19086.0	32707
2019-nCoV	2954	T	C	SNP	Heterozygous	orf1ab	QHD43415.1	1	c.2689T>C	p.Leu897Leu	synonymous_variant	LOW	0.6125	16617.0	23152
2019-nCoV	3037	C	T	SNP	Homozygous	orf1ab	QHD43415.1	1	c.2772C>T	p.Phe924Phe	synonymous_variant	LOW	1.0	33440.3	21076
2019-nCoV	3569	A	G	SNP	Heterozygous	orf1ab	QHD43415.1	1	c.3304A>G	p.Ser1102Gly	missense_variant	MODERATE	0.02	14.6815	15257
2019-nCoV	3604	C	T	SNP	Heterozygous	orf1ab	QHD43415.1	1	c.3339C>T	p.His1113His	synonymous_variant	LOW	0.0425213	95.1861	28120
2019-nCoV	3653	C	T	SNP	Heterozygous	orf1ab	QHD43415.1	1	c.3388C>T	p.Leu1130Phe	missense_variant	MODERATE	0.0425213	162.435	27998
2019-nCoV	3992	C	T	SNP	Heterozygous	orf1ab	QHD43415.1	1	c.3727C>T	p.Leu1243Leu	synonymous_variant	LOW	0.0230115	27.42	5898
2019-nCoV	4076	G	A	SNP	Heterozygous	orf1ab	QHD43415.1	1	c.3811G>A	p.Val1271Ile	missense_variant	MODERATE	0.0295739	27.697	11769
2019-nCoV	4184	G	A	SNP	Homozygous	orf1ab	QHD43415.1	1	c.3919G>A	p.Gly1307Ser	missense_variant	MODERATE	0.995	33459.7	12416
2019-nCoV	4321	C	T	SNP	Homozygous	orf1ab	QHD43415.1	1	c.4056C>T	p.Ala1352Ala	synonymous_variant	LOW	0.99899	32694.0	28584
2019-nCoV	5284	C	T	SNP	Heterozygous	orf1ab	QHD43415.1	1	c.5019C>T	p.Asn1673Asn	synonymous_variant	LOW	0.0736104	540.85	12531
2019-nCoV	5730	C	T	SNP	Heterozygous	orf1ab	QHD43415.1	1	c.5465C>T	p.Thr1822Ile	missense_variant	MODERATE	0.0476668	215.335	32587
2019-nCoV	5784	C	T	SNP	Heterozygous	orf1ab	QHD43415.1	1	c.5519C>T	p.Thr1840Ile	missense_variant	MODERATE	0.0345865	97.4385	32137
2019-nCoV	6144	T	G	SNP	Heterozygous	orf1ab	QHD43415.1	1	c.5879T>G	p.Phe1960Cys	missense_variant	MODERATE	0.0325325	79.4687	24201
2019-nCoV	6544	A	G	SNP	Heterozygous	orf1ab	QHD43415.1	1	c.6279A>G	p.Thr2093Thr	synonymous_variant	LOW	0.02002	15.026	19484
2019-nCoV	7235	G	A	SNP	Heterozygous	orf1ab	QHD43415.1	1	c.6970G>A	p.Val2324Ile	missense_variant	MODERATE	0.133567	1590.2	19642
2019-nCoV	7528	C	T	SNP	Heterozygous	orf1ab	QHD43415.1	1	c.7263C>T	p.Val2421Val	synonymous_variant	LOW	0.1585	2114.19	17964
2019-nCoV	7869	C	T	SNP	Heterozygous	orf1ab	QHD43415.1	1	c.7604C>T	p.Ser2535Leu	missense_variant	MODERATE	0.0230115	26.3328	27008
2019-nCoV	8389	C	T	SNP	Heterozygous	orf1ab	QHD43415.1	1	c.8124C>T	p.Asn2708Asn	synonymous_variant	LOW	0.057	320.906	37100
2019-nCoV	8950	C	T	SNP	Heterozygous	orf1ab	QHD43415.1	1	c.8685C>T	p.Ile2895Ile	synonymous_variant	LOW	0.0250125	35.852	27257
2019-nCoV	9107	T	C	SNP	Heterozygous	orf1ab	QHD43415.1	1	c.8842T>C	p.Leu2948Leu	synonymous_variant	LOW	0.0715358	510.904	32571
2019-nCoV	9328	A	G	SNP	Heterozygous	orf1ab	QHD43415.1	1	c.9063A>G	p.Val3021Val	synonymous_variant	LOW	0.0290145	57.9236	14672
2019-nCoV	9344	C	T	SNP	Homozygous	orf1ab	QHD43415.1	1	c.9079C>T	p.Leu3027Phe	missense_variant	MODERATE	1.0	32531.6	12867
2019-nCoV	9424	A	G	SNP	Homozygous	orf1ab	QHD43415.1	1	c.9159A>G	p.Val3053Val	synonymous_variant	LOW	1.0	36445.6	9281
2019-nCoV	9534	C	T	SNP	Homozygous	orf1ab	QHD43415.1	1	c.9269C>T	p.Thr3090Ile	missense_variant	MODERATE	1.0	16838.9	925
2019-nCoV	9866	C	T	SNP	Heterozygous	orf1ab	QHD43415.1	1	c.9601C>T	p.Leu3201Phe	missense_variant	MODERATE	0.0331658	83.8686	22335
2019-nCoV	10029	C	T	SNP	Homozygous	orf1ab	QHD43415.1	1	c.9764C>T	p.Thr3255Ile	missense_variant	MODERATE	0.992996	35851.1	28551
2019-nCoV	10084	T	C	SNP	Heterozygous	orf1ab	QHD43415.1	1	c.9819T>C	p.Ser3273Ser	synonymous_variant	LOW	0.0610305	365.499	11337
2019-nCoV	10198	C	T	SNP	Homozygous	orf1ab	QHD43415.1	1	c.9933C>T	p.Asp3311Asp	synonymous_variant	LOW	0.9995	33920.6	24994
2019-nCoV	10447	GCC	ACA	MNP	Homozygous	orf1ab	QHD43415.1	1	c.10182_10184delGCCinsACA	p.Pro3395His	missense_variant	MODERATE	0.999492	35679.2	11421
2019-nCoV	10615	C	T	SNP	Heterozygous	orf1ab	QHD43415.1	1	c.10350C>T	p.Asp3450Asp	synonymous_variant	LOW	0.0478723	29.767	188
2019-nCoV	10617	G	T	SNP	Heterozygous	orf1ab	QHD43415.1	1	c.10352G>T	p.Arg3451Met	missense_variant	MODERATE	0.0425532	24.6837	185
2019-nCoV	10998	G	A	SNP	Heterozygous	orf1ab	QHD43415.1	1	c.10733G>A	p.Gly3578Asp	missense_variant	MODERATE	0.0615	376.034	25793
2019-nCoV	11287	GTCTGGTTTT	G	DEL	Homozygous	orf1ab	QHD43415.1	1	c.11023_11031delTCTGGTTTT	p.Ser3675_Phe3677del	conservative_inframe_deletion	MODERATE	1.0	35710.6	32424
2019-nCoV	11674	C	T	SNP	Heterozygous	orf1ab	QHD43415.1	1	c.11409C>T	p.Tyr3803Tyr	synonymous_variant	LOW	0.0245	31.8373	12315
2019-nCoV	11750	C	T	SNP	Heterozygous	orf1ab	QHD43415.1	1	c.11485C>T	p.Leu3829Phe	missense_variant	MODERATE	0.535768	13594.9	21064
2019-nCoV	12160	G	A	SNP	Heterozygous	orf1ab	QHD43415.1	1	c.11895G>A	p.Glu3965Glu	synonymous_variant	LOW	0.958835	33278.8	12523
2019-nCoV	12310	G	A	SNP	Heterozygous	orf1ab	QHD43415.1	1	c.12045G>A	p.Gln4015Gln	synonymous_variant	LOW	0.128693	1182.09	22784
2019-nCoV	12444	A	G	SNP	Heterozygous	orf1ab	QHD43415.1	1	c.12179A>G	p.Asn4060Ser	missense_variant	MODERATE	0.0255	38.077	22601
2019-nCoV	12880	C	T	SNP	Homozygous	orf1ab	QHD43415.1	1	c.12615C>T	p.Ile4205Ile	synonymous_variant	LOW	1.0	36240.1	27737
2019-nCoV	13423	C	T	SNP	Heterozygous	orf1ab	QHD43415.1	1	c.13158C>T	p.Leu4386Leu	synonymous_variant	LOW	0.0385	69.9571	58131
2019-nCoV	13762	G	A	SNP	Heterozygous	orf1ab	QHD43415.1	2	c.13498G>A	p.Gly4500Ser	missense_variant	MODERATE	0.0430646	169.238	11626
2019-nCoV	14257	T	C	SNP	Heterozygous	orf1ab	QHD43415.1	2	c.13993T>C	p.Tyr4665His	missense_variant	MODERATE	0.494747	12084.9	17921
2019-nCoV	14313	T	C	SNP	Heterozygous	orf1ab	QHD43415.1	2	c.14049T>C	p.Asp4683Asp	synonymous_variant	LOW	0.0305	67.4249	18074
2019-nCoV	14408	C	T	SNP	Homozygous	orf1ab	QHD43415.1	2	c.14144C>T	p.Pro4715Leu	missense_variant	MODERATE	0.998	33686.7	6787
2019-nCoV	14622	G	A	SNP	Heterozygous	orf1ab	QHD43415.1	2	c.14358G>A	p.Thr4786Thr	synonymous_variant	LOW	0.0405	145.578	12889
2019-nCoV	15451	G	A	SNP	Heterozygous	orf1ab	QHD43415.1	2	c.15187G>A	p.Gly5063Ser	missense_variant	MODERATE	0.0340681	46.9714	53045
2019-nCoV	15714	C	T	SNP	Homozygous	orf1ab	QHD43415.1	2	c.15450C>T	p.Leu5150Leu	synonymous_variant	LOW	1.0	36094.5	46371
2019-nCoV	15738	C	T	SNP	Heterozygous	orf1ab	QHD43415.1	2	c.15474C>T	p.Phe5158Phe	synonymous_variant	LOW	0.035035	48.2243	46636
2019-nCoV	16362	C	T	SNP	Heterozygous	orf1ab	QHD43415.1	2	c.16098C>T	p.Val5366Val	synonymous_variant	LOW	0.11334	1132.17	57064
2019-nCoV	16616	C	A	SNP	Heterozygous	orf1ab	QHD43415.1	2	c.16352C>A	p.Thr5451Asn	missense_variant	MODERATE	0.143072	1783.37	14053
2019-nCoV	16694	C	T	SNP	Heterozygous	orf1ab	QHD43415.1	2	c.16430C>T	p.Thr5477Ile	missense_variant	MODERATE	0.021	17.037	29867
2019-nCoV	16818	A	G	SNP	Heterozygous	orf1ab	QHD43415.1	2	c.16554A>G	p.Gln5518Gln	synonymous_variant	LOW	0.039	131.165	25367
2019-nCoV	16935	G	A	SNP	Heterozygous	orf1ab	QHD43415.1	2	c.16671G>A	p.Met5557Ile	missense_variant	MODERATE	0.494742	12097.3	36814
2019-nCoV	17039	A	G	SNP	Heterozygous	orf1ab	QHD43415.1	2	c.16775A>G	p.Asn5592Ser	missense_variant	MODERATE	0.3875	7399.93	27886
2019-nCoV	17209	T	G	SNP	Heterozygous	orf1ab	QHD43415.1	2	c.16945T>G	p.Leu5649Val	missense_variant	MODERATE	0.0235	28.4748	51443
2019-nCoV	17304	C	T	SNP	Heterozygous	orf1ab	QHD43415.1	2	c.17040C>T	p.Val5680Val	synonymous_variant	LOW	0.0356784	100.333	62272
2019-nCoV	17410	C	T	SNP	Homozygous	orf1ab	QHD43415.1	2	c.17146C>T	p.Arg5716Cys	missense_variant	MODERATE	0.9975	36193.0	39124
2019-nCoV	18163	A	G	SNP	Homozygous	orf1ab	QHD43415.1	2	c.17899A>G	p.Ile5967Val	missense_variant	MODERATE	0.999499	36322.7	12327
2019-nCoV	18457	C	T	SNP	Heterozygous	orf1ab	QHD43415.1	2	c.18193C>T	p.Pro6065Ser	missense_variant	MODERATE	0.025	35.1065	12732
2019-nCoV	18583	G	A	SNP	Heterozygous	orf1ab	QHD43415.1	2	c.18319G>A	p.Val6107Ile	missense_variant	MODERATE	0.0215	20.1971	19755
2019-nCoV	18606	C	T	SNP	Heterozygous	orf1ab	QHD43415.1	2	c.18342C>T	p.Gly6114Gly	synonymous_variant	LOW	0.0825365	633.32	19761
2019-nCoV	19326	A	G	SNP	Heterozygous	orf1ab	QHD43415.1	2	c.19062A>G	p.Pro6354Pro	synonymous_variant	LOW	0.025025	36.2721	27576
2019-nCoV	19886	A	G	SNP	Heterozygous	orf1ab	QHD43415.1	2	c.19622A>G	p.Lys6541Arg	missense_variant	MODERATE	0.0185	10.5328	43866
2019-nCoV	19955	C	T	SNP	Homozygous	orf1ab	QHD43415.1	2	c.19691C>T	p.Thr6564Ile	missense_variant	MODERATE	1.0	33835.5	40631
2019-nCoV	20055	A	G	SNP	Heterozygous	orf1ab	QHD43415.1	2	c.19791A>G	p.Glu6597Glu	synonymous_variant	LOW	0.970456	31635.9	27264
2019-nCoV	20235	C	T	SNP	Heterozygous	orf1ab	QHD43415.1	2	c.19971C>T	p.Pro6657Pro	synonymous_variant	LOW	0.0380571	124.219	7514
2019-nCoV	20352	G	A	SNP	Heterozygous	orf1ab	QHD43415.1	2	c.20088G>A	p.Gln6696Gln	synonymous_variant	LOW	0.0295	27.0915	20058
2019-nCoV	20679	G	A	SNP	Heterozygous	orf1ab	QHD43415.1	2	c.20415G>A	p.Pro6805Pro	synonymous_variant	LOW	0.0315158	74.0258	26351
2019-nCoV	20741	A	G	SNP	Heterozygous	orf1ab	QHD43415.1	2	c.20477A>G	p.Gln6826Arg	missense_variant	MODERATE	0.0191822	11.4875	14269
2019-nCoV	21219	C	T	SNP	Heterozygous	orf1ab	QHD43415.1	2	c.20955C>T	p.Phe6985Phe	synonymous_variant	LOW	0.0280421	50.1435	26517
2019-nCoV	21516	C	T	SNP	Heterozygous	orf1ab	QHD43415.1	2	c.21252C>T	p.Asn7084Asn	synonymous_variant	LOW	0.0520781	171.167	14076
2019-nCoV	21618	C	T	SNP	Homozygous	S	QHD43416.1	1	c.56C>T	p.Thr19Ile	missense_variant	MODERATE	1.0	33959.7	17317
2019-nCoV	21632	TTACCCCCTG	T	DEL	Homozygous	S	QHD43416.1	1	c.71_79delTACCCCCTG	p.Leu24_Ala27delinsSer	disruptive_inframe_deletion	MODERATE	1.0	36239.5	16990
2019-nCoV	21764	ATACATG	A	DEL	Heterozygous	S	QHD43416.1	1	c.204_209delACATGT	p.His69_Val70del	disruptive_inframe_deletion	MODERATE	0.960606	33183.9	19096
2019-nCoV	21846	C	T	SNP	Heterozygous	S	QHD43416.1	1	c.284C>T	p.Thr95Ile	missense_variant	MODERATE	0.0275138	18.4411	9828
2019-nCoV	21890	T	C	SNP	Heterozygous	S	QHD43416.1	1	c.328T>C	p.Leu110Leu	synonymous_variant	LOW	0.0555	303.054	27159
2019-nCoV	21987	G	A	SNP	Homozygous	S	QHD43416.1	1	c.425G>A	p.Gly142Asp	missense_variant	MODERATE	0.9975	33552.0	18251
2019-nCoV	22001	A	G	SNP	Heterozygous	S	QHD43416.1	1	c.439A>G	p.Lys147Glu	missense_variant	MODERATE	0.035589	53.7211	17930
2019-nCoV	22016	T	C	SNP	Heterozygous	S	QHD43416.1	1	c.454T>C	p.Trp152Arg	missense_variant	MODERATE	0.0375	119.266	18416
2019-nCoV	22200	T	G	SNP	Homozygous	S	QHD43416.1	1	c.638T>G	p.Val213Gly	missense_variant	MODERATE	0.994972	35649.6	10957
2019-nCoV	22326	C	T	SNP	Heterozygous	S	QHD43416.1	1	c.764C>T	p.Ser255Phe	missense_variant	MODERATE	0.090404	721.775	12379
2019-nCoV	22530	C	T	SNP	Heterozygous	S	QHD43416.1	1	c.968C>T	p.Thr323Ile	missense_variant	MODERATE	0.038	123.731	12650
2019-nCoV	22576	TGG	GA	MIXED	Homozygous	S	QHD43416.1	1	c.1014_1016delTGGinsGA	p.Phe338fs	frameshift_variant&missense_variant	HIGH	1.0	32433.6	11818
2019-nCoV	22599	G	C	SNP	Heterozygous	S	QHD43416.1	1	c.1037G>C	p.Arg346Thr	missense_variant	MODERATE	0.619144	16759.1	5977
2019-nCoV	22674	C	T	SNP	Homozygous	S	QHD43416.1	1	c.1112C>T	p.Ser371Phe	missense_variant	MODERATE	0.997496	33313.7	7192
2019-nCoV	22679	T	C	SNP	Homozygous	S	QHD43416.1	1	c.1117T>C	p.Ser373Pro	missense_variant	MODERATE	0.997496	33217.7	6989
2019-nCoV	22686	CCA	TCG	MNP	Homozygous	S	QHD43416.1	1	c.1124_1126delCCAinsTCG	p.SerThr375PheAla	missense_variant	MODERATE	0.990762	21128.8	1589
2019-nCoV	22775	G	A	SNP	Homozygous	S	QHD43416.1	1	c.1213G>A	p.Asp405Asn	missense_variant	MODERATE	0.999237	23672.9	1308
2019-nCoV	22786	A	C	SNP	Homozygous	S	QHD43416.1	1	c.1224A>C	p.Arg408Ser	missense_variant	MODERATE	1.0	23382.5	1285
2019-nCoV	22813	G	T	SNP	Homozygous	S	QHD43416.1	1	c.1251G>T	p.Lys417Asn	missense_variant	MODERATE	1.0	33928.7	21535
2019-nCoV	22855	C	T	SNP	Heterozygous	S	QHD43416.1	1	c.1293C>T	p.Gly431Gly	synonymous_variant	LOW	0.0265	17.0896	20722
2019-nCoV	22882	T	G	SNP	Homozygous	S	QHD43416.1	1	c.1320T>G	p.Asn440Lys	missense_variant	MODERATE	0.997999	33702.7	30696
2019-nCoV	22893	A	C	SNP	Heterozygous	S	QHD43416.1	1	c.1331A>C	p.Lys444Thr	missense_variant	MODERATE	0.437219	11264.8	30674
2019-nCoV	22894	G	T	SNP	Heterozygous	S	QHD43416.1	1	c.1332G>T	p.Lys444Asn	missense_variant	MODERATE	0.0507538	249.298	30674
2019-nCoV	22910	A	G	SNP	Heterozygous	S	QHD43416.1	1	c.1348A>G	p.Asn450Asp	missense_variant	MODERATE	0.029	57.8823	30377
2019-nCoV	22917	T	G	SNP	Heterozygous	S	QHD43416.1	1	c.1355T>G	p.Leu452Arg	missense_variant	MODERATE	0.977489	34708.6	30199
2019-nCoV	22942	T	A	SNP	Heterozygous	S	QHD43416.1	1	c.1380T>A	p.Asn460Lys	missense_variant	MODERATE	0.459189	13607.6	29756
2019-nCoV	22992	GCAC	ACAA	MNP	Homozygous	S	QHD43416.1	1	c.1430_1433delGCACinsACAA	p.SerThr477AsnLys	missense_variant	MODERATE	1.0	36215.7	9630
2019-nCoV	23013	A	C	SNP	Homozygous	S	QHD43416.1	1	c.1451A>C	p.Glu484Ala	missense_variant	MODERATE	0.998492	36103.6	24106
2019-nCoV	23018	T	G	SNP	Heterozygous	S	QHD43416.1	1	c.1456T>G	p.Phe486Val	missense_variant	MODERATE	0.9725	34413.1	24192
2019-nCoV	23055	A	G	SNP	Homozygous	S	QHD43416.1	1	c.1493A>G	p.Gln498Arg	missense_variant	MODERATE	0.992477	35568.6	14821
2019-nCoV	23063	A	T	SNP	Homozygous	S	QHD43416.1	1	c.1501A>T	p.Asn501Tyr	missense_variant	MODERATE	0.991	32941.9	14984
2019-nCoV	23075	T	C	SNP	Homozygous	S	QHD43416.1	1	c.1513T>C	p.Tyr505His	missense_variant	MODERATE	1.0	36365.1	15206
2019-nCoV	23403	A	G	SNP	Homozygous	S	QHD43416.1	1	c.1841A>G	p.Asp614Gly	missense_variant	MODERATE	1.0	33524.9	49184
2019-nCoV	23525	C	T	SNP	Homozygous	S	QHD43416.1	1	c.1963C>T	p.His655Tyr	missense_variant	MODERATE	1.0	33827.0	73894
2019-nCoV	23599	T	G	SNP	Homozygous	S	QHD43416.1	1	c.2037T>G	p.Asn679Lys	missense_variant	MODERATE	0.998997	33700.7	91877
2019-nCoV	23604	C	A	SNP	Homozygous	S	QHD43416.1	1	c.2042C>A	p.Pro681His	missense_variant	MODERATE	0.996489	35968.8	91892
2019-nCoV	23854	C	A	SNP	Homozygous	S	QHD43416.1	1	c.2292C>A	p.Asn764Lys	missense_variant	MODERATE	0.99548	32933.2	22831
2019-nCoV	23948	GATTTTG	TATTT	MIXED	Heterozygous	S	QHD43416.1	1	c.2386_2392delGATTTTGinsTATTT	p.Asp796fs	frameshift_variant&missense_variant	HIGH	0.0656566	29935.2	19030
2019-nCoV	23948	G	T	SNP	Heterozygous	S	QHD43416.1	1	c.2386G>T	p.Asp796Tyr	missense_variant	MODERATE	0.934343	29935.2	19030
2019-nCoV	24424	A	T	SNP	Homozygous	S	QHD43416.1	1	c.2862A>T	p.Gln954His	missense_variant	MODERATE	0.999494	19569.7	25773
2019-nCoV	24469	T	A	SNP	Homozygous	S	QHD43416.1	1	c.2907T>A	p.Asn969Lys	missense_variant	MODERATE	0.98999	31308.2	38823
2019-nCoV	24734	C	T	SNP	Heterozygous	S	QHD43416.1	1	c.3172C>T	p.His1058Tyr	missense_variant	MODERATE	0.0265133	42.9815	15000
2019-nCoV	24821	G	T	SNP	Heterozygous	S	QHD43416.1	1	c.3259G>T	p.Ala1087Ser	missense_variant	MODERATE	0.0280983	21.757	2099
2019-nCoV	25000	C	T	SNP	Homozygous	S	QHD43416.1	1	c.3438C>T	p.Asp1146Asp	synonymous_variant	LOW	0.998499	33771.7	29897
2019-nCoV	25339	C	T	SNP	Heterozygous	S	QHD43416.1	1	c.3777C>T	p.Asp1259Asp	synonymous_variant	LOW	0.0325	80.5143	6734
2019-nCoV	25416	C	T	SNP	Heterozygous	ORF3a	QHD43417.1	1	c.24C>T	p.Phe8Phe	synonymous_variant	LOW	0.0345173	95.6837	26059
2019-nCoV	25452	C	T	SNP	Heterozygous	ORF3a	QHD43417.1	1	c.60C>T	p.Ile20Ile	synonymous_variant	LOW	0.046023	124.391	24920
2019-nCoV	25522	G	A	SNP	Heterozygous	ORF3a	QHD43417.1	1	c.130G>A	p.Gly44Arg	missense_variant	MODERATE	0.101602	986.663	74629
2019-nCoV	25540	G	A	SNP	Heterozygous	ORF3a	QHD43417.1	1	c.148G>A	p.Val50Ile	missense_variant	MODERATE	0.0285	54.7897	75469
2019-nCoV	25584	C	T	SNP	Homozygous	ORF3a	QHD43417.1	1	c.192C>T	p.Thr64Thr	synonymous_variant	LOW	0.992961	35625.9	57645
2019-nCoV	25626	C	T	SNP	Heterozygous	ORF3a	QHD43417.1	1	c.234C>T	p.His78His	synonymous_variant	LOW	0.0341023	90.9683	27038
2019-nCoV	25904	C	T	SNP	Heterozygous	ORF3a	QHD43417.1	1	c.512C>T	p.Ser171Leu	missense_variant	MODERATE	0.022022	22.4726	2544
2019-nCoV	26060	C	T	SNP	Homozygous	ORF3a	QHD43417.1	1	c.668C>T	p.Thr223Ile	missense_variant	MODERATE	0.9995	36403.5	27547
2019-nCoV	26262	G	A	SNP	Heterozygous	E	QHD43418.1	1	c.18G>A	p.Ser6Ser	synonymous_variant	LOW	0.0510766	251.802	66556
2019-nCoV	26270	C	T	SNP	Homozygous	E	QHD43418.1	1	c.26C>T	p.Thr9Ile	missense_variant	MODERATE	1.0	33901.1	66125
2019-nCoV	26275	A	G	SNP	Heterozygous	E	QHD43418.1	1	c.31A>G	p.Thr11Ala	missense_variant	MODERATE	0.033	84.4172	65880
2019-nCoV	26428	G	T	SNP	Heterozygous	E	QHD43418.1	1	c.184G>T	p.Val62Phe	missense_variant	MODERATE	0.0885886	764.687	13802
2019-nCoV	26529	G	A	SNP	Heterozygous	M	QHD43419.1	1	c.7G>A	p.Asp3Asn	missense_variant	MODERATE	0.9045	30230.6	14760
2019-nCoV	26577	C	G	SNP	Homozygous	M	QHD43419.1	1	c.55C>G	p.Gln19Glu	missense_variant	MODERATE	1.0	33938.7	6837
2019-nCoV	26709	G	A	SNP	Homozygous	M	QHD43419.1	1	c.187G>A	p.Ala63Thr	missense_variant	MODERATE	1.0	36436.0	24910
2019-nCoV	26858	C	T	SNP	Heterozygous	M	QHD43419.1	1	c.336C>T	p.Phe112Phe	synonymous_variant	LOW	0.0325	80.6597	35452
2019-nCoV	26942	C	T	SNP	Heterozygous	M	QHD43419.1	1	c.420C>T	p.Ile140Ile	synonymous_variant	LOW	0.0390195	132.335	42690
2019-nCoV	27012	C	T	SNP	Heterozygous	M	QHD43419.1	1	c.490C>T	p.Leu164Leu	synonymous_variant	LOW	0.1815	2211.21	42521
2019-nCoV	27038	A	G	SNP	Heterozygous	M	QHD43419.1	1	c.516A>G	p.Thr172Thr	synonymous_variant	LOW	0.254627	4477.37	6893
2019-nCoV	27259	A	C	SNP	Heterozygous	ORF6	QHD43420.1	1	c.58A>C	p.Arg20Arg	synonymous_variant	LOW	0.0270812	18.5154	18491
2019-nCoV	27346	T	C	SNP	Heterozygous	ORF6	QHD43420.1	1	c.145T>C	p.Tyr49His	missense_variant	MODERATE	0.0495	151.171	18853
2019-nCoV	27382	GAT	CTC	MNP	Heterozygous	ORF6	QHD43420.1	1	c.181_183delGATinsCTC	p.Asp61Leu	missense_variant	MODERATE	0.0585879	899.597	6477
2019-nCoV	27389	C	T	SNP	Heterozygous	ORF7a	QHD43421.1	-1	c.-5C>T	.	upstream_gene_variant	MODIFIER	0.022011	22.1444	6749
2019-nCoV	27438	T	C	SNP	Heterozygous	ORF7a	QHD43421.1	1	c.45T>C	p.Cys15Cys	synonymous_variant	LOW	0.041	89.2026	23242
2019-nCoV	27513	C	T	SNP	Heterozygous	ORF7a	QHD43421.1	1	c.120C>T	p.Tyr40Tyr	synonymous_variant	LOW	0.158079	2102.37	39624
2019-nCoV	27600	C	T	SNP	Heterozygous	ORF7a	QHD43421.1	1	c.207C>T	p.Asp69Asp	synonymous_variant	LOW	0.029	57.6648	23976
2019-nCoV	27794	T	C	SNP	Heterozygous	ORF8	QHD43422.1	-1	c.-100T>C	.	upstream_gene_variant	MODIFIER	0.102963	1008.15	37785
2019-nCoV	27807	C	T	SNP	Homozygous	ORF8	QHD43422.1	-1	c.-87C>T	.	upstream_gene_variant	MODIFIER	0.999499	36377.7	37889
2019-nCoV	27889	C	T	SNP	Heterozygous	ORF8	QHD43422.1	-1	c.-5C>T	.	upstream_gene_variant	MODIFIER	0.966466	33930.9	21396
2019-nCoV	27915	G	T	SNP	Heterozygous	ORF8	QHD43422.1	1	c.22G>T	p.Gly8*	stop_gained	HIGH	0.027	46.002	22071
2019-nCoV	27942	C	T	SNP	Heterozygous	ORF8	QHD43422.1	1	c.49C>T	p.His17Tyr	missense_variant	MODERATE	0.134982	916.811	1415
2019-nCoV	28134	G	A	SNP	Heterozygous	ORF8	QHD43422.1	1	c.241G>A	p.Val81Ile	missense_variant	MODERATE	0.0730731	529.449	58810
2019-nCoV	28153	C	T	SNP	Heterozygous	ORF8	QHD43422.1	1	c.260C>T	p.Thr87Ile	missense_variant	MODERATE	0.0335168	88.2599	56449
2019-nCoV	28271	A	T	SNP	Heterozygous	N	QHD43423.2	-1	c.-3A>T	.	upstream_gene_variant	MODIFIER	0.963019	30363.7	67861
2019-nCoV	28311	C	T	SNP	Heterozygous	N	QHD43423.2	1	c.38C>T	p.Pro13Leu	missense_variant	MODERATE	0.486174	36181.0	67821
2019-nCoV	28311	CC	TT	MNP	Heterozygous	N	QHD43423.2	1	c.38_39delCCinsTT	p.Pro13Leu	missense_variant	MODERATE	0.513323	36181.0	67821
2019-nCoV	28330	A	G	SNP	Heterozygous	N	QHD43423.2	1	c.57A>G	p.Gly19Gly	synonymous_variant	LOW	0.381191	8195.08	64784
2019-nCoV	28361	GGAGAACGCA	G	DEL	Heterozygous	N	QHD43423.2	1	c.90_98delAGAACGCAG	p.Glu31_Ser33del	disruptive_inframe_deletion	MODERATE	0.844398	34846.0	16299
2019-nCoV	28361	GGAGAACGCAG	TT	MIXED	Heterozygous	N	QHD43423.2	1	c.88_98delGGAGAACGCAGinsTT	p.Gly30_Ser33delinsPhe	missense_variant&disruptive_inframe_deletion	MODERATE	0.155602	34846.0	16299
2019-nCoV	28510	T	C	SNP	Heterozygous	N	QHD43423.2	1	c.237T>C	p.Ser79Ser	synonymous_variant	LOW	0.0235118	28.1789	22757
2019-nCoV	28681	G	T	SNP	Heterozygous	N	QHD43423.2	1	c.408G>T	p.Glu136Asp	missense_variant	MODERATE	0.491984	11941.7	81686
2019-nCoV	28791	C	T	SNP	Heterozygous	N	QHD43423.2	1	c.518C>T	p.Ala173Val	missense_variant	MODERATE	0.0305	31.1385	84005
2019-nCoV	28881	GGG	AAC	MNP	Homozygous	N	QHD43423.2	1	c.608_610delGGGinsAAC	p.ArgGly203LysArg	missense_variant	MODERATE	1.0	33563.1	33532
2019-nCoV	29155	A	G	SNP	Heterozygous	N	QHD43423.2	1	c.882A>G	p.Gln294Gln	synonymous_variant	LOW	0.0265133	16.8	18401
2019-nCoV	29200	C	T	SNP	Heterozygous	N	QHD43423.2	1	c.927C>T	p.Pro309Pro	synonymous_variant	LOW	0.0310777	71.1257	14058
2019-nCoV	29239	G	A	SNP	Heterozygous	N	QHD43423.2	1	c.966G>A	p.Met322Ile	missense_variant	MODERATE	0.0305	67.4177	28737
2019-nCoV	29358	C	T	SNP	Heterozygous	N	QHD43423.2	1	c.1085C>T	p.Thr362Ile	missense_variant	MODERATE	0.0595	348.752	34559
2019-nCoV	29510	A	C	SNP	Homozygous	N	QHD43423.2	1	c.1237A>C	p.Ser413Arg	missense_variant	MODERATE	1.0	33705.9	12246
2019-nCoV	29642	C	T	SNP	Heterozygous	ORF10	QHI42199.1	1	c.85C>T	p.Gln29*	stop_gained	HIGH	0.0395198	79.076	11762
2019-nCoV	29666	C	T	SNP	Heterozygous	ORF10	QHI42199.1	1	c.109C>T	p.Leu37Phe	missense_variant	MODERATE	0.05	240.649	11753
2019-nCoV	29733	CGAGGCCACGCGGAGTACGATCGAGTG	C	DEL	Homozygous	S	QHD43416.1	-1	c.*4350_*4375delGAGGCCACGCGGAGTACGATCGAGTG	.	downstream_gene_variant	MODIFIER	1.0	35842.1	9358
2019-nCoV	29758	TG	CC	MNP	Homozygous	S	QHD43416.1	-1	c.*4374_*4375delTGinsCC	.	downstream_gene_variant	MODIFIER	1.0	28336.8	17
2019-nCoV	29781	G	T	SNP	Heterozygous	S	QHD43416.1	-1	c.*4397G>T	.	downstream_gene_variant	MODIFIER	0.142	1444.3	9757
