CHROM	POS	REF	ALT	VARTYPE	GEN[*].GT	ANN[*].GENE	ANN[*].FEATUREID	EFF[*].RANK	ANN[*].HGVS_C	ANN[*].HGVS_P	ANN[*].EFFECT	EFF[*].IMPACT	AF	QUAL	DP
2019-nCoV	44	C	T	SNP	Homozygous	orf1ab	QHD43415.1	-1	c.-222C>T	.	upstream_gene_variant	MODIFIER	0.981463	31666.5	33986
2019-nCoV	241	C	T	SNP	Homozygous	orf1ab	QHD43415.1	-1	c.-25C>T	.	upstream_gene_variant	MODIFIER	1.0	33460.5	5397
2019-nCoV	405	A	G	SNP	Heterozygous	orf1ab	QHD43415.1	1	c.140A>G	p.Lys47Arg	missense_variant	MODERATE	0.0265	43.3561	45147
2019-nCoV	593	C	T	SNP	Heterozygous	orf1ab	QHD43415.1	1	c.328C>T	p.His110Tyr	missense_variant	MODERATE	0.0215215	20.3463	50570
2019-nCoV	670	T	G	SNP	Homozygous	orf1ab	QHD43415.1	1	c.405T>G	p.Ser135Arg	missense_variant	MODERATE	0.993493	33351.4	50375
2019-nCoV	780	A	C	SNP	Heterozygous	orf1ab	QHD43415.1	1	c.515A>C	p.Glu172Ala	missense_variant	MODERATE	0.058	333.074	37785
2019-nCoV	829	C	T	SNP	Heterozygous	orf1ab	QHD43415.1	1	c.564C>T	p.Asn188Asn	synonymous_variant	LOW	0.0235118	28.3569	15054
2019-nCoV	1570	T	C	SNP	Heterozygous	orf1ab	QHD43415.1	1	c.1305T>C	p.His435His	synonymous_variant	LOW	0.026	15.3645	22676
2019-nCoV	1627	C	T	SNP	Heterozygous	orf1ab	QHD43415.1	1	c.1362C>T	p.Leu454Leu	synonymous_variant	LOW	0.310621	5262.0	31634
2019-nCoV	1931	C	A	SNP	Heterozygous	orf1ab	QHD43415.1	1	c.1666C>A	p.Gln556Lys	missense_variant	MODERATE	0.34919	6994.1	14989
2019-nCoV	2061	C	T	SNP	Heterozygous	orf1ab	QHD43415.1	1	c.1796C>T	p.Ala599Val	missense_variant	MODERATE	0.0345	92.5179	27514
2019-nCoV	2695	C	T	SNP	Heterozygous	orf1ab	QHD43415.1	1	c.2430C>T	p.Asn810Asn	synonymous_variant	LOW	0.0370185	63.9301	19537
2019-nCoV	2790	C	T	SNP	Homozygous	orf1ab	QHD43415.1	1	c.2525C>T	p.Thr842Ile	missense_variant	MODERATE	1.0	31484.1	42654
2019-nCoV	2954	T	C	SNP	Heterozygous	orf1ab	QHD43415.1	1	c.2689T>C	p.Leu897Leu	synonymous_variant	LOW	0.276138	5068.36	29017
2019-nCoV	2973	C	T	SNP	Heterozygous	orf1ab	QHD43415.1	1	c.2708C>T	p.Ala903Val	missense_variant	MODERATE	0.0375	119.592	38393
2019-nCoV	3037	C	T	SNP	Homozygous	orf1ab	QHD43415.1	1	c.2772C>T	p.Phe924Phe	synonymous_variant	LOW	0.9995	33249.2	27673
2019-nCoV	3164	G	T	SNP	Heterozygous	orf1ab	QHD43415.1	1	c.2899G>T	p.Ala967Ser	missense_variant	MODERATE	0.034017	92.224	27704
2019-nCoV	3695	C	T	SNP	Heterozygous	orf1ab	QHD43415.1	1	c.3430C>T	p.Leu1144Leu	synonymous_variant	LOW	0.037	114.175	36801
2019-nCoV	3796	C	T	SNP	Heterozygous	orf1ab	QHD43415.1	1	c.3531C>T	p.Val1177Val	synonymous_variant	LOW	0.216474	3346.9	27914
2019-nCoV	3927	C	T	SNP	Heterozygous	orf1ab	QHD43415.1	1	c.3662C>T	p.Ser1221Leu	missense_variant	MODERATE	0.228729	3754.24	21584
2019-nCoV	4184	G	A	SNP	Homozygous	orf1ab	QHD43415.1	1	c.3919G>A	p.Gly1307Ser	missense_variant	MODERATE	0.995992	35993.3	21999
2019-nCoV	4321	C	T	SNP	Homozygous	orf1ab	QHD43415.1	1	c.4056C>T	p.Ala1352Ala	synonymous_variant	LOW	0.999497	32836.1	47984
2019-nCoV	4510	G	A	SNP	Heterozygous	orf1ab	QHD43415.1	1	c.4245G>A	p.Val1415Val	synonymous_variant	LOW	0.0496203	151.712	34022
2019-nCoV	4586	C	T	SNP	Heterozygous	orf1ab	QHD43415.1	1	c.4321C>T	p.Leu1441Leu	synonymous_variant	LOW	0.244122	4151.98	56640
2019-nCoV	4615	T	A	SNP	Heterozygous	orf1ab	QHD43415.1	1	c.4350T>A	p.Leu1450Leu	synonymous_variant	LOW	0.0285143	54.478	56735
2019-nCoV	5183	C	T	SNP	Heterozygous	orf1ab	QHD43415.1	1	c.4918C>T	p.Pro1640Ser	missense_variant	MODERATE	0.209	2792.65	26117
2019-nCoV	5284	C	T	SNP	Heterozygous	orf1ab	QHD43415.1	1	c.5019C>T	p.Asn1673Asn	synonymous_variant	LOW	0.0516291	260.255	21424
2019-nCoV	6218	T	C	SNP	Heterozygous	orf1ab	QHD43415.1	1	c.5953T>C	p.Leu1985Leu	synonymous_variant	LOW	0.051	248.998	44234
2019-nCoV	6337	G	C	SNP	Heterozygous	orf1ab	QHD43415.1	1	c.6072G>C	p.Ser2024Ser	synonymous_variant	LOW	0.158079	1732.88	20811
2019-nCoV	7390	C	A	SNP	Heterozygous	orf1ab	QHD43415.1	1	c.7125C>A	p.Ala2375Ala	synonymous_variant	LOW	0.0335503	88.6475	12079
2019-nCoV	7528	C	T	SNP	Heterozygous	orf1ab	QHD43415.1	1	c.7263C>T	p.Val2421Val	synonymous_variant	LOW	0.107554	1094.74	28380
2019-nCoV	9344	C	T	SNP	Homozygous	orf1ab	QHD43415.1	1	c.9079C>T	p.Leu3027Phe	missense_variant	MODERATE	0.998489	34506.6	17400
2019-nCoV	9424	A	G	SNP	Homozygous	orf1ab	QHD43415.1	1	c.9159A>G	p.Val3053Val	synonymous_variant	LOW	0.998	36251.4	12649
2019-nCoV	9534	C	T	SNP	Homozygous	orf1ab	QHD43415.1	1	c.9269C>T	p.Thr3090Ile	missense_variant	MODERATE	1.0	15365.3	846
2019-nCoV	9559	C	T	SNP	Heterozygous	orf1ab	QHD43415.1	1	c.9294C>T	p.Tyr3098Tyr	synonymous_variant	LOW	0.0377358	34.6378	848
2019-nCoV	9561	C	T	SNP	Heterozygous	orf1ab	QHD43415.1	1	c.9296C>T	p.Ser3099Leu	missense_variant	MODERATE	0.0306604	34.7826	848
2019-nCoV	9866	C	T	SNP	Heterozygous	orf1ab	QHD43415.1	1	c.9601C>T	p.Leu3201Phe	missense_variant	MODERATE	0.277277	4747.99	29638
2019-nCoV	10029	C	T	SNP	Homozygous	orf1ab	QHD43415.1	1	c.9764C>T	p.Thr3255Ile	missense_variant	MODERATE	0.994997	35935.5	34480
2019-nCoV	10198	C	T	SNP	Homozygous	orf1ab	QHD43415.1	1	c.9933C>T	p.Asp3311Asp	synonymous_variant	LOW	1.0	33824.6	33942
2019-nCoV	10447	GCC	ACA	MNP	Homozygous	orf1ab	QHD43415.1	1	c.10182_10184delGCCinsACA	p.Pro3395His	missense_variant	MODERATE	1.0	35734.0	10842
2019-nCoV	11146	G	T	SNP	Heterozygous	orf1ab	QHD43415.1	1	c.10881G>T	p.Met3627Ile	missense_variant	MODERATE	0.0598893	331.219	9639
2019-nCoV	11283	G	A	SNP	Heterozygous	orf1ab	QHD43415.1	1	c.11018G>A	p.Ser3673Asn	missense_variant	MODERATE	0.0270677	46.5212	46411
2019-nCoV	11287	GTCTGGTTTT	G	DEL	Homozygous	orf1ab	QHD43415.1	1	c.11023_11031delTCTGGTTTT	p.Ser3675_Phe3677del	conservative_inframe_deletion	MODERATE	0.996918	35063.5	45207
2019-nCoV	11455	C	T	SNP	Heterozygous	orf1ab	QHD43415.1	1	c.11190C>T	p.Ala3730Ala	synonymous_variant	LOW	0.0290145	57.8998	39974
2019-nCoV	11514	C	T	SNP	Heterozygous	orf1ab	QHD43415.1	1	c.11249C>T	p.Thr3750Ile	missense_variant	MODERATE	0.0615	261.618	15692
2019-nCoV	11515	T	C	SNP	Heterozygous	orf1ab	QHD43415.1	1	c.11250T>C	p.Thr3750Thr	synonymous_variant	LOW	0.184962	2705.49	15692
2019-nCoV	11750	C	T	SNP	Heterozygous	orf1ab	QHD43415.1	1	c.11485C>T	p.Leu3829Phe	missense_variant	MODERATE	0.286	5275.45	22562
2019-nCoV	12115	C	T	SNP	Heterozygous	orf1ab	QHD43415.1	1	c.11850C>T	p.Ser3950Ser	synonymous_variant	LOW	0.0325	81.1388	16273
2019-nCoV	12160	G	A	SNP	Heterozygous	orf1ab	QHD43415.1	1	c.11895G>A	p.Glu3965Glu	synonymous_variant	LOW	0.716216	20897.6	16113
2019-nCoV	12310	G	A	SNP	Heterozygous	orf1ab	QHD43415.1	1	c.12045G>A	p.Gln4015Gln	synonymous_variant	LOW	0.165414	1808.67	30469
2019-nCoV	12444	A	G	SNP	Heterozygous	orf1ab	QHD43415.1	1	c.12179A>G	p.Asn4060Ser	missense_variant	MODERATE	0.243243	4163.44	30136
2019-nCoV	12880	C	T	SNP	Homozygous	orf1ab	QHD43415.1	1	c.12615C>T	p.Ile4205Ile	synonymous_variant	LOW	1.0	36109.6	32736
2019-nCoV	13342	C	T	SNP	Heterozygous	orf1ab	QHD43415.1	1	c.13077C>T	p.Asp4359Asp	synonymous_variant	LOW	0.0360721	108.096	29953
2019-nCoV	13517	C	T	SNP	Heterozygous	orf1ab	QHD43415.1	2	c.13253C>T	p.Thr4418Ile	missense_variant	MODERATE	0.0545273	195.031	11652
2019-nCoV	13898	A	G	SNP	Heterozygous	orf1ab	QHD43415.1	2	c.13634A>G	p.Asp4545Gly	missense_variant	MODERATE	0.0285428	57.5143	25689
2019-nCoV	14257	T	C	SNP	Heterozygous	orf1ab	QHD43415.1	2	c.13993T>C	p.Tyr4665His	missense_variant	MODERATE	0.278779	4460.34	21989
2019-nCoV	14408	C	T	SNP	Homozygous	orf1ab	QHD43415.1	2	c.14144C>T	p.Pro4715Leu	missense_variant	MODERATE	0.992993	33271.8	5066
2019-nCoV	15026	C	T	SNP	Heterozygous	orf1ab	QHD43415.1	2	c.14762C>T	p.Ala4921Val	missense_variant	MODERATE	0.044	108.916	29449
2019-nCoV	15451	G	A	SNP	Heterozygous	orf1ab	QHD43415.1	2	c.15187G>A	p.Gly5063Ser	missense_variant	MODERATE	0.24012	4061.71	71168
2019-nCoV	15714	C	T	SNP	Homozygous	orf1ab	QHD43415.1	2	c.15450C>T	p.Leu5150Leu	synonymous_variant	LOW	1.0	36314.4	60280
2019-nCoV	15939	T	C	SNP	Heterozygous	orf1ab	QHD43415.1	2	c.15675T>C	p.Asp5225Asp	synonymous_variant	LOW	0.0786179	606.53	34600
2019-nCoV	16616	C	A	SNP	Heterozygous	orf1ab	QHD43415.1	2	c.16352C>A	p.Thr5451Asn	missense_variant	MODERATE	0.186279	2739.43	20407
2019-nCoV	16935	G	A	SNP	Heterozygous	orf1ab	QHD43415.1	2	c.16671G>A	p.Met5557Ile	missense_variant	MODERATE	0.32	6338.78	62353
2019-nCoV	17039	A	G	SNP	Heterozygous	orf1ab	QHD43415.1	2	c.16775A>G	p.Asn5592Ser	missense_variant	MODERATE	0.2365	3402.59	46345
2019-nCoV	17410	C	T	SNP	Homozygous	orf1ab	QHD43415.1	2	c.17146C>T	p.Arg5716Cys	missense_variant	MODERATE	1.0	36448.8	55116
2019-nCoV	18163	A	G	SNP	Homozygous	orf1ab	QHD43415.1	2	c.17899A>G	p.Ile5967Val	missense_variant	MODERATE	0.9975	36141.8	15711
2019-nCoV	18534	G	T	SNP	Heterozygous	orf1ab	QHD43415.1	2	c.18270G>T	p.Lys6090Asn	missense_variant	MODERATE	0.0315158	73.905	20494
2019-nCoV	18703	G	C	SNP	Heterozygous	orf1ab	QHD43415.1	2	c.18439G>C	p.Asp6147His	missense_variant	MODERATE	0.188094	2341.25	9979
2019-nCoV	18804	C	T	SNP	Heterozygous	orf1ab	QHD43415.1	2	c.18540C>T	p.Ser6180Ser	synonymous_variant	LOW	0.0285143	54.7068	3072
2019-nCoV	18981	C	T	SNP	Heterozygous	orf1ab	QHD43415.1	2	c.18717C>T	p.His6239His	synonymous_variant	LOW	0.0295	60.7892	38245
2019-nCoV	19674	A	G	SNP	Heterozygous	orf1ab	QHD43415.1	2	c.19410A>G	p.Gln6470Gln	synonymous_variant	LOW	0.0335	87.5216	5653
2019-nCoV	19955	C	T	SNP	Homozygous	orf1ab	QHD43415.1	2	c.19691C>T	p.Thr6564Ile	missense_variant	MODERATE	1.0	33818.4	52416
2019-nCoV	20055	A	G	SNP	Homozygous	orf1ab	QHD43415.1	2	c.19791A>G	p.Glu6597Glu	synonymous_variant	LOW	0.981481	32310.6	34440
2019-nCoV	20235	C	T	SNP	Heterozygous	orf1ab	QHD43415.1	2	c.19971C>T	p.Pro6657Pro	synonymous_variant	LOW	0.244745	4207.4	12887
2019-nCoV	21364	C	A	SNP	Heterozygous	orf1ab	QHD43415.1	2	c.21100C>A	p.Pro7034Thr	missense_variant	MODERATE	0.032	77.3406	14387
2019-nCoV	21618	C	T	SNP	Homozygous	S	QHD43416.1	1	c.56C>T	p.Thr19Ile	missense_variant	MODERATE	1.0	33836.1	25698
2019-nCoV	21632	TTACCCCCTG	T	DEL	Homozygous	S	QHD43416.1	1	c.71_79delTACCCCCTG	p.Leu24_Ala27delinsSer	disruptive_inframe_deletion	MODERATE	1.0	36068.4	25146
2019-nCoV	21764	ATACATG	A	DEL	Heterozygous	S	QHD43416.1	1	c.204_209delACATGT	p.His69_Val70del	disruptive_inframe_deletion	MODERATE	0.754289	22502.7	25325
2019-nCoV	21987	G	A	SNP	Homozygous	S	QHD43416.1	1	c.425G>A	p.Gly142Asp	missense_variant	MODERATE	0.9925	33287.6	25329
2019-nCoV	22000	C	A	SNP	Heterozygous	S	QHD43416.1	1	c.438C>A	p.His146Gln	missense_variant	MODERATE	0.0317786	75.5532	25030
2019-nCoV	22001	A	G	SNP	Heterozygous	S	QHD43416.1	1	c.439A>G	p.Lys147Glu	missense_variant	MODERATE	0.197099	2516.09	25030
2019-nCoV	22016	T	C	SNP	Heterozygous	S	QHD43416.1	1	c.454T>C	p.Trp152Arg	missense_variant	MODERATE	0.2055	3200.28	25543
2019-nCoV	22033	C	A	SNP	Heterozygous	S	QHD43416.1	1	c.471C>A	p.Phe157Leu	missense_variant	MODERATE	0.146366	1518.25	40513
2019-nCoV	22190	A	G	SNP	Heterozygous	S	QHD43416.1	1	c.628A>G	p.Ile210Val	missense_variant	MODERATE	0.0285143	52.4874	15152
2019-nCoV	22200	T	A	SNP	Heterozygous	S	QHD43416.1	1	c.638T>A	p.Val213Glu	missense_variant	MODERATE	0.0645	35197.2	15123
2019-nCoV	22200	T	G	SNP	Heterozygous	S	QHD43416.1	1	c.638T>G	p.Val213Gly	missense_variant	MODERATE	0.9215	35197.2	15123
2019-nCoV	22226	G	T	SNP	Heterozygous	S	QHD43416.1	1	c.664G>T	p.Ala222Ser	missense_variant	MODERATE	0.0325325	79.5153	15826
2019-nCoV	22317	G	T	SNP	Heterozygous	S	QHD43416.1	1	c.755G>T	p.Gly252Val	missense_variant	MODERATE	0.0305458	30.5266	34987
2019-nCoV	22326	C	T	SNP	Heterozygous	S	QHD43416.1	1	c.764C>T	p.Ser255Phe	missense_variant	MODERATE	0.0372796	123.474	19314
2019-nCoV	22331	G	A	SNP	Heterozygous	S	QHD43416.1	1	c.769G>A	p.Gly257Ser	missense_variant	MODERATE	0.2805	4511.59	19340
2019-nCoV	22576	TGG	CA	MIXED	Heterozygous	S	QHD43416.1	1	c.1014_1016delTGGinsCA	p.Gly339fs	frameshift_variant&missense_variant	HIGH	0.155354	35139.2	12873
2019-nCoV	22576	TGG	GA	MIXED	Heterozygous	S	QHD43416.1	1	c.1014_1016delTGGinsGA	p.Phe338fs	frameshift_variant&missense_variant	HIGH	0.804927	35139.2	12873
2019-nCoV	22599	G	C	SNP	Heterozygous	S	QHD43416.1	1	c.1037G>C	p.Arg346Thr	missense_variant	MODERATE	0.643898	19754.9	6798
2019-nCoV	22629	A	C	SNP	Heterozygous	S	QHD43416.1	1	c.1067A>C	p.Lys356Thr	missense_variant	MODERATE	0.236446	3967.44	8897
2019-nCoV	22674	C	T	SNP	Homozygous	S	QHD43416.1	1	c.1112C>T	p.Ser371Phe	missense_variant	MODERATE	0.998999	33574.3	8715
2019-nCoV	22679	T	C	SNP	Homozygous	S	QHD43416.1	1	c.1117T>C	p.Ser373Pro	missense_variant	MODERATE	1.0	33567.9	8602
2019-nCoV	22686	CCA	TCG	MNP	Homozygous	S	QHD43416.1	1	c.1124_1126delCCAinsTCG	p.SerThr375PheAla	missense_variant	MODERATE	0.991246	31802.8	2297
2019-nCoV	22775	G	A	SNP	Homozygous	S	QHD43416.1	1	c.1213G>A	p.Asp405Asn	missense_variant	MODERATE	1.0	32643.3	1946
2019-nCoV	22786	A	C	SNP	Homozygous	S	QHD43416.1	1	c.1224A>C	p.Arg408Ser	missense_variant	MODERATE	0.998959	34665.8	1919
2019-nCoV	22813	G	T	SNP	Homozygous	S	QHD43416.1	1	c.1251G>T	p.Lys417Asn	missense_variant	MODERATE	1.0	33954.6	28207
2019-nCoV	22882	T	G	SNP	Homozygous	S	QHD43416.1	1	c.1320T>G	p.Asn440Lys	missense_variant	MODERATE	0.998	36282.2	41675
2019-nCoV	22893	A	C	SNP	Heterozygous	S	QHD43416.1	1	c.1331A>C	p.Lys444Thr	missense_variant	MODERATE	0.262418	4671.39	41802
2019-nCoV	22898	G	A	SNP	Heterozygous	S	QHD43416.1	1	c.1336G>A	p.Gly446Ser	missense_variant	MODERATE	0.280561	5161.56	41647
2019-nCoV	22917	T	G	SNP	Heterozygous	S	QHD43416.1	1	c.1355T>G	p.Leu452Arg	missense_variant	MODERATE	0.7425	22180.7	41397
2019-nCoV	22942	T	G	SNP	Heterozygous	S	QHD43416.1	1	c.1380T>G	p.Asn460Lys	missense_variant	MODERATE	0.291646	14623.8	40552
2019-nCoV	22992	GCAC	ACAA	MNP	Homozygous	S	QHD43416.1	1	c.1430_1433delGCACinsACAA	p.SerThr477AsnLys	missense_variant	MODERATE	1.0	35985.4	14391
2019-nCoV	23013	A	C	SNP	Homozygous	S	QHD43416.1	1	c.1451A>C	p.Glu484Ala	missense_variant	MODERATE	1.0	33750.2	31884
2019-nCoV	23018	T	G	SNP	Heterozygous	S	QHD43416.1	1	c.1456T>G	p.Phe486Val	missense_variant	MODERATE	0.762381	23081.6	32041
2019-nCoV	23031	T	C	SNP	Heterozygous	S	QHD43416.1	1	c.1469T>C	p.Phe490Ser	missense_variant	MODERATE	0.23	3827.42	32123
2019-nCoV	23055	A	G	SNP	Homozygous	S	QHD43416.1	1	c.1493A>G	p.Gln498Arg	missense_variant	MODERATE	0.99599	35955.8	17910
2019-nCoV	23063	A	T	SNP	Homozygous	S	QHD43416.1	1	c.1501A>T	p.Asn501Tyr	missense_variant	MODERATE	0.99349	33200.0	18088
2019-nCoV	23075	T	C	SNP	Homozygous	S	QHD43416.1	1	c.1513T>C	p.Tyr505His	missense_variant	MODERATE	0.997997	36113.2	18395
2019-nCoV	23356	A	T	SNP	Heterozygous	S	QHD43416.1	1	c.1794A>T	p.Ile598Ile	synonymous_variant	LOW	0.0381526	69.9177	58576
2019-nCoV	23403	A	G	SNP	Homozygous	S	QHD43416.1	1	c.1841A>G	p.Asp614Gly	missense_variant	MODERATE	0.998999	33435.0	56460
2019-nCoV	23525	C	T	SNP	Homozygous	S	QHD43416.1	1	c.1963C>T	p.His655Tyr	missense_variant	MODERATE	0.9995	33820.0	77685
2019-nCoV	23599	T	G	SNP	Homozygous	S	QHD43416.1	1	c.2037T>G	p.Asn679Lys	missense_variant	MODERATE	0.999499	33862.6	93963
2019-nCoV	23604	C	A	SNP	Homozygous	S	QHD43416.1	1	c.2042C>A	p.Pro681His	missense_variant	MODERATE	0.997998	19738.8	94018
2019-nCoV	23608	G	T	SNP	Heterozygous	S	QHD43416.1	1	c.2046G>T	p.Arg682Arg	synonymous_variant	LOW	0.049049	230.085	94165
2019-nCoV	23625	C	T	SNP	Heterozygous	S	QHD43416.1	1	c.2063C>T	p.Ala688Val	missense_variant	MODERATE	0.027	46.1066	94374
2019-nCoV	23854	C	A	SNP	Homozygous	S	QHD43416.1	1	c.2292C>A	p.Asn764Lys	missense_variant	MODERATE	0.999499	33414.0	27726
2019-nCoV	23948	GATTTTG	TATTT	MIXED	Heterozygous	S	QHD43416.1	1	c.2386_2392delGATTTTGinsTATTT	p.Asp796fs	frameshift_variant&missense_variant	HIGH	0.0548098	29938.6	26855
2019-nCoV	23948	G	T	SNP	Heterozygous	S	QHD43416.1	1	c.2386G>T	p.Asp796Tyr	missense_variant	MODERATE	0.94519	29938.6	26855
2019-nCoV	24424	AAA	TAAT	MIXED	Homozygous	S	QHD43416.1	1	c.2862_2864delAAAinsTAAT	p.Gln954fs	frameshift_variant&missense_variant	HIGH	0.994975	19490.4	26536
2019-nCoV	24469	T	A	SNP	Homozygous	S	QHD43416.1	1	c.2907T>A	p.Asn969Lys	missense_variant	MODERATE	0.994489	31605.4	43420
2019-nCoV	25000	C	T	SNP	Homozygous	S	QHD43416.1	1	c.3438C>T	p.Asp1146Asp	synonymous_variant	LOW	0.999499	33578.4	49198
2019-nCoV	25416	C	T	SNP	Heterozygous	ORF3a	QHD43417.1	1	c.24C>T	p.Phe8Phe	synonymous_variant	LOW	0.263263	4660.03	36637
2019-nCoV	25452	C	T	SNP	Heterozygous	ORF3a	QHD43417.1	1	c.60C>T	p.Ile20Ile	synonymous_variant	LOW	0.1425	1452.33	35421
2019-nCoV	25584	C	T	SNP	Homozygous	ORF3a	QHD43417.1	1	c.192C>T	p.Thr64Thr	synonymous_variant	LOW	0.994481	35850.0	78639
2019-nCoV	26022	C	T	SNP	Heterozygous	ORF3a	QHD43417.1	1	c.630C>T	p.Asp210Asp	synonymous_variant	LOW	0.024	30.8398	45043
2019-nCoV	26060	C	T	SNP	Homozygous	ORF3a	QHD43417.1	1	c.668C>T	p.Thr223Ile	missense_variant	MODERATE	0.995495	36025.2	42090
2019-nCoV	26078	C	T	SNP	Heterozygous	ORF3a	QHD43417.1	1	c.686C>T	p.Thr229Ile	missense_variant	MODERATE	0.04	141.45	42017
2019-nCoV	26270	C	T	SNP	Homozygous	E	QHD43418.1	1	c.26C>T	p.Thr9Ile	missense_variant	MODERATE	0.999498	33759.2	85600
2019-nCoV	26275	A	G	SNP	Heterozygous	E	QHD43418.1	1	c.31A>G	p.Thr11Ala	missense_variant	MODERATE	0.311656	6088.08	85251
2019-nCoV	26459	A	G	SNP	Heterozygous	E	QHD43418.1	1	c.215A>G	p.Asp72Gly	missense_variant	MODERATE	0.207207	3239.74	18238
2019-nCoV	26529	G	A	SNP	Heterozygous	M	QHD43419.1	1	c.7G>A	p.Asp3Asn	missense_variant	MODERATE	0.659	18477.2	19609
2019-nCoV	26577	C	G	SNP	Heterozygous	M	QHD43419.1	1	c.55C>G	p.Gln19Glu	missense_variant	MODERATE	0.967304	33649.6	10431
2019-nCoV	26577	CAA	GAG	MNP	Heterozygous	M	QHD43419.1	1	c.55_57delCAAinsGAG	p.Gln19Glu	missense_variant	MODERATE	0.0326962	33649.6	10431
2019-nCoV	26709	G	A	SNP	Homozygous	M	QHD43419.1	1	c.187G>A	p.Ala63Thr	missense_variant	MODERATE	0.998498	36245.4	37036
2019-nCoV	26858	C	T	SNP	Heterozygous	M	QHD43419.1	1	c.336C>T	p.Phe112Phe	synonymous_variant	LOW	0.305653	5894.33	40092
2019-nCoV	27012	C	T	SNP	Heterozygous	M	QHD43419.1	1	c.490C>T	p.Leu164Leu	synonymous_variant	LOW	0.165	1879.5	49454
2019-nCoV	27038	A	G	SNP	Heterozygous	M	QHD43419.1	1	c.516A>G	p.Thr172Thr	synonymous_variant	LOW	0.147	1867.35	8800
2019-nCoV	27259	A	C	SNP	Heterozygous	ORF6	QHD43420.1	1	c.58A>C	p.Arg20Arg	synonymous_variant	LOW	0.276138	5053.51	28545
2019-nCoV	27382	GAT	CTC	MNP	Heterozygous	ORF6	QHD43420.1	1	c.181_183delGATinsCTC	p.Asp61Leu	missense_variant	MODERATE	0.302068	5764.56	12118
2019-nCoV	27438	T	C	SNP	Heterozygous	ORF7a	QHD43421.1	1	c.45T>C	p.Cys15Cys	synonymous_variant	LOW	0.072	373.915	35286
2019-nCoV	27513	C	T	SNP	Heterozygous	ORF7a	QHD43421.1	1	c.120C>T	p.Tyr40Tyr	synonymous_variant	LOW	0.237237	4012.13	59356
2019-nCoV	27586	T	C	SNP	Heterozygous	ORF7a	QHD43421.1	1	c.193T>C	p.Phe65Leu	missense_variant	MODERATE	0.026	40.6848	59145
2019-nCoV	27603	C	T	SNP	Heterozygous	ORF7a	QHD43421.1	1	c.210C>T	p.Gly70Gly	synonymous_variant	LOW	0.067	448.092	38230
2019-nCoV	27612	C	T	SNP	Heterozygous	ORF7a	QHD43421.1	1	c.219C>T	p.His73His	synonymous_variant	LOW	0.054	190.14	38056
2019-nCoV	27807	C	T	SNP	Homozygous	ORF8	QHD43422.1	-1	c.-87C>T	.	upstream_gene_variant	MODIFIER	0.998499	36322.9	61088
2019-nCoV	27889	C	T	SNP	Heterozygous	ORF8	QHD43422.1	-1	c.-5C>T	.	upstream_gene_variant	MODIFIER	0.7155	20968.2	38309
2019-nCoV	27915	G	T	SNP	Heterozygous	ORF8	QHD43422.1	1	c.22G>T	p.Gly8*	stop_gained	HIGH	0.039	131.336	54157
2019-nCoV	28098	T	C	SNP	Heterozygous	ORF8	QHD43422.1	1	c.205T>C	p.Ser69Pro	missense_variant	MODERATE	0.022	22.135	45280
2019-nCoV	28271	A	T	SNP	Heterozygous	N	QHD43423.2	-1	c.-3A>T	.	upstream_gene_variant	MODIFIER	0.970825	31139.4	82123
2019-nCoV	28311	C	T	SNP	Heterozygous	N	QHD43423.2	1	c.38C>T	p.Pro13Leu	missense_variant	MODERATE	0.699049	36398.5	82147
2019-nCoV	28311	CC	TT	MNP	Heterozygous	N	QHD43423.2	1	c.38_39delCCinsTT	p.Pro13Leu	missense_variant	MODERATE	0.300951	36398.5	82147
2019-nCoV	28330	A	G	SNP	Heterozygous	N	QHD43423.2	1	c.57A>G	p.Gly19Gly	synonymous_variant	LOW	0.326827	6522.3	78395
2019-nCoV	28361	GGAGAACGCA	G	DEL	Heterozygous	N	QHD43423.2	1	c.90_98delAGAACGCAG	p.Glu31_Ser33del	disruptive_inframe_deletion	MODERATE	0.888071	34509.1	20439
2019-nCoV	28361	GGAGAACGCAG	TT	MIXED	Heterozygous	N	QHD43423.2	1	c.88_98delGGAGAACGCAGinsTT	p.Gly30_Ser33delinsPhe	missense_variant&disruptive_inframe_deletion	MODERATE	0.111929	34509.1	20439
2019-nCoV	28435	C	T	SNP	Heterozygous	N	QHD43423.2	1	c.162C>T	p.Thr54Thr	synonymous_variant	LOW	0.027	45.9623	54994
2019-nCoV	28600	T	C	SNP	Heterozygous	N	QHD43423.2	1	c.327T>C	p.Tyr109Tyr	synonymous_variant	LOW	0.0435218	105.633	60420
2019-nCoV	28636	T	C	SNP	Heterozygous	N	QHD43423.2	1	c.363T>C	p.Leu121Leu	synonymous_variant	LOW	0.178	2111.29	38935
2019-nCoV	28681	G	T	SNP	Heterozygous	N	QHD43423.2	1	c.408G>T	p.Glu136Asp	missense_variant	MODERATE	0.299749	5713.24	97709
2019-nCoV	28792	A	T	SNP	Heterozygous	N	QHD43423.2	1	c.519A>T	p.Ala173Ala	synonymous_variant	LOW	0.048	216.327	97229
2019-nCoV	28881	GGG	AAC	MNP	Homozygous	N	QHD43423.2	1	c.608_610delGGGinsAAC	p.ArgGly203LysArg	missense_variant	MODERATE	1.0	33328.6	41728
2019-nCoV	29402	G	T	SNP	Heterozygous	N	QHD43423.2	1	c.1129G>T	p.Asp377Tyr	missense_variant	MODERATE	0.0265133	42.9091	27742
2019-nCoV	29409	C	T	SNP	Heterozygous	N	QHD43423.2	1	c.1136C>T	p.Thr379Ile	missense_variant	MODERATE	0.0749497	408.747	27623
2019-nCoV	29510	A	C	SNP	Homozygous	N	QHD43423.2	1	c.1237A>C	p.Ser413Arg	missense_variant	MODERATE	0.998497	33557.1	9274
2019-nCoV	29614	C	T	SNP	Heterozygous	ORF10	QHI42199.1	1	c.57C>T	p.Cys19Cys	synonymous_variant	LOW	0.0285	23.7068	6433
2019-nCoV	29666	C	T	SNP	Heterozygous	ORF10	QHI42199.1	1	c.109C>T	p.Leu37Phe	missense_variant	MODERATE	0.068	462.57	6456
2019-nCoV	29668	C	T	SNP	Heterozygous	ORF10	QHI42199.1	1	c.111C>T	p.Leu37Leu	synonymous_variant	LOW	0.0831247	682.49	6444
2019-nCoV	29708	C	T	SNP	Heterozygous	S	QHD43416.1	-1	c.*4324C>T	.	downstream_gene_variant	MODIFIER	0.0875438	553.067	6371
2019-nCoV	29733	CGAGGCCACGCGGAGTACGATCGAGTG	C	DEL	Homozygous	S	QHD43416.1	-1	c.*4350_*4375delGAGGCCACGCGGAGTACGATCGAGTG	.	downstream_gene_variant	MODIFIER	1.0	36078.6	5386
2019-nCoV	29759	G	T	SNP	Homozygous	S	QHD43416.1	-1	c.*4375G>T	.	downstream_gene_variant	MODIFIER	0.998468	29113.6	42
