CHROM	POS	REF	ALT	VARTYPE	GEN[*].GT	ANN[*].GENE	ANN[*].FEATUREID	EFF[*].RANK	ANN[*].HGVS_C	ANN[*].HGVS_P	ANN[*].EFFECT	EFF[*].IMPACT	AF	QUAL	DP
2019-nCoV	44	C	T	SNP	Homozygous	orf1ab	QHD43415.1	-1	c.-222C>T	.	upstream_gene_variant	MODIFIER	1.0	7731.17	6501
2019-nCoV	670	T	G	SNP	Homozygous	orf1ab	QHD43415.1	1	c.405T>G	p.Ser135Arg	missense_variant	MODERATE	0.9975	7944.46	6764
2019-nCoV	1408	G	C	SNP	Heterozygous	orf1ab	QHD43415.1	1	c.1143G>C	p.Glu381Asp	missense_variant	MODERATE	0.348371	1688.54	2155
2019-nCoV	2790	C	T	SNP	Homozygous	orf1ab	QHD43415.1	1	c.2525C>T	p.Thr842Ile	missense_variant	MODERATE	1.0	7565.58	1567
2019-nCoV	3037	C	T	SNP	Homozygous	orf1ab	QHD43415.1	1	c.2772C>T	p.Phe924Phe	synonymous_variant	LOW	0.9975	7403.14	2479
2019-nCoV	4184	G	A	SNP	Heterozygous	orf1ab	QHD43415.1	1	c.3919G>A	p.Gly1307Ser	missense_variant	MODERATE	0.985646	3741.33	209
2019-nCoV	4321	C	T	SNP	Heterozygous	orf1ab	QHD43415.1	1	c.4056C>T	p.Ala1352Ala	synonymous_variant	LOW	0.94	7058.59	442
2019-nCoV	9344	C	T	SNP	Homozygous	orf1ab	QHD43415.1	1	c.9079C>T	p.Leu3027Phe	missense_variant	MODERATE	1.0	5610.76	262
2019-nCoV	9424	A	G	SNP	Homozygous	orf1ab	QHD43415.1	1	c.9159A>G	p.Val3053Val	synonymous_variant	LOW	1.0	3286.38	170
2019-nCoV	9866	C	T	SNP	Heterozygous	orf1ab	QHD43415.1	1	c.9601C>T	p.Leu3201Phe	missense_variant	MODERATE	0.6	3433.34	501
2019-nCoV	9968	G	T	SNP	Heterozygous	orf1ab	QHD43415.1	1	c.9703G>T	p.Ala3235Ser	missense_variant	MODERATE	0.25	1043.26	1090
2019-nCoV	10029	C	T	SNP	Homozygous	orf1ab	QHD43415.1	1	c.9764C>T	p.Thr3255Ile	missense_variant	MODERATE	0.995	7912.6	1073
2019-nCoV	10198	C	T	SNP	Homozygous	orf1ab	QHD43415.1	1	c.9933C>T	p.Asp3311Asp	synonymous_variant	LOW	0.9975	7954.62	850
2019-nCoV	10252	C	T	SNP	Heterozygous	orf1ab	QHD43415.1	1	c.9987C>T	p.Phe3329Phe	synonymous_variant	LOW	0.3575	1600.13	802
2019-nCoV	10447	GCC	ACA	MNP	Homozygous	orf1ab	QHD43415.1	1	c.10182_10184delGCCinsACA	p.Pro3395His	missense_variant	MODERATE	1.0	5443.8	285
2019-nCoV	11287	GTCTGGTTTT	G	DEL	Homozygous	orf1ab	QHD43415.1	1	c.11023_11031delTCTGGTTTT	p.Ser3675_Phe3677del	conservative_inframe_deletion	MODERATE	1.0	7729.79	3364
2019-nCoV	11640	G	T	SNP	Heterozygous	orf1ab	QHD43415.1	1	c.11375G>T	p.Cys3792Phe	missense_variant	MODERATE	0.329268	599.327	163
2019-nCoV	12880	C	T	SNP	Homozygous	orf1ab	QHD43415.1	1	c.12615C>T	p.Ile4205Ile	synonymous_variant	LOW	1.0	7944.55	635
2019-nCoV	14408	C	T	SNP	Homozygous	orf1ab	QHD43415.1	2	c.14144C>T	p.Pro4715Leu	missense_variant	MODERATE	1.0	746.755	45
2019-nCoV	15317	T	G	SNP	Heterozygous	orf1ab	QHD43415.1	2	c.15053T>G	p.Met5018Arg	missense_variant	MODERATE	0.3725	1858.13	2779
2019-nCoV	15714	C	T	SNP	Homozygous	orf1ab	QHD43415.1	2	c.15450C>T	p.Leu5150Leu	synonymous_variant	LOW	1.0	7997.34	4411
2019-nCoV	16880	C	T	SNP	Heterozygous	orf1ab	QHD43415.1	2	c.16616C>T	p.Thr5539Ile	missense_variant	MODERATE	0.2025	774.006	1195
2019-nCoV	17410	C	T	SNP	Homozygous	orf1ab	QHD43415.1	2	c.17146C>T	p.Arg5716Cys	missense_variant	MODERATE	1.0	7990.38	7454
2019-nCoV	17861	A	G	SNP	Heterozygous	orf1ab	QHD43415.1	2	c.17597A>G	p.Asp5866Gly	missense_variant	MODERATE	0.214286	417.363	197
2019-nCoV	18163	A	G	SNP	Homozygous	orf1ab	QHD43415.1	2	c.17899A>G	p.Ile5967Val	missense_variant	MODERATE	1.0	4671.59	246
2019-nCoV	19162	G	T	SNP	Heterozygous	orf1ab	QHD43415.1	2	c.18898G>T	p.Asp6300Tyr	missense_variant	MODERATE	0.33584	1600.67	1302
2019-nCoV	19955	C	T	SNP	Homozygous	orf1ab	QHD43415.1	2	c.19691C>T	p.Thr6564Ile	missense_variant	MODERATE	1.0	7940.77	1038
2019-nCoV	20055	A	G	SNP	Heterozygous	orf1ab	QHD43415.1	2	c.19791A>G	p.Glu6597Glu	synonymous_variant	LOW	0.984962	7695.83	770
2019-nCoV	21618	C	T	SNP	Homozygous	S	QHD43416.1	1	c.56C>T	p.Thr19Ile	missense_variant	MODERATE	1.0	8000.82	536
2019-nCoV	21632	TTACCCCCTG	T	DEL	Homozygous	S	QHD43416.1	1	c.71_79delTACCCCCTG	p.Leu24_Ala27delinsSer	disruptive_inframe_deletion	MODERATE	1.0	7942.22	526
2019-nCoV	21982	T	C	SNP	Heterozygous	S	QHD43416.1	1	c.420T>C	p.Phe140Phe	synonymous_variant	LOW	0.432836	1054.33	201
2019-nCoV	21987	G	A	SNP	Heterozygous	S	QHD43416.1	1	c.425G>A	p.Gly142Asp	missense_variant	MODERATE	0.97449	3716.61	196
2019-nCoV	22200	T	G	SNP	Heterozygous	S	QHD43416.1	1	c.638T>G	p.Val213Gly	missense_variant	MODERATE	0.993631	2928.93	154
2019-nCoV	22384	T	C	SNP	Heterozygous	S	QHD43416.1	1	c.822T>C	p.Thr274Thr	synonymous_variant	LOW	0.150376	490.038	965
2019-nCoV	22435	T	C	SNP	Heterozygous	S	QHD43416.1	1	c.873T>C	p.Cys291Cys	synonymous_variant	LOW	0.178392	636.955	1019
2019-nCoV	22558	T	C	SNP	Heterozygous	S	QHD43416.1	1	c.996T>C	p.Ile332Ile	synonymous_variant	LOW	0.3125	1441.51	584
2019-nCoV	22578	G	A	SNP	Homozygous	S	QHD43416.1	1	c.1016G>A	p.Gly339Asp	missense_variant	MODERATE	1.0	7984.35	569
2019-nCoV	22674	C	T	SNP	Homozygous	S	QHD43416.1	1	c.1112C>T	p.Ser371Phe	missense_variant	MODERATE	1.0	1821.52	103
2019-nCoV	22679	T	C	SNP	Homozygous	S	QHD43416.1	1	c.1117T>C	p.Ser373Pro	missense_variant	MODERATE	1.0	1833.37	105
2019-nCoV	22686	CCA	TCG	MNP	Heterozygous	S	QHD43416.1	1	c.1124_1126delCCAinsTCG	p.SerThr375PheAla	missense_variant	MODERATE	0.981481	859.307	55
2019-nCoV	22775	G	A	SNP	Homozygous	S	QHD43416.1	1	c.1213G>A	p.Asp405Asn	missense_variant	MODERATE	1.0	874.152	51
2019-nCoV	22786	A	C	SNP	Homozygous	S	QHD43416.1	1	c.1224A>C	p.Arg408Ser	missense_variant	MODERATE	1.0	852.833	50
2019-nCoV	22792	C	T	SNP	Heterozygous	S	QHD43416.1	1	c.1230C>T	p.Ile410Ile	synonymous_variant	LOW	0.627451	414.211	51
2019-nCoV	22813	G	T	SNP	Homozygous	S	QHD43416.1	1	c.1251G>T	p.Lys417Asn	missense_variant	MODERATE	1.0	7994.98	668
2019-nCoV	22882	T	G	SNP	Homozygous	S	QHD43416.1	1	c.1320T>G	p.Asn440Lys	missense_variant	MODERATE	1.0	8003.16	6415
2019-nCoV	22992	GCAC	ACAA	MNP	Homozygous	S	QHD43416.1	1	c.1430_1433delGCACinsACAA	p.SerThr477AsnLys	missense_variant	MODERATE	1.0	7851.18	5790
2019-nCoV	23013	A	C	SNP	Homozygous	S	QHD43416.1	1	c.1451A>C	p.Glu484Ala	missense_variant	MODERATE	0.994987	7874.22	5838
2019-nCoV	23040	A	G	SNP	Homozygous	S	QHD43416.1	1	c.1478A>G	p.Gln493Arg	missense_variant	MODERATE	0.994652	7373.79	5716
2019-nCoV	23055	A	G	SNP	Homozygous	S	QHD43416.1	1	c.1493A>G	p.Gln498Arg	missense_variant	MODERATE	1.0	3403.63	176
2019-nCoV	23063	A	T	SNP	Homozygous	S	QHD43416.1	1	c.1501A>T	p.Asn501Tyr	missense_variant	MODERATE	1.0	3420.9	176
2019-nCoV	23075	T	C	SNP	Heterozygous	S	QHD43416.1	1	c.1513T>C	p.Tyr505His	missense_variant	MODERATE	0.988764	3403.99	180
2019-nCoV	23403	A	G	SNP	Homozygous	S	QHD43416.1	1	c.1841A>G	p.Asp614Gly	missense_variant	MODERATE	0.9975	7832.19	9119
2019-nCoV	23525	C	T	SNP	Homozygous	S	QHD43416.1	1	c.1963C>T	p.His655Tyr	missense_variant	MODERATE	0.994975	7872.85	16004
2019-nCoV	23599	T	G	SNP	Homozygous	S	QHD43416.1	1	c.2037T>G	p.Asn679Lys	missense_variant	MODERATE	1.0	7900.57	22782
2019-nCoV	23604	C	A	SNP	Homozygous	S	QHD43416.1	1	c.2042C>A	p.Pro681His	missense_variant	MODERATE	0.9975	7950.69	22795
2019-nCoV	23698	T	A	SNP	Heterozygous	S	QHD43416.1	1	c.2136T>A	p.Ile712Ile	synonymous_variant	LOW	0.310777	1433.6	7995
2019-nCoV	23854	C	A	SNP	Heterozygous	S	QHD43416.1	1	c.2292C>A	p.Asn764Lys	missense_variant	MODERATE	0.990196	1723.13	101
2019-nCoV	23948	G	T	SNP	Heterozygous	S	QHD43416.1	1	c.2386G>T	p.Asp796Tyr	missense_variant	MODERATE	0.980392	838.851	51
2019-nCoV	24424	A	T	SNP	Homozygous	S	QHD43416.1	1	c.2862A>T	p.Gln954His	missense_variant	MODERATE	1.0	7949.0	6097
2019-nCoV	24460	TA	T	DEL	Heterozygous	S	QHD43416.1	1	c.2899delA	p.Ser967fs	frameshift_variant	HIGH	0.275689	1158.53	6142
2019-nCoV	24469	T	A	SNP	Heterozygous	S	QHD43416.1	1	c.2907T>A	p.Asn969Lys	missense_variant	MODERATE	0.982412	7430.27	6263
2019-nCoV	25000	C	T	SNP	Homozygous	S	QHD43416.1	1	c.3438C>T	p.Asp1146Asp	synonymous_variant	LOW	1.0	4161.63	223
2019-nCoV	25584	C	T	SNP	Homozygous	ORF3a	QHD43417.1	1	c.192C>T	p.Thr64Thr	synonymous_variant	LOW	0.994975	7837.79	19638
2019-nCoV	25624	C	T	SNP	Heterozygous	ORF3a	QHD43417.1	1	c.232C>T	p.His78Tyr	missense_variant	MODERATE	0.365915	1796.42	621
2019-nCoV	25810	C	T	SNP	Heterozygous	ORF3a	QHD43417.1	1	c.418C>T	p.Leu140Phe	missense_variant	MODERATE	0.449153	1220.47	220
2019-nCoV	26060	C	T	SNP	Homozygous	ORF3a	QHD43417.1	1	c.668C>T	p.Thr223Ile	missense_variant	MODERATE	1.0	7997.28	4113
2019-nCoV	26270	C	T	SNP	Homozygous	E	QHD43418.1	1	c.26C>T	p.Thr9Ile	missense_variant	MODERATE	0.997487	7910.11	13559
2019-nCoV	26709	G	A	SNP	Homozygous	M	QHD43419.1	1	c.187G>A	p.Ala63Thr	missense_variant	MODERATE	1.0	8003.17	695
2019-nCoV	26858	C	T	SNP	Homozygous	M	QHD43419.1	1	c.336C>T	p.Phe112Phe	synonymous_variant	LOW	1.0	7956.46	3447
2019-nCoV	27259	A	C	SNP	Homozygous	ORF6	QHD43420.1	1	c.58A>C	p.Arg20Arg	synonymous_variant	LOW	1.0	7971.03	519
2019-nCoV	27382	GAT	CTC	MNP	Homozygous	ORF6	QHD43420.1	1	c.181_183delGATinsCTC	p.Asp61Leu	missense_variant	MODERATE	1.0	840.328	51
2019-nCoV	27807	C	T	SNP	Homozygous	ORF8	QHD43422.1	-1	c.-87C>T	.	upstream_gene_variant	MODIFIER	1.0	7985.47	1041
2019-nCoV	28253	C	T	SNP	Heterozygous	ORF8	QHD43422.1	1	c.360C>T	p.Phe120Phe	synonymous_variant	LOW	0.195489	701.78	1510
2019-nCoV	28271	A	T	SNP	Homozygous	N	QHD43423.2	-1	c.-3A>T	.	upstream_gene_variant	MODIFIER	0.99	7787.06	10880
2019-nCoV	28311	C	T	SNP	Heterozygous	N	QHD43423.2	1	c.38C>T	p.Pro13Leu	missense_variant	MODERATE	0.985	7723.68	11017
2019-nCoV	28361	GGAGAACGCA	G	DEL	Homozygous	N	QHD43423.2	1	c.90_98delAGAACGCAG	p.Glu31_Ser33del	disruptive_inframe_deletion	MODERATE	1.0	7672.01	545
2019-nCoV	28407	TACCCAATA	T	DEL	Heterozygous	N	QHD43423.2	1	c.136_143delCCCAATAA	p.Pro46fs	frameshift_variant	HIGH	0.182448	50.0	1299
2019-nCoV	28773	TGCCAAAAGGCTTCTACGCA	T	DEL	Heterozygous	N	QHD43423.2	1	c.502_520delCCAAAAGGCTTCTACGCAG	p.Pro168fs	frameshift_variant	HIGH	0.460759	2470.8	2914
2019-nCoV	28881	GGG	AAC	MNP	Homozygous	N	QHD43423.2	1	c.608_610delGGGinsAAC	p.ArgGly203LysArg	missense_variant	MODERATE	1.0	7821.68	851
2019-nCoV	28899	G	T	SNP	Heterozygous	N	QHD43423.2	1	c.626G>T	p.Arg209Ile	missense_variant	MODERATE	0.1725	610.414	867
2019-nCoV	29020	A	G	SNP	Heterozygous	N	QHD43423.2	1	c.747A>G	p.Lys249Lys	synonymous_variant	LOW	0.222222	56.2493	36
2019-nCoV	29440	G	T	SNP	Heterozygous	N	QHD43423.2	1	c.1167G>T	p.Gln389His	missense_variant	MODERATE	0.435294	945.039	170
