CHROM	POS	REF	ALT	VARTYPE	GEN[*].GT	ANN[*].GENE	ANN[*].FEATUREID	EFF[*].RANK	ANN[*].HGVS_C	ANN[*].HGVS_P	ANN[*].EFFECT	EFF[*].IMPACT	AF	QUAL	DP
2019-nCoV	44	C	T	SNP	Homozygous	orf1ab	QHD43415.1	-1	c.-222C>T	.	upstream_gene_variant	MODIFIER	0.995	18861.2	104593
2019-nCoV	241	C	T	SNP	Homozygous	orf1ab	QHD43415.1	-1	c.-25C>T	.	upstream_gene_variant	MODIFIER	0.998998	19475.3	2629
2019-nCoV	670	T	G	SNP	Homozygous	orf1ab	QHD43415.1	1	c.405T>G	p.Ser135Arg	missense_variant	MODERATE	0.990991	19560.2	74388
2019-nCoV	1627	C	T	SNP	Heterozygous	orf1ab	QHD43415.1	1	c.1362C>T	p.Leu454Leu	synonymous_variant	LOW	0.389	4905.58	27920
2019-nCoV	2790	C	T	SNP	Homozygous	orf1ab	QHD43415.1	1	c.2525C>T	p.Thr842Ile	missense_variant	MODERATE	1.0	16610.9	45270
2019-nCoV	3037	C	T	SNP	Homozygous	orf1ab	QHD43415.1	1	c.2772C>T	p.Phe924Phe	synonymous_variant	LOW	0.999	18497.0	46698
2019-nCoV	4184	G	A	SNP	Homozygous	orf1ab	QHD43415.1	1	c.3919G>A	p.Gly1307Ser	missense_variant	MODERATE	0.99499	19664.3	8031
2019-nCoV	4321	C	T	SNP	Heterozygous	orf1ab	QHD43415.1	1	c.4056C>T	p.Ala1352Ala	synonymous_variant	LOW	0.946	17883.9	23769
2019-nCoV	6979	T	G	SNP	Heterozygous	orf1ab	QHD43415.1	1	c.6714T>G	p.Val2238Val	synonymous_variant	LOW	0.167167	1435.58	1479
2019-nCoV	9344	C	T	SNP	Homozygous	orf1ab	QHD43415.1	1	c.9079C>T	p.Leu3027Phe	missense_variant	MODERATE	1.0	18525.2	8436
2019-nCoV	9424	A	G	SNP	Homozygous	orf1ab	QHD43415.1	1	c.9159A>G	p.Val3053Val	synonymous_variant	LOW	0.997	19828.2	6035
2019-nCoV	9534	C	T	SNP	Homozygous	orf1ab	QHD43415.1	1	c.9269C>T	p.Thr3090Ile	missense_variant	MODERATE	1.0	19943.9	1089
2019-nCoV	10029	C	T	SNP	Homozygous	orf1ab	QHD43415.1	1	c.9764C>T	p.Thr3255Ile	missense_variant	MODERATE	0.997998	19795.6	17451
2019-nCoV	10198	C	T	SNP	Homozygous	orf1ab	QHD43415.1	1	c.9933C>T	p.Asp3311Asp	synonymous_variant	LOW	1.0	19943.8	16558
2019-nCoV	10447	GCC	ACA	MNP	Homozygous	orf1ab	QHD43415.1	1	c.10182_10184delGCCinsACA	p.Pro3395His	missense_variant	MODERATE	1.0	19444.6	1914
2019-nCoV	11287	GTCTGGTTTT	G	DEL	Homozygous	orf1ab	QHD43415.1	1	c.11023_11031delTCTGGTTTT	p.Ser3675_Phe3677del	conservative_inframe_deletion	MODERATE	1.0	19275.2	41346
2019-nCoV	12160	G	A	SNP	Heterozygous	orf1ab	QHD43415.1	1	c.11895G>A	p.Glu3965Glu	synonymous_variant	LOW	0.951952	18110.5	4807
2019-nCoV	12310	G	A	SNP	Heterozygous	orf1ab	QHD43415.1	1	c.12045G>A	p.Gln4015Gln	synonymous_variant	LOW	0.256024	2607.67	17426
2019-nCoV	12880	C	T	SNP	Homozygous	orf1ab	QHD43415.1	1	c.12615C>T	p.Ile4205Ile	synonymous_variant	LOW	1.0	19783.5	15921
2019-nCoV	14408	C	T	SNP	Homozygous	orf1ab	QHD43415.1	2	c.14144C>T	p.Pro4715Leu	missense_variant	MODERATE	0.991	19537.2	2322
2019-nCoV	15714	C	T	SNP	Homozygous	orf1ab	QHD43415.1	2	c.15450C>T	p.Leu5150Leu	synonymous_variant	LOW	1.0	19907.0	77635
2019-nCoV	17410	C	T	SNP	Homozygous	orf1ab	QHD43415.1	2	c.17146C>T	p.Arg5716Cys	missense_variant	MODERATE	1.0	19974.4	73130
2019-nCoV	18163	A	G	SNP	Homozygous	orf1ab	QHD43415.1	2	c.17899A>G	p.Ile5967Val	missense_variant	MODERATE	0.997998	19823.7	10071
2019-nCoV	19955	C	T	SNP	Homozygous	orf1ab	QHD43415.1	2	c.19691C>T	p.Thr6564Ile	missense_variant	MODERATE	1.0	19843.0	31988
2019-nCoV	20055	A	G	SNP	Heterozygous	orf1ab	QHD43415.1	2	c.19791A>G	p.Glu6597Glu	synonymous_variant	LOW	0.977978	18976.4	23037
2019-nCoV	21618	C	T	SNP	Homozygous	S	QHD43416.1	1	c.56C>T	p.Thr19Ile	missense_variant	MODERATE	1.0	19994.4	13301
2019-nCoV	21632	TTACCCCCTG	T	DEL	Homozygous	S	QHD43416.1	1	c.71_79delTACCCCCTG	p.Leu24_Ala27delinsSer	disruptive_inframe_deletion	MODERATE	1.0	19741.2	12996
2019-nCoV	21764	ATACATG	A	DEL	Heterozygous	S	QHD43416.1	1	c.204_209delACATGT	p.His69_Val70del	disruptive_inframe_deletion	MODERATE	0.94551	17769.5	14902
2019-nCoV	21987	G	A	SNP	Heterozygous	S	QHD43416.1	1	c.425G>A	p.Gly142Asp	missense_variant	MODERATE	0.985	19230.8	14231
2019-nCoV	22200	T	G	SNP	Heterozygous	S	QHD43416.1	1	c.638T>G	p.Val213Gly	missense_variant	MODERATE	0.923	17223.5	5057
2019-nCoV	22578	G	A	SNP	Homozygous	S	QHD43416.1	1	c.1016G>A	p.Gly339Asp	missense_variant	MODERATE	0.997994	19784.2	9043
2019-nCoV	22674	C	T	SNP	Heterozygous	S	QHD43416.1	1	c.1112C>T	p.Ser371Phe	missense_variant	MODERATE	0.98996	19225.1	1781
2019-nCoV	22679	T	C	SNP	Homozygous	S	QHD43416.1	1	c.1117T>C	p.Ser373Pro	missense_variant	MODERATE	0.999	19570.1	1774
2019-nCoV	22686	CCA	TCG	MNP	Heterozygous	S	QHD43416.1	1	c.1124_1126delCCAinsTCG	p.SerThr375PheAla	missense_variant	MODERATE	0.982759	8249.05	569
2019-nCoV	22775	G	A	SNP	Homozygous	S	QHD43416.1	1	c.1213G>A	p.Asp405Asn	missense_variant	MODERATE	1.0	9245.95	469
2019-nCoV	22786	A	C	SNP	Heterozygous	S	QHD43416.1	1	c.1224A>C	p.Arg408Ser	missense_variant	MODERATE	0.97065	8905.69	475
2019-nCoV	22813	G	T	SNP	Homozygous	S	QHD43416.1	1	c.1251G>T	p.Lys417Asn	missense_variant	MODERATE	1.0	19788.2	22349
2019-nCoV	22882	T	G	SNP	Homozygous	S	QHD43416.1	1	c.1320T>G	p.Asn440Lys	missense_variant	MODERATE	1.0	19869.4	40368
2019-nCoV	22917	T	G	SNP	Heterozygous	S	QHD43416.1	1	c.1355T>G	p.Leu452Arg	missense_variant	MODERATE	0.986626	18878.6	40330
2019-nCoV	22992	GCAC	ACAA	MNP	Homozygous	S	QHD43416.1	1	c.1430_1433delGCACinsACAA	p.SerThr477AsnLys	missense_variant	MODERATE	1.0	19640.3	15892
2019-nCoV	23013	A	C	SNP	Homozygous	S	QHD43416.1	1	c.1451A>C	p.Glu484Ala	missense_variant	MODERATE	1.0	19835.0	21787
2019-nCoV	23018	T	G	SNP	Heterozygous	S	QHD43416.1	1	c.1456T>G	p.Phe486Val	missense_variant	MODERATE	0.956	18352.7	21828
2019-nCoV	23055	A	G	SNP	Homozygous	S	QHD43416.1	1	c.1493A>G	p.Gln498Arg	missense_variant	MODERATE	0.992951	19481.1	5859
2019-nCoV	23063	A	T	SNP	Homozygous	S	QHD43416.1	1	c.1501A>T	p.Asn501Tyr	missense_variant	MODERATE	0.992979	19405.5	5946
2019-nCoV	23075	T	C	SNP	Homozygous	S	QHD43416.1	1	c.1513T>C	p.Tyr505His	missense_variant	MODERATE	0.996997	19798.9	6092
2019-nCoV	23403	A	G	SNP	Homozygous	S	QHD43416.1	1	c.1841A>G	p.Asp614Gly	missense_variant	MODERATE	1.0	19677.4	57006
2019-nCoV	23525	C	T	SNP	Homozygous	S	QHD43416.1	1	c.1963C>T	p.His655Tyr	missense_variant	MODERATE	0.997994	19702.6	118504
2019-nCoV	23599	T	G	SNP	Homozygous	S	QHD43416.1	1	c.2037T>G	p.Asn679Lys	missense_variant	MODERATE	0.998	19881.1	212238
2019-nCoV	23604	C	A	SNP	Homozygous	S	QHD43416.1	1	c.2042C>A	p.Pro681His	missense_variant	MODERATE	0.999	19950.8	212397
2019-nCoV	23854	C	A	SNP	Homozygous	S	QHD43416.1	1	c.2292C>A	p.Asn764Lys	missense_variant	MODERATE	0.998999	19695.3	13211
2019-nCoV	23948	G	T	SNP	Homozygous	S	QHD43416.1	1	c.2386G>T	p.Asp796Tyr	missense_variant	MODERATE	1.0	19794.8	12143
2019-nCoV	24424	A	T	SNP	Heterozygous	S	QHD43416.1	1	c.2862A>T	p.Gln954His	missense_variant	MODERATE	0.989	19505.6	43954
2019-nCoV	24469	T	A	SNP	Homozygous	S	QHD43416.1	1	c.2907T>A	p.Asn969Lys	missense_variant	MODERATE	0.995992	19009.5	54336
2019-nCoV	25000	C	T	SNP	Homozygous	S	QHD43416.1	1	c.3438C>T	p.Asp1146Asp	synonymous_variant	LOW	0.997998	19812.1	18817
2019-nCoV	25584	C	T	SNP	Heterozygous	ORF3a	QHD43417.1	1	c.192C>T	p.Thr64Thr	synonymous_variant	LOW	0.98998	19522.5	215424
2019-nCoV	26060	C	T	SNP	Homozygous	ORF3a	QHD43417.1	1	c.668C>T	p.Thr223Ile	missense_variant	MODERATE	1.0	19970.7	41584
2019-nCoV	26270	C	T	SNP	Homozygous	E	QHD43418.1	1	c.26C>T	p.Thr9Ile	missense_variant	MODERATE	1.0	19983.3	121795
2019-nCoV	26529	G	A	SNP	Heterozygous	M	QHD43419.1	1	c.7G>A	p.Asp3Asn	missense_variant	MODERATE	0.92	17147.4	4394
2019-nCoV	26577	C	G	SNP	Homozygous	M	QHD43419.1	1	c.55C>G	p.Gln19Glu	missense_variant	MODERATE	1.0	19954.6	2912
2019-nCoV	26709	G	A	SNP	Homozygous	M	QHD43419.1	1	c.187G>A	p.Ala63Thr	missense_variant	MODERATE	0.998999	19914.8	10236
2019-nCoV	26858	C	T	SNP	Heterozygous	M	QHD43419.1	1	c.336C>T	p.Phe112Phe	synonymous_variant	LOW	0.156469	1290.11	30667
2019-nCoV	27038	A	G	SNP	Heterozygous	M	QHD43419.1	1	c.516A>G	p.Thr172Thr	synonymous_variant	LOW	0.199	1865.67	2607
2019-nCoV	27438	T	C	SNP	Heterozygous	ORF7a	QHD43421.1	1	c.45T>C	p.Cys15Cys	synonymous_variant	LOW	0.302	3359.76	25619
2019-nCoV	27513	C	T	SNP	Heterozygous	ORF7a	QHD43421.1	1	c.120C>T	p.Tyr40Tyr	synonymous_variant	LOW	0.162814	1371.6	35365
2019-nCoV	27807	C	T	SNP	Homozygous	ORF8	QHD43422.1	-1	c.-87C>T	.	upstream_gene_variant	MODIFIER	0.998999	19932.4	24419
2019-nCoV	27889	C	T	SNP	Heterozygous	ORF8	QHD43422.1	-1	c.-5C>T	.	upstream_gene_variant	MODIFIER	0.87	15707.3	19907
2019-nCoV	28271	A	T	SNP	Heterozygous	N	QHD43423.2	-1	c.-3A>T	.	upstream_gene_variant	MODIFIER	0.973817	18433.7	130978
2019-nCoV	28311	C	T	SNP	Homozygous	N	QHD43423.2	1	c.38C>T	p.Pro13Leu	missense_variant	MODERATE	0.992986	19619.4	132017
2019-nCoV	28330	A	G	SNP	Heterozygous	N	QHD43423.2	1	c.57A>G	p.Gly19Gly	synonymous_variant	LOW	0.407	5203.31	126304
2019-nCoV	28361	GGAGAACGCA	G	DEL	Homozygous	N	QHD43423.2	1	c.90_98delAGAACGCAG	p.Glu31_Ser33del	disruptive_inframe_deletion	MODERATE	1.0	18254.3	11204
2019-nCoV	28881	GGG	AAC	MNP	Homozygous	N	QHD43423.2	1	c.608_610delGGGinsAAC	p.ArgGly203LysArg	missense_variant	MODERATE	1.0	19204.8	18474
2019-nCoV	29510	A	C	SNP	Homozygous	N	QHD43423.2	1	c.1237A>C	p.Ser413Arg	missense_variant	MODERATE	1.0	19800.9	3275
2019-nCoV	29666	C	T	SNP	Heterozygous	ORF10	QHI42199.1	1	c.109C>T	p.Leu37Phe	missense_variant	MODERATE	0.255	2666.29	3831
2019-nCoV	29733	CGAGGCCACGCGGAGTACGATCGAGTG	C	DEL	Homozygous	S	QHD43416.1	-1	c.*4350_*4375delGAGGCCACGCGGAGTACGATCGAGTG	.	downstream_gene_variant	MODIFIER	1.0	19697.2	2927
