CHROM	POS	REF	ALT	VARTYPE	GEN[*].GT	ANN[*].GENE	ANN[*].FEATUREID	EFF[*].RANK	ANN[*].HGVS_C	ANN[*].HGVS_P	ANN[*].EFFECT	EFF[*].IMPACT	AF	QUAL	DP
2019-nCoV	44	C	T	SNP	Homozygous	orf1ab	QHD43415.1	-1	c.-222C>T	.	upstream_gene_variant	MODIFIER	0.9905	32282.7	44761
2019-nCoV	66	C	T	SNP	Heterozygous	orf1ab	QHD43415.1	-1	c.-200C>T	.	upstream_gene_variant	MODIFIER	0.0525526	259.054	49826
2019-nCoV	232	T	C	SNP	Heterozygous	orf1ab	QHD43415.1	-1	c.-34T>C	.	upstream_gene_variant	MODIFIER	0.0505	246.108	4141
2019-nCoV	241	C	T	SNP	Homozygous	orf1ab	QHD43415.1	-1	c.-25C>T	.	upstream_gene_variant	MODIFIER	1.0	33271.6	3998
2019-nCoV	256	GA	T	MIXED	Heterozygous	orf1ab	QHD43415.1	-1	c.-10_-9delGAinsT	.	upstream_gene_variant	MODIFIER	0.0265797	17.5955	4046
2019-nCoV	261	G	A	SNP	Heterozygous	orf1ab	QHD43415.1	-1	c.-5G>A	.	upstream_gene_variant	MODIFIER	0.030015	64.0599	10018
2019-nCoV	336	G	A	SNP	Heterozygous	orf1ab	QHD43415.1	1	c.71G>A	p.Arg24His	missense_variant	MODERATE	0.044	178.701	33773
2019-nCoV	405	A	G	SNP	Heterozygous	orf1ab	QHD43415.1	1	c.140A>G	p.Lys47Arg	missense_variant	MODERATE	0.097	909.59	33850
2019-nCoV	670	T	G	SNP	Homozygous	orf1ab	QHD43415.1	1	c.405T>G	p.Ser135Arg	missense_variant	MODERATE	0.993982	33308.1	38173
2019-nCoV	683	C	T	SNP	Heterozygous	orf1ab	QHD43415.1	1	c.418C>T	p.Leu140Leu	synonymous_variant	LOW	0.0365365	109.673	38226
2019-nCoV	1320	A	G	SNP	Heterozygous	orf1ab	QHD43415.1	1	c.1055A>G	p.Glu352Gly	missense_variant	MODERATE	0.0470235	131.916	13834
2019-nCoV	1405	T	C	SNP	Heterozygous	orf1ab	QHD43415.1	1	c.1140T>C	p.Pro380Pro	synonymous_variant	LOW	0.0390195	133.523	32384
2019-nCoV	1570	T	C	SNP	Heterozygous	orf1ab	QHD43415.1	1	c.1305T>C	p.His435His	synonymous_variant	LOW	0.063	274.979	17956
2019-nCoV	1627	C	T	SNP	Heterozygous	orf1ab	QHD43415.1	1	c.1362C>T	p.Leu454Leu	synonymous_variant	LOW	0.492246	10724.9	24729
2019-nCoV	1931	C	A	SNP	Heterozygous	orf1ab	QHD43415.1	1	c.1666C>A	p.Gln556Lys	missense_variant	MODERATE	0.151576	1930.01	10804
2019-nCoV	2163	A	G	SNP	Heterozygous	orf1ab	QHD43415.1	1	c.1898A>G	p.Glu633Gly	missense_variant	MODERATE	0.0245123	34.0521	13746
2019-nCoV	2164	G	A	SNP	Heterozygous	orf1ab	QHD43415.1	1	c.1899G>A	p.Glu633Glu	synonymous_variant	LOW	0.0976721	886.273	13582
2019-nCoV	2710	C	T	SNP	Heterozygous	orf1ab	QHD43415.1	1	c.2445C>T	p.Leu815Leu	synonymous_variant	LOW	0.033	42.6353	13342
2019-nCoV	2790	C	T	SNP	Homozygous	orf1ab	QHD43415.1	1	c.2525C>T	p.Thr842Ile	missense_variant	MODERATE	1.0	32440.6	27983
2019-nCoV	2954	T	C	SNP	Heterozygous	orf1ab	QHD43415.1	1	c.2689T>C	p.Leu897Leu	synonymous_variant	LOW	0.1285	1489.89	23937
2019-nCoV	3014	G	T	SNP	Heterozygous	orf1ab	QHD43415.1	1	c.2749G>T	p.Ala917Ser	missense_variant	MODERATE	0.0450225	187.465	28938
2019-nCoV	3037	C	T	SNP	Homozygous	orf1ab	QHD43415.1	1	c.2772C>T	p.Phe924Phe	synonymous_variant	LOW	1.0	33683.3	22590
2019-nCoV	3604	C	T	SNP	Heterozygous	orf1ab	QHD43415.1	1	c.3339C>T	p.His1113His	synonymous_variant	LOW	0.0385	72.1694	27677
2019-nCoV	3716	G	T	SNP	Heterozygous	orf1ab	QHD43415.1	1	c.3451G>T	p.Ala1151Ser	missense_variant	MODERATE	0.0270406	46.4965	14687
2019-nCoV	3745	T	C	SNP	Heterozygous	orf1ab	QHD43415.1	1	c.3480T>C	p.His1160His	synonymous_variant	LOW	0.031	70.6974	14587
2019-nCoV	3796	C	T	SNP	Heterozygous	orf1ab	QHD43415.1	1	c.3531C>T	p.Val1177Val	synonymous_variant	LOW	0.0807422	625.104	17594
2019-nCoV	3927	C	T	SNP	Heterozygous	orf1ab	QHD43415.1	1	c.3662C>T	p.Ser1221Leu	missense_variant	MODERATE	0.0985	927.349	10030
2019-nCoV	3992	C	T	SNP	Heterozygous	orf1ab	QHD43415.1	1	c.3727C>T	p.Leu1243Leu	synonymous_variant	LOW	0.0485485	222.619	6154
2019-nCoV	4184	G	A	SNP	Homozygous	orf1ab	QHD43415.1	1	c.3919G>A	p.Gly1307Ser	missense_variant	MODERATE	0.992	35658.2	10279
2019-nCoV	4321	C	T	SNP	Homozygous	orf1ab	QHD43415.1	1	c.4056C>T	p.Ala1352Ala	synonymous_variant	LOW	0.998993	32733.9	24618
2019-nCoV	4579	T	A	SNP	Heterozygous	orf1ab	QHD43415.1	1	c.4314T>A	p.Leu1438Leu	synonymous_variant	LOW	0.0490147	146.18	33269
2019-nCoV	4586	C	T	SNP	Heterozygous	orf1ab	QHD43415.1	1	c.4321C>T	p.Leu1441Leu	synonymous_variant	LOW	0.081	645.058	33208
2019-nCoV	4771	T	C	SNP	Heterozygous	orf1ab	QHD43415.1	1	c.4506T>C	p.Ile1502Ile	synonymous_variant	LOW	0.0185	10.2342	31869
2019-nCoV	4794	C	T	SNP	Heterozygous	orf1ab	QHD43415.1	1	c.4529C>T	p.Ser1510Phe	missense_variant	MODERATE	0.0315158	34.1292	32006
2019-nCoV	5006	A	G	SNP	Heterozygous	orf1ab	QHD43415.1	1	c.4741A>G	p.Thr1581Ala	missense_variant	MODERATE	0.057	320.143	14456
2019-nCoV	5183	C	T	SNP	Heterozygous	orf1ab	QHD43415.1	1	c.4918C>T	p.Pro1640Ser	missense_variant	MODERATE	0.076	423.646	14811
2019-nCoV	5274	C	T	SNP	Heterozygous	orf1ab	QHD43415.1	1	c.5009C>T	p.Ala1670Val	missense_variant	MODERATE	0.0450225	186.606	14849
2019-nCoV	5724	C	T	SNP	Heterozygous	orf1ab	QHD43415.1	1	c.5459C>T	p.Thr1820Ile	missense_variant	MODERATE	0.0295	60.9744	31936
2019-nCoV	6058	A	G	SNP	Heterozygous	orf1ab	QHD43415.1	1	c.5793A>G	p.Val1931Val	synonymous_variant	LOW	0.026	15.5059	18470
2019-nCoV	6063	A	C	SNP	Heterozygous	orf1ab	QHD43415.1	1	c.5798A>C	p.Asp1933Ala	missense_variant	MODERATE	0.0221774	22.7688	18515
2019-nCoV	6336	C	T	SNP	Heterozygous	orf1ab	QHD43415.1	1	c.6071C>T	p.Ser2024Leu	missense_variant	MODERATE	0.0375188	63.0023	31431
2019-nCoV	6364	G	A	SNP	Heterozygous	orf1ab	QHD43415.1	1	c.6099G>A	p.Ala2033Ala	synonymous_variant	LOW	0.0505	245.966	18389
2019-nCoV	6443	G	A	SNP	Heterozygous	orf1ab	QHD43415.1	1	c.6178G>A	p.Asp2060Asn	missense_variant	MODERATE	0.042886	169.112	33533
2019-nCoV	6449	C	T	SNP	Heterozygous	orf1ab	QHD43415.1	1	c.6184C>T	p.Leu2062Phe	missense_variant	MODERATE	0.0245614	34.792	33540
2019-nCoV	6979	T	G	SNP	Heterozygous	orf1ab	QHD43415.1	1	c.6714T>G	p.Val2238Val	synonymous_variant	LOW	0.047	208.857	4561
2019-nCoV	7423	C	T	SNP	Heterozygous	orf1ab	QHD43415.1	1	c.7158C>T	p.Phe2386Phe	synonymous_variant	LOW	0.0313924	81.6293	9502
2019-nCoV	7528	C	T	SNP	Heterozygous	orf1ab	QHD43415.1	1	c.7263C>T	p.Val2421Val	synonymous_variant	LOW	0.298	5688.51	17356
2019-nCoV	7651	T	C	SNP	Heterozygous	orf1ab	QHD43415.1	1	c.7386T>C	p.Ser2462Ser	synonymous_variant	LOW	0.0250125	35.6161	24045
2019-nCoV	7765	C	T	SNP	Heterozygous	orf1ab	QHD43415.1	1	c.7500C>T	p.Ser2500Ser	synonymous_variant	LOW	0.0315158	74.2279	10121
2019-nCoV	8025	C	T	SNP	Heterozygous	orf1ab	QHD43415.1	1	c.7760C>T	p.Ala2587Val	missense_variant	MODERATE	0.0325	80.9885	22709
2019-nCoV	8090	C	T	SNP	Heterozygous	orf1ab	QHD43415.1	1	c.7825C>T	p.Leu2609Phe	missense_variant	MODERATE	0.041041	150.642	23042
2019-nCoV	8254	A	G	SNP	Heterozygous	orf1ab	QHD43415.1	1	c.7989A>G	p.Ile2663Met	missense_variant	MODERATE	0.048	218.61	21365
2019-nCoV	8773	A	G	SNP	Heterozygous	orf1ab	QHD43415.1	1	c.8508A>G	p.Thr2836Thr	synonymous_variant	LOW	0.055358	296.985	5689
2019-nCoV	9344	C	T	SNP	Homozygous	orf1ab	QHD43415.1	1	c.9079C>T	p.Leu3027Phe	missense_variant	MODERATE	1.0	32162.0	10507
2019-nCoV	9424	A	G	SNP	Homozygous	orf1ab	QHD43415.1	1	c.9159A>G	p.Val3053Val	synonymous_variant	LOW	0.999499	36352.4	8401
2019-nCoV	9534	C	T	SNP	Heterozygous	orf1ab	QHD43415.1	1	c.9269C>T	p.Thr3090Ile	missense_variant	MODERATE	0.976821	5377.71	300
2019-nCoV	9534	CTG	TTT	MNP	Heterozygous	orf1ab	QHD43415.1	1	c.9269_9271delCTGinsTTT	p.ThrVal3090IleLeu	missense_variant	MODERATE	0.0231788	5377.71	300
2019-nCoV	9866	C	T	SNP	Heterozygous	orf1ab	QHD43415.1	1	c.9601C>T	p.Leu3201Phe	missense_variant	MODERATE	0.229764	3592.55	18966
2019-nCoV	9931	T	C	SNP	Heterozygous	orf1ab	QHD43415.1	1	c.9666T>C	p.Asp3222Asp	synonymous_variant	LOW	0.031	33.4569	14814
2019-nCoV	10029	C	T	SNP	Heterozygous	orf1ab	QHD43415.1	1	c.9764C>T	p.Thr3255Ile	missense_variant	MODERATE	0.965846	36171.1	23569
2019-nCoV	10029	CC	TT	MNP	Heterozygous	orf1ab	QHD43415.1	1	c.9764_9765delCCinsTT	p.Thr3255Ile	missense_variant	MODERATE	0.0331492	36171.1	23569
2019-nCoV	10198	C	T	SNP	Homozygous	orf1ab	QHD43415.1	1	c.9933C>T	p.Asp3311Asp	synonymous_variant	LOW	1.0	33917.7	27008
2019-nCoV	10447	GCC	ACA	MNP	Homozygous	orf1ab	QHD43415.1	1	c.10182_10184delGCCinsACA	p.Pro3395His	missense_variant	MODERATE	1.0	35725.5	8273
2019-nCoV	10702	C	T	SNP	Heterozygous	orf1ab	QHD43415.1	1	c.10437C>T	p.Asp3479Asp	synonymous_variant	LOW	0.021	18.1909	17639
2019-nCoV	11287	GTCTGGTTTT	G	DEL	Homozygous	orf1ab	QHD43415.1	1	c.11023_11031delTCTGGTTTT	p.Ser3675_Phe3677del	conservative_inframe_deletion	MODERATE	1.0	35031.8	41569
2019-nCoV	11674	C	T	SNP	Heterozygous	orf1ab	QHD43415.1	1	c.11409C>T	p.Tyr3803Tyr	synonymous_variant	LOW	0.0435218	174.128	10714
2019-nCoV	11742	A	T	SNP	Heterozygous	orf1ab	QHD43415.1	1	c.11477A>T	p.Gln3826Leu	missense_variant	MODERATE	0.0300752	63.524	24325
2019-nCoV	11750	C	T	SNP	Heterozygous	orf1ab	QHD43415.1	1	c.11485C>T	p.Leu3829Phe	missense_variant	MODERATE	0.192596	2847.68	24160
2019-nCoV	11962	C	T	SNP	Heterozygous	orf1ab	QHD43415.1	1	c.11697C>T	p.Leu3899Leu	synonymous_variant	LOW	0.0225225	24.3741	37786
2019-nCoV	12160	G	A	SNP	Heterozygous	orf1ab	QHD43415.1	1	c.11895G>A	p.Glu3965Glu	synonymous_variant	LOW	0.79198	24358.2	12068
2019-nCoV	12310	G	A	SNP	Heterozygous	orf1ab	QHD43415.1	1	c.12045G>A	p.Gln4015Gln	synonymous_variant	LOW	0.149448	1549.82	21668
2019-nCoV	12444	A	G	SNP	Heterozygous	orf1ab	QHD43415.1	1	c.12179A>G	p.Asn4060Ser	missense_variant	MODERATE	0.0470235	208.656	21358
2019-nCoV	12833	G	T	SNP	Heterozygous	orf1ab	QHD43415.1	1	c.12568G>T	p.Asp4190Tyr	missense_variant	MODERATE	0.0205103	16.112	15732
2019-nCoV	12880	C	T	SNP	Homozygous	orf1ab	QHD43415.1	1	c.12615C>T	p.Ile4205Ile	synonymous_variant	LOW	1.0	36167.4	22499
2019-nCoV	12903	G	T	SNP	Heterozygous	orf1ab	QHD43415.1	1	c.12638G>T	p.Cys4213Phe	missense_variant	MODERATE	0.0215215	21.0968	23019
2019-nCoV	13096	T	C	SNP	Heterozygous	orf1ab	QHD43415.1	1	c.12831T>C	p.Ala4277Ala	synonymous_variant	LOW	0.0435	173.519	33169
2019-nCoV	14257	T	C	SNP	Heterozygous	orf1ab	QHD43415.1	2	c.13993T>C	p.Tyr4665His	missense_variant	MODERATE	0.201302	2624.29	15525
2019-nCoV	14408	C	T	SNP	Homozygous	orf1ab	QHD43415.1	2	c.14144C>T	p.Pro4715Leu	missense_variant	MODERATE	0.992	33276.7	2806
2019-nCoV	14475	A	G	SNP	Heterozygous	orf1ab	QHD43415.1	2	c.14211A>G	p.Gly4737Gly	synonymous_variant	LOW	0.035	99.6383	33734
2019-nCoV	14481	C	T	SNP	Heterozygous	orf1ab	QHD43415.1	2	c.14217C>T	p.His4739His	synonymous_variant	LOW	0.0345	95.7731	33754
2019-nCoV	15451	G	A	SNP	Heterozygous	orf1ab	QHD43415.1	2	c.15187G>A	p.Gly5063Ser	missense_variant	MODERATE	0.195696	2947.45	57032
2019-nCoV	15543	G	T	SNP	Heterozygous	orf1ab	QHD43415.1	2	c.15279G>T	p.Thr5093Thr	synonymous_variant	LOW	0.0265265	43.0921	27459
2019-nCoV	15714	C	T	SNP	Homozygous	orf1ab	QHD43415.1	2	c.15450C>T	p.Leu5150Leu	synonymous_variant	LOW	0.9995	36233.9	52378
2019-nCoV	15738	C	T	SNP	Heterozygous	orf1ab	QHD43415.1	2	c.15474C>T	p.Phe5158Phe	synonymous_variant	LOW	0.151835	1525.46	51931
2019-nCoV	15939	T	C	SNP	Heterozygous	orf1ab	QHD43415.1	2	c.15675T>C	p.Asp5225Asp	synonymous_variant	LOW	0.153577	1978.13	28856
2019-nCoV	16342	T	C	SNP	Heterozygous	orf1ab	QHD43415.1	2	c.16078T>C	p.Ser5360Pro	missense_variant	MODERATE	0.0950475	876.284	52491
2019-nCoV	16524	A	C	SNP	Heterozygous	orf1ab	QHD43415.1	2	c.16260A>C	p.Thr5420Thr	synonymous_variant	LOW	0.022	22.0195	29509
2019-nCoV	16616	C	A	SNP	Heterozygous	orf1ab	QHD43415.1	2	c.16352C>A	p.Thr5451Asn	missense_variant	MODERATE	0.201101	3095.54	10177
2019-nCoV	16694	C	T	SNP	Heterozygous	orf1ab	QHD43415.1	2	c.16430C>T	p.Thr5477Ile	missense_variant	MODERATE	0.026	40.4098	25110
2019-nCoV	16818	A	G	SNP	Heterozygous	orf1ab	QHD43415.1	2	c.16554A>G	p.Gln5518Gln	synonymous_variant	LOW	0.04	141.431	22916
2019-nCoV	16935	G	A	SNP	Heterozygous	orf1ab	QHD43415.1	2	c.16671G>A	p.Met5557Ile	missense_variant	MODERATE	0.2465	4260.18	50697
2019-nCoV	17039	A	G	SNP	Heterozygous	orf1ab	QHD43415.1	2	c.16775A>G	p.Asn5592Ser	missense_variant	MODERATE	0.1825	2189.23	42856
2019-nCoV	17339	C	T	SNP	Heterozygous	orf1ab	QHD43415.1	2	c.17075C>T	p.Ala5692Val	missense_variant	MODERATE	0.0345	94.7522	33222
2019-nCoV	17371	G	T	SNP	Heterozygous	orf1ab	QHD43415.1	2	c.17107G>T	p.Ala5703Ser	missense_variant	MODERATE	0.0325	39.6782	33124
2019-nCoV	17410	C	T	SNP	Homozygous	orf1ab	QHD43415.1	2	c.17146C>T	p.Arg5716Cys	missense_variant	MODERATE	0.999499	33886.4	44861
2019-nCoV	17676	C	T	SNP	Heterozygous	orf1ab	QHD43415.1	2	c.17412C>T	p.Ile5804Ile	synonymous_variant	LOW	0.0275138	47.4736	24356
2019-nCoV	17859	T	C	SNP	Heterozygous	orf1ab	QHD43415.1	2	c.17595T>C	p.Tyr5865Tyr	synonymous_variant	LOW	0.196	2947.15	13114
2019-nCoV	18163	A	G	SNP	Homozygous	orf1ab	QHD43415.1	2	c.17899A>G	p.Ile5967Val	missense_variant	MODERATE	0.992489	35710.8	9937
2019-nCoV	18583	G	A	SNP	Heterozygous	orf1ab	QHD43415.1	2	c.18319G>A	p.Val6107Ile	missense_variant	MODERATE	0.021	18.3696	12249
2019-nCoV	18700	T	A	SNP	Heterozygous	orf1ab	QHD43415.1	2	c.18436T>A	p.Ser6146Thr	missense_variant	MODERATE	0.102102	996.681	4190
2019-nCoV	19160	C	T	SNP	Heterozygous	orf1ab	QHD43415.1	2	c.18896C>T	p.Ser6299Phe	missense_variant	MODERATE	0.045	188.594	11081
2019-nCoV	19326	A	G	SNP	Heterozygous	orf1ab	QHD43415.1	2	c.19062A>G	p.Pro6354Pro	synonymous_variant	LOW	0.168584	2331.96	20634
2019-nCoV	19896	T	C	SNP	Heterozygous	orf1ab	QHD43415.1	2	c.19632T>C	p.Ala6544Ala	synonymous_variant	LOW	0.0525526	264.88	31964
2019-nCoV	19955	C	T	SNP	Homozygous	orf1ab	QHD43415.1	2	c.19691C>T	p.Thr6564Ile	missense_variant	MODERATE	1.0	33839.9	29022
2019-nCoV	20055	A	G	SNP	Heterozygous	orf1ab	QHD43415.1	2	c.19791A>G	p.Glu6597Glu	synonymous_variant	LOW	0.967	31429.1	17295
2019-nCoV	20103	T	C	SNP	Heterozygous	orf1ab	QHD43415.1	2	c.19839T>C	p.Ser6613Ser	synonymous_variant	LOW	0.023	25.9324	2023
2019-nCoV	20235	C	T	SNP	Heterozygous	orf1ab	QHD43415.1	2	c.19971C>T	p.Pro6657Pro	synonymous_variant	LOW	0.033584	88.6687	5288
2019-nCoV	21005	C	T	SNP	Heterozygous	orf1ab	QHD43415.1	2	c.20741C>T	p.Ala6914Val	missense_variant	MODERATE	0.0265	42.0553	19979
2019-nCoV	21306	C	T	SNP	Heterozygous	orf1ab	QHD43415.1	2	c.21042C>T	p.Arg7014Arg	synonymous_variant	LOW	0.0329448	82.6269	31429
2019-nCoV	21483	T	C	SNP	Heterozygous	orf1ab	QHD43415.1	2	c.21219T>C	p.Leu7073Leu	synonymous_variant	LOW	0.0585	334.46	9758
2019-nCoV	21618	C	T	SNP	Homozygous	S	QHD43416.1	1	c.56C>T	p.Thr19Ile	missense_variant	MODERATE	0.998998	33741.2	10662
2019-nCoV	21632	TTACCCCCTG	T	DEL	Homozygous	S	QHD43416.1	1	c.71_79delTACCCCCTG	p.Leu24_Ala27delinsSer	disruptive_inframe_deletion	MODERATE	1.0	36073.9	10378
2019-nCoV	21764	ATACATG	A	DEL	Heterozygous	S	QHD43416.1	1	c.204_209delACATGT	p.His69_Val70del	disruptive_inframe_deletion	MODERATE	0.899696	31698.7	10156
2019-nCoV	21987	G	A	SNP	Homozygous	S	QHD43416.1	1	c.425G>A	p.Gly142Asp	missense_variant	MODERATE	0.988989	32872.4	12606
2019-nCoV	21990	TTTA	T	DEL	Heterozygous	S	QHD43416.1	1	c.432_434delTTA	p.Tyr145del	disruptive_inframe_deletion	MODERATE	0.288374	5331.03	12557
2019-nCoV	22000	C	A	SNP	Heterozygous	S	QHD43416.1	1	c.438C>A	p.His146Gln	missense_variant	MODERATE	0.15	1643.07	11925
2019-nCoV	22001	A	G	SNP	Heterozygous	S	QHD43416.1	1	c.439A>G	p.Lys147Glu	missense_variant	MODERATE	0.0671343	315.849	11925
2019-nCoV	22016	T	C	SNP	Heterozygous	S	QHD43416.1	1	c.454T>C	p.Trp152Arg	missense_variant	MODERATE	0.0615	375.656	12714
2019-nCoV	22033	C	A	SNP	Heterozygous	S	QHD43416.1	1	c.471C>A	p.Phe157Leu	missense_variant	MODERATE	0.0385	72.7038	27138
2019-nCoV	22106	A	G	SNP	Heterozygous	S	QHD43416.1	1	c.544A>G	p.Lys182Glu	missense_variant	MODERATE	0.0235	28.4744	22101
2019-nCoV	22200	T	A	SNP	Heterozygous	S	QHD43416.1	1	c.638T>A	p.Val213Glu	missense_variant	MODERATE	0.164665	34723.0	7577
2019-nCoV	22200	T	G	SNP	Heterozygous	S	QHD43416.1	1	c.638T>G	p.Val213Gly	missense_variant	MODERATE	0.815816	34723.0	7577
2019-nCoV	22317	G	T	SNP	Heterozygous	S	QHD43416.1	1	c.755G>T	p.Gly252Val	missense_variant	MODERATE	0.133133	1278.36	21800
2019-nCoV	22326	C	T	SNP	Heterozygous	S	QHD43416.1	1	c.764C>T	p.Ser255Phe	missense_variant	MODERATE	0.0817769	600.073	13886
2019-nCoV	22331	G	A	SNP	Heterozygous	S	QHD43416.1	1	c.769G>A	p.Gly257Ser	missense_variant	MODERATE	0.0773092	438.382	14026
2019-nCoV	22450	C	T	SNP	Heterozygous	S	QHD43416.1	1	c.888C>T	p.Leu296Leu	synonymous_variant	LOW	0.107161	1076.35	5170
2019-nCoV	22577	GG	CA	MNP	Heterozygous	S	QHD43416.1	1	c.1015_1016delGGinsCA	p.Gly339His	missense_variant	MODERATE	0.0887971	31802.3	7656
2019-nCoV	22578	G	A	SNP	Heterozygous	S	QHD43416.1	1	c.1016G>A	p.Gly339Asp	missense_variant	MODERATE	0.911203	31802.3	7656
2019-nCoV	22599	G	C	SNP	Heterozygous	S	QHD43416.1	1	c.1037G>C	p.Arg346Thr	missense_variant	MODERATE	0.4915	12809.9	3574
2019-nCoV	22600	A	C	SNP	Heterozygous	S	QHD43416.1	1	c.1038A>C	p.Arg346Ser	missense_variant	MODERATE	0.0195	13.3271	3579
2019-nCoV	22664	C	A	SNP	Heterozygous	S	QHD43416.1	1	c.1102C>A	p.Leu368Ile	missense_variant	MODERATE	0.048	218.632	4318
2019-nCoV	22674	C	T	SNP	Homozygous	S	QHD43416.1	1	c.1112C>T	p.Ser371Phe	missense_variant	MODERATE	0.998499	33501.7	4195
2019-nCoV	22679	T	C	SNP	Homozygous	S	QHD43416.1	1	c.1117T>C	p.Ser373Pro	missense_variant	MODERATE	0.997499	33297.4	4128
2019-nCoV	22686	CCA	TCG	MNP	Homozygous	S	QHD43416.1	1	c.1124_1126delCCAinsTCG	p.SerThr375PheAla	missense_variant	MODERATE	1.0	10546.0	718
2019-nCoV	22775	G	A	SNP	Homozygous	S	QHD43416.1	1	c.1213G>A	p.Asp405Asn	missense_variant	MODERATE	1.0	10573.6	632
2019-nCoV	22786	A	C	SNP	Homozygous	S	QHD43416.1	1	c.1224A>C	p.Arg408Ser	missense_variant	MODERATE	0.998395	11011.3	619
2019-nCoV	22813	G	T	SNP	Homozygous	S	QHD43416.1	1	c.1251G>T	p.Lys417Asn	missense_variant	MODERATE	1.0	33902.9	22295
2019-nCoV	22882	T	G	SNP	Homozygous	S	QHD43416.1	1	c.1320T>G	p.Asn440Lys	missense_variant	MODERATE	0.996496	36087.5	33203
2019-nCoV	22893	A	C	SNP	Heterozygous	S	QHD43416.1	1	c.1331A>C	p.Lys444Thr	missense_variant	MODERATE	0.273869	4977.1	33114
2019-nCoV	22898	G	A	SNP	Heterozygous	S	QHD43416.1	1	c.1336G>A	p.Gly446Ser	missense_variant	MODERATE	0.0487062	829.579	33047
2019-nCoV	22917	T	G	SNP	Heterozygous	S	QHD43416.1	1	c.1355T>G	p.Leu452Arg	missense_variant	MODERATE	0.902757	30110.6	32661
2019-nCoV	22942	T	A	SNP	Heterozygous	S	QHD43416.1	1	c.1380T>A	p.Asn460Lys	missense_variant	MODERATE	0.229073	6243.61	31871
2019-nCoV	22992	GCAC	ACAA	MNP	Homozygous	S	QHD43416.1	1	c.1430_1433delGCACinsACAA	p.SerThr477AsnLys	missense_variant	MODERATE	0.999496	35896.8	10247
2019-nCoV	23013	A	C	SNP	Homozygous	S	QHD43416.1	1	c.1451A>C	p.Glu484Ala	missense_variant	MODERATE	0.998995	36214.8	20464
2019-nCoV	23018	T	G	SNP	Heterozygous	S	QHD43416.1	1	c.1456T>G	p.Phe486Val	missense_variant	MODERATE	0.926978	31123.8	20551
2019-nCoV	23019	T	C	SNP	Heterozygous	S	QHD43416.1	1	c.1457T>C	p.Phe486Ser	missense_variant	MODERATE	0.0686373	469.427	20551
2019-nCoV	23031	T	C	SNP	Heterozygous	S	QHD43416.1	1	c.1469T>C	p.Phe490Ser	missense_variant	MODERATE	0.0695	483.209	20642
2019-nCoV	23055	A	G	SNP	Homozygous	S	QHD43416.1	1	c.1493A>G	p.Gln498Arg	missense_variant	MODERATE	0.993979	35672.0	10550
2019-nCoV	23063	A	T	SNP	Homozygous	S	QHD43416.1	1	c.1501A>T	p.Asn501Tyr	missense_variant	MODERATE	0.993997	33193.2	10653
2019-nCoV	23075	T	C	SNP	Homozygous	S	QHD43416.1	1	c.1513T>C	p.Tyr505His	missense_variant	MODERATE	1.0	36423.7	10825
2019-nCoV	23191	C	T	SNP	Heterozygous	S	QHD43416.1	1	c.1629C>T	p.Phe543Phe	synonymous_variant	LOW	0.0345	94.0987	18692
2019-nCoV	23202	C	A	SNP	Heterozygous	S	QHD43416.1	1	c.1640C>A	p.Thr547Lys	missense_variant	MODERATE	0.0185093	10.9254	18510
2019-nCoV	23266	C	T	SNP	Heterozygous	S	QHD43416.1	1	c.1704C>T	p.Asp568Asp	synonymous_variant	LOW	0.0415208	91.4576	8303
2019-nCoV	23403	A	G	SNP	Homozygous	S	QHD43416.1	1	c.1841A>G	p.Asp614Gly	missense_variant	MODERATE	1.0	33463.6	37662
2019-nCoV	23525	C	T	SNP	Homozygous	S	QHD43416.1	1	c.1963C>T	p.His655Tyr	missense_variant	MODERATE	0.998999	33734.4	64775
2019-nCoV	23558	A	G	SNP	Heterozygous	S	QHD43416.1	1	c.1996A>G	p.Ile666Val	missense_variant	MODERATE	0.0590611	339.894	49012
2019-nCoV	23579	A	G	SNP	Heterozygous	S	QHD43416.1	1	c.2017A>G	p.Ser673Gly	missense_variant	MODERATE	0.123562	1394.07	49556
2019-nCoV	23599	T	G	SNP	Homozygous	S	QHD43416.1	1	c.2037T>G	p.Asn679Lys	missense_variant	MODERATE	0.991988	35662.1	87080
2019-nCoV	23604	C	A	SNP	Homozygous	S	QHD43416.1	1	c.2042C>A	p.Pro681His	missense_variant	MODERATE	0.996997	19757.2	87150
2019-nCoV	23854	C	A	SNP	Homozygous	S	QHD43416.1	1	c.2292C>A	p.Asn764Lys	missense_variant	MODERATE	0.997998	33286.0	16401
2019-nCoV	23948	G	T	SNP	Homozygous	S	QHD43416.1	1	c.2386G>T	p.Asp796Tyr	missense_variant	MODERATE	1.0	24778.7	16880
2019-nCoV	24040	G	T	SNP	Heterozygous	S	QHD43416.1	1	c.2478G>T	p.Val826Val	synonymous_variant	LOW	0.032	77.5574	25462
2019-nCoV	24210	C	T	SNP	Heterozygous	S	QHD43416.1	1	c.2648C>T	p.Thr883Ile	missense_variant	MODERATE	0.0760761	423.048	15812
2019-nCoV	24348	G	T	SNP	Heterozygous	S	QHD43416.1	1	c.2786G>T	p.Ser929Ile	missense_variant	MODERATE	0.0342224	47.3501	14681
2019-nCoV	24424	A	T	SNP	Homozygous	S	QHD43416.1	1	c.2862A>T	p.Gln954His	missense_variant	MODERATE	0.993497	35716.0	27838
2019-nCoV	24469	T	A	SNP	Homozygous	S	QHD43416.1	1	c.2907T>A	p.Asn969Lys	missense_variant	MODERATE	0.9955	31824.9	37754
2019-nCoV	24574	G	A	SNP	Heterozygous	S	QHD43416.1	1	c.3012G>A	p.Leu1004Leu	synonymous_variant	LOW	0.0210105	18.3608	10771
2019-nCoV	24904	C	T	SNP	Heterozygous	S	QHD43416.1	1	c.3342C>T	p.Ile1114Ile	synonymous_variant	LOW	0.033033	81.1195	18895
2019-nCoV	25000	C	T	SNP	Homozygous	S	QHD43416.1	1	c.3438C>T	p.Asp1146Asp	synonymous_variant	LOW	0.998999	36029.6	28951
2019-nCoV	25416	C	T	SNP	Heterozygous	ORF3a	QHD43417.1	1	c.24C>T	p.Phe8Phe	synonymous_variant	LOW	0.214035	3382.39	29260
2019-nCoV	25471	G	C	SNP	Heterozygous	ORF3a	QHD43417.1	1	c.79G>C	p.Asp27His	missense_variant	MODERATE	0.0450902	188.399	28899
2019-nCoV	25513	C	T	SNP	Heterozygous	ORF3a	QHD43417.1	1	c.121C>T	p.Leu41Phe	missense_variant	MODERATE	0.0535	278.092	92343
2019-nCoV	25584	C	T	SNP	Homozygous	ORF3a	QHD43417.1	1	c.192C>T	p.Thr64Thr	synonymous_variant	LOW	0.995982	35884.9	73508
2019-nCoV	25714	C	T	SNP	Heterozygous	ORF3a	QHD43417.1	1	c.322C>T	p.Leu108Phe	missense_variant	MODERATE	0.040201	145.084	37170
2019-nCoV	25895	T	C	SNP	Heterozygous	ORF3a	QHD43417.1	1	c.503T>C	p.Val168Ala	missense_variant	MODERATE	0.037766	64.4182	1876
2019-nCoV	25916	C	T	SNP	Heterozygous	ORF3a	QHD43417.1	1	c.524C>T	p.Thr175Ile	missense_variant	MODERATE	0.0413136	144.535	1888
2019-nCoV	26060	C	T	SNP	Homozygous	ORF3a	QHD43417.1	1	c.668C>T	p.Thr223Ile	missense_variant	MODERATE	1.0	33839.9	28659
2019-nCoV	26078	C	T	SNP	Heterozygous	ORF3a	QHD43417.1	1	c.686C>T	p.Thr229Ile	missense_variant	MODERATE	0.022022	22.248	28587
2019-nCoV	26109	G	T	SNP	Heterozygous	ORF3a	QHD43417.1	1	c.717G>T	p.Glu239Asp	missense_variant	MODERATE	0.026013	40.7409	46376
2019-nCoV	26160	T	C	SNP	Heterozygous	ORF3a	QHD43417.1	1	c.768T>C	p.Val256Val	synonymous_variant	LOW	0.106106	1055.88	17715
2019-nCoV	26171	T	C	SNP	Heterozygous	ORF3a	QHD43417.1	1	c.779T>C	p.Met260Thr	missense_variant	MODERATE	0.0615	373.955	66904
2019-nCoV	26270	C	T	SNP	Homozygous	E	QHD43418.1	1	c.26C>T	p.Thr9Ile	missense_variant	MODERATE	1.0	33856.5	68824
2019-nCoV	26275	A	G	SNP	Heterozygous	E	QHD43418.1	1	c.31A>G	p.Thr11Ala	missense_variant	MODERATE	0.2	3072.75	68574
2019-nCoV	26455	C	T	SNP	Heterozygous	E	QHD43418.1	1	c.211C>T	p.Pro71Ser	missense_variant	MODERATE	0.031	30.9664	7596
2019-nCoV	26529	G	A	SNP	Heterozygous	M	QHD43419.1	1	c.7G>A	p.Asp3Asn	missense_variant	MODERATE	0.762381	23039.8	8547
2019-nCoV	26577	C	G	SNP	Homozygous	M	QHD43419.1	1	c.55C>G	p.Gln19Glu	missense_variant	MODERATE	0.9995	33865.9	3237
2019-nCoV	26625	C	T	SNP	Heterozygous	M	QHD43419.1	1	c.103C>T	p.Leu35Leu	synonymous_variant	LOW	0.03	60.9072	7141
2019-nCoV	26709	G	A	SNP	Homozygous	M	QHD43419.1	1	c.187G>A	p.Ala63Thr	missense_variant	MODERATE	1.0	36368.0	16234
2019-nCoV	26813	T	A	SNP	Heterozygous	M	QHD43419.1	1	c.291T>A	p.Ile97Ile	synonymous_variant	LOW	0.036018	107.705	8463
2019-nCoV	26858	C	T	SNP	Heterozygous	M	QHD43419.1	1	c.336C>T	p.Phe112Phe	synonymous_variant	LOW	0.291792	5481.74	25970
2019-nCoV	27012	C	T	SNP	Heterozygous	M	QHD43419.1	1	c.490C>T	p.Leu164Leu	synonymous_variant	LOW	0.156	1701.93	29995
2019-nCoV	27038	A	G	SNP	Heterozygous	M	QHD43419.1	1	c.516A>G	p.Thr172Thr	synonymous_variant	LOW	0.343844	7051.11	3570
2019-nCoV	27259	A	C	SNP	Heterozygous	ORF6	QHD43420.1	1	c.58A>C	p.Arg20Arg	synonymous_variant	LOW	0.207	3235.1	13994
2019-nCoV	27371	C	T	SNP	Heterozygous	ORF6	QHD43420.1	1	c.170C>T	p.Pro57Leu	missense_variant	MODERATE	0.0305305	67.3565	5127
2019-nCoV	27382	GAT	CTC	MNP	Heterozygous	ORF6	QHD43420.1	1	c.181_183delGATinsCTC	p.Asp61Leu	missense_variant	MODERATE	0.261759	4574.34	5098
2019-nCoV	27438	T	C	SNP	Heterozygous	ORF7a	QHD43421.1	1	c.45T>C	p.Cys15Cys	synonymous_variant	LOW	0.0485	139.431	20703
2019-nCoV	27513	C	T	SNP	Heterozygous	ORF7a	QHD43421.1	1	c.120C>T	p.Tyr40Tyr	synonymous_variant	LOW	0.142714	1775.35	42927
2019-nCoV	27807	C	T	SNP	Homozygous	ORF8	QHD43422.1	-1	c.-87C>T	.	upstream_gene_variant	MODIFIER	0.9995	36407.2	40838
2019-nCoV	27889	C	T	SNP	Heterozygous	ORF8	QHD43422.1	-1	c.-5C>T	.	upstream_gene_variant	MODIFIER	0.695739	18313.5	32205
2019-nCoV	27915	G	T	SNP	Heterozygous	ORF8	QHD43422.1	1	c.22G>T	p.Gly8*	stop_gained	HIGH	0.333	6720.24	46114
2019-nCoV	28028	G	T	SNP	Heterozygous	ORF8	QHD43422.1	1	c.135G>T	p.Trp45Cys	missense_variant	MODERATE	0.0265	16.7893	51553
2019-nCoV	28256	C	T	SNP	Heterozygous	ORF8	QHD43422.1	1	c.363C>T	p.Ile121Ile	synonymous_variant	LOW	0.0355178	103.909	66599
2019-nCoV	28271	A	T	SNP	Heterozygous	N	QHD43423.2	-1	c.-3A>T	.	upstream_gene_variant	MODIFIER	0.967451	30859.4	68231
2019-nCoV	28311	C	T	SNP	Heterozygous	N	QHD43423.2	1	c.38C>T	p.Pro13Leu	missense_variant	MODERATE	0.788123	36155.4	68449
2019-nCoV	28311	CC	TT	MNP	Heterozygous	N	QHD43423.2	1	c.38_39delCCinsTT	p.Pro13Leu	missense_variant	MODERATE	0.211374	36155.4	68449
2019-nCoV	28330	A	G	SNP	Heterozygous	N	QHD43423.2	1	c.57A>G	p.Gly19Gly	synonymous_variant	LOW	0.534034	13489.8	64181
2019-nCoV	28361	GGAGAACGCA	G	DEL	Heterozygous	N	QHD43423.2	1	c.90_98delAGAACGCAG	p.Glu31_Ser33del	disruptive_inframe_deletion	MODERATE	0.629668	34972.1	14605
2019-nCoV	28361	GGAGAACGCAG	TT	MIXED	Heterozygous	N	QHD43423.2	1	c.88_98delGGAGAACGCAGinsTT	p.Gly30_Ser33delinsPhe	missense_variant&disruptive_inframe_deletion	MODERATE	0.370332	34972.1	14605
2019-nCoV	28681	G	T	SNP	Heterozygous	N	QHD43423.2	1	c.408G>T	p.Glu136Asp	missense_variant	MODERATE	0.275638	5029.71	71715
2019-nCoV	28697	C	T	SNP	Heterozygous	N	QHD43423.2	1	c.424C>T	p.Pro142Ser	missense_variant	MODERATE	0.035	99.1172	72601
2019-nCoV	28881	GGG	AAC	MNP	Homozygous	N	QHD43423.2	1	c.608_610delGGGinsAAC	p.ArgGly203LysArg	missense_variant	MODERATE	1.0	33417.8	29672
2019-nCoV	28887	C	T	SNP	Heterozygous	N	QHD43423.2	1	c.614C>T	p.Thr205Ile	missense_variant	MODERATE	0.0315	35.4911	30174
2019-nCoV	29155	A	G	SNP	Heterozygous	N	QHD43423.2	1	c.882A>G	p.Gln294Gln	synonymous_variant	LOW	0.0315631	35.4266	10511
2019-nCoV	29322	T	C	SNP	Heterozygous	N	QHD43423.2	1	c.1049T>C	p.Val350Ala	missense_variant	MODERATE	0.0725	523.229	19853
2019-nCoV	29510	A	C	SNP	Heterozygous	N	QHD43423.2	1	c.1237A>C	p.Ser413Arg	missense_variant	MODERATE	0.962907	36078.6	10418
2019-nCoV	29510	AG	CT	MNP	Heterozygous	N	QHD43423.2	1	c.1237_1238delAGinsCT	p.Ser413Leu	missense_variant	MODERATE	0.035589	36078.6	10418
2019-nCoV	29642	C	T	SNP	Heterozygous	ORF10	QHI42199.1	1	c.85C>T	p.Gln29*	stop_gained	HIGH	0.0315158	36.0012	11775
2019-nCoV	29651	G	A	SNP	Heterozygous	ORF10	QHI42199.1	1	c.94G>A	p.Val32Ile	missense_variant	MODERATE	0.0550275	200.649	11787
2019-nCoV	29666	C	T	SNP	Heterozygous	ORF10	QHI42199.1	1	c.109C>T	p.Leu37Phe	missense_variant	MODERATE	0.0765	577.256	11765
2019-nCoV	29700	A	G	SNP	Heterozygous	S	QHD43416.1	-1	c.*4316A>G	.	downstream_gene_variant	MODIFIER	0.0590591	338.838	11656
2019-nCoV	29733	CGAGGCCACGCGGAGTACGATCGAGTG	C	DEL	Homozygous	S	QHD43416.1	-1	c.*4350_*4375delGAGGCCACGCGGAGTACGATCGAGTG	.	downstream_gene_variant	MODIFIER	1.0	35913.6	9804
2019-nCoV	29758	TG	CC	MNP	Homozygous	S	QHD43416.1	-1	c.*4374_*4375delTGinsCC	.	downstream_gene_variant	MODIFIER	0.999334	15162.4	28
