CHROM	POS	REF	ALT	VARTYPE	GEN[*].GT	ANN[*].GENE	ANN[*].FEATUREID	EFF[*].RANK	ANN[*].HGVS_C	ANN[*].HGVS_P	ANN[*].EFFECT	EFF[*].IMPACT	AF	QUAL	DP
2019-nCoV	44	C	T	SNP	Heterozygous	orf1ab	QHD43415.1	-1	c.-222C>T	.	upstream_gene_variant	MODIFIER	0.978958	31266.5	16802
2019-nCoV	140	C	T	SNP	Heterozygous	orf1ab	QHD43415.1	-1	c.-126C>T	.	upstream_gene_variant	MODIFIER	0.273637	4970.51	19659
2019-nCoV	239	TTC	ATT	MNP	Heterozygous	orf1ab	QHD43415.1	-1	c.-27_-25delTTCinsATT	.	upstream_gene_variant	MODIFIER	0.136341	35507.7	2727
2019-nCoV	241	C	T	SNP	Heterozygous	orf1ab	QHD43415.1	-1	c.-25C>T	.	upstream_gene_variant	MODIFIER	0.863659	35507.7	2727
2019-nCoV	670	T	G	SNP	Homozygous	orf1ab	QHD43415.1	1	c.405T>G	p.Ser135Arg	missense_variant	MODERATE	0.99499	33304.9	21167
2019-nCoV	678	C	T	SNP	Heterozygous	orf1ab	QHD43415.1	1	c.413C>T	p.Ala138Val	missense_variant	MODERATE	0.064032	407.891	21146
2019-nCoV	685	AAAGTCATTT	A	DEL	Heterozygous	orf1ab	QHD43415.1	1	c.421_429delAAGTCATTT	p.Lys141_Phe143del	conservative_inframe_deletion	MODERATE	0.21638	5147.77	20603
2019-nCoV	1006	G	A	SNP	Heterozygous	orf1ab	QHD43415.1	1	c.741G>A	p.Lys247Lys	synonymous_variant	LOW	0.0922768	779.092	8190
2019-nCoV	1014	A	G	SNP	Heterozygous	orf1ab	QHD43415.1	1	c.749A>G	p.Glu250Gly	missense_variant	MODERATE	0.055	191.024	8258
2019-nCoV	1183	T	C	SNP	Heterozygous	orf1ab	QHD43415.1	1	c.918T>C	p.Val306Val	synonymous_variant	LOW	0.110055	1127.55	6772
2019-nCoV	1385	C	T	SNP	Heterozygous	orf1ab	QHD43415.1	1	c.1120C>T	p.His374Tyr	missense_variant	MODERATE	0.061	366.878	11887
2019-nCoV	1426	C	T	SNP	Heterozygous	orf1ab	QHD43415.1	1	c.1161C>T	p.Tyr387Tyr	synonymous_variant	LOW	0.074	401.72	4884
2019-nCoV	1489	C	T	SNP	Heterozygous	orf1ab	QHD43415.1	1	c.1224C>T	p.Gly408Gly	synonymous_variant	LOW	0.0930465	839.45	11065
2019-nCoV	1605	AT	A	DEL	Heterozygous	orf1ab	QHD43415.1	1	c.1341delT	p.Asn447fs	frameshift_variant	HIGH	0.159698	2128.14	6161
2019-nCoV	1627	C	T	SNP	Heterozygous	orf1ab	QHD43415.1	1	c.1362C>T	p.Leu454Leu	synonymous_variant	LOW	0.735868	19873.9	8870
2019-nCoV	1766	C	T	SNP	Heterozygous	orf1ab	QHD43415.1	1	c.1501C>T	p.Gln501*	stop_gained	HIGH	0.0855428	547.353	6537
2019-nCoV	1931	C	A	SNP	Heterozygous	orf1ab	QHD43415.1	1	c.1666C>A	p.Gln556Lys	missense_variant	MODERATE	0.161307	2113.96	4073
2019-nCoV	2061	C	T	SNP	Heterozygous	orf1ab	QHD43415.1	1	c.1796C>T	p.Ala599Val	missense_variant	MODERATE	0.031031	66.7136	10099
2019-nCoV	2134	A	G	SNP	Heterozygous	orf1ab	QHD43415.1	1	c.1869A>G	p.Lys623Lys	synonymous_variant	LOW	0.149149	1871.22	5061
2019-nCoV	2283	A	G	SNP	Heterozygous	orf1ab	QHD43415.1	1	c.2018A>G	p.Glu673Gly	missense_variant	MODERATE	0.141851	1721.16	6633
2019-nCoV	2468	G	T	SNP	Heterozygous	orf1ab	QHD43415.1	1	c.2203G>T	p.Ala735Ser	missense_variant	MODERATE	0.144512	1787.53	4366
2019-nCoV	2484	T	C	SNP	Heterozygous	orf1ab	QHD43415.1	1	c.2219T>C	p.Ile740Thr	missense_variant	MODERATE	0.0875876	741.045	4447
2019-nCoV	2498	G	T	SNP	Heterozygous	orf1ab	QHD43415.1	1	c.2233G>T	p.Glu745*	stop_gained	HIGH	0.0475238	213.117	4779
2019-nCoV	2789	AC	A	DEL	Heterozygous	orf1ab	QHD43415.1	1	c.2525delC	p.Thr842fs	frameshift_variant	HIGH	0.153846	29979.6	7959
2019-nCoV	2790	C	T	SNP	Heterozygous	orf1ab	QHD43415.1	1	c.2525C>T	p.Thr842Ile	missense_variant	MODERATE	0.846154	29979.6	7959
2019-nCoV	2861	A	G	SNP	Heterozygous	orf1ab	QHD43415.1	1	c.2596A>G	p.Thr866Ala	missense_variant	MODERATE	0.023	25.9063	2507
2019-nCoV	2898	C	T	SNP	Heterozygous	orf1ab	QHD43415.1	1	c.2633C>T	p.Ala878Val	missense_variant	MODERATE	0.067	444.549	22306
2019-nCoV	3037	C	T	SNP	Homozygous	orf1ab	QHD43415.1	1	c.2772C>T	p.Phe924Phe	synonymous_variant	LOW	1.0	34793.4	17776
2019-nCoV	3136	T	C	SNP	Heterozygous	orf1ab	QHD43415.1	1	c.2871T>C	p.Gly957Gly	synonymous_variant	LOW	0.082	501.069	5595
2019-nCoV	3154	T	C	SNP	Heterozygous	orf1ab	QHD43415.1	1	c.2889T>C	p.Gly963Gly	synonymous_variant	LOW	0.06003	357.774	5751
2019-nCoV	3328	G	A	SNP	Heterozygous	orf1ab	QHD43415.1	1	c.3063G>A	p.Gln1021Gln	synonymous_variant	LOW	0.0283688	21.3253	563
2019-nCoV	3641	G	T	SNP	Heterozygous	orf1ab	QHD43415.1	1	c.3376G>T	p.Glu1126*	stop_gained	HIGH	0.0870435	744.431	9372
2019-nCoV	3817	C	T	SNP	Heterozygous	orf1ab	QHD43415.1	1	c.3552C>T	p.Asp1184Asp	synonymous_variant	LOW	0.0936405	644.941	7569
2019-nCoV	3846	A	G	SNP	Heterozygous	orf1ab	QHD43415.1	1	c.3581A>G	p.Lys1194Arg	missense_variant	MODERATE	0.073695	189.81	973
2019-nCoV	3859	A	G	SNP	Heterozygous	orf1ab	QHD43415.1	1	c.3594A>G	p.Gln1198Gln	synonymous_variant	LOW	0.166151	915.748	967
2019-nCoV	4017	A	G	SNP	Heterozygous	orf1ab	QHD43415.1	1	c.3752A>G	p.Glu1251Gly	missense_variant	MODERATE	0.0486459	143.655	6382
2019-nCoV	4021	C	T	SNP	Heterozygous	orf1ab	QHD43415.1	1	c.3756C>T	p.Asn1252Asn	synonymous_variant	LOW	0.0441767	178.071	8747
2019-nCoV	4184	G	A	SNP	Homozygous	orf1ab	QHD43415.1	1	c.3919G>A	p.Gly1307Ser	missense_variant	MODERATE	0.997499	33594.7	7719
2019-nCoV	4321	C	T	SNP	Homozygous	orf1ab	QHD43415.1	1	c.4056C>T	p.Ala1352Ala	synonymous_variant	LOW	0.999496	32465.5	16371
2019-nCoV	4583	G	T	SNP	Heterozygous	orf1ab	QHD43415.1	1	c.4318G>T	p.Asp1440Tyr	missense_variant	MODERATE	0.043043	100.428	20221
2019-nCoV	4840	A	G	SNP	Heterozygous	orf1ab	QHD43415.1	1	c.4575A>G	p.Ile1525Met	missense_variant	MODERATE	0.0745	552.459	24490
2019-nCoV	4952	A	G	SNP	Heterozygous	orf1ab	QHD43415.1	1	c.4687A>G	p.Arg1563Gly	missense_variant	MODERATE	0.0225113	24.2158	8333
2019-nCoV	5055	C	T	SNP	Heterozygous	orf1ab	QHD43415.1	1	c.4790C>T	p.Thr1597Ile	missense_variant	MODERATE	0.298	5657.32	5265
2019-nCoV	5153	G	T	SNP	Heterozygous	orf1ab	QHD43415.1	1	c.4888G>T	p.Glu1630*	stop_gained	HIGH	0.120166	957.848	1448
2019-nCoV	5239	C	T	SNP	Heterozygous	orf1ab	QHD43415.1	1	c.4974C>T	p.Tyr1658Tyr	synonymous_variant	LOW	0.0590886	345.54	4201
2019-nCoV	5305	G	T	SNP	Heterozygous	orf1ab	QHD43415.1	1	c.5040G>T	p.Leu1680Phe	missense_variant	MODERATE	0.247609	4057.09	2987
2019-nCoV	5373	G	T	SNP	Heterozygous	orf1ab	QHD43415.1	1	c.5108G>T	p.Arg1703Met	missense_variant	MODERATE	0.0745373	401.323	5284
2019-nCoV	6062	G	T	SNP	Heterozygous	orf1ab	QHD43415.1	1	c.5797G>T	p.Asp1933Tyr	missense_variant	MODERATE	0.0705353	493.248	9278
2019-nCoV	6533	G	T	SNP	Heterozygous	orf1ab	QHD43415.1	1	c.6268G>T	p.Val2090Phe	missense_variant	MODERATE	0.102051	767.654	6695
2019-nCoV	6553	G	A	SNP	Heterozygous	orf1ab	QHD43415.1	1	c.6288G>A	p.Met2096Ile	missense_variant	MODERATE	0.169585	2360.05	6474
2019-nCoV	6922	G	A	SNP	Heterozygous	orf1ab	QHD43415.1	1	c.6657G>A	p.Lys2219Lys	synonymous_variant	LOW	0.0190095	11.1956	2889
2019-nCoV	6979	T	G	SNP	Heterozygous	orf1ab	QHD43415.1	1	c.6714T>G	p.Val2238Val	synonymous_variant	LOW	0.0805	643.379	2688
2019-nCoV	7147	T	C	SNP	Heterozygous	orf1ab	QHD43415.1	1	c.6882T>C	p.Gly2294Gly	synonymous_variant	LOW	0.081203	650.571	8468
2019-nCoV	7393	G	T	SNP	Heterozygous	orf1ab	QHD43415.1	1	c.7128G>T	p.Pro2376Pro	synonymous_variant	LOW	0.132397	1561.06	4178
2019-nCoV	7528	C	T	SNP	Heterozygous	orf1ab	QHD43415.1	1	c.7263C>T	p.Val2421Val	synonymous_variant	LOW	0.284569	5285.66	5562
2019-nCoV	7554	T	C	SNP	Heterozygous	orf1ab	QHD43415.1	1	c.7289T>C	p.Val2430Ala	missense_variant	MODERATE	0.022169	20.3612	1659
2019-nCoV	7732	C	T	SNP	Heterozygous	orf1ab	QHD43415.1	1	c.7467C>T	p.Tyr2489Tyr	synonymous_variant	LOW	0.1245	1401.4	19465
2019-nCoV	7778	T	C	SNP	Heterozygous	orf1ab	QHD43415.1	1	c.7513T>C	p.Phe2505Leu	missense_variant	MODERATE	0.0295148	22.4301	5473
2019-nCoV	7820	T	C	SNP	Heterozygous	orf1ab	QHD43415.1	1	c.7555T>C	p.Ser2519Pro	missense_variant	MODERATE	0.04	139.099	20684
2019-nCoV	7829	G	A	SNP	Heterozygous	orf1ab	QHD43415.1	1	c.7564G>A	p.Val2522Ile	missense_variant	MODERATE	0.0356784	103.628	20726
2019-nCoV	8084	G	T	SNP	Heterozygous	orf1ab	QHD43415.1	1	c.7819G>T	p.Glu2607*	stop_gained	HIGH	0.164329	2237.98	8320
2019-nCoV	8258	G	T	SNP	Heterozygous	orf1ab	QHD43415.1	1	c.7993G>T	p.Val2665Phe	missense_variant	MODERATE	0.0305	66.6118	7848
2019-nCoV	8408	G	T	SNP	Heterozygous	orf1ab	QHD43415.1	1	c.8143G>T	p.Val2715Phe	missense_variant	MODERATE	0.13957	1706.38	10493
2019-nCoV	8635	A	C	SNP	Heterozygous	orf1ab	QHD43415.1	1	c.8370A>C	p.Ile2790Ile	synonymous_variant	LOW	0.0660661	436.293	7783
2019-nCoV	8903	G	A	SNP	Heterozygous	orf1ab	QHD43415.1	1	c.8638G>A	p.Asp2880Asn	missense_variant	MODERATE	0.088044	758.938	6659
2019-nCoV	8921	C	T	SNP	Heterozygous	orf1ab	QHD43415.1	1	c.8656C>T	p.Pro2886Ser	missense_variant	MODERATE	0.0645323	414.41	8707
2019-nCoV	8969	C	T	SNP	Heterozygous	orf1ab	QHD43415.1	1	c.8704C>T	p.Leu2902Phe	missense_variant	MODERATE	0.0916834	794.482	8371
2019-nCoV	9078	T	C	SNP	Heterozygous	orf1ab	QHD43415.1	1	c.8813T>C	p.Val2938Ala	missense_variant	MODERATE	0.058029	333.124	19719
2019-nCoV	9095	G	T	SNP	Heterozygous	orf1ab	QHD43415.1	1	c.8830G>T	p.Ala2944Ser	missense_variant	MODERATE	0.0591775	346.617	19701
2019-nCoV	9344	C	T	SNP	Homozygous	orf1ab	QHD43415.1	1	c.9079C>T	p.Leu3027Phe	missense_variant	MODERATE	1.0	32224.8	6855
2019-nCoV	9407	G	A	SNP	Heterozygous	orf1ab	QHD43415.1	1	c.9142G>A	p.Val3048Ile	missense_variant	MODERATE	0.0850425	533.497	6090
2019-nCoV	9424	A	G	SNP	Homozygous	orf1ab	QHD43415.1	1	c.9159A>G	p.Val3053Val	synonymous_variant	LOW	1.0	36211.1	5933
2019-nCoV	9534	C	T	SNP	Heterozygous	orf1ab	QHD43415.1	1	c.9269C>T	p.Thr3090Ile	missense_variant	MODERATE	0.988235	2912.28	170
2019-nCoV	9854	G	T	SNP	Heterozygous	orf1ab	QHD43415.1	1	c.9589G>T	p.Val3197Leu	missense_variant	MODERATE	0.0806209	636.212	3089
2019-nCoV	9949	A	G	SNP	Heterozygous	orf1ab	QHD43415.1	1	c.9684A>G	p.Glu3228Glu	synonymous_variant	LOW	0.084042	525.362	10803
2019-nCoV	10029	C	T	SNP	Homozygous	orf1ab	QHD43415.1	1	c.9764C>T	p.Thr3255Ile	missense_variant	MODERATE	0.997496	35760.5	14936
2019-nCoV	10188	C	A	SNP	Heterozygous	orf1ab	QHD43415.1	1	c.9923C>A	p.Thr3308Asn	missense_variant	MODERATE	0.0875	562.802	12956
2019-nCoV	10198	C	T	SNP	Homozygous	orf1ab	QHD43415.1	1	c.9933C>T	p.Asp3311Asp	synonymous_variant	LOW	1.0	33844.3	16852
2019-nCoV	10432	C	T	SNP	Heterozygous	orf1ab	QHD43415.1	1	c.10167C>T	p.Tyr3389Tyr	synonymous_variant	LOW	0.119	1035.99	4803
2019-nCoV	10447	GCC	ACA	MNP	Homozygous	orf1ab	QHD43415.1	1	c.10182_10184delGCCinsACA	p.Pro3395His	missense_variant	MODERATE	1.0	35398.8	4774
2019-nCoV	10544	C	A	SNP	Heterozygous	orf1ab	QHD43415.1	1	c.10279C>A	p.His3427Asn	missense_variant	MODERATE	0.063	268.123	3946
2019-nCoV	10834	C	T	SNP	Heterozygous	orf1ab	QHD43415.1	1	c.10569C>T	p.Ala3523Ala	synonymous_variant	LOW	0.0776164	596.897	11807
2019-nCoV	10837	T	C	SNP	Heterozygous	orf1ab	QHD43415.1	1	c.10572T>C	p.Val3524Val	synonymous_variant	LOW	0.0845	705.183	11804
2019-nCoV	10985	A	G	SNP	Heterozygous	orf1ab	QHD43415.1	1	c.10720A>G	p.Arg3574Gly	missense_variant	MODERATE	0.150075	1492.6	6907
2019-nCoV	11179	G	T	SNP	Heterozygous	orf1ab	QHD43415.1	1	c.10914G>T	p.Leu3638Phe	missense_variant	MODERATE	0.0466805	190.379	10022
2019-nCoV	11287	GTCTGGTTTT	G	DEL	Homozygous	orf1ab	QHD43415.1	1	c.11023_11031delTCTGGTTTT	p.Ser3675_Phe3677del	conservative_inframe_deletion	MODERATE	1.0	35115.7	13528
2019-nCoV	11439	A	C	SNP	Heterozygous	orf1ab	QHD43415.1	1	c.11174A>C	p.Asn3725Thr	missense_variant	MODERATE	0.0885	578.001	11701
2019-nCoV	11451	A	T	SNP	Heterozygous	orf1ab	QHD43415.1	1	c.11186A>T	p.Gln3729Leu	missense_variant	MODERATE	0.04002	79.4016	11564
2019-nCoV	11520	T	C	SNP	Heterozygous	orf1ab	QHD43415.1	1	c.11255T>C	p.Met3752Thr	missense_variant	MODERATE	0.0295148	26.9558	4600
2019-nCoV	11568	T	C	SNP	Heterozygous	orf1ab	QHD43415.1	1	c.11303T>C	p.Ile3768Thr	missense_variant	MODERATE	0.0868038	561.144	8554
2019-nCoV	11750	C	T	SNP	Heterozygous	orf1ab	QHD43415.1	1	c.11485C>T	p.Leu3829Phe	missense_variant	MODERATE	0.149575	1893.7	8286
2019-nCoV	11804	G	T	SNP	Heterozygous	orf1ab	QHD43415.1	1	c.11539G>T	p.Val3847Phe	missense_variant	MODERATE	0.0946894	841.922	16387
2019-nCoV	11824	C	T	SNP	Heterozygous	orf1ab	QHD43415.1	1	c.11559C>T	p.Ile3853Ile	synonymous_variant	LOW	0.0590295	340.328	16427
2019-nCoV	11947	A	G	SNP	Heterozygous	orf1ab	QHD43415.1	1	c.11682A>G	p.Leu3894Leu	synonymous_variant	LOW	0.0250125	35.1452	8140
2019-nCoV	12160	G	A	SNP	Heterozygous	orf1ab	QHD43415.1	1	c.11895G>A	p.Glu3965Glu	synonymous_variant	LOW	0.9505	32821.9	6496
2019-nCoV	12310	G	A	SNP	Heterozygous	orf1ab	QHD43415.1	1	c.12045G>A	p.Gln4015Gln	synonymous_variant	LOW	0.248494	3590.15	12041
2019-nCoV	12444	A	G	SNP	Heterozygous	orf1ab	QHD43415.1	1	c.12179A>G	p.Asn4060Ser	missense_variant	MODERATE	0.043	167.02	11544
2019-nCoV	12633	C	T	SNP	Heterozygous	orf1ab	QHD43415.1	1	c.12368C>T	p.Ala4123Val	missense_variant	MODERATE	0.034	91.9918	24793
2019-nCoV	12769	G	A	SNP	Heterozygous	orf1ab	QHD43415.1	1	c.12504G>A	p.Ala4168Ala	synonymous_variant	LOW	0.126	1440.28	11570
2019-nCoV	12880	C	T	SNP	Homozygous	orf1ab	QHD43415.1	1	c.12615C>T	p.Ile4205Ile	synonymous_variant	LOW	1.0	36109.1	13093
2019-nCoV	13038	C	T	SNP	Heterozygous	orf1ab	QHD43415.1	1	c.12773C>T	p.Thr4258Ile	missense_variant	MODERATE	0.102051	995.916	7303
2019-nCoV	13148	G	T	SNP	Heterozygous	orf1ab	QHD43415.1	1	c.12883G>T	p.Val4295Phe	missense_variant	MODERATE	0.0540811	280.263	21337
2019-nCoV	13183	G	A	SNP	Heterozygous	orf1ab	QHD43415.1	1	c.12918G>A	p.Gln4306Gln	synonymous_variant	LOW	0.06	245.175	21972
2019-nCoV	13508	G	T	SNP	Heterozygous	orf1ab	QHD43415.1	2	c.13244G>T	p.Gly4415Val	missense_variant	MODERATE	0.0230346	26.2464	6963
2019-nCoV	13563	A	T	SNP	Heterozygous	orf1ab	QHD43415.1	2	c.13299A>T	p.Lys4433Asn	missense_variant	MODERATE	0.0325325	80.8619	14524
2019-nCoV	13570	G	T	SNP	Heterozygous	orf1ab	QHD43415.1	2	c.13306G>T	p.Gly4436Cys	missense_variant	MODERATE	0.0365548	58.9336	14551
2019-nCoV	13763	G	A	SNP	Heterozygous	orf1ab	QHD43415.1	2	c.13499G>A	p.Gly4500Asp	missense_variant	MODERATE	0.0285143	54.2401	9862
2019-nCoV	14038	G	T	SNP	Heterozygous	orf1ab	QHD43415.1	2	c.13774G>T	p.Gly4592Cys	missense_variant	MODERATE	0.072	364.328	6638
2019-nCoV	14114	C	T	SNP	Heterozygous	orf1ab	QHD43415.1	2	c.13850C>T	p.Thr4617Ile	missense_variant	MODERATE	0.0605606	364.472	12929
2019-nCoV	14181	G	A	SNP	Heterozygous	orf1ab	QHD43415.1	2	c.13917G>A	p.Leu4639Leu	synonymous_variant	LOW	0.0705353	496.38	13545
2019-nCoV	14257	T	C	SNP	Heterozygous	orf1ab	QHD43415.1	2	c.13993T>C	p.Tyr4665His	missense_variant	MODERATE	0.251503	3777.51	10492
2019-nCoV	14278	T	C	SNP	Heterozygous	orf1ab	QHD43415.1	2	c.14014T>C	p.Leu4672Leu	synonymous_variant	LOW	0.0401405	140.414	10480
2019-nCoV	14408	C	T	SNP	Homozygous	orf1ab	QHD43415.1	2	c.14144C>T	p.Pro4715Leu	missense_variant	MODERATE	0.9945	33249.4	4509
2019-nCoV	14575	G	T	SNP	Heterozygous	orf1ab	QHD43415.1	2	c.14311G>T	p.Ala4771Ser	missense_variant	MODERATE	0.0465465	203.211	9741
2019-nCoV	14599	C	T	SNP	Heterozygous	orf1ab	QHD43415.1	2	c.14335C>T	p.Leu4779Leu	synonymous_variant	LOW	0.0750751	565.367	9815
2019-nCoV	14696	T	C	SNP	Heterozygous	orf1ab	QHD43415.1	2	c.14432T>C	p.Phe4811Ser	missense_variant	MODERATE	0.0485243	144.506	14597
2019-nCoV	15222	C	T	SNP	Heterozygous	orf1ab	QHD43415.1	2	c.14958C>T	p.Phe4986Phe	synonymous_variant	LOW	0.0305	65.6834	22450
2019-nCoV	15251	C	T	SNP	Heterozygous	orf1ab	QHD43415.1	2	c.14987C>T	p.Thr4996Ile	missense_variant	MODERATE	0.0976954	920.58	21719
2019-nCoV	15265	G	T	SNP	Heterozygous	orf1ab	QHD43415.1	2	c.15001G>T	p.Val5001Leu	missense_variant	MODERATE	0.0696742	483.809	10079
2019-nCoV	15433	G	T	SNP	Heterozygous	orf1ab	QHD43415.1	2	c.15169G>T	p.Glu5057*	stop_gained	HIGH	0.0621554	384.101	28747
2019-nCoV	15451	G	A	SNP	Heterozygous	orf1ab	QHD43415.1	2	c.15187G>A	p.Gly5063Ser	missense_variant	MODERATE	0.0886329	761.072	28471
2019-nCoV	15714	C	T	SNP	Homozygous	orf1ab	QHD43415.1	2	c.15450C>T	p.Leu5150Leu	synonymous_variant	LOW	0.999499	36121.1	23045
2019-nCoV	16068	G	T	SNP	Heterozygous	orf1ab	QHD43415.1	2	c.15804G>T	p.Glu5268Asp	missense_variant	MODERATE	0.108054	1075.04	6258
2019-nCoV	16079	T	C	SNP	Heterozygous	orf1ab	QHD43415.1	2	c.15815T>C	p.Val5272Ala	missense_variant	MODERATE	0.024012	30.8251	6304
2019-nCoV	16247	C	T	SNP	Heterozygous	orf1ab	QHD43415.1	2	c.15983C>T	p.Ala5328Val	missense_variant	MODERATE	0.0500501	240.591	22685
2019-nCoV	16428	C	T	SNP	Heterozygous	orf1ab	QHD43415.1	2	c.16164C>T	p.Tyr5388Tyr	synonymous_variant	LOW	0.0711423	366.263	25472
2019-nCoV	16702	G	A	SNP	Heterozygous	orf1ab	QHD43415.1	2	c.16438G>A	p.Glu5480Lys	missense_variant	MODERATE	0.0835836	686.785	13563
2019-nCoV	16822	G	T	SNP	Heterozygous	orf1ab	QHD43415.1	2	c.16558G>T	p.Gly5520*	stop_gained	HIGH	0.087	745.005	11797
2019-nCoV	16928	C	T	SNP	Heterozygous	orf1ab	QHD43415.1	2	c.16664C>T	p.Thr5555Ile	missense_variant	MODERATE	0.0365	110.806	32071
2019-nCoV	16935	G	A	SNP	Heterozygous	orf1ab	QHD43415.1	2	c.16671G>A	p.Met5557Ile	missense_variant	MODERATE	0.0721082	515.826	32066
2019-nCoV	17019	G	T	SNP	Heterozygous	orf1ab	QHD43415.1	2	c.16755G>T	p.Glu5585Asp	missense_variant	MODERATE	0.0572864	292.993	30444
2019-nCoV	17039	A	G	SNP	Heterozygous	orf1ab	QHD43415.1	2	c.16775A>G	p.Asn5592Ser	missense_variant	MODERATE	0.0590295	232.805	30352
2019-nCoV	17076	C	T	SNP	Heterozygous	orf1ab	QHD43415.1	2	c.16812C>T	p.Leu5604Leu	synonymous_variant	LOW	0.026	15.8296	38148
2019-nCoV	17209	T	A	SNP	Heterozygous	orf1ab	QHD43415.1	2	c.16945T>A	p.Leu5649Met	missense_variant	MODERATE	0.0335	88.3938	52057
2019-nCoV	17261	G	T	SNP	Heterozygous	orf1ab	QHD43415.1	2	c.16997G>T	p.Cys5666Phe	missense_variant	MODERATE	0.0482655	220.782	41664
2019-nCoV	17410	C	T	SNP	Homozygous	orf1ab	QHD43415.1	2	c.17146C>T	p.Arg5716Cys	missense_variant	MODERATE	0.9995	33918.2	18014
2019-nCoV	17669	G	A	SNP	Heterozygous	orf1ab	QHD43415.1	2	c.17405G>A	p.Gly5802Asp	missense_variant	MODERATE	0.0265133	43.2598	11012
2019-nCoV	17738	C	T	SNP	Heterozygous	orf1ab	QHD43415.1	2	c.17474C>T	p.Thr5825Ile	missense_variant	MODERATE	0.0275	48.9396	3921
2019-nCoV	17747	C	T	SNP	Heterozygous	orf1ab	QHD43415.1	2	c.17483C>T	p.Pro5828Leu	missense_variant	MODERATE	0.0815	484.736	4035
2019-nCoV	17750	C	T	SNP	Heterozygous	orf1ab	QHD43415.1	2	c.17486C>T	p.Ala5829Val	missense_variant	MODERATE	0.074	547.476	4078
2019-nCoV	17861	A	C	SNP	Heterozygous	orf1ab	QHD43415.1	2	c.17597A>C	p.Asp5866Ala	missense_variant	MODERATE	0.0611222	255.686	8059
2019-nCoV	18163	A	G	SNP	Homozygous	orf1ab	QHD43415.1	2	c.17899A>G	p.Ile5967Val	missense_variant	MODERATE	0.999499	33686.1	3749
2019-nCoV	18200	T	C	SNP	Heterozygous	orf1ab	QHD43415.1	2	c.17936T>C	p.Leu5979Pro	missense_variant	MODERATE	0.050025	241.437	14759
2019-nCoV	18332	G	T	SNP	Heterozygous	orf1ab	QHD43415.1	2	c.18068G>T	p.Arg6023Ile	missense_variant	MODERATE	0.0510255	163.738	14472
2019-nCoV	18557	C	T	SNP	Heterozygous	orf1ab	QHD43415.1	2	c.18293C>T	p.Thr6098Ile	missense_variant	MODERATE	0.0705353	357.893	9472
2019-nCoV	18959	C	T	SNP	Heterozygous	orf1ab	QHD43415.1	2	c.18695C>T	p.Ala6232Val	missense_variant	MODERATE	0.0250125	35.131	25774
2019-nCoV	18981	C	T	SNP	Heterozygous	orf1ab	QHD43415.1	2	c.18717C>T	p.His6239His	synonymous_variant	LOW	0.024	30.3036	25768
2019-nCoV	19105	T	C	SNP	Heterozygous	orf1ab	QHD43415.1	2	c.18841T>C	p.Cys6281Arg	missense_variant	MODERATE	0.0405203	145.697	21008
2019-nCoV	19548	A	G	SNP	Heterozygous	orf1ab	QHD43415.1	2	c.19284A>G	p.Ser6428Ser	synonymous_variant	LOW	0.0415	155.04	6560
2019-nCoV	19674	A	G	SNP	Heterozygous	orf1ab	QHD43415.1	2	c.19410A>G	p.Gln6470Gln	synonymous_variant	LOW	0.022011	22.1256	4940
2019-nCoV	19955	C	T	SNP	Homozygous	orf1ab	QHD43415.1	2	c.19691C>T	p.Thr6564Ile	missense_variant	MODERATE	1.0	33689.1	24646
2019-nCoV	19961	C	T	SNP	Heterozygous	orf1ab	QHD43415.1	2	c.19697C>T	p.Thr6566Met	missense_variant	MODERATE	0.0415832	91.9431	15951
2019-nCoV	19997	G	A	SNP	Heterozygous	orf1ab	QHD43415.1	2	c.19733G>A	p.Arg6578Lys	missense_variant	MODERATE	0.0465	203.902	15899
2019-nCoV	20055	A	G	SNP	Homozygous	orf1ab	QHD43415.1	2	c.19791A>G	p.Glu6597Glu	synonymous_variant	LOW	1.0	32757.4	17097
2019-nCoV	20126	G	T	SNP	Heterozygous	orf1ab	QHD43415.1	2	c.19862G>T	p.Gly6621Val	missense_variant	MODERATE	0.078	596.363	5981
2019-nCoV	20315	T	C	SNP	Heterozygous	orf1ab	QHD43415.1	2	c.20051T>C	p.Phe6684Ser	missense_variant	MODERATE	0.0345518	49.9218	15382
2019-nCoV	20433	G	T	SNP	Heterozygous	orf1ab	QHD43415.1	2	c.20169G>T	p.Met6723Ile	missense_variant	MODERATE	0.0515258	161.48	23257
2019-nCoV	20788	G	T	SNP	Heterozygous	orf1ab	QHD43415.1	2	c.20524G>T	p.Val6842Phe	missense_variant	MODERATE	0.0190095	11.4194	15764
2019-nCoV	20827	T	C	SNP	Heterozygous	orf1ab	QHD43415.1	2	c.20563T>C	p.Leu6855Leu	synonymous_variant	LOW	0.0290581	57.6298	15969
2019-nCoV	20936	C	T	SNP	Heterozygous	orf1ab	QHD43415.1	2	c.20672C>T	p.Thr6891Met	missense_variant	MODERATE	0.115058	1230.73	19669
2019-nCoV	21247	G	T	SNP	Heterozygous	orf1ab	QHD43415.1	2	c.20983G>T	p.Val6995Leu	missense_variant	MODERATE	0.0215	20.2247	41890
2019-nCoV	21618	C	T	SNP	Homozygous	S	QHD43416.1	1	c.56C>T	p.Thr19Ile	missense_variant	MODERATE	0.9995	36335.3	12856
2019-nCoV	21622	C	T	SNP	Heterozygous	S	QHD43416.1	1	c.60C>T	p.Thr20Thr	synonymous_variant	LOW	0.0555278	303.245	12815
2019-nCoV	21626	A	T	SNP	Heterozygous	S	QHD43416.1	1	c.64A>T	p.Thr22Ser	missense_variant	MODERATE	0.05	155.126	12757
2019-nCoV	21632	TTACCCCCTG	T	DEL	Homozygous	S	QHD43416.1	1	c.71_79delTACCCCCTG	p.Leu24_Ala27delinsSer	disruptive_inframe_deletion	MODERATE	1.0	36127.5	12344
2019-nCoV	21764	ATACATG	A	DEL	Homozygous	S	QHD43416.1	1	c.204_209delACATGT	p.His69_Val70del	disruptive_inframe_deletion	MODERATE	1.0	35656.2	12837
2019-nCoV	21987	G	A	SNP	Homozygous	S	QHD43416.1	1	c.425G>A	p.Gly142Asp	missense_variant	MODERATE	0.9895	32924.9	14077
2019-nCoV	22000	C	T	SNP	Heterozygous	S	QHD43416.1	1	c.438C>T	p.His146His	synonymous_variant	LOW	0.0690345	342.099	14146
2019-nCoV	22074	T	C	SNP	Heterozygous	S	QHD43416.1	1	c.512T>C	p.Val171Ala	missense_variant	MODERATE	0.041	150.498	10206
2019-nCoV	22200	T	G	SNP	Homozygous	S	QHD43416.1	1	c.638T>G	p.Val213Gly	missense_variant	MODERATE	0.996998	35958.8	10138
2019-nCoV	22331	G	A	SNP	Heterozygous	S	QHD43416.1	1	c.769G>A	p.Gly257Ser	missense_variant	MODERATE	0.081	485.91	6035
2019-nCoV	22577	GG	CA	MNP	Heterozygous	S	QHD43416.1	1	c.1015_1016delGGinsCA	p.Gly339His	missense_variant	MODERATE	0.134877	33630.0	7133
2019-nCoV	22578	G	A	SNP	Heterozygous	S	QHD43416.1	1	c.1016G>A	p.Gly339Asp	missense_variant	MODERATE	0.865123	33630.0	7133
2019-nCoV	22592	G	T	SNP	Heterozygous	S	QHD43416.1	1	c.1030G>T	p.Ala344Ser	missense_variant	MODERATE	0.028	50.8848	3229
2019-nCoV	22599	G	C	SNP	Heterozygous	S	QHD43416.1	1	c.1037G>C	p.Arg346Thr	missense_variant	MODERATE	0.758638	22889.0	3225
2019-nCoV	22629	A	C	SNP	Heterozygous	S	QHD43416.1	1	c.1067A>C	p.Lys356Thr	missense_variant	MODERATE	0.054027	185.515	3774
2019-nCoV	22660	T	G	SNP	Heterozygous	S	QHD43416.1	1	c.1098T>G	p.Ser366Ser	synonymous_variant	LOW	0.0525	267.576	3806
2019-nCoV	22674	C	T	SNP	Homozygous	S	QHD43416.1	1	c.1112C>T	p.Ser371Phe	missense_variant	MODERATE	0.9985	33275.8	3643
2019-nCoV	22679	T	C	SNP	Homozygous	S	QHD43416.1	1	c.1117T>C	p.Ser373Pro	missense_variant	MODERATE	0.998499	33294.1	3609
2019-nCoV	22686	CCA	TCG	MNP	Homozygous	S	QHD43416.1	1	c.1124_1126delCCAinsTCG	p.SerThr375PheAla	missense_variant	MODERATE	1.0	8424.42	623
2019-nCoV	22716	C	T	SNP	Heterozygous	S	QHD43416.1	1	c.1154C>T	p.Thr385Ile	missense_variant	MODERATE	0.172542	544.335	531
2019-nCoV	22775	G	A	SNP	Homozygous	S	QHD43416.1	1	c.1213G>A	p.Asp405Asn	missense_variant	MODERATE	1.0	8440.89	504
2019-nCoV	22786	A	C	SNP	Homozygous	S	QHD43416.1	1	c.1224A>C	p.Arg408Ser	missense_variant	MODERATE	0.993939	8644.47	490
2019-nCoV	22813	G	T	SNP	Homozygous	S	QHD43416.1	1	c.1251G>T	p.Lys417Asn	missense_variant	MODERATE	1.0	33789.0	15990
2019-nCoV	22838	C	T	SNP	Heterozygous	S	QHD43416.1	1	c.1276C>T	p.Pro426Ser	missense_variant	MODERATE	0.0785	605.356	15870
2019-nCoV	22844	G	T	SNP	Heterozygous	S	QHD43416.1	1	c.1282G>T	p.Asp428Tyr	missense_variant	MODERATE	0.0805403	478.194	15955
2019-nCoV	22882	T	G	SNP	Homozygous	S	QHD43416.1	1	c.1320T>G	p.Asn440Lys	missense_variant	MODERATE	0.998498	33698.5	28210
2019-nCoV	22896	T	C	SNP	Heterozygous	S	QHD43416.1	1	c.1334T>C	p.Val445Ala	missense_variant	MODERATE	0.1195	1315.36	28182
2019-nCoV	22898	G	A	SNP	Heterozygous	S	QHD43416.1	1	c.1336G>A	p.Gly446Ser	missense_variant	MODERATE	0.0625313	388.417	28182
2019-nCoV	22917	T	G	SNP	Heterozygous	S	QHD43416.1	1	c.1355T>G	p.Leu452Arg	missense_variant	MODERATE	0.932966	31866.8	27814
2019-nCoV	22942	T	G	SNP	Heterozygous	S	QHD43416.1	1	c.1380T>G	p.Asn460Lys	missense_variant	MODERATE	0.0565	214.373	27202
2019-nCoV	22992	GCAC	ACAA	MNP	Homozygous	S	QHD43416.1	1	c.1430_1433delGCACinsACAA	p.SerThr477AsnLys	missense_variant	MODERATE	1.0	36162.0	11613
2019-nCoV	23013	A	C	SNP	Homozygous	S	QHD43416.1	1	c.1451A>C	p.Glu484Ala	missense_variant	MODERATE	0.998494	36137.4	21823
2019-nCoV	23018	T	G	SNP	Heterozygous	S	QHD43416.1	1	c.1456T>G	p.Phe486Val	missense_variant	MODERATE	0.956957	33362.0	21912
2019-nCoV	23031	T	C	SNP	Heterozygous	S	QHD43416.1	1	c.1469T>C	p.Phe490Ser	missense_variant	MODERATE	0.0215	20.2201	21936
2019-nCoV	23055	A	G	SNP	Homozygous	S	QHD43416.1	1	c.1493A>G	p.Gln498Arg	missense_variant	MODERATE	0.999493	35402.8	10749
2019-nCoV	23063	A	T	SNP	Homozygous	S	QHD43416.1	1	c.1501A>T	p.Asn501Tyr	missense_variant	MODERATE	0.989489	32850.2	10968
2019-nCoV	23067	G	T	SNP	Heterozygous	S	QHD43416.1	1	c.1505G>T	p.Gly502Val	missense_variant	MODERATE	0.0525789	174.606	11162
2019-nCoV	23075	T	C	SNP	Homozygous	S	QHD43416.1	1	c.1513T>C	p.Tyr505His	missense_variant	MODERATE	0.996488	35999.7	11360
2019-nCoV	23290	C	T	SNP	Heterozygous	S	QHD43416.1	1	c.1728C>T	p.Val576Val	synonymous_variant	LOW	0.0325	39.5792	26899
2019-nCoV	23403	A	G	SNP	Homozygous	S	QHD43416.1	1	c.1841A>G	p.Asp614Gly	missense_variant	MODERATE	0.999499	35485.9	36152
2019-nCoV	23501	G	T	SNP	Heterozygous	S	QHD43416.1	1	c.1939G>T	p.Ala647Ser	missense_variant	MODERATE	0.0245123	32.2372	65669
2019-nCoV	23518	G	T	SNP	Heterozygous	S	QHD43416.1	1	c.1956G>T	p.Gly652Gly	synonymous_variant	LOW	0.038019	124.181	65945
2019-nCoV	23525	C	T	SNP	Homozygous	S	QHD43416.1	1	c.1963C>T	p.His655Tyr	missense_variant	MODERATE	1.0	33807.3	65876
2019-nCoV	23547	G	T	SNP	Heterozygous	S	QHD43416.1	1	c.1985G>T	p.Cys662Phe	missense_variant	MODERATE	0.039039	132.434	53780
2019-nCoV	23599	T	G	SNP	Homozygous	S	QHD43416.1	1	c.2037T>G	p.Asn679Lys	missense_variant	MODERATE	1.0	33677.5	77487
2019-nCoV	23604	C	A	SNP	Homozygous	S	QHD43416.1	1	c.2042C>A	p.Pro681His	missense_variant	MODERATE	0.998495	19794.9	77544
2019-nCoV	23817	T	C	SNP	Heterozygous	S	QHD43416.1	1	c.2255T>C	p.Leu752Pro	missense_variant	MODERATE	0.0528967	179.288	6589
2019-nCoV	23854	C	A	SNP	Homozygous	S	QHD43416.1	1	c.2292C>A	p.Asn764Lys	missense_variant	MODERATE	0.997996	32866.5	6472
2019-nCoV	23948	GATTTTG	TATTT	MIXED	Heterozygous	S	QHD43416.1	1	c.2386_2392delGATTTTGinsTATTT	p.Asp796fs	frameshift_variant&missense_variant	HIGH	0.0431223	30511.5	3768
2019-nCoV	23948	G	T	SNP	Heterozygous	S	QHD43416.1	1	c.2386G>T	p.Asp796Tyr	missense_variant	MODERATE	0.956878	30511.5	3768
2019-nCoV	24079	T	C	SNP	Heterozygous	S	QHD43416.1	1	c.2517T>C	p.Asp839Asp	synonymous_variant	LOW	0.104605	816.592	13887
2019-nCoV	24145	G	A	SNP	Heterozygous	S	QHD43416.1	1	c.2583G>A	p.Leu861Leu	synonymous_variant	LOW	0.141283	1725.49	11395
2019-nCoV	24222	C	A	SNP	Heterozygous	S	QHD43416.1	1	c.2660C>A	p.Thr887Asn	missense_variant	MODERATE	0.0865	549.123	6295
2019-nCoV	24258	C	T	SNP	Heterozygous	S	QHD43416.1	1	c.2696C>T	p.Ala899Val	missense_variant	MODERATE	0.0435	173.517	12296
2019-nCoV	24301	G	T	SNP	Heterozygous	S	QHD43416.1	1	c.2739G>T	p.Gln913His	missense_variant	MODERATE	0.0410822	150.651	12965
2019-nCoV	24424	A	T	SNP	Homozygous	S	QHD43416.1	1	c.2862A>T	p.Gln954His	missense_variant	MODERATE	0.995984	35705.8	8497
2019-nCoV	24469	T	A	SNP	Homozygous	S	QHD43416.1	1	c.2907T>A	p.Asn969Lys	missense_variant	MODERATE	0.989458	31710.7	18632
2019-nCoV	24577	G	T	SNP	Heterozygous	S	QHD43416.1	1	c.3015G>T	p.Gln1005His	missense_variant	MODERATE	0.113	947.418	11135
2019-nCoV	24654	A	T	SNP	Heterozygous	S	QHD43416.1	1	c.3092A>T	p.Glu1031Val	missense_variant	MODERATE	0.0665	315.747	17982
2019-nCoV	24665	G	A	SNP	Heterozygous	S	QHD43416.1	1	c.3103G>A	p.Gly1035Arg	missense_variant	MODERATE	0.0255	38.1022	17818
2019-nCoV	24793	T	A	SNP	Heterozygous	S	QHD43416.1	1	c.3231T>A	p.Thr1077Thr	synonymous_variant	LOW	0.1625	1827.69	8360
2019-nCoV	25000	C	T	SNP	Homozygous	S	QHD43416.1	1	c.3438C>T	p.Asp1146Asp	synonymous_variant	LOW	1.0	33709.7	10009
2019-nCoV	25028	T	C	SNP	Heterozygous	S	QHD43416.1	1	c.3466T>C	p.Phe1156Leu	missense_variant	MODERATE	0.0815	658.633	10414
2019-nCoV	25194	A	G	SNP	Heterozygous	S	QHD43416.1	1	c.3632A>G	p.Lys1211Arg	missense_variant	MODERATE	0.026	40.682	11215
2019-nCoV	25238	G	T	SNP	Heterozygous	S	QHD43416.1	1	c.3676G>T	p.Ala1226Ser	missense_variant	MODERATE	0.223948	3566.34	6155
2019-nCoV	25520	T	C	SNP	Heterozygous	ORF3a	QHD43417.1	1	c.128T>C	p.Phe43Ser	missense_variant	MODERATE	0.0990991	723.49	37068
2019-nCoV	25521	C	T	SNP	Heterozygous	ORF3a	QHD43417.1	1	c.129C>T	p.Phe43Phe	synonymous_variant	LOW	0.061747	351.101	36717
2019-nCoV	25563	G	T	SNP	Heterozygous	ORF3a	QHD43417.1	1	c.171G>T	p.Gln57His	missense_variant	MODERATE	0.0585	233.431	37300
2019-nCoV	25584	C	T	SNP	Homozygous	ORF3a	QHD43417.1	1	c.192C>T	p.Thr64Thr	synonymous_variant	LOW	0.994975	35804.9	29100
2019-nCoV	26060	C	T	SNP	Homozygous	ORF3a	QHD43417.1	1	c.668C>T	p.Thr223Ile	missense_variant	MODERATE	0.998999	33759.6	9074
2019-nCoV	26109	G	T	SNP	Heterozygous	ORF3a	QHD43417.1	1	c.717G>T	p.Glu239Asp	missense_variant	MODERATE	0.0430215	100.731	18320
2019-nCoV	26151	C	T	SNP	Heterozygous	ORF3a	QHD43417.1	1	c.759C>T	p.Ser253Ser	synonymous_variant	LOW	0.17959	2589.23	9620
2019-nCoV	26165	C	T	SNP	Heterozygous	ORF3a	QHD43417.1	1	c.773C>T	p.Pro258Leu	missense_variant	MODERATE	0.0585	339.145	9858
2019-nCoV	26270	C	T	SNP	Homozygous	E	QHD43418.1	1	c.26C>T	p.Thr9Ile	missense_variant	MODERATE	1.0	33740.7	24915
2019-nCoV	26275	A	G	SNP	Heterozygous	E	QHD43418.1	1	c.31A>G	p.Thr11Ala	missense_variant	MODERATE	0.052026	263.172	24802
2019-nCoV	26529	G	A	SNP	Homozygous	M	QHD43419.1	1	c.7G>A	p.Asp3Asn	missense_variant	MODERATE	1.0	36339.5	4313
2019-nCoV	26577	C	G	SNP	Homozygous	M	QHD43419.1	1	c.55C>G	p.Gln19Glu	missense_variant	MODERATE	1.0	22551.4	1340
2019-nCoV	26684	C	T	SNP	Heterozygous	M	QHD43419.1	1	c.162C>T	p.Leu54Leu	synonymous_variant	LOW	0.0530796	276.156	11265
2019-nCoV	26709	G	A	SNP	Homozygous	M	QHD43419.1	1	c.187G>A	p.Ala63Thr	missense_variant	MODERATE	1.0	36399.7	11184
2019-nCoV	26735	C	T	SNP	Heterozygous	M	QHD43419.1	1	c.213C>T	p.Tyr71Tyr	synonymous_variant	LOW	0.028014	20.9106	11110
2019-nCoV	26858	C	T	SNP	Heterozygous	M	QHD43419.1	1	c.336C>T	p.Phe112Phe	synonymous_variant	LOW	0.169	2305.54	14299
2019-nCoV	26907	C	T	SNP	Heterozygous	M	QHD43419.1	1	c.385C>T	p.Leu129Leu	synonymous_variant	LOW	0.0827068	649.508	16124
2019-nCoV	27012	C	T	SNP	Heterozygous	M	QHD43419.1	1	c.490C>T	p.Leu164Leu	synonymous_variant	LOW	0.218	2987.21	17901
2019-nCoV	27038	A	G	SNP	Heterozygous	M	QHD43419.1	1	c.516A>G	p.Thr172Thr	synonymous_variant	LOW	0.801401	24905.7	3306
2019-nCoV	27127	G	T	SNP	Heterozygous	M	QHD43419.1	1	c.605G>T	p.Gly202Val	missense_variant	MODERATE	0.0510511	164.707	11255
2019-nCoV	27149	C	T	SNP	Heterozygous	M	QHD43419.1	1	c.627C>T	p.Asp209Asp	synonymous_variant	LOW	0.031	33.6499	16792
2019-nCoV	27259	A	C	SNP	Heterozygous	ORF6	QHD43420.1	1	c.58A>C	p.Arg20Arg	synonymous_variant	LOW	0.0425213	98.8526	9600
2019-nCoV	27305	T	C	SNP	Heterozygous	ORF6	QHD43420.1	1	c.104T>C	p.Leu35Pro	missense_variant	MODERATE	0.0300601	65.5241	9905
2019-nCoV	27382	GAT	CTC	MNP	Heterozygous	ORF6	QHD43420.1	1	c.181_183delGATinsCTC	p.Asp61Leu	missense_variant	MODERATE	0.13477	1606.99	3645
2019-nCoV	27393	C	T	SNP	Heterozygous	ORF7a	QHD43421.1	-1	c.-1C>T	.	upstream_gene_variant	MODIFIER	0.039	74.7481	3660
2019-nCoV	27438	T	C	SNP	Heterozygous	ORF7a	QHD43421.1	1	c.45T>C	p.Cys15Cys	synonymous_variant	LOW	0.2065	2729.1	11245
2019-nCoV	27447	T	C	SNP	Heterozygous	ORF7a	QHD43421.1	1	c.54T>C	p.Tyr18Tyr	synonymous_variant	LOW	0.0235118	27.3401	11263
2019-nCoV	27513	C	T	SNP	Heterozygous	ORF7a	QHD43421.1	1	c.120C>T	p.Tyr40Tyr	synonymous_variant	LOW	0.13971	1713.26	13348
2019-nCoV	27532	C	T	SNP	Heterozygous	ORF7a	QHD43421.1	1	c.139C>T	p.His47Tyr	missense_variant	MODERATE	0.0375635	121.34	13587
2019-nCoV	27632	G	T	SNP	Heterozygous	ORF7a	QHD43421.1	1	c.239G>T	p.Arg80Ile	missense_variant	MODERATE	0.077	436.982	6331
2019-nCoV	27777	G	A	SNP	Heterozygous	ORF8	QHD43422.1	-1	c.-117G>A	.	upstream_gene_variant	MODIFIER	0.113671	1201.71	14501
2019-nCoV	27807	C	T	SNP	Homozygous	ORF8	QHD43422.1	-1	c.-87C>T	.	upstream_gene_variant	MODIFIER	1.0	36458.6	14440
2019-nCoV	27889	C	T	SNP	Heterozygous	ORF8	QHD43422.1	-1	c.-5C>T	.	upstream_gene_variant	MODIFIER	0.908954	30510.7	10508
2019-nCoV	27977	T	G	SNP	Heterozygous	ORF8	QHD43422.1	1	c.84T>G	p.His28Gln	missense_variant	MODERATE	0.0195098	13.1683	7039
2019-nCoV	28271	A	C	SNP	Heterozygous	N	QHD43423.2	-1	c.-3A>C	.	upstream_gene_variant	MODIFIER	0.057673	30533.5	46430
2019-nCoV	28271	A	T	SNP	Heterozygous	N	QHD43423.2	-1	c.-3A>T	.	upstream_gene_variant	MODIFIER	0.90672	30533.5	46430
2019-nCoV	28306	T	C	SNP	Heterozygous	N	QHD43423.2	1	c.33T>C	p.Asn11Asn	synonymous_variant	LOW	0.0325163	81.1051	46613
2019-nCoV	28311	C	T	SNP	Heterozygous	N	QHD43423.2	1	c.38C>T	p.Pro13Leu	missense_variant	MODERATE	0.97815	35561.6	46428
2019-nCoV	28311	CC	TT	MNP	Heterozygous	N	QHD43423.2	1	c.38_39delCCinsTT	p.Pro13Leu	missense_variant	MODERATE	0.0203252	35561.6	46428
2019-nCoV	28330	A	G	SNP	Heterozygous	N	QHD43423.2	1	c.57A>G	p.Gly19Gly	synonymous_variant	LOW	0.651976	17690.6	42284
2019-nCoV	28361	GGAGAACGCA	G	DEL	Heterozygous	N	QHD43423.2	1	c.90_98delAGAACGCAG	p.Glu31_Ser33del	disruptive_inframe_deletion	MODERATE	0.693211	34932.5	9505
2019-nCoV	28361	GGAGAACGCAG	TT	MIXED	Heterozygous	N	QHD43423.2	1	c.88_98delGGAGAACGCAGinsTT	p.Gly30_Ser33delinsPhe	missense_variant&disruptive_inframe_deletion	MODERATE	0.306789	34932.5	9505
2019-nCoV	28477	A	G	SNP	Heterozygous	N	QHD43423.2	1	c.204A>G	p.Arg68Arg	synonymous_variant	LOW	0.0378788	129.485	7108
2019-nCoV	28531	C	T	SNP	Heterozygous	N	QHD43423.2	1	c.258C>T	p.Tyr86Tyr	synonymous_variant	LOW	0.0555	302.511	22549
2019-nCoV	28681	G	T	SNP	Heterozygous	N	QHD43423.2	1	c.408G>T	p.Glu136Asp	missense_variant	MODERATE	0.0850851	708.231	31743
2019-nCoV	28687	C	T	SNP	Heterozygous	N	QHD43423.2	1	c.414C>T	p.Ala138Ala	synonymous_variant	LOW	0.0810405	472.25	32452
2019-nCoV	28727	G	T	SNP	Heterozygous	N	QHD43423.2	1	c.454G>T	p.Ala152Ser	missense_variant	MODERATE	0.168252	2324.95	31982
2019-nCoV	28741	A	G	SNP	Heterozygous	N	QHD43423.2	1	c.468A>G	p.Ala156Ala	synonymous_variant	LOW	0.0490245	224.554	17901
2019-nCoV	28777	A	G	SNP	Heterozygous	N	QHD43423.2	1	c.504A>G	p.Pro168Pro	synonymous_variant	LOW	0.262575	4641.43	15516
2019-nCoV	28832	T	C	SNP	Heterozygous	N	QHD43423.2	1	c.559T>C	p.Ser187Pro	missense_variant	MODERATE	0.0305611	64.6391	37447
2019-nCoV	28866	C	T	SNP	Heterozygous	N	QHD43423.2	1	c.593C>T	p.Thr198Ile	missense_variant	MODERATE	0.034	47.6343	23010
2019-nCoV	28872	G	T	SNP	Heterozygous	N	QHD43423.2	1	c.599G>T	p.Gly200Val	missense_variant	MODERATE	0.0335671	86.8856	22924
2019-nCoV	28881	GGG	AAC	MNP	Homozygous	N	QHD43423.2	1	c.608_610delGGGinsAAC	p.ArgGly203LysArg	missense_variant	MODERATE	1.0	33491.9	22458
2019-nCoV	29086	A	T	SNP	Heterozygous	N	QHD43423.2	1	c.813A>T	p.Thr271Thr	synonymous_variant	LOW	0.0375188	119.963	6906
2019-nCoV	29100	GAC	T	MIXED	Heterozygous	N	QHD43423.2	1	c.827_829delGACinsT	p.Arg276fs	frameshift_variant&missense_variant	HIGH	0.0276939	49.8633	6898
2019-nCoV	29159	A	G	SNP	Heterozygous	N	QHD43423.2	1	c.886A>G	p.Thr296Ala	missense_variant	MODERATE	0.0270135	45.7267	7018
2019-nCoV	29218	C	T	SNP	Heterozygous	N	QHD43423.2	1	c.945C>T	p.Phe315Phe	synonymous_variant	LOW	0.027	16.9844	2736
2019-nCoV	29226	C	T	SNP	Heterozygous	N	QHD43423.2	1	c.953C>T	p.Ser318Leu	missense_variant	MODERATE	0.082	668.763	2669
2019-nCoV	29336	A	G	SNP	Heterozygous	N	QHD43423.2	1	c.1063A>G	p.Lys355Glu	missense_variant	MODERATE	0.036	104.096	11390
2019-nCoV	29383	G	T	SNP	Heterozygous	N	QHD43423.2	1	c.1110G>T	p.Lys370Asn	missense_variant	MODERATE	0.0595596	346.214	10953
2019-nCoV	29414	G	T	SNP	Heterozygous	N	QHD43423.2	1	c.1141G>T	p.Ala381Ser	missense_variant	MODERATE	0.0471414	209.834	11302
2019-nCoV	29430	A	C	SNP	Heterozygous	N	QHD43423.2	1	c.1157A>C	p.Gln386Pro	missense_variant	MODERATE	0.0330661	85.0932	11451
2019-nCoV	29510	A	C	SNP	Homozygous	N	QHD43423.2	1	c.1237A>C	p.Ser413Arg	missense_variant	MODERATE	0.998998	33467.8	3943
2019-nCoV	29666	C	T	SNP	Heterozygous	ORF10	QHI42199.1	1	c.109C>T	p.Leu37Phe	missense_variant	MODERATE	0.2035	3113.54	4556
2019-nCoV	29733	CGAGGCCACGCGGAGTACGATCGAGTG	C	DEL	Homozygous	S	QHD43416.1	-1	c.*4350_*4375delGAGGCCACGCGGAGTACGATCGAGTG	.	downstream_gene_variant	MODIFIER	1.0	35890.5	3777
2019-nCoV	29758	TG	CC	MNP	Homozygous	S	QHD43416.1	-1	c.*4374_*4375delTGinsCC	.	downstream_gene_variant	MODIFIER	0.998319	24561.3	13
