CHROM	POS	REF	ALT	VARTYPE	GEN[*].GT	ANN[*].GENE	ANN[*].FEATUREID	EFF[*].RANK	ANN[*].HGVS_C	ANN[*].HGVS_P	ANN[*].EFFECT	EFF[*].IMPACT	AF	QUAL	DP
2019-nCoV	44	C	T	SNP	Homozygous	orf1ab	QHD43415.1	-1	c.-222C>T	.	upstream_gene_variant	MODIFIER	0.995495	33258.9	60824
2019-nCoV	241	C	T	SNP	Homozygous	orf1ab	QHD43415.1	-1	c.-25C>T	.	upstream_gene_variant	MODIFIER	1.0	33635.3	2303
2019-nCoV	455	C	T	SNP	Heterozygous	orf1ab	QHD43415.1	1	c.190C>T	p.Leu64Phe	missense_variant	MODERATE	0.0366098	112.56	58564
2019-nCoV	526	G	T	SNP	Heterozygous	orf1ab	QHD43415.1	1	c.261G>T	p.Glu87Asp	missense_variant	MODERATE	0.018	9.24128	83024
2019-nCoV	670	T	G	SNP	Homozygous	orf1ab	QHD43415.1	1	c.405T>G	p.Ser135Arg	missense_variant	MODERATE	0.992481	33266.6	66993
2019-nCoV	685	AAAGTCATTT	A	DEL	Heterozygous	orf1ab	QHD43415.1	1	c.421_429delAAGTCATTT	p.Lys141_Phe143del	conservative_inframe_deletion	MODERATE	0.0862944	723.795	65653
2019-nCoV	815	C	T	SNP	Heterozygous	orf1ab	QHD43415.1	1	c.550C>T	p.Arg184Cys	missense_variant	MODERATE	0.017	6.55019	22813
2019-nCoV	1059	C	T	SNP	Heterozygous	orf1ab	QHD43415.1	1	c.794C>T	p.Thr265Ile	missense_variant	MODERATE	0.028	51.4889	10320
2019-nCoV	1078	A	T	SNP	Heterozygous	orf1ab	QHD43415.1	1	c.813A>T	p.Pro271Pro	synonymous_variant	LOW	0.0165414	65.4487	10322
2019-nCoV	1090	T	C	SNP	Heterozygous	orf1ab	QHD43415.1	1	c.825T>C	p.Phe275Phe	synonymous_variant	LOW	0.0250752	12.0492	10427
2019-nCoV	1627	C	T	SNP	Heterozygous	orf1ab	QHD43415.1	1	c.1362C>T	p.Leu454Leu	synonymous_variant	LOW	0.282347	4547.51	43669
2019-nCoV	1931	C	A	SNP	Heterozygous	orf1ab	QHD43415.1	1	c.1666C>A	p.Gln556Lys	missense_variant	MODERATE	0.0358224	106.959	16426
2019-nCoV	2015	A	G	SNP	Heterozygous	orf1ab	QHD43415.1	1	c.1750A>G	p.Met584Val	missense_variant	MODERATE	0.0341194	91.3972	35185
2019-nCoV	2789	AC	A	DEL	Heterozygous	orf1ab	QHD43415.1	1	c.2525delC	p.Thr842fs	frameshift_variant	HIGH	0.00503525	30712.4	45882
2019-nCoV	2790	C	T	SNP	Heterozygous	orf1ab	QHD43415.1	1	c.2525C>T	p.Thr842Ile	missense_variant	MODERATE	0.994965	30712.4	45882
2019-nCoV	2872	T	C	SNP	Heterozygous	orf1ab	QHD43415.1	1	c.2607T>C	p.Asn869Asn	synonymous_variant	LOW	0.0160481	5.22717	23342
2019-nCoV	2894	G	A	SNP	Heterozygous	orf1ab	QHD43415.1	1	c.2629G>A	p.Asp877Asn	missense_variant	MODERATE	0.031	69.474	55902
2019-nCoV	3037	C	T	SNP	Homozygous	orf1ab	QHD43415.1	1	c.2772C>T	p.Phe924Phe	synonymous_variant	LOW	1.0	35309.3	10863
2019-nCoV	3240	A	G	SNP	Heterozygous	orf1ab	QHD43415.1	1	c.2975A>G	p.Asp992Gly	missense_variant	MODERATE	0.0315	35.5904	15216
2019-nCoV	3455	T	C	SNP	Heterozygous	orf1ab	QHD43415.1	1	c.3190T>C	p.Tyr1064His	missense_variant	MODERATE	0.0285	54.7859	9645
2019-nCoV	3521	G	T	SNP	Heterozygous	orf1ab	QHD43415.1	1	c.3256G>T	p.Glu1086*	stop_gained	HIGH	0.0145363	28.8568	28760
2019-nCoV	4005	A	G	SNP	Heterozygous	orf1ab	QHD43415.1	1	c.3740A>G	p.Lys1247Arg	missense_variant	MODERATE	0.0275413	20.9344	8761
2019-nCoV	4184	G	A	SNP	Homozygous	orf1ab	QHD43415.1	1	c.3919G>A	p.Gly1307Ser	missense_variant	MODERATE	0.999493	33421.1	21077
2019-nCoV	4306	A	G	SNP	Heterozygous	orf1ab	QHD43415.1	1	c.4041A>G	p.Lys1347Lys	synonymous_variant	LOW	0.0632848	396.909	36275
2019-nCoV	4321	C	T	SNP	Homozygous	orf1ab	QHD43415.1	1	c.4056C>T	p.Ala1352Ala	synonymous_variant	LOW	1.0	33462.0	35851
2019-nCoV	4399	G	C	SNP	Heterozygous	orf1ab	QHD43415.1	1	c.4134G>C	p.Met1378Ile	missense_variant	MODERATE	0.0170085	6.94673	23889
2019-nCoV	4595	A	G	SNP	Heterozygous	orf1ab	QHD43415.1	1	c.4330A>G	p.Thr1444Ala	missense_variant	MODERATE	0.0300601	64.4687	45796
2019-nCoV	5007	C	T	SNP	Heterozygous	orf1ab	QHD43415.1	1	c.4742C>T	p.Thr1581Met	missense_variant	MODERATE	0.0265133	42.963	17965
2019-nCoV	5153	G	T	SNP	Heterozygous	orf1ab	QHD43415.1	1	c.4888G>T	p.Glu1630*	stop_gained	HIGH	0.0195685	13.0177	3956
2019-nCoV	5206	G	T	SNP	Heterozygous	orf1ab	QHD43415.1	1	c.4941G>T	p.Met1647Ile	missense_variant	MODERATE	0.020728	17.3122	16384
2019-nCoV	5221	C	T	SNP	Heterozygous	orf1ab	QHD43415.1	1	c.4956C>T	p.His1652His	synonymous_variant	LOW	0.016024	5.01161	16417
2019-nCoV	5663	C	T	SNP	Heterozygous	orf1ab	QHD43415.1	1	c.5398C>T	p.Gln1800*	stop_gained	HIGH	0.016008	5.00642	33948
2019-nCoV	5871	AAG	A	DEL	Heterozygous	orf1ab	QHD43415.1	1	c.5608_5609delGA	p.Glu1870fs	frameshift_variant	HIGH	0.0259146	242.817	19807
2019-nCoV	5884	C	T	SNP	Heterozygous	orf1ab	QHD43415.1	1	c.5619C>T	p.Tyr1873Tyr	synonymous_variant	LOW	0.0205	16.6306	19802
2019-nCoV	6379	T	C	SNP	Heterozygous	orf1ab	QHD43415.1	1	c.6114T>C	p.Asn2038Asn	synonymous_variant	LOW	0.0211055	21.7163	19266
2019-nCoV	6551	A	C	SNP	Heterozygous	orf1ab	QHD43415.1	1	c.6286A>C	p.Met2096Leu	missense_variant	MODERATE	0.0215431	20.3575	19091
2019-nCoV	6700	T	C	SNP	Heterozygous	orf1ab	QHD43415.1	1	c.6435T>C	p.Phe2145Phe	synonymous_variant	LOW	0.0211587	26.9923	44129
2019-nCoV	6808	T	G	SNP	Heterozygous	orf1ab	QHD43415.1	1	c.6543T>G	p.Thr2181Thr	synonymous_variant	LOW	0.0759557	556.903	39649
2019-nCoV	6870	CTGT	C	DEL	Heterozygous	orf1ab	QHD43415.1	1	c.6607_6609delGTT	p.Val2203del	conservative_inframe_deletion	MODERATE	0.0165496	6.04814	4084
2019-nCoV	6979	T	G	SNP	Heterozygous	orf1ab	QHD43415.1	1	c.6714T>G	p.Val2238Val	synonymous_variant	LOW	0.0411234	151.6	8411
2019-nCoV	7128	G	T	SNP	Heterozygous	orf1ab	QHD43415.1	1	c.6863G>T	p.Cys2288Phe	missense_variant	MODERATE	0.0216516	20.2399	13603
2019-nCoV	7502	T	C	SNP	Heterozygous	orf1ab	QHD43415.1	1	c.7237T>C	p.Tyr2413His	missense_variant	MODERATE	0.02	14.933	23421
2019-nCoV	7645	T	C	SNP	Heterozygous	orf1ab	QHD43415.1	1	c.7380T>C	p.Ala2460Ala	synonymous_variant	LOW	0.0195098	13.4205	22316
2019-nCoV	8056	G	A	SNP	Heterozygous	orf1ab	QHD43415.1	1	c.7791G>A	p.Thr2597Thr	synonymous_variant	LOW	0.0191051	56.1177	26617
2019-nCoV	8266	C	T	SNP	Heterozygous	orf1ab	QHD43415.1	1	c.8001C>T	p.Gly2667Gly	synonymous_variant	LOW	0.0455228	193.706	28256
2019-nCoV	8407	C	T	SNP	Heterozygous	orf1ab	QHD43415.1	1	c.8142C>T	p.Asn2714Asn	synonymous_variant	LOW	0.0456827	116.631	46768
2019-nCoV	8991	C	T	SNP	Heterozygous	orf1ab	QHD43415.1	1	c.8726C>T	p.Ala2909Val	missense_variant	MODERATE	0.032	37.5068	25751
2019-nCoV	9041	T	G	SNP	Heterozygous	orf1ab	QHD43415.1	1	c.8776T>G	p.Ser2926Ala	missense_variant	MODERATE	0.0205103	16.9258	15242
2019-nCoV	9344	C	T	SNP	Homozygous	orf1ab	QHD43415.1	1	c.9079C>T	p.Leu3027Phe	missense_variant	MODERATE	1.0	33518.3	20230
2019-nCoV	9424	A	G	SNP	Homozygous	orf1ab	QHD43415.1	1	c.9159A>G	p.Val3053Val	synonymous_variant	LOW	0.98994	36036.0	14344
2019-nCoV	9473	G	A	SNP	Heterozygous	orf1ab	QHD43415.1	1	c.9208G>A	p.Ala3070Thr	missense_variant	MODERATE	0.0371113	75.8921	573
2019-nCoV	9525	T	C	SNP	Heterozygous	orf1ab	QHD43415.1	1	c.9260T>C	p.Met3087Thr	missense_variant	MODERATE	0.0205479	9.62776	584
2019-nCoV	9531	T	C	SNP	Heterozygous	orf1ab	QHD43415.1	1	c.9266T>C	p.Phe3089Ser	missense_variant	MODERATE	0.0255973	8.61905	586
2019-nCoV	9534	C	T	SNP	Homozygous	orf1ab	QHD43415.1	1	c.9269C>T	p.Thr3090Ile	missense_variant	MODERATE	0.996587	10527.1	582
2019-nCoV	9866	C	T	SNP	Heterozygous	orf1ab	QHD43415.1	1	c.9601C>T	p.Leu3201Phe	missense_variant	MODERATE	0.2565	4379.11	31483
2019-nCoV	9967	C	T	SNP	Heterozygous	orf1ab	QHD43415.1	1	c.9702C>T	p.Leu3234Leu	synonymous_variant	LOW	0.0245	11.6741	39517
2019-nCoV	10029	C	T	SNP	Homozygous	orf1ab	QHD43415.1	1	c.9764C>T	p.Thr3255Ile	missense_variant	MODERATE	1.0	33735.3	39093
2019-nCoV	10138	C	T	SNP	Heterozygous	orf1ab	QHD43415.1	1	c.9873C>T	p.Asn3291Asn	synonymous_variant	LOW	0.0560323	307.893	40446
2019-nCoV	10198	C	T	SNP	Homozygous	orf1ab	QHD43415.1	1	c.9933C>T	p.Asp3311Asp	synonymous_variant	LOW	1.0	33378.8	41774
2019-nCoV	10447	GCC	ACA	MNP	Homozygous	orf1ab	QHD43415.1	1	c.10182_10184delGCCinsACA	p.Pro3395His	missense_variant	MODERATE	1.0	35764.1	12121
2019-nCoV	10522	TGTCTCTTTTTG	T	DEL	Heterozygous	orf1ab	QHD43415.1	1	c.10258_10268delGTCTCTTTTTG	p.Val3420fs	frameshift_variant	HIGH	0.0227861	30.1831	10783
2019-nCoV	10834	C	T	SNP	Heterozygous	orf1ab	QHD43415.1	1	c.10569C>T	p.Ala3523Ala	synonymous_variant	LOW	0.0190285	12.6141	44904
2019-nCoV	11287	GTCTGGTTTT	G	DEL	Homozygous	orf1ab	QHD43415.1	1	c.11023_11031delTCTGGTTTT	p.Ser3675_Phe3677del	conservative_inframe_deletion	MODERATE	1.0	36189.0	56554
2019-nCoV	11494	C	T	SNP	Heterozygous	orf1ab	QHD43415.1	1	c.11229C>T	p.Asn3743Asn	synonymous_variant	LOW	0.0415208	92.2654	14211
2019-nCoV	11654	T	C	SNP	Heterozygous	orf1ab	QHD43415.1	1	c.11389T>C	p.Phe3797Leu	missense_variant	MODERATE	0.0267137	17.4516	21936
2019-nCoV	11674	C	T	SNP	Heterozygous	orf1ab	QHD43415.1	1	c.11409C>T	p.Tyr3803Tyr	synonymous_variant	LOW	0.0276939	49.9821	21939
2019-nCoV	11750	C	T	SNP	Heterozygous	orf1ab	QHD43415.1	1	c.11485C>T	p.Leu3829Phe	missense_variant	MODERATE	0.04	137.716	38819
2019-nCoV	11781	A	G	SNP	Heterozygous	orf1ab	QHD43415.1	1	c.11516A>G	p.Lys3839Arg	missense_variant	MODERATE	0.0266198	43.511	74978
2019-nCoV	12160	G	A	SNP	Heterozygous	orf1ab	QHD43415.1	1	c.11895G>A	p.Glu3965Glu	synonymous_variant	LOW	0.734203	21723.0	15899
2019-nCoV	12310	G	A	SNP	Heterozygous	orf1ab	QHD43415.1	1	c.12045G>A	p.Gln4015Gln	synonymous_variant	LOW	0.0445	105.426	29232
2019-nCoV	12541	A	T	SNP	Heterozygous	orf1ab	QHD43415.1	1	c.12276A>T	p.Ala4092Ala	synonymous_variant	LOW	0.0185	9.96585	22721
2019-nCoV	12880	C	T	SNP	Homozygous	orf1ab	QHD43415.1	1	c.12615C>T	p.Ile4205Ile	synonymous_variant	LOW	1.0	36383.6	29404
2019-nCoV	12897	C	T	SNP	Heterozygous	orf1ab	QHD43415.1	1	c.12632C>T	p.Pro4211Leu	missense_variant	MODERATE	0.033	84.73	29371
2019-nCoV	13017	G	T	SNP	Heterozygous	orf1ab	QHD43415.1	1	c.12752G>T	p.Arg4251Leu	missense_variant	MODERATE	0.019	11.9024	13966
2019-nCoV	14237	T	C	SNP	Heterozygous	orf1ab	QHD43415.1	2	c.13973T>C	p.Ile4658Thr	missense_variant	MODERATE	0.017017	6.47454	19438
2019-nCoV	14408	C	T	SNP	Homozygous	orf1ab	QHD43415.1	2	c.14144C>T	p.Pro4715Leu	missense_variant	MODERATE	1.0	33899.0	6524
2019-nCoV	15009	T	C	SNP	Heterozygous	orf1ab	QHD43415.1	2	c.14745T>C	p.Asp4915Asp	synonymous_variant	LOW	0.038	69.713	36962
2019-nCoV	15211	A	G	SNP	Heterozygous	orf1ab	QHD43415.1	2	c.14947A>G	p.Thr4983Ala	missense_variant	MODERATE	0.0180542	9.33599	41320
2019-nCoV	15714	C	T	SNP	Homozygous	orf1ab	QHD43415.1	2	c.15450C>T	p.Leu5150Leu	synonymous_variant	LOW	1.0	36171.7	48746
2019-nCoV	16323	C	T	SNP	Heterozygous	orf1ab	QHD43415.1	2	c.16059C>T	p.Cys5353Cys	synonymous_variant	LOW	0.0265	43.3392	47428
2019-nCoV	16380	T	C	SNP	Heterozygous	orf1ab	QHD43415.1	2	c.16116T>C	p.Tyr5372Tyr	synonymous_variant	LOW	0.0265133	43.4272	68254
2019-nCoV	16616	C	A	SNP	Heterozygous	orf1ab	QHD43415.1	2	c.16352C>A	p.Thr5451Asn	missense_variant	MODERATE	0.103552	1024.03	18965
2019-nCoV	16726	C	T	SNP	Heterozygous	orf1ab	QHD43415.1	2	c.16462C>T	p.His5488Tyr	missense_variant	MODERATE	0.0235118	28.7075	32302
2019-nCoV	16887	C	T	SNP	Heterozygous	orf1ab	QHD43415.1	2	c.16623C>T	p.Tyr5541Tyr	synonymous_variant	LOW	0.0342915	47.1416	54287
2019-nCoV	16935	G	A	SNP	Heterozygous	orf1ab	QHD43415.1	2	c.16671G>A	p.Met5557Ile	missense_variant	MODERATE	0.023023	27.2424	56858
2019-nCoV	16957	G	T	SNP	Heterozygous	orf1ab	QHD43415.1	2	c.16693G>T	p.Val5565Leu	missense_variant	MODERATE	0.0230346	9.23374	57149
2019-nCoV	16993	T	C	SNP	Heterozygous	orf1ab	QHD43415.1	2	c.16729T>C	p.Tyr5577His	missense_variant	MODERATE	0.042	96.3905	42495
2019-nCoV	17278	G	T	SNP	Heterozygous	orf1ab	QHD43415.1	2	c.17014G>T	p.Val5672Leu	missense_variant	MODERATE	0.0187058	11.5369	93110
2019-nCoV	17410	C	T	SNP	Homozygous	orf1ab	QHD43415.1	2	c.17146C>T	p.Arg5716Cys	missense_variant	MODERATE	0.997499	36225.4	54964
2019-nCoV	17495	A	G	SNP	Heterozygous	orf1ab	QHD43415.1	2	c.17231A>G	p.Glu5744Gly	missense_variant	MODERATE	0.05	153.8	13921
2019-nCoV	17556	T	G	SNP	Heterozygous	orf1ab	QHD43415.1	2	c.17292T>G	p.Thr5764Thr	synonymous_variant	LOW	0.039	132.615	42963
2019-nCoV	17746	C	T	SNP	Heterozygous	orf1ab	QHD43415.1	2	c.17482C>T	p.Pro5828Ser	missense_variant	MODERATE	0.0210421	18.7012	5144
2019-nCoV	18163	A	G	SNP	Homozygous	orf1ab	QHD43415.1	2	c.17899A>G	p.Ile5967Val	missense_variant	MODERATE	1.0	33630.9	18323
2019-nCoV	18443	G	T	SNP	Heterozygous	orf1ab	QHD43415.1	2	c.18179G>T	p.Arg6060Ile	missense_variant	MODERATE	0.0175088	8.05546	18647
2019-nCoV	18697	G	A	SNP	Heterozygous	orf1ab	QHD43415.1	2	c.18433G>A	p.Ala6145Thr	missense_variant	MODERATE	0.018	9.25556	9250
2019-nCoV	18703	G	A	SNP	Heterozygous	orf1ab	QHD43415.1	2	c.18439G>A	p.Asp6147Asn	missense_variant	MODERATE	0.0175	8.05028	9208
2019-nCoV	18705	C	T	SNP	Heterozygous	orf1ab	QHD43415.1	2	c.18441C>T	p.Asp6147Asp	synonymous_variant	LOW	0.0230115	26.2674	9171
2019-nCoV	18732	TG	T	DEL	Heterozygous	orf1ab	QHD43415.1	2	c.18470delG	p.Gly6157fs	frameshift_variant	HIGH	0.0310933	22.5589	8864
2019-nCoV	19009	G	T	SNP	Heterozygous	orf1ab	QHD43415.1	2	c.18745G>T	p.Asp6249Tyr	missense_variant	MODERATE	0.02889	55.4239	16755
2019-nCoV	19070	C	T	SNP	Heterozygous	orf1ab	QHD43415.1	2	c.18806C>T	p.Ala6269Val	missense_variant	MODERATE	0.028014	51.8968	42456
2019-nCoV	19374	C	T	SNP	Heterozygous	orf1ab	QHD43415.1	2	c.19110C>T	p.Phe6370Phe	synonymous_variant	LOW	0.0716448	404.942	31381
2019-nCoV	19769	CTG	C	DEL	Heterozygous	orf1ab	QHD43415.1	2	c.19507_19508delGT	p.Val6503fs	frameshift_variant	HIGH	0.0161698	5.17201	22552
2019-nCoV	19812	A	G	SNP	Heterozygous	orf1ab	QHD43415.1	2	c.19548A>G	p.Lys6516Lys	synonymous_variant	LOW	0.135474	1613.04	19831
2019-nCoV	19955	C	T	SNP	Homozygous	orf1ab	QHD43415.1	2	c.19691C>T	p.Thr6564Ile	missense_variant	MODERATE	1.0	33895.3	48318
2019-nCoV	20055	A	G	SNP	Homozygous	orf1ab	QHD43415.1	2	c.19791A>G	p.Glu6597Glu	synonymous_variant	LOW	1.0	33573.4	33444
2019-nCoV	20132	C	T	SNP	Heterozygous	orf1ab	QHD43415.1	2	c.19868C>T	p.Ala6623Val	missense_variant	MODERATE	0.018	80.5957	19044
2019-nCoV	20248	G	T	SNP	Heterozygous	orf1ab	QHD43415.1	2	c.19984G>T	p.Glu6662*	stop_gained	HIGH	0.0325978	175.092	16985
2019-nCoV	20594	C	T	SNP	Heterozygous	orf1ab	QHD43415.1	2	c.20330C>T	p.Thr6777Ile	missense_variant	MODERATE	0.0215	20.2206	53084
2019-nCoV	20629	C	T	SNP	Heterozygous	orf1ab	QHD43415.1	2	c.20365C>T	p.His6789Tyr	missense_variant	MODERATE	0.0445	183.645	17983
2019-nCoV	21077	C	T	SNP	Heterozygous	orf1ab	QHD43415.1	2	c.20813C>T	p.Thr6938Ile	missense_variant	MODERATE	0.0621181	391.94	88157
2019-nCoV	21234	C	T	SNP	Heterozygous	orf1ab	QHD43415.1	2	c.20970C>T	p.Ala6990Ala	synonymous_variant	LOW	0.0415	91.6795	33977
2019-nCoV	21570	T	G	SNP	Heterozygous	S	QHD43416.1	1	c.8T>G	p.Val3Gly	missense_variant	MODERATE	0.0499748	704.176	7517
2019-nCoV	21618	C	T	SNP	Homozygous	S	QHD43416.1	1	c.56C>T	p.Thr19Ile	missense_variant	MODERATE	0.994497	35973.9	19696
2019-nCoV	21632	TTACCCCCTG	T	DEL	Homozygous	S	QHD43416.1	1	c.71_79delTACCCCCTG	p.Leu24_Ala27delinsSer	disruptive_inframe_deletion	MODERATE	0.996968	35694.3	19023
2019-nCoV	21721	C	T	SNP	Heterozygous	S	QHD43416.1	1	c.159C>T	p.Asp53Asp	synonymous_variant	LOW	0.0475714	211.849	12610
2019-nCoV	21764	ATACATG	A	DEL	Heterozygous	S	QHD43416.1	1	c.204_209delACATGT	p.His69_Val70del	disruptive_inframe_deletion	MODERATE	0.755206	23135.5	24052
2019-nCoV	21987	G	A	SNP	Homozygous	S	QHD43416.1	1	c.425G>A	p.Gly142Asp	missense_variant	MODERATE	1.0	33655.8	20966
2019-nCoV	22054	T	G	SNP	Heterozygous	S	QHD43416.1	1	c.492T>G	p.Asn164Lys	missense_variant	MODERATE	0.0871743	569.353	44103
2019-nCoV	22200	T	G	SNP	Homozygous	S	QHD43416.1	1	c.638T>G	p.Val213Gly	missense_variant	MODERATE	0.991496	35742.7	15168
2019-nCoV	22304	T	A	SNP	Heterozygous	S	QHD43416.1	1	c.742T>A	p.Tyr248Asn	missense_variant	MODERATE	0.0517068	640.763	28509
2019-nCoV	22337	A	G	SNP	Heterozygous	S	QHD43416.1	1	c.775A>G	p.Thr259Ala	missense_variant	MODERATE	0.0280843	20.8326	13357
2019-nCoV	22388	C	T	SNP	Heterozygous	S	QHD43416.1	1	c.826C>T	p.Leu276Leu	synonymous_variant	LOW	0.0347432	95.9417	27050
2019-nCoV	22578	G	A	SNP	Homozygous	S	QHD43416.1	1	c.1016G>A	p.Gly339Asp	missense_variant	MODERATE	0.995986	35876.9	18942
2019-nCoV	22599	G	C	SNP	Heterozygous	S	QHD43416.1	1	c.1037G>C	p.Arg346Thr	missense_variant	MODERATE	0.0250125	35.5756	4795
2019-nCoV	22674	C	T	SNP	Homozygous	S	QHD43416.1	1	c.1112C>T	p.Ser371Phe	missense_variant	MODERATE	1.0	33842.4	6670
2019-nCoV	22679	T	C	SNP	Homozygous	S	QHD43416.1	1	c.1117T>C	p.Ser373Pro	missense_variant	MODERATE	0.9995	33675.9	6541
2019-nCoV	22686	CCA	TCG	MNP	Homozygous	S	QHD43416.1	1	c.1124_1126delCCAinsTCG	p.SerThr375PheAla	missense_variant	MODERATE	1.0	31093.3	2260
2019-nCoV	22775	G	A	SNP	Homozygous	S	QHD43416.1	1	c.1213G>A	p.Asp405Asn	missense_variant	MODERATE	1.0	30844.0	1853
2019-nCoV	22786	A	C	SNP	Homozygous	S	QHD43416.1	1	c.1224A>C	p.Arg408Ser	missense_variant	MODERATE	0.99835	32758.0	1818
2019-nCoV	22792	C	T	SNP	Heterozygous	S	QHD43416.1	1	c.1230C>T	p.Ile410Ile	synonymous_variant	LOW	0.0381471	115.652	1832
2019-nCoV	22812	AG	CT	MNP	Heterozygous	S	QHD43416.1	1	c.1250_1251delAGinsCT	p.Lys417Thr	missense_variant	MODERATE	0.0240964	33736.6	26479
2019-nCoV	22813	G	T	SNP	Heterozygous	S	QHD43416.1	1	c.1251G>T	p.Lys417Asn	missense_variant	MODERATE	0.975904	33736.6	26479
2019-nCoV	22882	T	G	SNP	Homozygous	S	QHD43416.1	1	c.1320T>G	p.Asn440Lys	missense_variant	MODERATE	0.997989	33610.1	49203
2019-nCoV	22917	T	G	SNP	Heterozygous	S	QHD43416.1	1	c.1355T>G	p.Leu452Arg	missense_variant	MODERATE	0.8665	30839.9	49224
2019-nCoV	22978	C	T	SNP	Heterozygous	S	QHD43416.1	1	c.1416C>T	p.Ile472Ile	synonymous_variant	LOW	0.0235	28.4764	22986
2019-nCoV	22992	GCAC	ACAA	MNP	Homozygous	S	QHD43416.1	1	c.1430_1433delGCACinsACAA	p.SerThr477AsnLys	missense_variant	MODERATE	1.0	36322.3	22220
2019-nCoV	23013	A	C	SNP	Homozygous	S	QHD43416.1	1	c.1451A>C	p.Glu484Ala	missense_variant	MODERATE	0.995976	35859.7	34319
2019-nCoV	23018	T	G	SNP	Heterozygous	S	QHD43416.1	1	c.1456T>G	p.Phe486Val	missense_variant	MODERATE	0.861793	27945.2	34486
2019-nCoV	23040	A	G	SNP	Heterozygous	S	QHD43416.1	1	c.1478A>G	p.Gln493Arg	missense_variant	MODERATE	0.138554	1676.27	34246
2019-nCoV	23055	A	G	SNP	Homozygous	S	QHD43416.1	1	c.1493A>G	p.Gln498Arg	missense_variant	MODERATE	0.999496	33532.8	13108
2019-nCoV	23063	A	T	SNP	Homozygous	S	QHD43416.1	1	c.1501A>T	p.Asn501Tyr	missense_variant	MODERATE	0.990495	33121.7	13367
2019-nCoV	23075	T	C	SNP	Homozygous	S	QHD43416.1	1	c.1513T>C	p.Tyr505His	missense_variant	MODERATE	0.996991	36063.7	13707
2019-nCoV	23232	A	G	SNP	Heterozygous	S	QHD43416.1	1	c.1670A>G	p.Lys557Arg	missense_variant	MODERATE	0.01765	8.42028	15373
2019-nCoV	23403	A	G	SNP	Homozygous	S	QHD43416.1	1	c.1841A>G	p.Asp614Gly	missense_variant	MODERATE	1.0	33551.4	61322
2019-nCoV	23525	C	T	SNP	Homozygous	S	QHD43416.1	1	c.1963C>T	p.His655Tyr	missense_variant	MODERATE	0.998999	33752.6	95701
2019-nCoV	23535	A	G	SNP	Heterozygous	S	QHD43416.1	1	c.1973A>G	p.Asn658Ser	missense_variant	MODERATE	0.0646617	415.866	95569
2019-nCoV	23570	A	G	SNP	Heterozygous	S	QHD43416.1	1	c.2008A>G	p.Ile670Val	missense_variant	MODERATE	0.0275	20.2791	70154
2019-nCoV	23577	C	T	SNP	Heterozygous	S	QHD43416.1	1	c.2015C>T	p.Ala672Val	missense_variant	MODERATE	0.024	30.8022	70152
2019-nCoV	23587	G	T	SNP	Heterozygous	S	QHD43416.1	1	c.2025G>T	p.Gln675His	missense_variant	MODERATE	0.0230115	26.3434	120284
2019-nCoV	23599	T	G	SNP	Homozygous	S	QHD43416.1	1	c.2037T>G	p.Asn679Lys	missense_variant	MODERATE	0.995484	33470.3	120239
2019-nCoV	23604	C	A	SNP	Homozygous	S	QHD43416.1	1	c.2042C>A	p.Pro681His	missense_variant	MODERATE	0.996998	33698.1	120346
2019-nCoV	23608	G	T	SNP	Heterozygous	S	QHD43416.1	1	c.2046G>T	p.Arg682Arg	synonymous_variant	LOW	0.022022	22.1448	120595
2019-nCoV	23673	C	T	SNP	Heterozygous	S	QHD43416.1	1	c.2111C>T	p.Ser704Leu	missense_variant	MODERATE	0.049049	229.93	51883
2019-nCoV	23683	C	T	SNP	Heterozygous	S	QHD43416.1	1	c.2121C>T	p.Tyr707Tyr	synonymous_variant	LOW	0.0215	20.2203	52026
2019-nCoV	23707	C	T	SNP	Heterozygous	S	QHD43416.1	1	c.2145C>T	p.Pro715Pro	synonymous_variant	LOW	0.0165	5.92634	63995
2019-nCoV	23854	C	A	SNP	Homozygous	S	QHD43416.1	1	c.2292C>A	p.Asn764Lys	missense_variant	MODERATE	1.0	33561.9	23482
2019-nCoV	23948	GATTTTG	TATTT	MIXED	Heterozygous	S	QHD43416.1	1	c.2386_2392delGATTTTGinsTATTT	p.Asp796fs	frameshift_variant&missense_variant	HIGH	0.0514139	32151.7	21849
2019-nCoV	23948	G	T	SNP	Heterozygous	S	QHD43416.1	1	c.2386G>T	p.Asp796Tyr	missense_variant	MODERATE	0.900257	32151.7	21849
2019-nCoV	24424	AAA	TAAT	MIXED	Homozygous	S	QHD43416.1	1	c.2862_2864delAAAinsTAAT	p.Gln954fs	frameshift_variant&missense_variant	HIGH	0.996976	33363.0	40958
2019-nCoV	24469	T	A	SNP	Homozygous	S	QHD43416.1	1	c.2907T>A	p.Asn969Lys	missense_variant	MODERATE	1.0	33424.7	63849
2019-nCoV	24952	A	G	SNP	Heterozygous	S	QHD43416.1	1	c.3390A>G	p.Ile1130Met	missense_variant	MODERATE	0.018	9.0046	18093
2019-nCoV	25000	C	T	SNP	Homozygous	S	QHD43416.1	1	c.3438C>T	p.Asp1146Asp	synonymous_variant	LOW	1.0	33698.9	40068
2019-nCoV	25416	C	T	SNP	Heterozygous	ORF3a	QHD43417.1	1	c.24C>T	p.Phe8Phe	synonymous_variant	LOW	0.146647	1835.1	33708
2019-nCoV	25451	T	C	SNP	Heterozygous	ORF3a	QHD43417.1	1	c.59T>C	p.Ile20Thr	missense_variant	MODERATE	0.0251889	13.3687	32754
2019-nCoV	25531	A	G	SNP	Heterozygous	ORF3a	QHD43417.1	1	c.139A>G	p.Ile47Val	missense_variant	MODERATE	0.044022	109.652	98400
2019-nCoV	25584	C	T	SNP	Homozygous	ORF3a	QHD43417.1	1	c.192C>T	p.Thr64Thr	synonymous_variant	LOW	0.995477	35859.8	78012
2019-nCoV	25624	C	T	SNP	Heterozygous	ORF3a	QHD43417.1	1	c.232C>T	p.His78Tyr	missense_variant	MODERATE	0.0465465	128.353	24672
2019-nCoV	25681	G	A	SNP	Heterozygous	ORF3a	QHD43417.1	1	c.289G>A	p.Val97Ile	missense_variant	MODERATE	0.0175	8.03997	44707
2019-nCoV	25810	C	T	SNP	Heterozygous	ORF3a	QHD43417.1	1	c.418C>T	p.Leu140Phe	missense_variant	MODERATE	0.0288024	56.6111	18620
2019-nCoV	25855	G	T	SNP	Heterozygous	ORF3a	QHD43417.1	1	c.463G>T	p.Asp155Tyr	missense_variant	MODERATE	0.034017	46.2222	20298
2019-nCoV	26060	C	T	SNP	Homozygous	ORF3a	QHD43417.1	1	c.668C>T	p.Thr223Ile	missense_variant	MODERATE	1.0	33899.1	45193
2019-nCoV	26111	C	T	SNP	Heterozygous	ORF3a	QHD43417.1	1	c.719C>T	p.Pro240Leu	missense_variant	MODERATE	0.0345	50.022	70975
2019-nCoV	26270	C	T	SNP	Homozygous	E	QHD43418.1	1	c.26C>T	p.Thr9Ile	missense_variant	MODERATE	1.0	33674.8	99655
2019-nCoV	26529	G	A	SNP	Heterozygous	M	QHD43419.1	1	c.7G>A	p.Asp3Asn	missense_variant	MODERATE	0.722584	21258.3	17052
2019-nCoV	26577	C	G	SNP	Homozygous	M	QHD43419.1	1	c.55C>G	p.Gln19Glu	missense_variant	MODERATE	1.0	33687.0	9748
2019-nCoV	26709	G	A	SNP	Homozygous	M	QHD43419.1	1	c.187G>A	p.Ala63Thr	missense_variant	MODERATE	1.0	36447.1	36907
2019-nCoV	26748	A	G	SNP	Heterozygous	M	QHD43419.1	1	c.226A>G	p.Ile76Val	missense_variant	MODERATE	0.0210421	18.0622	36471
2019-nCoV	26858	C	T	SNP	Heterozygous	M	QHD43419.1	1	c.336C>T	p.Phe112Phe	synonymous_variant	LOW	0.288867	5381.68	34785
2019-nCoV	27012	C	T	SNP	Heterozygous	M	QHD43419.1	1	c.490C>T	p.Leu164Leu	synonymous_variant	LOW	0.084	526.77	42123
2019-nCoV	27038	A	G	SNP	Heterozygous	M	QHD43419.1	1	c.516A>G	p.Thr172Thr	synonymous_variant	LOW	0.1375	1670.61	6677
2019-nCoV	27259	A	C	SNP	Heterozygous	ORF6	QHD43420.1	1	c.58A>C	p.Arg20Arg	synonymous_variant	LOW	0.274048	4988.36	24262
2019-nCoV	27382	GAT	CTC	MNP	Heterozygous	ORF6	QHD43420.1	1	c.181_183delGATinsCTC	p.Asp61Leu	missense_variant	MODERATE	0.328961	6554.33	6657
2019-nCoV	27438	T	C	SNP	Heterozygous	ORF7a	QHD43421.1	1	c.45T>C	p.Cys15Cys	synonymous_variant	LOW	0.570785	13393.4	27697
2019-nCoV	27478	G	T	SNP	Heterozygous	ORF7a	QHD43421.1	1	c.85G>T	p.Val29Leu	missense_variant	MODERATE	0.016016	5.02656	19799
2019-nCoV	27513	C	T	SNP	Heterozygous	ORF7a	QHD43421.1	1	c.120C>T	p.Tyr40Tyr	synonymous_variant	LOW	0.1275	1470.21	48383
2019-nCoV	27641	C	T	SNP	Heterozygous	ORF7a	QHD43421.1	1	c.248C>T	p.Ser83Leu	missense_variant	MODERATE	0.0242302	29.6243	44767
2019-nCoV	27788	G	T	SNP	Heterozygous	ORF8	QHD43422.1	-1	c.-106G>T	.	upstream_gene_variant	MODIFIER	0.074037	525.708	49247
2019-nCoV	27807	C	T	SNP	Homozygous	ORF8	QHD43422.1	-1	c.-87C>T	.	upstream_gene_variant	MODIFIER	0.997996	36132.4	51125
2019-nCoV	27889	C	T	SNP	Heterozygous	ORF8	QHD43422.1	-1	c.-5C>T	.	upstream_gene_variant	MODIFIER	0.633718	17288.7	36476
2019-nCoV	28271	A	T	SNP	Homozygous	N	QHD43423.2	-1	c.-3A>T	.	upstream_gene_variant	MODIFIER	1.0	33259.1	93630
2019-nCoV	28311	C	T	SNP	Homozygous	N	QHD43423.2	1	c.38C>T	p.Pro13Leu	missense_variant	MODERATE	0.988488	35469.8	93593
2019-nCoV	28330	A	G	SNP	Heterozygous	N	QHD43423.2	1	c.57A>G	p.Gly19Gly	synonymous_variant	LOW	0.255394	4459.08	89854
2019-nCoV	28361	GGAGAACGCA	G	DEL	Homozygous	N	QHD43423.2	1	c.90_98delAGAACGCAG	p.Glu31_Ser33del	disruptive_inframe_deletion	MODERATE	0.998985	35872.1	21643
2019-nCoV	28432	C	T	SNP	Heterozygous	N	QHD43423.2	1	c.159C>T	p.Phe53Phe	synonymous_variant	LOW	0.0521042	260.347	61565
2019-nCoV	28462	C	T	SNP	Heterozygous	N	QHD43423.2	1	c.189C>T	p.Asp63Asp	synonymous_variant	LOW	0.0385	127.752	42040
2019-nCoV	28531	C	T	SNP	Heterozygous	N	QHD43423.2	1	c.258C>T	p.Tyr86Tyr	synonymous_variant	LOW	0.0225	23.6643	101216
2019-nCoV	28681	G	T	SNP	Heterozygous	N	QHD43423.2	1	c.408G>T	p.Glu136Asp	missense_variant	MODERATE	0.106533	1067.94	124811
2019-nCoV	28724	C	T	SNP	Heterozygous	N	QHD43423.2	1	c.451C>T	p.Pro151Ser	missense_variant	MODERATE	0.0905	613.587	124109
2019-nCoV	28744	C	T	SNP	Heterozygous	N	QHD43423.2	1	c.471C>T	p.Ile157Ile	synonymous_variant	LOW	0.0215	20.2185	72689
2019-nCoV	28881	GGG	AAC	MNP	Homozygous	N	QHD43423.2	1	c.608_610delGGGinsAAC	p.ArgGly203LysArg	missense_variant	MODERATE	1.0	33669.9	43452
2019-nCoV	28948	C	T	SNP	Heterozygous	N	QHD43423.2	1	c.675C>T	p.Asp225Asp	synonymous_variant	LOW	0.0325488	81.4877	79107
2019-nCoV	29007	C	T	SNP	Heterozygous	N	QHD43423.2	1	c.734C>T	p.Thr245Ile	missense_variant	MODERATE	0.0220773	6.2393	10852
2019-nCoV	29032	G	A	SNP	Heterozygous	N	QHD43423.2	1	c.759G>A	p.Glu253Glu	synonymous_variant	LOW	0.0417925	93.93	11332
2019-nCoV	29272	C	T	SNP	Heterozygous	N	QHD43423.2	1	c.999C>T	p.Tyr333Tyr	synonymous_variant	LOW	0.0245123	11.6059	30931
2019-nCoV	29510	A	C	SNP	Homozygous	N	QHD43423.2	1	c.1237A>C	p.Ser413Arg	missense_variant	MODERATE	0.997999	33270.2	17924
2019-nCoV	29666	C	T	SNP	Heterozygous	ORF10	QHI42199.1	1	c.109C>T	p.Leu37Phe	missense_variant	MODERATE	0.3315	6636.91	11452
2019-nCoV	29733	CGAGGCCACGCGGAGTACGATCGAGTG	C	DEL	Homozygous	S	QHD43416.1	-1	c.*4350_*4375delGAGGCCACGCGGAGTACGATCGAGTG	.	downstream_gene_variant	MODIFIER	1.0	35874.8	8659
2019-nCoV	29769	C	T	SNP	Heterozygous	S	QHD43416.1	-1	c.*4385C>T	.	downstream_gene_variant	MODIFIER	0.0215108	5.50538	9842
