CHROM	POS	REF	ALT	VARTYPE	GEN[*].GT	ANN[*].GENE	ANN[*].FEATUREID	EFF[*].RANK	ANN[*].HGVS_C	ANN[*].HGVS_P	ANN[*].EFFECT	EFF[*].IMPACT	AF	QUAL	DP
2019-nCoV	44	C	T	SNP	Homozygous	orf1ab	QHD43415.1	-1	c.-222C>T	.	upstream_gene_variant	MODIFIER	0.987988	31949.1	85569
2019-nCoV	241	C	T	SNP	Homozygous	orf1ab	QHD43415.1	-1	c.-25C>T	.	upstream_gene_variant	MODIFIER	1.0	33391.2	5148
2019-nCoV	398	C	T	SNP	Heterozygous	orf1ab	QHD43415.1	1	c.133C>T	p.His45Tyr	missense_variant	MODERATE	0.051	251.477	55306
2019-nCoV	670	T	G	SNP	Homozygous	orf1ab	QHD43415.1	1	c.405T>G	p.Ser135Arg	missense_variant	MODERATE	0.993487	33249.7	54145
2019-nCoV	1086	T	C	SNP	Heterozygous	orf1ab	QHD43415.1	1	c.821T>C	p.Val274Ala	missense_variant	MODERATE	0.0277123	43.9682	1694
2019-nCoV	1264	G	T	SNP	Heterozygous	orf1ab	QHD43415.1	1	c.999G>T	p.Thr333Thr	synonymous_variant	LOW	0.0195489	13.557	15596
2019-nCoV	1420	C	T	SNP	Heterozygous	orf1ab	QHD43415.1	1	c.1155C>T	p.Ala385Ala	synonymous_variant	LOW	0.0225	24.1756	26780
2019-nCoV	1599	G	T	SNP	Heterozygous	orf1ab	QHD43415.1	1	c.1334G>T	p.Gly445Val	missense_variant	MODERATE	0.0305	31.3964	18752
2019-nCoV	1623	T	C	SNP	Heterozygous	orf1ab	QHD43415.1	1	c.1358T>C	p.Ile453Thr	missense_variant	MODERATE	0.028014	51.4339	24692
2019-nCoV	1625	C	T	SNP	Heterozygous	orf1ab	QHD43415.1	1	c.1360C>T	p.Leu454Phe	missense_variant	MODERATE	0.033	83.339	24707
2019-nCoV	1627	C	T	SNP	Heterozygous	orf1ab	QHD43415.1	1	c.1362C>T	p.Leu454Leu	synonymous_variant	LOW	0.492746	10777.0	28624
2019-nCoV	1685	G	A	SNP	Heterozygous	orf1ab	QHD43415.1	1	c.1420G>A	p.Ala474Thr	missense_variant	MODERATE	0.0275	20.0692	7054
2019-nCoV	1855	G	C	SNP	Heterozygous	orf1ab	QHD43415.1	1	c.1590G>C	p.Leu530Leu	synonymous_variant	LOW	0.027	46.0674	3802
2019-nCoV	1909	C	T	SNP	Heterozygous	orf1ab	QHD43415.1	1	c.1644C>T	p.Phe548Phe	synonymous_variant	LOW	0.025025	34.0269	6877
2019-nCoV	1931	C	A	SNP	Heterozygous	orf1ab	QHD43415.1	1	c.1666C>A	p.Gln556Lys	missense_variant	MODERATE	0.317907	6059.06	6543
2019-nCoV	1959	C	T	SNP	Heterozygous	orf1ab	QHD43415.1	1	c.1694C>T	p.Ala565Val	missense_variant	MODERATE	0.0305	67.3027	11054
2019-nCoV	2178	G	T	SNP	Heterozygous	orf1ab	QHD43415.1	1	c.1913G>T	p.Gly638Val	missense_variant	MODERATE	0.029029	19.8575	20722
2019-nCoV	2393	G	A	SNP	Heterozygous	orf1ab	QHD43415.1	1	c.2128G>A	p.Val710Ile	missense_variant	MODERATE	0.025641	13.5213	352
2019-nCoV	2441	G	T	SNP	Heterozygous	orf1ab	QHD43415.1	1	c.2176G>T	p.Glu726*	stop_gained	HIGH	0.049049	147.077	6252
2019-nCoV	2695	C	T	SNP	Heterozygous	orf1ab	QHD43415.1	1	c.2430C>T	p.Asn810Asn	synonymous_variant	LOW	0.0575864	223.738	16178
2019-nCoV	2790	C	T	SNP	Homozygous	orf1ab	QHD43415.1	1	c.2525C>T	p.Thr842Ile	missense_variant	MODERATE	0.986762	30362.3	31573
2019-nCoV	2803	T	C	SNP	Heterozygous	orf1ab	QHD43415.1	1	c.2538T>C	p.Asp846Asp	synonymous_variant	LOW	0.0230115	26.0579	31538
2019-nCoV	2858	G	T	SNP	Heterozygous	orf1ab	QHD43415.1	1	c.2593G>T	p.Gly865Cys	missense_variant	MODERATE	0.0325488	81.3871	15275
2019-nCoV	2954	T	C	SNP	Heterozygous	orf1ab	QHD43415.1	1	c.2689T>C	p.Leu897Leu	synonymous_variant	LOW	0.1935	2917.67	38350
2019-nCoV	3037	C	T	SNP	Homozygous	orf1ab	QHD43415.1	1	c.2772C>T	p.Phe924Phe	synonymous_variant	LOW	1.0	34244.3	34038
2019-nCoV	3401	G	T	SNP	Heterozygous	orf1ab	QHD43415.1	1	c.3136G>T	p.Val1046Leu	missense_variant	MODERATE	0.0270677	46.4552	7440
2019-nCoV	3439	T	C	SNP	Heterozygous	orf1ab	QHD43415.1	1	c.3174T>C	p.Val1058Val	synonymous_variant	LOW	0.0190095	11.8881	7362
2019-nCoV	3450	A	G	SNP	Heterozygous	orf1ab	QHD43415.1	1	c.3185A>G	p.Asn1062Ser	missense_variant	MODERATE	0.022	22.1575	7273
2019-nCoV	3582	G	A	SNP	Heterozygous	orf1ab	QHD43415.1	1	c.3317G>A	p.Ser1106Asn	missense_variant	MODERATE	0.026	15.0464	10102
2019-nCoV	3604	C	T	SNP	Heterozygous	orf1ab	QHD43415.1	1	c.3339C>T	p.His1113His	synonymous_variant	LOW	0.029	24.5441	34796
2019-nCoV	3624	C	T	SNP	Heterozygous	orf1ab	QHD43415.1	1	c.3359C>T	p.Pro1120Leu	missense_variant	MODERATE	0.0195	13.4062	34994
2019-nCoV	3653	C	T	SNP	Heterozygous	orf1ab	QHD43415.1	1	c.3388C>T	p.Leu1130Phe	missense_variant	MODERATE	0.0270135	46.2581	35114
2019-nCoV	3736	C	A	SNP	Heterozygous	orf1ab	QHD43415.1	1	c.3471C>A	p.Asp1157Glu	missense_variant	MODERATE	0.042	94.113	24419
2019-nCoV	3743	C	T	SNP	Heterozygous	orf1ab	QHD43415.1	1	c.3478C>T	p.His1160Tyr	missense_variant	MODERATE	0.0275138	19.7247	24568
2019-nCoV	3796	C	T	SNP	Heterozygous	orf1ab	QHD43415.1	1	c.3531C>T	p.Val1177Val	synonymous_variant	LOW	0.0677711	431.011	24473
2019-nCoV	3927	C	T	SNP	Heterozygous	orf1ab	QHD43415.1	1	c.3662C>T	p.Ser1221Leu	missense_variant	MODERATE	0.0370556	112.101	10629
2019-nCoV	3931	T	C	SNP	Heterozygous	orf1ab	QHD43415.1	1	c.3666T>C	p.Val1222Val	synonymous_variant	LOW	0.0245245	31.8141	10623
2019-nCoV	4184	G	A	SNP	Homozygous	orf1ab	QHD43415.1	1	c.3919G>A	p.Gly1307Ser	missense_variant	MODERATE	0.990462	35453.3	15532
2019-nCoV	4240	T	C	SNP	Heterozygous	orf1ab	QHD43415.1	1	c.3975T>C	p.Tyr1325Tyr	synonymous_variant	LOW	0.023	27.6793	15173
2019-nCoV	4321	C	T	SNP	Homozygous	orf1ab	QHD43415.1	1	c.4056C>T	p.Ala1352Ala	synonymous_variant	LOW	0.998488	32401.3	37730
2019-nCoV	4456	C	T	SNP	Heterozygous	orf1ab	QHD43415.1	1	c.4191C>T	p.Ala1397Ala	synonymous_variant	LOW	0.028	52.3625	44156
2019-nCoV	4543	C	T	SNP	Heterozygous	orf1ab	QHD43415.1	1	c.4278C>T	p.Thr1426Thr	synonymous_variant	LOW	0.0395	136.016	33612
2019-nCoV	4586	C	T	SNP	Heterozygous	orf1ab	QHD43415.1	1	c.4321C>T	p.Leu1441Leu	synonymous_variant	LOW	0.038019	125.706	33816
2019-nCoV	4671	T	C	SNP	Heterozygous	orf1ab	QHD43415.1	1	c.4406T>C	p.Leu1469Pro	missense_variant	MODERATE	0.0220662	23.3355	10348
2019-nCoV	4681	A	G	SNP	Heterozygous	orf1ab	QHD43415.1	1	c.4416A>G	p.Pro1472Pro	synonymous_variant	LOW	0.0245123	29.7732	10294
2019-nCoV	4752	C	T	SNP	Heterozygous	orf1ab	QHD43415.1	1	c.4487C>T	p.Thr1496Ile	missense_variant	MODERATE	0.0455455	119.058	42334
2019-nCoV	5183	C	T	SNP	Heterozygous	orf1ab	QHD43415.1	1	c.4918C>T	p.Pro1640Ser	missense_variant	MODERATE	0.0695348	345.079	12367
2019-nCoV	5192	C	T	SNP	Heterozygous	orf1ab	QHD43415.1	1	c.4927C>T	p.Leu1643Leu	synonymous_variant	LOW	0.036382	102.492	12266
2019-nCoV	5654	C	T	SNP	Heterozygous	orf1ab	QHD43415.1	1	c.5389C>T	p.Leu1797Leu	synonymous_variant	LOW	0.037	111.754	39004
2019-nCoV	5835	C	T	SNP	Heterozygous	orf1ab	QHD43415.1	1	c.5570C>T	p.Ser1857Leu	missense_variant	MODERATE	0.026	40.7257	3756
2019-nCoV	6002	G	A	SNP	Heterozygous	orf1ab	QHD43415.1	1	c.5737G>A	p.Asp1913Asn	missense_variant	MODERATE	0.0195098	13.4465	9919
2019-nCoV	6254	GC	T	MIXED	Heterozygous	orf1ab	QHD43415.1	1	c.5989_5990delGCinsT	p.Ala1997fs	frameshift_variant&missense_variant	HIGH	0.0236062	27.9273	12156
2019-nCoV	6629	C	T	SNP	Heterozygous	orf1ab	QHD43415.1	1	c.6364C>T	p.Leu2122Phe	missense_variant	MODERATE	0.027	18.1516	4789
2019-nCoV	6770	A	G	SNP	Heterozygous	orf1ab	QHD43415.1	1	c.6505A>G	p.Met2169Val	missense_variant	MODERATE	0.0450225	188.797	20243
2019-nCoV	6772	G	T	SNP	Heterozygous	orf1ab	QHD43415.1	1	c.6507G>T	p.Met2169Ile	missense_variant	MODERATE	0.0185278	10.5784	20211
2019-nCoV	6786	C	T	SNP	Heterozygous	orf1ab	QHD43415.1	1	c.6521C>T	p.Thr2174Ile	missense_variant	MODERATE	0.0405405	143.739	19628
2019-nCoV	6979	T	G	SNP	Heterozygous	orf1ab	QHD43415.1	1	c.6714T>G	p.Val2238Val	synonymous_variant	LOW	0.0365183	111.747	5893
2019-nCoV	7006	C	T	SNP	Heterozygous	orf1ab	QHD43415.1	1	c.6741C>T	p.Thr2247Thr	synonymous_variant	LOW	0.038019	124.405	5610
2019-nCoV	7162	C	T	SNP	Heterozygous	orf1ab	QHD43415.1	1	c.6897C>T	p.Asp2299Asp	synonymous_variant	LOW	0.0255128	38.102	10997
2019-nCoV	7192	T	C	SNP	Heterozygous	orf1ab	QHD43415.1	1	c.6927T>C	p.Ile2309Ile	synonymous_variant	LOW	0.0275138	49.0074	11237
2019-nCoV	7259	A	G	SNP	Heterozygous	orf1ab	QHD43415.1	1	c.6994A>G	p.Ile2332Val	missense_variant	MODERATE	0.0435	172.972	11833
2019-nCoV	7424	T	C	SNP	Heterozygous	orf1ab	QHD43415.1	1	c.7159T>C	p.Phe2387Leu	missense_variant	MODERATE	0.0305153	31.0138	8444
2019-nCoV	7528	C	T	SNP	Heterozygous	orf1ab	QHD43415.1	1	c.7263C>T	p.Val2421Val	synonymous_variant	LOW	0.154577	2026.79	13288
2019-nCoV	7647	G	T	SNP	Heterozygous	orf1ab	QHD43415.1	1	c.7382G>T	p.Gly2461Val	missense_variant	MODERATE	0.0405	84.68	16877
2019-nCoV	7675	G	T	SNP	Heterozygous	orf1ab	QHD43415.1	1	c.7410G>T	p.Ala2470Ala	synonymous_variant	LOW	0.036018	107.279	16823
2019-nCoV	7735	C	T	SNP	Heterozygous	orf1ab	QHD43415.1	1	c.7470C>T	p.Ile2490Ile	synonymous_variant	LOW	0.0295148	60.6276	26232
2019-nCoV	7759	T	C	SNP	Heterozygous	orf1ab	QHD43415.1	1	c.7494T>C	p.Asn2498Asn	synonymous_variant	LOW	0.032032	75.9412	9364
2019-nCoV	7905	C	T	SNP	Heterozygous	orf1ab	QHD43415.1	1	c.7640C>T	p.Ser2547Leu	missense_variant	MODERATE	0.0210105	18.2217	21629
2019-nCoV	7926	C	T	SNP	Heterozygous	orf1ab	QHD43415.1	1	c.7661C>T	p.Ala2554Val	missense_variant	MODERATE	0.0350175	99.2452	15323
2019-nCoV	8011	T	C	SNP	Heterozygous	orf1ab	QHD43415.1	1	c.7746T>C	p.Asp2582Asp	synonymous_variant	LOW	0.0255128	37.3246	27615
2019-nCoV	8031	A	G	SNP	Heterozygous	orf1ab	QHD43415.1	1	c.7766A>G	p.Lys2589Arg	missense_variant	MODERATE	0.057	320.735	12495
2019-nCoV	8189	G	A	SNP	Heterozygous	orf1ab	QHD43415.1	1	c.7924G>A	p.Val2642Ile	missense_variant	MODERATE	0.045045	117.201	14095
2019-nCoV	8251	C	T	SNP	Heterozygous	orf1ab	QHD43415.1	1	c.7986C>T	p.Asp2662Asp	synonymous_variant	LOW	0.0225	24.0629	17964
2019-nCoV	8406	A	T	SNP	Heterozygous	orf1ab	QHD43415.1	1	c.8141A>T	p.Asn2714Ile	missense_variant	MODERATE	0.0255511	38.2936	23871
2019-nCoV	8645	C	T	SNP	Heterozygous	orf1ab	QHD43415.1	1	c.8380C>T	p.His2794Tyr	missense_variant	MODERATE	0.0295443	27.9735	15522
2019-nCoV	8780	A	G	SNP	Heterozygous	orf1ab	QHD43415.1	1	c.8515A>G	p.Ser2839Gly	missense_variant	MODERATE	0.0221607	12.9649	721
2019-nCoV	8873	C	T	SNP	Heterozygous	orf1ab	QHD43415.1	1	c.8608C>T	p.Pro2870Ser	missense_variant	MODERATE	0.041	147.434	6561
2019-nCoV	8911	G	T	SNP	Heterozygous	orf1ab	QHD43415.1	1	c.8646G>T	p.Leu2882Phe	missense_variant	MODERATE	0.0227503	25.0589	6427
2019-nCoV	9161	A	G	SNP	Heterozygous	orf1ab	QHD43415.1	1	c.8896A>G	p.Asn2966Asp	missense_variant	MODERATE	0.0215	20.1134	12933
2019-nCoV	9310	A	G	SNP	Heterozygous	orf1ab	QHD43415.1	1	c.9045A>G	p.Pro3015Pro	synonymous_variant	LOW	0.0335168	86.8314	10568
2019-nCoV	9344	C	T	SNP	Homozygous	orf1ab	QHD43415.1	1	c.9079C>T	p.Leu3027Phe	missense_variant	MODERATE	1.0	32161.5	9248
2019-nCoV	9424	A	G	SNP	Homozygous	orf1ab	QHD43415.1	1	c.9159A>G	p.Val3053Val	synonymous_variant	LOW	1.0	36343.7	7794
2019-nCoV	9532	CAC	TAT	MNP	Heterozygous	orf1ab	QHD43415.1	1	c.9267_9269delCACinsTAT	p.Thr3090Ile	missense_variant	MODERATE	0.047384	18146.7	1015
2019-nCoV	9534	C	T	SNP	Heterozygous	orf1ab	QHD43415.1	1	c.9269C>T	p.Thr3090Ile	missense_variant	MODERATE	0.950642	18146.7	1015
2019-nCoV	9580	T	C	SNP	Heterozygous	orf1ab	QHD43415.1	1	c.9315T>C	p.Tyr3105Tyr	synonymous_variant	LOW	0.0230115	26.0244	4101
2019-nCoV	9722	T	C	SNP	Heterozygous	orf1ab	QHD43415.1	1	c.9457T>C	p.Phe3153Leu	missense_variant	MODERATE	0.031	70.7496	6465
2019-nCoV	9783	G	T	SNP	Heterozygous	orf1ab	QHD43415.1	1	c.9518G>T	p.Ser3173Ile	missense_variant	MODERATE	0.0215	20.0409	2794
2019-nCoV	9805	G	T	SNP	Heterozygous	orf1ab	QHD43415.1	1	c.9540G>T	p.Leu3180Leu	synonymous_variant	LOW	0.0225113	24.285	2823
2019-nCoV	9866	C	T	SNP	Heterozygous	orf1ab	QHD43415.1	1	c.9601C>T	p.Leu3201Phe	missense_variant	MODERATE	0.0255511	39.2687	13428
2019-nCoV	9914	T	C	SNP	Heterozygous	orf1ab	QHD43415.1	1	c.9649T>C	p.Phe3217Leu	missense_variant	MODERATE	0.033	84.7282	10842
2019-nCoV	10029	C	T	SNP	Homozygous	orf1ab	QHD43415.1	1	c.9764C>T	p.Thr3255Ile	missense_variant	MODERATE	0.992492	35725.9	16285
2019-nCoV	10101	G	T	SNP	Heterozygous	orf1ab	QHD43415.1	1	c.9836G>T	p.Cys3279Phe	missense_variant	MODERATE	0.027027	42.9016	5271
2019-nCoV	10142	C	A	SNP	Heterozygous	orf1ab	QHD43415.1	1	c.9877C>A	p.Leu3293Ile	missense_variant	MODERATE	0.0259674	15.298	14541
2019-nCoV	10153	T	C	SNP	Heterozygous	orf1ab	QHD43415.1	1	c.9888T>C	p.Asp3296Asp	synonymous_variant	LOW	0.0275138	46.6371	9665
2019-nCoV	10177	T	C	SNP	Heterozygous	orf1ab	QHD43415.1	1	c.9912T>C	p.His3304His	synonymous_variant	LOW	0.056028	308.832	9662
2019-nCoV	10193	G	T	SNP	Heterozygous	orf1ab	QHD43415.1	1	c.9928G>T	p.Glu3310*	stop_gained	HIGH	0.0305	66.7674	9787
2019-nCoV	10198	C	T	SNP	Homozygous	orf1ab	QHD43415.1	1	c.9933C>T	p.Asp3311Asp	synonymous_variant	LOW	0.998499	33798.4	13475
2019-nCoV	10447	GCC	A	MIXED	Heterozygous	orf1ab	QHD43415.1	1	c.10182_10184delGCCinsA	p.Pro3395fs	frameshift_variant&synonymous_variant	HIGH	0.0264093	35475.7	4643
2019-nCoV	10447	GCC	ACA	MNP	Heterozygous	orf1ab	QHD43415.1	1	c.10182_10184delGCCinsACA	p.Pro3395His	missense_variant	MODERATE	0.973591	35475.7	4643
2019-nCoV	10483	T	C	SNP	Heterozygous	orf1ab	QHD43415.1	1	c.10218T>C	p.Gly3406Gly	synonymous_variant	LOW	0.03003	63.0872	4454
2019-nCoV	10575	G	T	SNP	Heterozygous	orf1ab	QHD43415.1	1	c.10310G>T	p.Gly3437Val	missense_variant	MODERATE	0.026026	15.4746	3620
2019-nCoV	11287	GTCTGGTTTT	G	DEL	Homozygous	orf1ab	QHD43415.1	1	c.11023_11031delTCTGGTTTT	p.Ser3675_Phe3677del	conservative_inframe_deletion	MODERATE	1.0	35317.9	38715
2019-nCoV	11355	C	T	SNP	Heterozygous	orf1ab	QHD43415.1	1	c.11090C>T	p.Ala3697Val	missense_variant	MODERATE	0.0285143	23.6932	41017
2019-nCoV	11750	C	T	SNP	Heterozygous	orf1ab	QHD43415.1	1	c.11485C>T	p.Leu3829Phe	missense_variant	MODERATE	0.217217	3473.54	26793
2019-nCoV	11781	A	G	SNP	Heterozygous	orf1ab	QHD43415.1	1	c.11516A>G	p.Lys3839Arg	missense_variant	MODERATE	0.0435218	174.531	60139
2019-nCoV	12057	G	A	SNP	Heterozygous	orf1ab	QHD43415.1	1	c.11792G>A	p.Cys3931Tyr	missense_variant	MODERATE	0.0240361	30.4081	6763
2019-nCoV	12160	G	A	SNP	Heterozygous	orf1ab	QHD43415.1	1	c.11895G>A	p.Glu3965Glu	synonymous_variant	LOW	0.948448	32668.0	6700
2019-nCoV	12284	C	T	SNP	Heterozygous	orf1ab	QHD43415.1	1	c.12019C>T	p.Gln4007*	stop_gained	HIGH	0.0335	88.3935	12161
2019-nCoV	12310	G	A	SNP	Heterozygous	orf1ab	QHD43415.1	1	c.12045G>A	p.Gln4015Gln	synonymous_variant	LOW	0.286717	4411.95	18209
2019-nCoV	12444	A	G	SNP	Heterozygous	orf1ab	QHD43415.1	1	c.12179A>G	p.Asn4060Ser	missense_variant	MODERATE	0.0405	143.526	17662
2019-nCoV	12474	T	A	SNP	Heterozygous	orf1ab	QHD43415.1	1	c.12209T>A	p.Leu4070Gln	missense_variant	MODERATE	0.0245245	29.4849	5580
2019-nCoV	12479	G	T	SNP	Heterozygous	orf1ab	QHD43415.1	1	c.12214G>T	p.Val4072Phe	missense_variant	MODERATE	0.0275413	18.0536	5580
2019-nCoV	12565	G	T	SNP	Heterozygous	orf1ab	QHD43415.1	1	c.12300G>T	p.Gln4100His	missense_variant	MODERATE	0.0315	74.1808	46465
2019-nCoV	12794	G	T	SNP	Heterozygous	orf1ab	QHD43415.1	1	c.12529G>T	p.Gly4177*	stop_gained	HIGH	0.024	30.8008	15005
2019-nCoV	12880	C	T	SNP	Homozygous	orf1ab	QHD43415.1	1	c.12615C>T	p.Ile4205Ile	synonymous_variant	LOW	0.9995	35997.3	23477
2019-nCoV	13094	G	T	SNP	Heterozygous	orf1ab	QHD43415.1	1	c.12829G>T	p.Ala4277Ser	missense_variant	MODERATE	0.0215215	19.1164	17656
2019-nCoV	13334	G	T	SNP	Heterozygous	orf1ab	QHD43415.1	1	c.13069G>T	p.Ala4357Ser	missense_variant	MODERATE	0.03003	64.2373	23702
2019-nCoV	13936	G	T	SNP	Heterozygous	orf1ab	QHD43415.1	2	c.13672G>T	p.Val4558Leu	missense_variant	MODERATE	0.0326141	77.3628	13948
2019-nCoV	13994	C	T	SNP	Heterozygous	orf1ab	QHD43415.1	2	c.13730C>T	p.Ala4577Val	missense_variant	MODERATE	0.0240722	31.1126	11929
2019-nCoV	14120	C	T	SNP	Heterozygous	orf1ab	QHD43415.1	2	c.13856C>T	p.Pro4619Leu	missense_variant	MODERATE	0.0285	54.6592	16014
2019-nCoV	14265	C	T	SNP	Heterozygous	orf1ab	QHD43415.1	2	c.14001C>T	p.Phe4667Phe	synonymous_variant	LOW	0.0940941	840.515	16064
2019-nCoV	14284	C	T	SNP	Heterozygous	orf1ab	QHD43415.1	2	c.14020C>T	p.Leu4674Phe	missense_variant	MODERATE	0.0300601	64.1772	15801
2019-nCoV	14408	C	T	SNP	Homozygous	orf1ab	QHD43415.1	2	c.14144C>T	p.Pro4715Leu	missense_variant	MODERATE	0.998998	33653.8	2621
2019-nCoV	14491	C	T	SNP	Heterozygous	orf1ab	QHD43415.1	2	c.14227C>T	p.Leu4743Leu	synonymous_variant	LOW	0.0225	24.176	31576
2019-nCoV	14557	G	T	SNP	Heterozygous	orf1ab	QHD43415.1	2	c.14293G>T	p.Val4765Leu	missense_variant	MODERATE	0.0205103	16.3808	7711
2019-nCoV	14599	C	T	SNP	Heterozygous	orf1ab	QHD43415.1	2	c.14335C>T	p.Leu4779Leu	synonymous_variant	LOW	0.058	333.192	7927
2019-nCoV	14860	G	T	SNP	Heterozygous	orf1ab	QHD43415.1	2	c.14596G>T	p.Glu4866*	stop_gained	HIGH	0.0265	43.4141	21962
2019-nCoV	15451	G	A	SNP	Heterozygous	orf1ab	QHD43415.1	2	c.15187G>A	p.Gly5063Ser	missense_variant	MODERATE	0.0765	1394.81	65137
2019-nCoV	15550	G	T	SNP	Heterozygous	orf1ab	QHD43415.1	2	c.15286G>T	p.Val5096Phe	missense_variant	MODERATE	0.0215215	21.2859	26510
2019-nCoV	15714	C	T	SNP	Homozygous	orf1ab	QHD43415.1	2	c.15450C>T	p.Leu5150Leu	synonymous_variant	LOW	1.0	36227.3	49887
2019-nCoV	15951	C	T	SNP	Heterozygous	orf1ab	QHD43415.1	2	c.15687C>T	p.Ile5229Ile	synonymous_variant	LOW	0.0485	142.781	27983
2019-nCoV	16549	G	T	SNP	Heterozygous	orf1ab	QHD43415.1	2	c.16285G>T	p.Asp5429Tyr	missense_variant	MODERATE	0.0290436	57.3378	46532
2019-nCoV	16616	C	A	SNP	Heterozygous	orf1ab	QHD43415.1	2	c.16352C>A	p.Thr5451Asn	missense_variant	MODERATE	0.217326	3491.24	21200
2019-nCoV	16726	C	T	SNP	Heterozygous	orf1ab	QHD43415.1	2	c.16462C>T	p.His5488Tyr	missense_variant	MODERATE	0.0445223	183.28	38514
2019-nCoV	16818	A	G	SNP	Heterozygous	orf1ab	QHD43415.1	2	c.16554A>G	p.Gln5518Gln	synonymous_variant	LOW	0.0515258	253.694	26963
2019-nCoV	16935	G	A	SNP	Heterozygous	orf1ab	QHD43415.1	2	c.16671G>A	p.Met5557Ile	missense_variant	MODERATE	0.189	2800.84	64034
2019-nCoV	17039	A	G	SNP	Heterozygous	orf1ab	QHD43415.1	2	c.16775A>G	p.Asn5592Ser	missense_variant	MODERATE	0.0930465	627.294	57910
2019-nCoV	17285	C	T	SNP	Heterozygous	orf1ab	QHD43415.1	2	c.17021C>T	p.Ser5674Leu	missense_variant	MODERATE	0.0270406	41.8996	100486
2019-nCoV	17304	C	T	SNP	Heterozygous	orf1ab	QHD43415.1	2	c.17040C>T	p.Val5680Val	synonymous_variant	LOW	0.0675403	426.323	98016
2019-nCoV	17410	C	T	SNP	Homozygous	orf1ab	QHD43415.1	2	c.17146C>T	p.Arg5716Cys	missense_variant	MODERATE	0.990982	35632.1	41223
2019-nCoV	17562	G	A	SNP	Heterozygous	orf1ab	QHD43415.1	2	c.17298G>A	p.Arg5766Arg	synonymous_variant	LOW	0.0510511	250.577	33158
2019-nCoV	17726	G	T	SNP	Heterozygous	orf1ab	QHD43415.1	2	c.17462G>T	p.Arg5821Ile	missense_variant	MODERATE	0.0270135	46.1178	5831
2019-nCoV	18163	A	G	SNP	Homozygous	orf1ab	QHD43415.1	2	c.17899A>G	p.Ile5967Val	missense_variant	MODERATE	1.0	33734.7	13807
2019-nCoV	18288	A	G	SNP	Heterozygous	orf1ab	QHD43415.1	2	c.18024A>G	p.Val6008Val	synonymous_variant	LOW	0.0250125	35.5702	11718
2019-nCoV	18348	C	T	SNP	Heterozygous	orf1ab	QHD43415.1	2	c.18084C>T	p.Thr6028Thr	synonymous_variant	LOW	0.04004	141.623	17900
2019-nCoV	18517	A	G	SNP	Heterozygous	orf1ab	QHD43415.1	2	c.18253A>G	p.Asn6085Asp	missense_variant	MODERATE	0.026	15.4221	7580
2019-nCoV	18530	T	C	SNP	Heterozygous	orf1ab	QHD43415.1	2	c.18266T>C	p.Ile6089Thr	missense_variant	MODERATE	0.026013	15.3713	10379
2019-nCoV	18717	T	C	SNP	Heterozygous	orf1ab	QHD43415.1	2	c.18453T>C	p.Cys6151Cys	synonymous_variant	LOW	0.026	15.4846	2789
2019-nCoV	19524	C	T	SNP	Heterozygous	orf1ab	QHD43415.1	2	c.19260C>T	p.Leu6420Leu	synonymous_variant	LOW	0.036036	57.1836	23234
2019-nCoV	19529	C	T	SNP	Heterozygous	orf1ab	QHD43415.1	2	c.19265C>T	p.Ala6422Val	missense_variant	MODERATE	0.0215215	20.9563	15091
2019-nCoV	19955	C	T	SNP	Homozygous	orf1ab	QHD43415.1	2	c.19691C>T	p.Thr6564Ile	missense_variant	MODERATE	0.994492	33299.5	33920
2019-nCoV	20055	A	G	SNP	Homozygous	orf1ab	QHD43415.1	2	c.19791A>G	p.Glu6597Glu	synonymous_variant	LOW	0.971986	18290.6	22389
2019-nCoV	20719	C	T	SNP	Heterozygous	orf1ab	QHD43415.1	2	c.20455C>T	p.Leu6819Leu	synonymous_variant	LOW	0.0265	43.3585	12277
2019-nCoV	20896	C	T	SNP	Heterozygous	orf1ab	QHD43415.1	2	c.20632C>T	p.Pro6878Ser	missense_variant	MODERATE	0.0340852	92.7163	9126
2019-nCoV	21306	C	T	SNP	Heterozygous	orf1ab	QHD43415.1	2	c.21042C>T	p.Arg7014Arg	synonymous_variant	LOW	0.024	30.7399	54067
2019-nCoV	21483	T	C	SNP	Heterozygous	orf1ab	QHD43415.1	2	c.21219T>C	p.Leu7073Leu	synonymous_variant	LOW	0.043	168.812	12146
2019-nCoV	21618	C	T	SNP	Homozygous	S	QHD43416.1	1	c.56C>T	p.Thr19Ile	missense_variant	MODERATE	0.998999	33749.2	16294
2019-nCoV	21632	TTACCCCCTG	T	DEL	Homozygous	S	QHD43416.1	1	c.71_79delTACCCCCTG	p.Leu24_Ala27delinsSer	disruptive_inframe_deletion	MODERATE	1.0	36146.4	15703
2019-nCoV	21764	ATACATG	A	DEL	Heterozygous	S	QHD43416.1	1	c.204_209delACATGT	p.His69_Val70del	disruptive_inframe_deletion	MODERATE	0.983367	34770.4	23163
2019-nCoV	21845	A	C	SNP	Heterozygous	S	QHD43416.1	1	c.283A>C	p.Thr95Pro	missense_variant	MODERATE	0.0200803	17.0972	17087
2019-nCoV	21987	G	A	SNP	Homozygous	S	QHD43416.1	1	c.425G>A	p.Gly142Asp	missense_variant	MODERATE	0.992	33234.3	29078
2019-nCoV	22003	A	T	SNP	Heterozygous	S	QHD43416.1	1	c.441A>T	p.Lys147Asn	missense_variant	MODERATE	0.0235	28.4792	29249
2019-nCoV	22200	T	G	SNP	Homozygous	S	QHD43416.1	1	c.638T>G	p.Val213Gly	missense_variant	MODERATE	0.992366	35006.5	9117
2019-nCoV	22578	G	A	SNP	Homozygous	S	QHD43416.1	1	c.1016G>A	p.Gly339Asp	missense_variant	MODERATE	0.997998	36214.6	10838
2019-nCoV	22599	G	C	SNP	Heterozygous	S	QHD43416.1	1	c.1037G>C	p.Arg346Thr	missense_variant	MODERATE	0.2335	3918.07	4548
2019-nCoV	22638	G	A	SNP	Heterozygous	S	QHD43416.1	1	c.1076G>A	p.Ser359Asn	missense_variant	MODERATE	0.0255	37.8691	5091
2019-nCoV	22674	C	T	SNP	Homozygous	S	QHD43416.1	1	c.1112C>T	p.Ser371Phe	missense_variant	MODERATE	0.997	33451.2	4922
2019-nCoV	22679	T	C	SNP	Homozygous	S	QHD43416.1	1	c.1117T>C	p.Ser373Pro	missense_variant	MODERATE	0.994497	33166.8	4796
2019-nCoV	22686	CCA	TCG	MNP	Homozygous	S	QHD43416.1	1	c.1124_1126delCCAinsTCG	p.SerThr375PheAla	missense_variant	MODERATE	0.995516	7114.96	543
2019-nCoV	22775	G	A	SNP	Homozygous	S	QHD43416.1	1	c.1213G>A	p.Asp405Asn	missense_variant	MODERATE	1.0	7695.91	462
2019-nCoV	22786	A	C	SNP	Homozygous	S	QHD43416.1	1	c.1224A>C	p.Arg408Ser	missense_variant	MODERATE	0.991111	7921.52	450
2019-nCoV	22813	G	C	SNP	Heterozygous	S	QHD43416.1	1	c.1251G>C	p.Lys417Asn	missense_variant	MODERATE	0.0225338	33851.1	27437
2019-nCoV	22813	G	T	SNP	Heterozygous	S	QHD43416.1	1	c.1251G>T	p.Lys417Asn	missense_variant	MODERATE	0.957937	33851.1	27437
2019-nCoV	22851	C	T	SNP	Heterozygous	S	QHD43416.1	1	c.1289C>T	p.Thr430Ile	missense_variant	MODERATE	0.0195	13.346	28152
2019-nCoV	22882	T	G	SNP	Homozygous	S	QHD43416.1	1	c.1320T>G	p.Asn440Lys	missense_variant	MODERATE	0.999499	33728.6	35529
2019-nCoV	22893	A	C	SNP	Heterozygous	S	QHD43416.1	1	c.1331A>C	p.Lys444Thr	missense_variant	MODERATE	0.173695	2441.23	35656
2019-nCoV	22910	A	G	SNP	Heterozygous	S	QHD43416.1	1	c.1348A>G	p.Asn450Asp	missense_variant	MODERATE	0.069	473.429	35015
2019-nCoV	22917	T	G	SNP	Heterozygous	S	QHD43416.1	1	c.1355T>G	p.Leu452Arg	missense_variant	MODERATE	0.979209	34296.6	34734
2019-nCoV	22942	T	A	SNP	Heterozygous	S	QHD43416.1	1	c.1380T>A	p.Asn460Lys	missense_variant	MODERATE	0.173244	2371.63	33793
2019-nCoV	22992	GCAC	ACAA	MNP	Homozygous	S	QHD43416.1	1	c.1430_1433delGCACinsACAA	p.SerThr477AsnLys	missense_variant	MODERATE	0.999498	36130.5	6650
2019-nCoV	23013	A	C	SNP	Homozygous	S	QHD43416.1	1	c.1451A>C	p.Glu484Ala	missense_variant	MODERATE	0.998488	35984.2	20003
2019-nCoV	23018	T	G	SNP	Homozygous	S	QHD43416.1	1	c.1456T>G	p.Phe486Val	missense_variant	MODERATE	0.996998	36034.8	20135
2019-nCoV	23055	A	G	SNP	Homozygous	S	QHD43416.1	1	c.1493A>G	p.Gln498Arg	missense_variant	MODERATE	0.995968	35629.4	13980
2019-nCoV	23063	A	T	SNP	Homozygous	S	QHD43416.1	1	c.1501A>T	p.Asn501Tyr	missense_variant	MODERATE	0.989484	32649.6	14279
2019-nCoV	23075	T	C	SNP	Homozygous	S	QHD43416.1	1	c.1513T>C	p.Tyr505His	missense_variant	MODERATE	0.997496	36104.1	14604
2019-nCoV	23403	A	G	SNP	Homozygous	S	QHD43416.1	1	c.1841A>G	p.Asp614Gly	missense_variant	MODERATE	1.0	33327.0	44304
2019-nCoV	23525	C	T	SNP	Homozygous	S	QHD43416.1	1	c.1963C>T	p.His655Tyr	missense_variant	MODERATE	0.998498	33750.2	79756
2019-nCoV	23599	T	G	SNP	Homozygous	S	QHD43416.1	1	c.2037T>G	p.Asn679Lys	missense_variant	MODERATE	0.996496	33499.4	130891
2019-nCoV	23604	C	A	SNP	Homozygous	S	QHD43416.1	1	c.2042C>A	p.Pro681His	missense_variant	MODERATE	0.998498	36266.9	131009
2019-nCoV	23854	C	A	SNP	Homozygous	S	QHD43416.1	1	c.2292C>A	p.Asn764Lys	missense_variant	MODERATE	0.997991	32935.4	27988
2019-nCoV	23948	GATTTTG	TATTT	MIXED	Heterozygous	S	QHD43416.1	1	c.2386_2392delGATTTTGinsTATTT	p.Asp796fs	frameshift_variant&missense_variant	HIGH	0.0608696	30737.6	16743
2019-nCoV	23948	G	T	SNP	Heterozygous	S	QHD43416.1	1	c.2386G>T	p.Asp796Tyr	missense_variant	MODERATE	0.93913	30737.6	16743
2019-nCoV	24424	AAA	TAAT	MIXED	Homozygous	S	QHD43416.1	1	c.2862_2864delAAAinsTAAT	p.Gln954fs	frameshift_variant&missense_variant	HIGH	0.99849	19704.5	31805
2019-nCoV	24469	T	A	SNP	Homozygous	S	QHD43416.1	1	c.2907T>A	p.Asn969Lys	missense_variant	MODERATE	0.995489	32131.5	47564
2019-nCoV	25000	C	T	SNP	Homozygous	S	QHD43416.1	1	c.3438C>T	p.Asp1146Asp	synonymous_variant	LOW	0.9995	36236.1	41974
2019-nCoV	25416	C	T	SNP	Heterozygous	ORF3a	QHD43417.1	1	c.24C>T	p.Phe8Phe	synonymous_variant	LOW	0.0505	236.974	46627
2019-nCoV	25481	G	A	SNP	Heterozygous	ORF3a	QHD43417.1	1	c.89G>A	p.Arg30His	missense_variant	MODERATE	0.0255	38.0242	40572
2019-nCoV	25584	C	T	SNP	Homozygous	ORF3a	QHD43417.1	1	c.192C>T	p.Thr64Thr	synonymous_variant	LOW	0.994977	35769.4	123361
2019-nCoV	25626	C	T	SNP	Heterozygous	ORF3a	QHD43417.1	1	c.234C>T	p.His78His	synonymous_variant	LOW	0.023023	26.5299	49189
2019-nCoV	25714	C	T	SNP	Heterozygous	ORF3a	QHD43417.1	1	c.322C>T	p.Leu108Phe	missense_variant	MODERATE	0.0686029	462.917	71503
2019-nCoV	26058	CAC	TAT	MNP	Heterozygous	ORF3a	QHD43417.1	1	c.666_668delCACinsTAT	p.Thr223Ile	missense_variant	MODERATE	0.0240602	33738.0	41596
2019-nCoV	26060	C	T	SNP	Heterozygous	ORF3a	QHD43417.1	1	c.668C>T	p.Thr223Ile	missense_variant	MODERATE	0.975439	33738.0	41596
2019-nCoV	26196	G	A	SNP	Heterozygous	ORF3a	QHD43417.1	1	c.804G>A	p.Thr268Thr	synonymous_variant	LOW	0.0270135	18.532	121912
2019-nCoV	26270	C	T	SNP	Homozygous	E	QHD43418.1	1	c.26C>T	p.Thr9Ile	missense_variant	MODERATE	0.999499	33716.8	119095
2019-nCoV	26275	A	G	SNP	Heterozygous	E	QHD43418.1	1	c.31A>G	p.Thr11Ala	missense_variant	MODERATE	0.026	40.7577	118601
2019-nCoV	26529	G	A	SNP	Heterozygous	M	QHD43419.1	1	c.7G>A	p.Asp3Asn	missense_variant	MODERATE	0.9405	32261.1	12621
2019-nCoV	26577	C	G	SNP	Homozygous	M	QHD43419.1	1	c.55C>G	p.Gln19Glu	missense_variant	MODERATE	1.0	33828.0	5262
2019-nCoV	26709	G	A	SNP	Homozygous	M	QHD43419.1	1	c.187G>A	p.Ala63Thr	missense_variant	MODERATE	0.999498	36296.4	23285
2019-nCoV	26858	C	T	SNP	Heterozygous	M	QHD43419.1	1	c.336C>T	p.Phe112Phe	synonymous_variant	LOW	0.0715	504.148	43610
2019-nCoV	26897	T	C	SNP	Heterozygous	M	QHD43419.1	1	c.375T>C	p.His125His	synonymous_variant	LOW	0.0750375	561.674	47239
2019-nCoV	27012	C	T	SNP	Heterozygous	M	QHD43419.1	1	c.490C>T	p.Leu164Leu	synonymous_variant	LOW	0.23912	3488.21	47653
2019-nCoV	27038	A	G	SNP	Heterozygous	M	QHD43419.1	1	c.516A>G	p.Thr172Thr	synonymous_variant	LOW	0.137569	1672.89	3530
2019-nCoV	27259	A	C	SNP	Heterozygous	ORF6	QHD43420.1	1	c.58A>C	p.Arg20Arg	synonymous_variant	LOW	0.0485485	219.952	32063
2019-nCoV	27297	C	T	SNP	Heterozygous	ORF6	QHD43420.1	1	c.96C>T	p.Ile32Ile	synonymous_variant	LOW	0.032	75.2947	32546
2019-nCoV	27382	GAT	CTC	MNP	Heterozygous	ORF6	QHD43420.1	1	c.181_183delGATinsCTC	p.Asp61Leu	missense_variant	MODERATE	0.0541353	286.802	12252
2019-nCoV	27407	T	C	SNP	Heterozygous	ORF7a	QHD43421.1	1	c.14T>C	p.Leu5Pro	missense_variant	MODERATE	0.0320481	35.4948	30618
2019-nCoV	27438	T	C	SNP	Heterozygous	ORF7a	QHD43421.1	1	c.45T>C	p.Cys15Cys	synonymous_variant	LOW	0.141071	1404.35	33278
2019-nCoV	27513	C	T	SNP	Heterozygous	ORF7a	QHD43421.1	1	c.120C>T	p.Tyr40Tyr	synonymous_variant	LOW	0.209605	3303.12	34660
2019-nCoV	27807	C	T	SNP	Homozygous	ORF8	QHD43422.1	-1	c.-87C>T	.	upstream_gene_variant	MODIFIER	1.0	36449.4	39503
2019-nCoV	27889	C	T	SNP	Heterozygous	ORF8	QHD43422.1	-1	c.-5C>T	.	upstream_gene_variant	MODIFIER	0.948448	32788.0	34762
2019-nCoV	27900	T	C	SNP	Heterozygous	ORF8	QHD43422.1	1	c.7T>C	p.Phe3Leu	missense_variant	MODERATE	0.0190095	11.8529	36837
2019-nCoV	27935	T	C	SNP	Heterozygous	ORF8	QHD43422.1	1	c.42T>C	p.Ala14Ala	synonymous_variant	LOW	0.041	149.343	3030
2019-nCoV	27992	T	A	SNP	Heterozygous	ORF8	QHD43422.1	1	c.99T>A	p.Val33Val	synonymous_variant	LOW	0.029	57.8569	37616
2019-nCoV	28053	T	C	SNP	Heterozygous	ORF8	QHD43422.1	1	c.160T>C	p.Ser54Pro	missense_variant	MODERATE	0.0215	19.7536	38823
2019-nCoV	28105	T	C	SNP	Heterozygous	ORF8	QHD43422.1	1	c.212T>C	p.Ile71Thr	missense_variant	MODERATE	0.0290145	24.8743	34746
2019-nCoV	28271	A	T	SNP	Heterozygous	N	QHD43423.2	-1	c.-3A>T	.	upstream_gene_variant	MODIFIER	0.955119	29891.8	76956
2019-nCoV	28311	C	T	SNP	Heterozygous	N	QHD43423.2	1	c.38C>T	p.Pro13Leu	missense_variant	MODERATE	0.742579	19409.3	76799
2019-nCoV	28311	CC	TT	MNP	Heterozygous	N	QHD43423.2	1	c.38_39delCCinsTT	p.Pro13Leu	missense_variant	MODERATE	0.256397	19409.3	76799
2019-nCoV	28330	A	G	SNP	Heterozygous	N	QHD43423.2	1	c.57A>G	p.Gly19Gly	synonymous_variant	LOW	0.412237	9152.5	73687
2019-nCoV	28361	GGAGAACGCA	G	DEL	Heterozygous	N	QHD43423.2	1	c.90_98delAGAACGCAG	p.Glu31_Ser33del	disruptive_inframe_deletion	MODERATE	0.900609	35635.4	16326
2019-nCoV	28361	GGAGAACGCAG	TT	MIXED	Heterozygous	N	QHD43423.2	1	c.88_98delGGAGAACGCAGinsTT	p.Gly30_Ser33delinsPhe	missense_variant&disruptive_inframe_deletion	MODERATE	0.0993915	35635.4	16326
2019-nCoV	28378	G	T	SNP	Heterozygous	N	QHD43423.2	1	c.105G>T	p.Ala35Ala	synonymous_variant	LOW	0.0265265	16.8108	30048
2019-nCoV	28432	C	T	SNP	Heterozygous	N	QHD43423.2	1	c.159C>T	p.Phe53Phe	synonymous_variant	LOW	0.028	51.4468	30905
2019-nCoV	28462	C	T	SNP	Heterozygous	N	QHD43423.2	1	c.189C>T	p.Asp63Asp	synonymous_variant	LOW	0.111	1152.06	14833
2019-nCoV	28510	T	C	SNP	Heterozygous	N	QHD43423.2	1	c.237T>C	p.Ser79Ser	synonymous_variant	LOW	0.028014	51.5952	14887
2019-nCoV	28681	G	T	SNP	Heterozygous	N	QHD43423.2	1	c.408G>T	p.Glu136Asp	missense_variant	MODERATE	0.252379	4388.24	81440
2019-nCoV	28881	GGG	AAC	MNP	Homozygous	N	QHD43423.2	1	c.608_610delGGGinsAAC	p.ArgGly203LysArg	missense_variant	MODERATE	1.0	32762.2	26648
2019-nCoV	29296	C	T	SNP	Heterozygous	N	QHD43423.2	1	c.1023C>T	p.Asp341Asp	synonymous_variant	LOW	0.045045	188.841	5293
2019-nCoV	29422	G	T	SNP	Heterozygous	N	QHD43423.2	1	c.1149G>T	p.Pro383Pro	synonymous_variant	LOW	0.0370556	63.4774	18241
2019-nCoV	29510	A	C	SNP	Homozygous	N	QHD43423.2	1	c.1237A>C	p.Ser413Arg	missense_variant	MODERATE	0.999497	33465.7	13007
2019-nCoV	29527	G	T	SNP	Heterozygous	N	QHD43423.2	1	c.1254G>T	p.Gln418His	missense_variant	MODERATE	0.0275138	49.0222	12370
2019-nCoV	29657	A	T	SNP	Heterozygous	ORF10	QHI42199.1	1	c.100A>T	p.Asn34Tyr	missense_variant	MODERATE	0.034	45.7237	6557
2019-nCoV	29666	C	T	SNP	Heterozygous	ORF10	QHI42199.1	1	c.109C>T	p.Leu37Phe	missense_variant	MODERATE	0.161161	2119.35	6511
2019-nCoV	29688	G	T	SNP	Heterozygous	S	QHD43416.1	-1	c.*4304G>T	.	downstream_gene_variant	MODIFIER	0.0305458	30.8929	6455
2019-nCoV	29700	A	G	SNP	Heterozygous	S	QHD43416.1	-1	c.*4316A>G	.	downstream_gene_variant	MODIFIER	0.036036	106.659	6386
2019-nCoV	29733	CGAGGCCACGCGGAGTACGATCGAGTG	C	DEL	Homozygous	S	QHD43416.1	-1	c.*4350_*4375delGAGGCCACGCGGAGTACGATCGAGTG	.	downstream_gene_variant	MODIFIER	1.0	35919.0	4580
2019-nCoV	29758	TG	CC	MNP	Homozygous	S	QHD43416.1	-1	c.*4374_*4375delTGinsCC	.	downstream_gene_variant	MODIFIER	0.996759	17815.7	20
2019-nCoV	29772	T	C	SNP	Heterozygous	S	QHD43416.1	-1	c.*4388T>C	.	downstream_gene_variant	MODIFIER	0.0355533	104.01	4910
2019-nCoV	29774	C	T	SNP	Heterozygous	S	QHD43416.1	-1	c.*4390C>T	.	downstream_gene_variant	MODIFIER	0.0586466	328.089	4892
