CHROM	POS	REF	ALT	VARTYPE	GEN[*].GT	ANN[*].GENE	ANN[*].FEATUREID	EFF[*].RANK	ANN[*].HGVS_C	ANN[*].HGVS_P	ANN[*].EFFECT	EFF[*].IMPACT	AF	QUAL	DP
2019-nCoV	44	C	T	SNP	Homozygous	orf1ab	QHD43415.1	-1	c.-222C>T	.	upstream_gene_variant	MODIFIER	0.988989	32354.1	68708
2019-nCoV	140	C	T	SNP	Heterozygous	orf1ab	QHD43415.1	-1	c.-126C>T	.	upstream_gene_variant	MODIFIER	0.0565	314.227	73303
2019-nCoV	222	C	T	SNP	Heterozygous	orf1ab	QHD43415.1	-1	c.-44C>T	.	upstream_gene_variant	MODIFIER	0.0578728	218.46	65765
2019-nCoV	241	C	T	SNP	Homozygous	orf1ab	QHD43415.1	-1	c.-25C>T	.	upstream_gene_variant	MODIFIER	0.9995	33139.7	4739
2019-nCoV	529	G	A	SNP	Heterozygous	orf1ab	QHD43415.1	1	c.264G>A	p.Leu88Leu	synonymous_variant	LOW	0.10005	960.047	75166
2019-nCoV	670	T	G	SNP	Homozygous	orf1ab	QHD43415.1	1	c.405T>G	p.Ser135Arg	missense_variant	MODERATE	0.9955	33528.9	55464
2019-nCoV	1627	C	T	SNP	Heterozygous	orf1ab	QHD43415.1	1	c.1362C>T	p.Leu454Leu	synonymous_variant	LOW	0.601903	14589.1	39418
2019-nCoV	1721	G	A	SNP	Heterozygous	orf1ab	QHD43415.1	1	c.1456G>A	p.Ala486Thr	missense_variant	MODERATE	0.028	49.9071	6209
2019-nCoV	1931	C	A	SNP	Heterozygous	orf1ab	QHD43415.1	1	c.1666C>A	p.Gln556Lys	missense_variant	MODERATE	0.199499	2965.3	10444
2019-nCoV	2692	A	T	SNP	Heterozygous	orf1ab	QHD43415.1	1	c.2427A>T	p.Thr809Thr	synonymous_variant	LOW	0.0935936	851.503	20627
2019-nCoV	2790	C	T	SNP	Homozygous	orf1ab	QHD43415.1	1	c.2525C>T	p.Thr842Ile	missense_variant	MODERATE	0.998993	30214.3	42182
2019-nCoV	2902	C	T	SNP	Heterozygous	orf1ab	QHD43415.1	1	c.2637C>T	p.Val879Val	synonymous_variant	LOW	0.0455228	191.781	57933
2019-nCoV	2954	T	C	SNP	Heterozygous	orf1ab	QHD43415.1	1	c.2689T>C	p.Leu897Leu	synonymous_variant	LOW	0.205734	3191.54	37232
2019-nCoV	3037	C	T	SNP	Homozygous	orf1ab	QHD43415.1	1	c.2772C>T	p.Phe924Phe	synonymous_variant	LOW	0.998999	34033.9	37285
2019-nCoV	3318	C	T	SNP	Heterozygous	orf1ab	QHD43415.1	1	c.3053C>T	p.Pro1018Leu	missense_variant	MODERATE	0.024	30.66	3534
2019-nCoV	3518	G	A	SNP	Heterozygous	orf1ab	QHD43415.1	1	c.3253G>A	p.Val1085Ile	missense_variant	MODERATE	0.0705353	358.594	19335
2019-nCoV	3541	T	C	SNP	Heterozygous	orf1ab	QHD43415.1	1	c.3276T>C	p.Ala1092Ala	synonymous_variant	LOW	0.0695297	486.991	18810
2019-nCoV	3630	T	C	SNP	Heterozygous	orf1ab	QHD43415.1	1	c.3365T>C	p.Val1122Ala	missense_variant	MODERATE	0.0205205	16.703	28562
2019-nCoV	3796	C	T	SNP	Heterozygous	orf1ab	QHD43415.1	1	c.3531C>T	p.Val1177Val	synonymous_variant	LOW	0.03003	59.2744	20075
2019-nCoV	3859	A	G	SNP	Heterozygous	orf1ab	QHD43415.1	1	c.3594A>G	p.Gln1198Gln	synonymous_variant	LOW	0.03	29.3974	4961
2019-nCoV	3927	C	T	SNP	Heterozygous	orf1ab	QHD43415.1	1	c.3662C>T	p.Ser1221Leu	missense_variant	MODERATE	0.0270135	45.2685	13707
2019-nCoV	4184	G	A	SNP	Homozygous	orf1ab	QHD43415.1	1	c.3919G>A	p.Gly1307Ser	missense_variant	MODERATE	0.996994	33510.3	19465
2019-nCoV	4321	C	T	SNP	Homozygous	orf1ab	QHD43415.1	1	c.4056C>T	p.Ala1352Ala	synonymous_variant	LOW	0.998991	32579.6	43870
2019-nCoV	4327	C	T	SNP	Heterozygous	orf1ab	QHD43415.1	1	c.4062C>T	p.Tyr1354Tyr	synonymous_variant	LOW	0.113283	953.335	45592
2019-nCoV	4586	C	T	SNP	Heterozygous	orf1ab	QHD43415.1	1	c.4321C>T	p.Leu1441Leu	synonymous_variant	LOW	0.025	35.5268	48632
2019-nCoV	5221	C	T	SNP	Heterozygous	orf1ab	QHD43415.1	1	c.4956C>T	p.His1652His	synonymous_variant	LOW	0.04002	138.697	17705
2019-nCoV	5560	A	G	SNP	Heterozygous	orf1ab	QHD43415.1	1	c.5295A>G	p.Val1765Val	synonymous_variant	LOW	0.043	169.004	7961
2019-nCoV	5815	T	C	SNP	Heterozygous	orf1ab	QHD43415.1	1	c.5550T>C	p.Gly1850Gly	synonymous_variant	LOW	0.0475475	213.266	6161
2019-nCoV	5884	C	T	SNP	Heterozygous	orf1ab	QHD43415.1	1	c.5619C>T	p.Tyr1873Tyr	synonymous_variant	LOW	0.0515	256.5	17858
2019-nCoV	6467	A	C	SNP	Heterozygous	orf1ab	QHD43415.1	1	c.6202A>C	p.Thr2068Pro	missense_variant	MODERATE	0.056	200.965	35156
2019-nCoV	6979	T	G	SNP	Heterozygous	orf1ab	QHD43415.1	1	c.6714T>G	p.Val2238Val	synonymous_variant	LOW	0.107932	1096.7	6080
2019-nCoV	7235	G	A	SNP	Heterozygous	orf1ab	QHD43415.1	1	c.6970G>A	p.Val2324Ile	missense_variant	MODERATE	0.08004	633.167	11607
2019-nCoV	7528	C	T	SNP	Heterozygous	orf1ab	QHD43415.1	1	c.7263C>T	p.Val2421Val	synonymous_variant	LOW	0.165	2253.67	14452
2019-nCoV	8017	G	T	SNP	Heterozygous	orf1ab	QHD43415.1	1	c.7752G>T	p.Ala2584Ala	synonymous_variant	LOW	0.0345	95.9032	38770
2019-nCoV	8140	C	T	SNP	Heterozygous	orf1ab	QHD43415.1	1	c.7875C>T	p.Ser2625Ser	synonymous_variant	LOW	0.0265	16.7045	33907
2019-nCoV	8362	T	C	SNP	Heterozygous	orf1ab	QHD43415.1	1	c.8097T>C	p.Ile2699Ile	synonymous_variant	LOW	0.088044	579.633	5681
2019-nCoV	8371	G	T	SNP	Heterozygous	orf1ab	QHD43415.1	1	c.8106G>T	p.Gln2702His	missense_variant	MODERATE	0.119119	1304.21	26769
2019-nCoV	8634	T	C	SNP	Heterozygous	orf1ab	QHD43415.1	1	c.8369T>C	p.Ile2790Thr	missense_variant	MODERATE	0.022011	21.9155	12443
2019-nCoV	8950	C	T	SNP	Heterozygous	orf1ab	QHD43415.1	1	c.8685C>T	p.Ile2895Ile	synonymous_variant	LOW	0.0385578	130.616	17126
2019-nCoV	9344	C	T	SNP	Homozygous	orf1ab	QHD43415.1	1	c.9079C>T	p.Leu3027Phe	missense_variant	MODERATE	0.999496	32249.7	13203
2019-nCoV	9424	A	G	SNP	Homozygous	orf1ab	QHD43415.1	1	c.9159A>G	p.Val3053Val	synonymous_variant	LOW	0.999499	36379.2	8932
2019-nCoV	9534	C	T	SNP	Heterozygous	orf1ab	QHD43415.1	1	c.9269C>T	p.Thr3090Ile	missense_variant	MODERATE	0.984218	12128.2	696
2019-nCoV	9805	G	T	SNP	Heterozygous	orf1ab	QHD43415.1	1	c.9540G>T	p.Leu3180Leu	synonymous_variant	LOW	0.0575864	327.702	5424
2019-nCoV	9982	T	C	SNP	Heterozygous	orf1ab	QHD43415.1	1	c.9717T>C	p.Asn3239Asn	synonymous_variant	LOW	0.0885886	764.459	22496
2019-nCoV	10029	C	T	SNP	Homozygous	orf1ab	QHD43415.1	1	c.9764C>T	p.Thr3255Ile	missense_variant	MODERATE	0.994497	35884.3	22278
2019-nCoV	10198	C	T	SNP	Homozygous	orf1ab	QHD43415.1	1	c.9933C>T	p.Asp3311Asp	synonymous_variant	LOW	0.998999	36240.6	24030
2019-nCoV	10369	C	T	SNP	Heterozygous	orf1ab	QHD43415.1	1	c.10104C>T	p.Arg3368Arg	synonymous_variant	LOW	0.0185093	10.5188	9459
2019-nCoV	10447	GCC	ACA	MNP	Homozygous	orf1ab	QHD43415.1	1	c.10182_10184delGCCinsACA	p.Pro3395His	missense_variant	MODERATE	1.0	35727.2	9997
2019-nCoV	10507	C	T	SNP	Heterozygous	orf1ab	QHD43415.1	1	c.10242C>T	p.Asn3414Asn	synonymous_variant	LOW	0.0215323	20.3413	9651
2019-nCoV	10702	C	T	SNP	Heterozygous	orf1ab	QHD43415.1	1	c.10437C>T	p.Asp3479Asp	synonymous_variant	LOW	0.0585586	338.969	9569
2019-nCoV	11076	T	C	SNP	Heterozygous	orf1ab	QHD43415.1	1	c.10811T>C	p.Phe3604Ser	missense_variant	MODERATE	0.0230115	19.2487	8742
2019-nCoV	11287	GTCTGGTTTT	G	DEL	Homozygous	orf1ab	QHD43415.1	1	c.11023_11031delTCTGGTTTT	p.Ser3675_Phe3677del	conservative_inframe_deletion	MODERATE	1.0	35390.0	28498
2019-nCoV	11750	C	T	SNP	Heterozygous	orf1ab	QHD43415.1	1	c.11485C>T	p.Leu3829Phe	missense_variant	MODERATE	0.2215	3595.4	20701
2019-nCoV	12160	G	A	SNP	Heterozygous	orf1ab	QHD43415.1	1	c.11895G>A	p.Glu3965Glu	synonymous_variant	LOW	0.983483	34971.3	11053
2019-nCoV	12310	G	A	SNP	Heterozygous	orf1ab	QHD43415.1	1	c.12045G>A	p.Gln4015Gln	synonymous_variant	LOW	0.214107	2841.06	23420
2019-nCoV	12415	C	T	SNP	Heterozygous	orf1ab	QHD43415.1	1	c.12150C>T	p.Asn4050Asn	synonymous_variant	LOW	0.0235	28.3806	23740
2019-nCoV	12880	C	T	SNP	Homozygous	orf1ab	QHD43415.1	1	c.12615C>T	p.Ile4205Ile	synonymous_variant	LOW	0.996498	35881.1	23609
2019-nCoV	13096	T	C	SNP	Heterozygous	orf1ab	QHD43415.1	1	c.12831T>C	p.Ala4277Ala	synonymous_variant	LOW	0.0445	183.476	20821
2019-nCoV	14257	T	C	SNP	Heterozygous	orf1ab	QHD43415.1	2	c.13993T>C	p.Tyr4665His	missense_variant	MODERATE	0.161209	1785.41	25451
2019-nCoV	14408	C	T	SNP	Homozygous	orf1ab	QHD43415.1	2	c.14144C>T	p.Pro4715Leu	missense_variant	MODERATE	0.9905	33098.1	8559
2019-nCoV	14877	C	T	SNP	Heterozygous	orf1ab	QHD43415.1	2	c.14613C>T	p.Tyr4871Tyr	synonymous_variant	LOW	0.0542169	268.284	6499
2019-nCoV	15354	T	A	SNP	Heterozygous	orf1ab	QHD43415.1	2	c.15090T>A	p.Leu5030Leu	synonymous_variant	LOW	0.028014	51.8457	33240
2019-nCoV	15451	G	A	SNP	Heterozygous	orf1ab	QHD43415.1	2	c.15187G>A	p.Gly5063Ser	missense_variant	MODERATE	0.0345173	91.5016	68888
2019-nCoV	15540	C	T	SNP	Heterozygous	orf1ab	QHD43415.1	2	c.15276C>T	p.Val5092Val	synonymous_variant	LOW	0.0610916	258.338	36644
2019-nCoV	15656	C	T	SNP	Heterozygous	orf1ab	QHD43415.1	2	c.15392C>T	p.Thr5131Ile	missense_variant	MODERATE	0.0345	50.1905	45513
2019-nCoV	15714	C	T	SNP	Homozygous	orf1ab	QHD43415.1	2	c.15450C>T	p.Leu5150Leu	synonymous_variant	LOW	0.999499	36166.4	43512
2019-nCoV	15924	C	T	SNP	Heterozygous	orf1ab	QHD43415.1	2	c.15660C>T	p.Tyr5220Tyr	synonymous_variant	LOW	0.113557	1202.9	35785
2019-nCoV	16376	C	T	SNP	Heterozygous	orf1ab	QHD43415.1	2	c.16112C>T	p.Pro5371Leu	missense_variant	MODERATE	0.0825	674.038	75960
2019-nCoV	16457	C	T	SNP	Heterozygous	orf1ab	QHD43415.1	2	c.16193C>T	p.Ser5398Leu	missense_variant	MODERATE	0.0675338	454.675	76028
2019-nCoV	16616	C	A	SNP	Heterozygous	orf1ab	QHD43415.1	2	c.16352C>A	p.Thr5451Asn	missense_variant	MODERATE	0.214214	3412.29	18762
2019-nCoV	16935	G	A	SNP	Heterozygous	orf1ab	QHD43415.1	2	c.16671G>A	p.Met5557Ile	missense_variant	MODERATE	0.206603	3237.07	64946
2019-nCoV	17039	A	G	SNP	Heterozygous	orf1ab	QHD43415.1	2	c.16775A>G	p.Asn5592Ser	missense_variant	MODERATE	0.187	2307.95	49065
2019-nCoV	17410	C	T	SNP	Homozygous	orf1ab	QHD43415.1	2	c.17146C>T	p.Arg5716Cys	missense_variant	MODERATE	0.998998	36327.4	54124
2019-nCoV	17744	A	G	SNP	Heterozygous	orf1ab	QHD43415.1	2	c.17480A>G	p.Asn5827Ser	missense_variant	MODERATE	0.13907	1700.83	7399
2019-nCoV	18162	CA	TG	MNP	Heterozygous	orf1ab	QHD43415.1	2	c.17898_17899delCAinsTG	p.Ile5967Val	missense_variant	MODERATE	0.0650976	33620.1	17615
2019-nCoV	18163	A	G	SNP	Heterozygous	orf1ab	QHD43415.1	2	c.17899A>G	p.Ile5967Val	missense_variant	MODERATE	0.933901	33620.1	17615
2019-nCoV	18394	G	T	SNP	Heterozygous	orf1ab	QHD43415.1	2	c.18130G>T	p.Ala6044Ser	missense_variant	MODERATE	0.043043	169.389	16926
2019-nCoV	18700	T	A	SNP	Heterozygous	orf1ab	QHD43415.1	2	c.18436T>A	p.Ser6146Thr	missense_variant	MODERATE	0.027027	46.2074	6276
2019-nCoV	18756	G	T	SNP	Heterozygous	orf1ab	QHD43415.1	2	c.18492G>T	p.Pro6164Pro	synonymous_variant	LOW	0.0436309	165.299	5497
2019-nCoV	19101	G	T	SNP	Heterozygous	orf1ab	QHD43415.1	2	c.18837G>T	p.Gln6279His	missense_variant	MODERATE	0.035035	99.7645	36885
2019-nCoV	19955	C	T	SNP	Homozygous	orf1ab	QHD43415.1	2	c.19691C>T	p.Thr6564Ile	missense_variant	MODERATE	1.0	33735.3	44420
2019-nCoV	20055	A	G	SNP	Heterozygous	orf1ab	QHD43415.1	2	c.19791A>G	p.Glu6597Glu	synonymous_variant	LOW	0.976977	32046.6	32377
2019-nCoV	21255	G	C	SNP	Heterozygous	orf1ab	QHD43415.1	2	c.20991G>C	p.Ala6997Ala	synonymous_variant	LOW	0.044044	107.75	51268
2019-nCoV	21618	C	T	SNP	Homozygous	S	QHD43416.1	1	c.56C>T	p.Thr19Ile	missense_variant	MODERATE	0.998998	33729.4	20488
2019-nCoV	21632	TTACCCCCTG	T	DEL	Homozygous	S	QHD43416.1	1	c.71_79delTACCCCCTG	p.Leu24_Ala27delinsSer	disruptive_inframe_deletion	MODERATE	1.0	36041.9	19936
2019-nCoV	21764	ATACATG	A	DEL	Heterozygous	S	QHD43416.1	1	c.204_209delACATGT	p.His69_Val70del	disruptive_inframe_deletion	MODERATE	0.976239	34158.8	24671
2019-nCoV	21987	GTGTTTA	ATGT	MIXED	Heterozygous	S	QHD43416.1	1	c.425_431delGTGTTTAinsATGT	p.Gly142_Tyr144delinsAspVal	missense_variant&conservative_inframe_deletion	MODERATE	0.0293522	35713.8	21118
2019-nCoV	21987	G	A	SNP	Heterozygous	S	QHD43416.1	1	c.425G>A	p.Gly142Asp	missense_variant	MODERATE	0.970648	35713.8	21118
2019-nCoV	22003	A	C	SNP	Heterozygous	S	QHD43416.1	1	c.441A>C	p.Lys147Asn	missense_variant	MODERATE	0.064032	409.18	21372
2019-nCoV	22200	T	G	SNP	Homozygous	S	QHD43416.1	1	c.638T>G	p.Val213Gly	missense_variant	MODERATE	0.995994	35934.2	14354
2019-nCoV	22578	G	A	SNP	Homozygous	S	QHD43416.1	1	c.1016G>A	p.Gly339Asp	missense_variant	MODERATE	0.997495	36104.5	12914
2019-nCoV	22599	G	C	SNP	Heterozygous	S	QHD43416.1	1	c.1037G>C	p.Arg346Thr	missense_variant	MODERATE	0.384771	8271.79	6694
2019-nCoV	22674	C	T	SNP	Homozygous	S	QHD43416.1	1	c.1112C>T	p.Ser371Phe	missense_variant	MODERATE	0.998999	33448.7	8575
2019-nCoV	22679	T	C	SNP	Homozygous	S	QHD43416.1	1	c.1117T>C	p.Ser373Pro	missense_variant	MODERATE	0.997499	35725.2	8474
2019-nCoV	22686	CCA	TCG	MNP	Homozygous	S	QHD43416.1	1	c.1124_1126delCCAinsTCG	p.SerThr375PheAla	missense_variant	MODERATE	0.99949	32640.1	2403
2019-nCoV	22775	G	A	SNP	Homozygous	S	QHD43416.1	1	c.1213G>A	p.Asp405Asn	missense_variant	MODERATE	0.999485	34955.1	1940
2019-nCoV	22786	A	C	SNP	Homozygous	S	QHD43416.1	1	c.1224A>C	p.Arg408Ser	missense_variant	MODERATE	1.0	34201.5	1897
2019-nCoV	22813	G	T	SNP	Homozygous	S	QHD43416.1	1	c.1251G>T	p.Lys417Asn	missense_variant	MODERATE	1.0	33946.5	29388
2019-nCoV	22882	T	G	SNP	Homozygous	S	QHD43416.1	1	c.1320T>G	p.Asn440Lys	missense_variant	MODERATE	0.998998	33755.7	52397
2019-nCoV	22893	A	C	SNP	Heterozygous	S	QHD43416.1	1	c.1331A>C	p.Lys444Thr	missense_variant	MODERATE	0.185093	2715.74	52679
2019-nCoV	22896	T	C	SNP	Heterozygous	S	QHD43416.1	1	c.1334T>C	p.Val445Ala	missense_variant	MODERATE	0.0475	213.713	52530
2019-nCoV	22917	T	G	SNP	Homozygous	S	QHD43416.1	1	c.1355T>G	p.Leu452Arg	missense_variant	MODERATE	0.992489	35737.8	52288
2019-nCoV	22942	T	A	SNP	Heterozygous	S	QHD43416.1	1	c.1380T>A	p.Asn460Lys	missense_variant	MODERATE	0.174223	2416.78	51887
2019-nCoV	22992	GCAC	ACAA	MNP	Homozygous	S	QHD43416.1	1	c.1430_1433delGCACinsACAA	p.SerThr477AsnLys	missense_variant	MODERATE	0.999496	36082.6	23436
2019-nCoV	23013	A	C	SNP	Homozygous	S	QHD43416.1	1	c.1451A>C	p.Glu484Ala	missense_variant	MODERATE	0.996992	36104.5	35958
2019-nCoV	23018	T	G	SNP	Heterozygous	S	QHD43416.1	1	c.1456T>G	p.Phe486Val	missense_variant	MODERATE	0.978489	34800.6	36043
2019-nCoV	23055	A	G	SNP	Homozygous	S	QHD43416.1	1	c.1493A>G	p.Gln498Arg	missense_variant	MODERATE	0.994985	35843.8	12686
2019-nCoV	23063	A	T	SNP	Homozygous	S	QHD43416.1	1	c.1501A>T	p.Asn501Tyr	missense_variant	MODERATE	0.997495	33367.9	12792
2019-nCoV	23075	T	C	SNP	Homozygous	S	QHD43416.1	1	c.1513T>C	p.Tyr505His	missense_variant	MODERATE	0.998998	36253.1	12995
2019-nCoV	23403	A	G	SNP	Homozygous	S	QHD43416.1	1	c.1841A>G	p.Asp614Gly	missense_variant	MODERATE	0.998997	35765.1	54141
2019-nCoV	23525	C	T	SNP	Homozygous	S	QHD43416.1	1	c.1963C>T	p.His655Tyr	missense_variant	MODERATE	0.998999	33775.5	88138
2019-nCoV	23539	A	G	SNP	Heterozygous	S	QHD43416.1	1	c.1977A>G	p.Ser659Ser	synonymous_variant	LOW	0.0225	24.1557	62967
2019-nCoV	23558	A	G	SNP	Heterozygous	S	QHD43416.1	1	c.1996A>G	p.Ile666Val	missense_variant	MODERATE	0.0235	28.3176	62773
2019-nCoV	23599	T	G	SNP	Homozygous	S	QHD43416.1	1	c.2037T>G	p.Asn679Lys	missense_variant	MODERATE	0.998496	33677.5	116515
2019-nCoV	23604	C	A	SNP	Homozygous	S	QHD43416.1	1	c.2042C>A	p.Pro681His	missense_variant	MODERATE	0.998496	19797.6	116579
2019-nCoV	23628	G	T	SNP	Heterozygous	S	QHD43416.1	1	c.2066G>T	p.Ser689Ile	missense_variant	MODERATE	0.06003	248.131	116957
2019-nCoV	23707	C	T	SNP	Heterozygous	S	QHD43416.1	1	c.2145C>T	p.Pro715Pro	synonymous_variant	LOW	0.0470235	208.462	70550
2019-nCoV	23854	C	A	SNP	Homozygous	S	QHD43416.1	1	c.2292C>A	p.Asn764Lys	missense_variant	MODERATE	0.997998	33312.9	26118
2019-nCoV	23948	GATTTTG	TATTT	MIXED	Heterozygous	S	QHD43416.1	1	c.2386_2392delGATTTTGinsTATTT	p.Asp796fs	frameshift_variant&missense_variant	HIGH	0.0401338	30044.0	21988
2019-nCoV	23948	G	T	SNP	Heterozygous	S	QHD43416.1	1	c.2386G>T	p.Asp796Tyr	missense_variant	MODERATE	0.959866	30044.0	21988
2019-nCoV	24055	T	G	SNP	Heterozygous	S	QHD43416.1	1	c.2493T>G	p.Ala831Ala	synonymous_variant	LOW	0.0235	28.4951	35514
2019-nCoV	24424	A	T	SNP	Homozygous	S	QHD43416.1	1	c.2862A>T	p.Gln954His	missense_variant	MODERATE	0.991	35580.9	37604
2019-nCoV	24469	T	A	SNP	Homozygous	S	QHD43416.1	1	c.2907T>A	p.Asn969Lys	missense_variant	MODERATE	0.992489	32230.1	54606
2019-nCoV	24620	G	T	SNP	Heterozygous	S	QHD43416.1	1	c.3058G>T	p.Ala1020Ser	missense_variant	MODERATE	0.0215108	20.2337	30284
2019-nCoV	24771	C	T	SNP	Heterozygous	S	QHD43416.1	1	c.3209C>T	p.Ala1070Val	missense_variant	MODERATE	0.046023	198.432	14157
2019-nCoV	24781	G	A	SNP	Heterozygous	S	QHD43416.1	1	c.3219G>A	p.Lys1073Lys	synonymous_variant	LOW	0.0366098	112.946	14132
2019-nCoV	24947	G	A	SNP	Heterozygous	S	QHD43416.1	1	c.3385G>A	p.Val1129Ile	missense_variant	MODERATE	0.047	207.775	24814
2019-nCoV	25000	C	T	SNP	Homozygous	S	QHD43416.1	1	c.3438C>T	p.Asp1146Asp	synonymous_variant	LOW	1.0	33840.3	33636
2019-nCoV	25352	G	T	SNP	Heterozygous	S	QHD43416.1	1	c.3790G>T	p.Val1264Leu	missense_variant	MODERATE	0.0481444	142.622	6786
2019-nCoV	25584	C	T	SNP	Homozygous	ORF3a	QHD43417.1	1	c.192C>T	p.Thr64Thr	synonymous_variant	LOW	0.993985	35834.6	84634
2019-nCoV	26060	C	T	SNP	Homozygous	ORF3a	QHD43417.1	1	c.668C>T	p.Thr223Ile	missense_variant	MODERATE	1.0	33937.2	37407
2019-nCoV	26109	G	T	SNP	Heterozygous	ORF3a	QHD43417.1	1	c.717G>T	p.Glu239Asp	missense_variant	MODERATE	0.112	1172.35	73416
2019-nCoV	26151	C	T	SNP	Heterozygous	ORF3a	QHD43417.1	1	c.759C>T	p.Ser253Ser	synonymous_variant	LOW	0.0615	376.477	36464
2019-nCoV	26172	G	A	SNP	Heterozygous	ORF3a	QHD43417.1	1	c.780G>A	p.Met260Ile	missense_variant	MODERATE	0.0725726	526.056	111188
2019-nCoV	26270	C	T	SNP	Homozygous	E	QHD43418.1	1	c.26C>T	p.Thr9Ile	missense_variant	MODERATE	1.0	33885.9	111561
2019-nCoV	26275	A	G	SNP	Heterozygous	E	QHD43418.1	1	c.31A>G	p.Thr11Ala	missense_variant	MODERATE	0.0295148	61.0138	111264
2019-nCoV	26529	G	A	SNP	Heterozygous	M	QHD43419.1	1	c.7G>A	p.Asp3Asn	missense_variant	MODERATE	0.964482	33770.4	14427
2019-nCoV	26534	C	T	SNP	Heterozygous	M	QHD43419.1	1	c.12C>T	p.Ser4Ser	synonymous_variant	LOW	0.068	462.098	14521
2019-nCoV	26577	C	G	SNP	Homozygous	M	QHD43419.1	1	c.55C>G	p.Gln19Glu	missense_variant	MODERATE	0.9995	33894.1	6521
2019-nCoV	26625	C	T	SNP	Heterozygous	M	QHD43419.1	1	c.103C>T	p.Leu35Leu	synonymous_variant	LOW	0.034	88.6409	10965
2019-nCoV	26709	G	A	SNP	Homozygous	M	QHD43419.1	1	c.187G>A	p.Ala63Thr	missense_variant	MODERATE	0.999499	36334.9	26781
2019-nCoV	26858	C	T	SNP	Heterozygous	M	QHD43419.1	1	c.336C>T	p.Phe112Phe	synonymous_variant	LOW	0.038019	122.194	36847
2019-nCoV	27012	C	T	SNP	Heterozygous	M	QHD43419.1	1	c.490C>T	p.Leu164Leu	synonymous_variant	LOW	0.228614	3243.86	42961
2019-nCoV	27038	A	G	SNP	Heterozygous	M	QHD43419.1	1	c.516A>G	p.Thr172Thr	synonymous_variant	LOW	0.3695	7861.52	5788
2019-nCoV	27259	A	C	SNP	Heterozygous	ORF6	QHD43420.1	1	c.58A>C	p.Arg20Arg	synonymous_variant	LOW	0.0415208	153.141	25130
2019-nCoV	27371	C	T	SNP	Heterozygous	ORF6	QHD43420.1	1	c.170C>T	p.Pro57Leu	missense_variant	MODERATE	0.0310155	70.7901	9903
2019-nCoV	27384	T	C	SNP	Heterozygous	ORF6	QHD43420.1	1	c.183T>C	p.Asp61Asp	synonymous_variant	LOW	0.0801603	1217.9	9900
2019-nCoV	27389	C	T	SNP	Heterozygous	ORF7a	QHD43421.1	-1	c.-5C>T	.	upstream_gene_variant	MODIFIER	0.0691037	476.269	10260
2019-nCoV	27438	T	C	SNP	Heterozygous	ORF7a	QHD43421.1	1	c.45T>C	p.Cys15Cys	synonymous_variant	LOW	0.106553	830.533	31088
2019-nCoV	27513	C	T	SNP	Heterozygous	ORF7a	QHD43421.1	1	c.120C>T	p.Tyr40Tyr	synonymous_variant	LOW	0.2545	4475.35	41111
2019-nCoV	27807	C	T	SNP	Homozygous	ORF8	QHD43422.1	-1	c.-87C>T	.	upstream_gene_variant	MODIFIER	0.996998	36182.5	23227
2019-nCoV	27889	C	T	SNP	Heterozygous	ORF8	QHD43422.1	-1	c.-5C>T	.	upstream_gene_variant	MODIFIER	0.965448	33847.6	15144
2019-nCoV	27998	C	T	SNP	Heterozygous	ORF8	QHD43422.1	1	c.105C>T	p.Asp35Asp	synonymous_variant	LOW	0.027	46.0216	26287
2019-nCoV	28170	C	T	SNP	Heterozygous	ORF8	QHD43422.1	1	c.277C>T	p.Pro93Ser	missense_variant	MODERATE	0.0695696	480.068	61033
2019-nCoV	28198	G	T	SNP	Heterozygous	ORF8	QHD43422.1	1	c.305G>T	p.Cys102Phe	missense_variant	MODERATE	0.0385193	129.543	43425
2019-nCoV	28271	A	C	SNP	Heterozygous	N	QHD43423.2	-1	c.-3A>C	.	upstream_gene_variant	MODIFIER	0.0461153	33297.2	101309
2019-nCoV	28271	A	T	SNP	Heterozygous	N	QHD43423.2	-1	c.-3A>T	.	upstream_gene_variant	MODIFIER	0.919799	33297.2	101309
2019-nCoV	28311	C	T	SNP	Heterozygous	N	QHD43423.2	1	c.38C>T	p.Pro13Leu	missense_variant	MODERATE	0.74498	36242.6	101569
2019-nCoV	28311	CC	TT	MNP	Heterozygous	N	QHD43423.2	1	c.38_39delCCinsTT	p.Pro13Leu	missense_variant	MODERATE	0.254518	36242.6	101569
2019-nCoV	28330	A	G	SNP	Heterozygous	N	QHD43423.2	1	c.57A>G	p.Gly19Gly	synonymous_variant	LOW	0.472236	11274.2	95375
2019-nCoV	28361	GGAGAACGCA	G	DEL	Heterozygous	N	QHD43423.2	1	c.90_98delAGAACGCAG	p.Glu31_Ser33del	disruptive_inframe_deletion	MODERATE	0.830688	34209.7	21442
2019-nCoV	28361	GGAGAACGCAG	TT	MIXED	Heterozygous	N	QHD43423.2	1	c.88_98delGGAGAACGCAGinsTT	p.Gly30_Ser33delinsPhe	missense_variant&disruptive_inframe_deletion	MODERATE	0.169312	34209.7	21442
2019-nCoV	28603	C	T	SNP	Heterozygous	N	QHD43423.2	1	c.330C>T	p.Phe110Phe	synonymous_variant	LOW	0.0581162	325.88	32887
2019-nCoV	28681	G	T	SNP	Heterozygous	N	QHD43423.2	1	c.408G>T	p.Glu136Asp	missense_variant	MODERATE	0.233117	3900.02	100069
2019-nCoV	28759	T	C	SNP	Heterozygous	N	QHD43423.2	1	c.486T>C	p.Pro162Pro	synonymous_variant	LOW	0.048024	220.188	65375
2019-nCoV	28881	GGG	AAC	MNP	Homozygous	N	QHD43423.2	1	c.608_610delGGGinsAAC	p.ArgGly203LysArg	missense_variant	MODERATE	1.0	33492.0	36255
2019-nCoV	29405	G	C	SNP	Heterozygous	N	QHD43423.2	1	c.1132G>C	p.Glu378Gln	missense_variant	MODERATE	0.076	422.009	17453
2019-nCoV	29510	A	C	SNP	Homozygous	N	QHD43423.2	1	c.1237A>C	p.Ser413Arg	missense_variant	MODERATE	1.0	33540.5	8235
2019-nCoV	29613	G	T	SNP	Heterozygous	ORF10	QHI42199.1	1	c.56G>T	p.Cys19Phe	missense_variant	MODERATE	0.0265133	43.409	5293
2019-nCoV	29666	C	T	SNP	Heterozygous	ORF10	QHI42199.1	1	c.109C>T	p.Leu37Phe	missense_variant	MODERATE	0.1595	2120.97	5327
2019-nCoV	29706	G	T	SNP	Heterozygous	S	QHD43416.1	-1	c.*4322G>T	.	downstream_gene_variant	MODIFIER	0.035	99.0731	5256
2019-nCoV	29733	CGAGGCCACGCGGAGTACGATCGAGTG	C	DEL	Homozygous	S	QHD43416.1	-1	c.*4350_*4375delGAGGCCACGCGGAGTACGATCGAGTG	.	downstream_gene_variant	MODIFIER	1.0	35931.5	4181
2019-nCoV	29762	C	T	SNP	Heterozygous	S	QHD43416.1	-1	c.*4378C>T	.	downstream_gene_variant	MODIFIER	0.0650976	553.121	4292
2019-nCoV	29774	C	T	SNP	Heterozygous	S	QHD43416.1	-1	c.*4390C>T	.	downstream_gene_variant	MODIFIER	0.0205514	17.8742	4318
