CHROM	POS	REF	ALT	VARTYPE	GEN[*].GT	ANN[*].GENE	ANN[*].FEATUREID	EFF[*].RANK	ANN[*].HGVS_C	ANN[*].HGVS_P	ANN[*].EFFECT	EFF[*].IMPACT	AF	QUAL	DP
2019-nCoV	44	C	T	SNP	Homozygous	orf1ab	QHD43415.1	-1	c.-222C>T	.	upstream_gene_variant	MODIFIER	0.985993	32223.6	50274
2019-nCoV	101	G	A	SNP	Heterozygous	orf1ab	QHD43415.1	-1	c.-165G>A	.	upstream_gene_variant	MODIFIER	0.0665	441.728	55600
2019-nCoV	140	C	T	SNP	Heterozygous	orf1ab	QHD43415.1	-1	c.-126C>T	.	upstream_gene_variant	MODIFIER	0.0670335	448.678	55069
2019-nCoV	241	C	T	SNP	Homozygous	orf1ab	QHD43415.1	-1	c.-25C>T	.	upstream_gene_variant	MODIFIER	0.999499	33538.6	5338
2019-nCoV	405	A	G	SNP	Heterozygous	orf1ab	QHD43415.1	1	c.140A>G	p.Lys47Arg	missense_variant	MODERATE	0.072	518.264	54791
2019-nCoV	504	C	A	SNP	Heterozygous	orf1ab	QHD43415.1	1	c.239C>A	p.Pro80His	missense_variant	MODERATE	0.0315	74.1449	42655
2019-nCoV	670	T	G	SNP	Homozygous	orf1ab	QHD43415.1	1	c.405T>G	p.Ser135Arg	missense_variant	MODERATE	0.99348	33276.0	54506
2019-nCoV	931	T	C	SNP	Heterozygous	orf1ab	QHD43415.1	1	c.666T>C	p.Ile222Ile	synonymous_variant	LOW	0.0270135	17.7796	37965
2019-nCoV	961	T	C	SNP	Heterozygous	orf1ab	QHD43415.1	1	c.696T>C	p.Arg232Arg	synonymous_variant	LOW	0.0305	31.4702	19758
2019-nCoV	1545	C	T	SNP	Heterozygous	orf1ab	QHD43415.1	1	c.1280C>T	p.Ala427Val	missense_variant	MODERATE	0.0580808	331.571	54291
2019-nCoV	1627	C	T	SNP	Heterozygous	orf1ab	QHD43415.1	1	c.1362C>T	p.Leu454Leu	synonymous_variant	LOW	0.206253	2700.89	31069
2019-nCoV	1931	C	A	SNP	Heterozygous	orf1ab	QHD43415.1	1	c.1666C>A	p.Gln556Lys	missense_variant	MODERATE	0.44254	9950.66	14918
2019-nCoV	2144	G	A	SNP	Heterozygous	orf1ab	QHD43415.1	1	c.1879G>A	p.Val627Ile	missense_variant	MODERATE	0.0295	60.4507	26563
2019-nCoV	2509	C	T	SNP	Heterozygous	orf1ab	QHD43415.1	1	c.2244C>T	p.Pro748Pro	synonymous_variant	LOW	0.0215108	20.2287	18546
2019-nCoV	2600	G	A	SNP	Heterozygous	orf1ab	QHD43415.1	1	c.2335G>A	p.Val779Ile	missense_variant	MODERATE	0.019	11.0087	18751
2019-nCoV	2623	C	T	SNP	Heterozygous	orf1ab	QHD43415.1	1	c.2358C>T	p.Asn786Asn	synonymous_variant	LOW	0.0620621	270.226	7130
2019-nCoV	2773	C	T	SNP	Heterozygous	orf1ab	QHD43415.1	1	c.2508C>T	p.Tyr836Tyr	synonymous_variant	LOW	0.028	21.9479	43868
2019-nCoV	2790	C	T	SNP	Homozygous	orf1ab	QHD43415.1	1	c.2525C>T	p.Thr842Ile	missense_variant	MODERATE	1.0	30924.7	43778
2019-nCoV	2954	T	C	SNP	Heterozygous	orf1ab	QHD43415.1	1	c.2689T>C	p.Leu897Leu	synonymous_variant	LOW	0.4515	10584.6	40173
2019-nCoV	2997	C	T	SNP	Heterozygous	orf1ab	QHD43415.1	1	c.2732C>T	p.Ser911Phe	missense_variant	MODERATE	0.0346212	98.0638	47434
2019-nCoV	3037	C	T	SNP	Homozygous	orf1ab	QHD43415.1	1	c.2772C>T	p.Phe924Phe	synonymous_variant	LOW	0.998	33304.2	35594
2019-nCoV	3541	T	C	SNP	Heterozygous	orf1ab	QHD43415.1	1	c.3276T>C	p.Ala1092Ala	synonymous_variant	LOW	0.0906801	748.861	25494
2019-nCoV	3569	A	G	SNP	Heterozygous	orf1ab	QHD43415.1	1	c.3304A>G	p.Ser1102Gly	missense_variant	MODERATE	0.0295	60.7633	16920
2019-nCoV	3604	C	T	SNP	Heterozygous	orf1ab	QHD43415.1	1	c.3339C>T	p.His1113His	synonymous_variant	LOW	0.029	25.5353	34982
2019-nCoV	3796	C	T	SNP	Heterozygous	orf1ab	QHD43415.1	1	c.3531C>T	p.Val1177Val	synonymous_variant	LOW	0.157551	2046.92	20111
2019-nCoV	3857	C	A	SNP	Heterozygous	orf1ab	QHD43415.1	1	c.3592C>A	p.Gln1198Lys	missense_variant	MODERATE	0.156863	1690.79	2735
2019-nCoV	3927	C	T	SNP	Heterozygous	orf1ab	QHD43415.1	1	c.3662C>T	p.Ser1221Leu	missense_variant	MODERATE	0.176942	2514.41	8800
2019-nCoV	4184	G	A	SNP	Homozygous	orf1ab	QHD43415.1	1	c.3919G>A	p.Gly1307Ser	missense_variant	MODERATE	0.996995	36111.1	14766
2019-nCoV	4321	C	T	SNP	Homozygous	orf1ab	QHD43415.1	1	c.4056C>T	p.Ala1352Ala	synonymous_variant	LOW	0.993958	32310.2	35117
2019-nCoV	4402	T	A	SNP	Heterozygous	orf1ab	QHD43415.1	1	c.4137T>A	p.Leu1379Leu	synonymous_variant	LOW	0.0961442	893.865	25598
2019-nCoV	4586	C	T	SNP	Heterozygous	orf1ab	QHD43415.1	1	c.4321C>T	p.Leu1441Leu	synonymous_variant	LOW	0.164747	2228.25	43636
2019-nCoV	5183	C	T	SNP	Heterozygous	orf1ab	QHD43415.1	1	c.4918C>T	p.Pro1640Ser	missense_variant	MODERATE	0.1815	2193.44	20844
2019-nCoV	6467	A	C	SNP	Heterozygous	orf1ab	QHD43415.1	1	c.6202A>C	p.Thr2068Pro	missense_variant	MODERATE	0.13	1220.62	41989
2019-nCoV	7528	C	T	SNP	Heterozygous	orf1ab	QHD43415.1	1	c.7263C>T	p.Val2421Val	synonymous_variant	LOW	0.0470235	208.845	20572
2019-nCoV	7735	C	T	SNP	Heterozygous	orf1ab	QHD43415.1	1	c.7470C>T	p.Ile2490Ile	synonymous_variant	LOW	0.027	45.9737	40448
2019-nCoV	8106	C	T	SNP	Heterozygous	orf1ab	QHD43415.1	1	c.7841C>T	p.Ala2614Val	missense_variant	MODERATE	0.0205103	16.6536	43570
2019-nCoV	8251	C	T	SNP	Heterozygous	orf1ab	QHD43415.1	1	c.7986C>T	p.Asp2662Asp	synonymous_variant	LOW	0.0275	48.7314	28165
2019-nCoV	9344	C	T	SNP	Homozygous	orf1ab	QHD43415.1	1	c.9079C>T	p.Leu3027Phe	missense_variant	MODERATE	1.0	32326.6	14521
2019-nCoV	9424	A	G	SNP	Homozygous	orf1ab	QHD43415.1	1	c.9159A>G	p.Val3053Val	synonymous_variant	LOW	0.9995	36373.4	10988
2019-nCoV	9534	C	T	SNP	Homozygous	orf1ab	QHD43415.1	1	c.9269C>T	p.Thr3090Ile	missense_variant	MODERATE	1.0	22179.5	1226
2019-nCoV	9866	C	T	SNP	Heterozygous	orf1ab	QHD43415.1	1	c.9601C>T	p.Leu3201Phe	missense_variant	MODERATE	0.229261	3620.36	26132
2019-nCoV	10029	C	T	SNP	Homozygous	orf1ab	QHD43415.1	1	c.9764C>T	p.Thr3255Ile	missense_variant	MODERATE	0.997	36163.0	34051
2019-nCoV	10198	C	T	SNP	Homozygous	orf1ab	QHD43415.1	1	c.9933C>T	p.Asp3311Asp	synonymous_variant	LOW	1.0	33857.2	29128
2019-nCoV	10447	GCC	ACA	MNP	Homozygous	orf1ab	QHD43415.1	1	c.10182_10184delGCCinsACA	p.Pro3395His	missense_variant	MODERATE	1.0	35808.9	12345
2019-nCoV	10790	C	T	SNP	Heterozygous	orf1ab	QHD43415.1	1	c.10525C>T	p.His3509Tyr	missense_variant	MODERATE	0.0295	60.8626	42364
2019-nCoV	11131	T	C	SNP	Heterozygous	orf1ab	QHD43415.1	1	c.10866T>C	p.Ser3622Ser	synonymous_variant	LOW	0.04	140.328	8509
2019-nCoV	11146	G	T	SNP	Heterozygous	orf1ab	QHD43415.1	1	c.10881G>T	p.Met3627Ile	missense_variant	MODERATE	0.0221551	26.1569	8603
2019-nCoV	11287	GTCTGGTTTT	G	DEL	Homozygous	orf1ab	QHD43415.1	1	c.11023_11031delTCTGGTTTT	p.Ser3675_Phe3677del	conservative_inframe_deletion	MODERATE	1.0	35474.1	43659
2019-nCoV	11506	A	G	SNP	Heterozygous	orf1ab	QHD43415.1	1	c.11241A>G	p.Val3747Val	synonymous_variant	LOW	0.037037	63.6476	10831
2019-nCoV	11671	C	T	SNP	Heterozygous	orf1ab	QHD43415.1	1	c.11406C>T	p.Arg3802Arg	synonymous_variant	LOW	0.0205103	16.6906	14930
2019-nCoV	11750	C	T	SNP	Heterozygous	orf1ab	QHD43415.1	1	c.11485C>T	p.Leu3829Phe	missense_variant	MODERATE	0.436937	10034.5	26756
2019-nCoV	12160	G	A	SNP	Heterozygous	orf1ab	QHD43415.1	1	c.11895G>A	p.Glu3965Glu	synonymous_variant	LOW	0.714429	20702.7	15359
2019-nCoV	12444	A	G	SNP	Heterozygous	orf1ab	QHD43415.1	1	c.12179A>G	p.Asn4060Ser	missense_variant	MODERATE	0.17959	2583.2	27329
2019-nCoV	12458	A	G	SNP	Heterozygous	orf1ab	QHD43415.1	1	c.12193A>G	p.Thr4065Ala	missense_variant	MODERATE	0.094	660.365	12203
2019-nCoV	12880	C	T	SNP	Homozygous	orf1ab	QHD43415.1	1	c.12615C>T	p.Ile4205Ile	synonymous_variant	LOW	0.9995	36237.7	28213
2019-nCoV	14257	T	C	SNP	Heterozygous	orf1ab	QHD43415.1	2	c.13993T>C	p.Tyr4665His	missense_variant	MODERATE	0.479177	10303.4	20393
2019-nCoV	14408	C	T	SNP	Homozygous	orf1ab	QHD43415.1	2	c.14144C>T	p.Pro4715Leu	missense_variant	MODERATE	0.999496	33621.9	5971
2019-nCoV	14877	C	T	SNP	Heterozygous	orf1ab	QHD43415.1	2	c.14613C>T	p.Tyr4871Tyr	synonymous_variant	LOW	0.113179	1161.08	8366
2019-nCoV	15451	G	A	SNP	Heterozygous	orf1ab	QHD43415.1	2	c.15187G>A	p.Gly5063Ser	missense_variant	MODERATE	0.249875	4310.99	64746
2019-nCoV	15714	C	T	SNP	Homozygous	orf1ab	QHD43415.1	2	c.15450C>T	p.Leu5150Leu	synonymous_variant	LOW	1.0	36160.8	58790
2019-nCoV	15738	C	T	SNP	Heterozygous	orf1ab	QHD43415.1	2	c.15474C>T	p.Phe5158Phe	synonymous_variant	LOW	0.0665333	310.862	59445
2019-nCoV	15939	T	C	SNP	Heterozygous	orf1ab	QHD43415.1	2	c.15675T>C	p.Asp5225Asp	synonymous_variant	LOW	0.056028	305.615	37855
2019-nCoV	16083	T	C	SNP	Heterozygous	orf1ab	QHD43415.1	2	c.15819T>C	p.Phe5273Phe	synonymous_variant	LOW	0.0305	30.9266	22689
2019-nCoV	16342	T	C	SNP	Heterozygous	orf1ab	QHD43415.1	2	c.16078T>C	p.Ser5360Pro	missense_variant	MODERATE	0.0775	597.797	52991
2019-nCoV	16413	T	C	SNP	Heterozygous	orf1ab	QHD43415.1	2	c.16149T>C	p.Asp5383Asp	synonymous_variant	LOW	0.062	382.912	76047
2019-nCoV	16818	A	G	SNP	Heterozygous	orf1ab	QHD43415.1	2	c.16554A>G	p.Gln5518Gln	synonymous_variant	LOW	0.0610305	370.56	32290
2019-nCoV	16935	G	A	SNP	Heterozygous	orf1ab	QHD43415.1	2	c.16671G>A	p.Met5557Ile	missense_variant	MODERATE	0.528529	13344.6	52428
2019-nCoV	17039	A	G	SNP	Heterozygous	orf1ab	QHD43415.1	2	c.16775A>G	p.Asn5592Ser	missense_variant	MODERATE	0.413413	8148.94	41279
2019-nCoV	17304	C	T	SNP	Heterozygous	orf1ab	QHD43415.1	2	c.17040C>T	p.Val5680Val	synonymous_variant	LOW	0.0457516	194.665	83881
2019-nCoV	17410	C	T	SNP	Homozygous	orf1ab	QHD43415.1	2	c.17146C>T	p.Arg5716Cys	missense_variant	MODERATE	0.9995	36414.7	53657
2019-nCoV	17859	T	C	SNP	Heterozygous	orf1ab	QHD43415.1	2	c.17595T>C	p.Tyr5865Tyr	synonymous_variant	LOW	0.077	590.173	17443
2019-nCoV	18163	A	G	SNP	Homozygous	orf1ab	QHD43415.1	2	c.17899A>G	p.Ile5967Val	missense_variant	MODERATE	0.999499	36253.4	14169
2019-nCoV	18583	G	A	SNP	Heterozygous	orf1ab	QHD43415.1	2	c.18319G>A	p.Val6107Ile	missense_variant	MODERATE	0.181272	2623.62	22904
2019-nCoV	19266	T	C	SNP	Heterozygous	orf1ab	QHD43415.1	2	c.19002T>C	p.Leu6334Leu	synonymous_variant	LOW	0.032	76.0001	18224
2019-nCoV	19326	A	G	SNP	Heterozygous	orf1ab	QHD43415.1	2	c.19062A>G	p.Pro6354Pro	synonymous_variant	LOW	0.073	525.217	29844
2019-nCoV	19886	A	G	SNP	Heterozygous	orf1ab	QHD43415.1	2	c.19622A>G	p.Lys6541Arg	missense_variant	MODERATE	0.0745	554.121	52707
2019-nCoV	19955	C	T	SNP	Homozygous	orf1ab	QHD43415.1	2	c.19691C>T	p.Thr6564Ile	missense_variant	MODERATE	0.9995	33632.6	48804
2019-nCoV	20055	A	G	SNP	Heterozygous	orf1ab	QHD43415.1	2	c.19791A>G	p.Glu6597Glu	synonymous_variant	LOW	0.974487	31910.3	30453
2019-nCoV	20235	C	T	SNP	Heterozygous	orf1ab	QHD43415.1	2	c.19971C>T	p.Pro6657Pro	synonymous_variant	LOW	0.041041	150.558	8549
2019-nCoV	20741	A	G	SNP	Heterozygous	orf1ab	QHD43415.1	2	c.20477A>G	p.Gln6826Arg	missense_variant	MODERATE	0.170867	2363.02	14939
2019-nCoV	21255	G	C	SNP	Heterozygous	orf1ab	QHD43415.1	2	c.20991G>C	p.Ala6997Ala	synonymous_variant	LOW	0.132397	1265.39	32084
2019-nCoV	21618	C	T	SNP	Homozygous	S	QHD43416.1	1	c.56C>T	p.Thr19Ile	missense_variant	MODERATE	1.0	33937.8	16674
2019-nCoV	21632	TTACCCCCTG	T	DEL	Homozygous	S	QHD43416.1	1	c.71_79delTACCCCCTG	p.Leu24_Ala27delinsSer	disruptive_inframe_deletion	MODERATE	1.0	36172.3	16302
2019-nCoV	21764	ATACATG	A	DEL	Heterozygous	S	QHD43416.1	1	c.204_209delACATGT	p.His69_Val70del	disruptive_inframe_deletion	MODERATE	0.754049	22353.3	17063
2019-nCoV	21811	C	T	SNP	Heterozygous	S	QHD43416.1	1	c.249C>T	p.Val83Val	synonymous_variant	LOW	0.038	68.3382	8700
2019-nCoV	21987	G	A	SNP	Homozygous	S	QHD43416.1	1	c.425G>A	p.Gly142Asp	missense_variant	MODERATE	0.9925	33242.8	18022
2019-nCoV	21990	TTTA	T	DEL	Heterozygous	S	QHD43416.1	1	c.432_434delTTA	p.Tyr145del	disruptive_inframe_deletion	MODERATE	0.227411	3608.52	17967
2019-nCoV	22001	A	G	SNP	Heterozygous	S	QHD43416.1	1	c.439A>G	p.Lys147Glu	missense_variant	MODERATE	0.224121	3093.2	17776
2019-nCoV	22003	A	C	SNP	Heterozygous	S	QHD43416.1	1	c.441A>C	p.Lys147Asn	missense_variant	MODERATE	0.1365	2552.85	18274
2019-nCoV	22016	T	C	SNP	Heterozygous	S	QHD43416.1	1	c.454T>C	p.Trp152Arg	missense_variant	MODERATE	0.21983	3558.49	18213
2019-nCoV	22033	C	A	SNP	Heterozygous	S	QHD43416.1	1	c.471C>A	p.Phe157Leu	missense_variant	MODERATE	0.170756	2375.64	31807
2019-nCoV	22048	T	C	SNP	Heterozygous	S	QHD43416.1	1	c.486T>C	p.Ser162Ser	synonymous_variant	LOW	0.028014	51.6759	31933
2019-nCoV	22109	C	G	SNP	Heterozygous	S	QHD43416.1	1	c.547C>G	p.Gln183Glu	missense_variant	MODERATE	0.032016	37.7138	23152
2019-nCoV	22190	A	G	SNP	Heterozygous	S	QHD43416.1	1	c.628A>G	p.Ile210Val	missense_variant	MODERATE	0.0385578	125.626	9608
2019-nCoV	22200	T	A	SNP	Heterozygous	S	QHD43416.1	1	c.638T>A	p.Val213Glu	missense_variant	MODERATE	0.0715	35815.9	9505
2019-nCoV	22200	T	G	SNP	Heterozygous	S	QHD43416.1	1	c.638T>G	p.Val213Gly	missense_variant	MODERATE	0.923	35815.9	9505
2019-nCoV	22317	G	T	SNP	Heterozygous	S	QHD43416.1	1	c.755G>T	p.Gly252Val	missense_variant	MODERATE	0.0605	248.01	24065
2019-nCoV	22331	G	A	SNP	Heterozygous	S	QHD43416.1	1	c.769G>A	p.Gly257Ser	missense_variant	MODERATE	0.231	3295.8	14089
2019-nCoV	22576	TGG	CA	MIXED	Heterozygous	S	QHD43416.1	1	c.1014_1016delTGGinsCA	p.Gly339fs	frameshift_variant&missense_variant	HIGH	0.226491	33148.5	9600
2019-nCoV	22576	TGG	GA	MIXED	Heterozygous	S	QHD43416.1	1	c.1014_1016delTGGinsGA	p.Phe338fs	frameshift_variant&missense_variant	HIGH	0.743175	33148.5	9600
2019-nCoV	22599	G	C	SNP	Heterozygous	S	QHD43416.1	1	c.1037G>C	p.Arg346Thr	missense_variant	MODERATE	0.81982	25824.9	5440
2019-nCoV	22629	A	C	SNP	Heterozygous	S	QHD43416.1	1	c.1067A>C	p.Lys356Thr	missense_variant	MODERATE	0.0830831	513.408	6930
2019-nCoV	22664	C	A	SNP	Heterozygous	S	QHD43416.1	1	c.1102C>A	p.Leu368Ile	missense_variant	MODERATE	0.0385	127.78	6931
2019-nCoV	22674	C	T	SNP	Homozygous	S	QHD43416.1	1	c.1112C>T	p.Ser371Phe	missense_variant	MODERATE	0.999	33591.6	6736
2019-nCoV	22679	T	C	SNP	Homozygous	S	QHD43416.1	1	c.1117T>C	p.Ser373Pro	missense_variant	MODERATE	0.9995	33561.1	6602
2019-nCoV	22686	CCA	TCG	MNP	Homozygous	S	QHD43416.1	1	c.1124_1126delCCAinsTCG	p.SerThr375PheAla	missense_variant	MODERATE	0.998525	13320.8	1614
2019-nCoV	22775	G	A	SNP	Homozygous	S	QHD43416.1	1	c.1213G>A	p.Asp405Asn	missense_variant	MODERATE	1.0	22797.8	1344
2019-nCoV	22786	A	C	SNP	Homozygous	S	QHD43416.1	1	c.1224A>C	p.Arg408Ser	missense_variant	MODERATE	1.0	23883.2	1320
2019-nCoV	22813	G	T	SNP	Homozygous	S	QHD43416.1	1	c.1251G>T	p.Lys417Asn	missense_variant	MODERATE	1.0	33869.9	29314
2019-nCoV	22882	T	G	SNP	Homozygous	S	QHD43416.1	1	c.1320T>G	p.Asn440Lys	missense_variant	MODERATE	0.993	35843.5	41707
2019-nCoV	22893	A	C	SNP	Heterozygous	S	QHD43416.1	1	c.1331A>C	p.Lys444Thr	missense_variant	MODERATE	0.489785	20202.7	41169
2019-nCoV	22917	T	G	SNP	Heterozygous	S	QHD43416.1	1	c.1355T>G	p.Leu452Arg	missense_variant	MODERATE	0.869739	28323.9	40715
2019-nCoV	22942	T	A	SNP	Heterozygous	S	QHD43416.1	1	c.1380T>A	p.Asn460Lys	missense_variant	MODERATE	0.470235	20720.8	39755
2019-nCoV	22992	GCAC	ACAA	MNP	Homozygous	S	QHD43416.1	1	c.1430_1433delGCACinsACAA	p.SerThr477AsnLys	missense_variant	MODERATE	1.0	35921.8	12719
2019-nCoV	23013	A	C	SNP	Homozygous	S	QHD43416.1	1	c.1451A>C	p.Glu484Ala	missense_variant	MODERATE	0.999497	36129.9	27478
2019-nCoV	23018	T	G	SNP	Heterozygous	S	QHD43416.1	1	c.1456T>G	p.Phe486Val	missense_variant	MODERATE	0.814629	25544.8	27573
2019-nCoV	23019	T	C	SNP	Heterozygous	S	QHD43416.1	1	c.1457T>C	p.Phe486Ser	missense_variant	MODERATE	0.116	1249.24	27573
2019-nCoV	23031	T	C	SNP	Heterozygous	S	QHD43416.1	1	c.1469T>C	p.Phe490Ser	missense_variant	MODERATE	0.0955	884.207	27661
2019-nCoV	23055	A	G	SNP	Homozygous	S	QHD43416.1	1	c.1493A>G	p.Gln498Arg	missense_variant	MODERATE	0.992485	35638.2	15176
2019-nCoV	23063	A	T	SNP	Homozygous	S	QHD43416.1	1	c.1501A>T	p.Asn501Tyr	missense_variant	MODERATE	0.990495	32659.1	15351
2019-nCoV	23075	T	C	SNP	Homozygous	S	QHD43416.1	1	c.1513T>C	p.Tyr505His	missense_variant	MODERATE	0.998997	36221.5	15581
2019-nCoV	23403	A	G	SNP	Homozygous	S	QHD43416.1	1	c.1841A>G	p.Asp614Gly	missense_variant	MODERATE	1.0	33456.2	52615
2019-nCoV	23525	C	T	SNP	Homozygous	S	QHD43416.1	1	c.1963C>T	p.His655Tyr	missense_variant	MODERATE	1.0	33846.4	91385
2019-nCoV	23558	A	G	SNP	Heterozygous	S	QHD43416.1	1	c.1996A>G	p.Ile666Val	missense_variant	MODERATE	0.0315	74.1098	74332
2019-nCoV	23599	T	G	SNP	Homozygous	S	QHD43416.1	1	c.2037T>G	p.Asn679Lys	missense_variant	MODERATE	0.996994	36067.4	124038
2019-nCoV	23604	C	A	SNP	Homozygous	S	QHD43416.1	1	c.2042C>A	p.Pro681His	missense_variant	MODERATE	0.998499	19834.5	124080
2019-nCoV	23854	C	A	SNP	Homozygous	S	QHD43416.1	1	c.2292C>A	p.Asn764Lys	missense_variant	MODERATE	0.99849	33087.3	25850
2019-nCoV	23948	GATTTTG	TATTT	MIXED	Heterozygous	S	QHD43416.1	1	c.2386_2392delGATTTTGinsTATTT	p.Asp796fs	frameshift_variant&missense_variant	HIGH	0.0803769	30329.5	22375
2019-nCoV	23948	G	T	SNP	Heterozygous	S	QHD43416.1	1	c.2386G>T	p.Asp796Tyr	missense_variant	MODERATE	0.919623	30329.5	22375
2019-nCoV	24040	G	T	SNP	Heterozygous	S	QHD43416.1	1	c.2478G>T	p.Val826Val	synonymous_variant	LOW	0.0310155	70.7805	39821
2019-nCoV	24210	C	T	SNP	Heterozygous	S	QHD43416.1	1	c.2648C>T	p.Thr883Ile	missense_variant	MODERATE	0.042	93.5356	25003
2019-nCoV	24382	C	T	SNP	Heterozygous	S	QHD43416.1	1	c.2820C>T	p.Ser940Ser	synonymous_variant	LOW	0.0225	24.1686	13394
2019-nCoV	24424	AAA	TAAT	MIXED	Homozygous	S	QHD43416.1	1	c.2862_2864delAAAinsTAAT	p.Gln954fs	frameshift_variant&missense_variant	HIGH	0.997989	19612.6	35044
2019-nCoV	24469	T	A	SNP	Homozygous	S	QHD43416.1	1	c.2907T>A	p.Asn969Lys	missense_variant	MODERATE	0.994497	31122.1	50175
2019-nCoV	24952	A	G	SNP	Heterozygous	S	QHD43416.1	1	c.3390A>G	p.Ile1130Met	missense_variant	MODERATE	0.032016	76.2719	19442
2019-nCoV	24991	T	A	SNP	Heterozygous	S	QHD43416.1	1	c.3429T>A	p.Pro1143Pro	synonymous_variant	LOW	0.0835836	519.996	36512
2019-nCoV	25000	C	T	SNP	Homozygous	S	QHD43416.1	1	c.3438C>T	p.Asp1146Asp	synonymous_variant	LOW	0.997998	36035.5	36580
2019-nCoV	25416	C	T	SNP	Heterozygous	ORF3a	QHD43417.1	1	c.24C>T	p.Phe8Phe	synonymous_variant	LOW	0.296241	5592.68	37082
2019-nCoV	25452	C	T	SNP	Heterozygous	ORF3a	QHD43417.1	1	c.60C>T	p.Ile20Ile	synonymous_variant	LOW	0.0385	71.0647	36227
2019-nCoV	25571	C	T	SNP	Heterozygous	ORF3a	QHD43417.1	1	c.179C>T	p.Ser60Phe	missense_variant	MODERATE	0.0315	34.707	73439
2019-nCoV	25584	C	T	SNP	Homozygous	ORF3a	QHD43417.1	1	c.192C>T	p.Thr64Thr	synonymous_variant	LOW	0.988934	35294.3	73152
2019-nCoV	25594	A	G	SNP	Heterozygous	ORF3a	QHD43417.1	1	c.202A>G	p.Arg68Gly	missense_variant	MODERATE	0.0285143	53.3474	73287
2019-nCoV	25721	C	T	SNP	Heterozygous	ORF3a	QHD43417.1	1	c.329C>T	p.Ala110Val	missense_variant	MODERATE	0.078007	544.357	55149
2019-nCoV	26060	C	T	SNP	Homozygous	ORF3a	QHD43417.1	1	c.668C>T	p.Thr223Ile	missense_variant	MODERATE	0.9995	36351.5	34329
2019-nCoV	26078	C	T	SNP	Heterozygous	ORF3a	QHD43417.1	1	c.686C>T	p.Thr229Ile	missense_variant	MODERATE	0.0335	88.4008	34275
2019-nCoV	26106	T	C	SNP	Heterozygous	ORF3a	QHD43417.1	1	c.714T>C	p.Asp238Asp	synonymous_variant	LOW	0.0425213	164.384	60222
2019-nCoV	26151	C	T	SNP	Heterozygous	ORF3a	QHD43417.1	1	c.759C>T	p.Ser253Ser	synonymous_variant	LOW	0.110327	1136.7	25897
2019-nCoV	26160	T	C	SNP	Heterozygous	ORF3a	QHD43417.1	1	c.768T>C	p.Val256Val	synonymous_variant	LOW	0.022011	21.8764	25928
2019-nCoV	26270	C	T	SNP	Homozygous	E	QHD43418.1	1	c.26C>T	p.Thr9Ile	missense_variant	MODERATE	1.0	33870.3	80488
2019-nCoV	26275	A	G	SNP	Heterozygous	E	QHD43418.1	1	c.31A>G	p.Thr11Ala	missense_variant	MODERATE	0.318159	6275.33	80267
2019-nCoV	26529	G	A	SNP	Heterozygous	M	QHD43419.1	1	c.7G>A	p.Asp3Asn	missense_variant	MODERATE	0.654	18254.7	16043
2019-nCoV	26577	C	G	SNP	Homozygous	M	QHD43419.1	1	c.55C>G	p.Gln19Glu	missense_variant	MODERATE	1.0	33940.0	6704
2019-nCoV	26709	G	A	SNP	Homozygous	M	QHD43419.1	1	c.187G>A	p.Ala63Thr	missense_variant	MODERATE	0.999499	36306.4	28152
2019-nCoV	26833	C	T	SNP	Heterozygous	M	QHD43419.1	1	c.311C>T	p.Ala104Val	missense_variant	MODERATE	0.0245123	33.2042	15907
2019-nCoV	26858	C	T	SNP	Heterozygous	M	QHD43419.1	1	c.336C>T	p.Phe112Phe	synonymous_variant	LOW	0.306306	5915.9	48285
2019-nCoV	27012	C	T	SNP	Heterozygous	M	QHD43419.1	1	c.490C>T	p.Leu164Leu	synonymous_variant	LOW	0.0305	31.1683	56247
2019-nCoV	27038	A	G	SNP	Heterozygous	M	QHD43419.1	1	c.516A>G	p.Thr172Thr	synonymous_variant	LOW	0.175	2484.17	7182
2019-nCoV	27259	A	C	SNP	Heterozygous	ORF6	QHD43420.1	1	c.58A>C	p.Arg20Arg	synonymous_variant	LOW	0.301	5764.97	19042
2019-nCoV	27298	A	T	SNP	Heterozygous	ORF6	QHD43420.1	1	c.97A>T	p.Ile33Leu	missense_variant	MODERATE	0.0410616	151.159	19362
2019-nCoV	27382	GAT	CTC	MNP	Heterozygous	ORF6	QHD43420.1	1	c.181_183delGATinsCTC	p.Asp61Leu	missense_variant	MODERATE	0.295775	5600.06	7960
2019-nCoV	27389	C	T	SNP	Heterozygous	ORF7a	QHD43421.1	-1	c.-5C>T	.	upstream_gene_variant	MODIFIER	0.136478	1639.28	8457
2019-nCoV	27509	C	T	SNP	Heterozygous	ORF7a	QHD43421.1	1	c.116C>T	p.Thr39Ile	missense_variant	MODERATE	0.0775	594.862	44021
2019-nCoV	27513	C	T	SNP	Heterozygous	ORF7a	QHD43421.1	1	c.120C>T	p.Tyr40Tyr	synonymous_variant	LOW	0.031	70.7492	44090
2019-nCoV	27576	T	C	SNP	Heterozygous	ORF7a	QHD43421.1	1	c.183T>C	p.Thr61Thr	synonymous_variant	LOW	0.024	30.7962	45081
2019-nCoV	27807	C	T	SNP	Homozygous	ORF8	QHD43422.1	-1	c.-87C>T	.	upstream_gene_variant	MODIFIER	1.0	36400.4	43718
2019-nCoV	27889	C	T	SNP	Heterozygous	ORF8	QHD43422.1	-1	c.-5C>T	.	upstream_gene_variant	MODIFIER	0.68988	19774.7	27804
2019-nCoV	27915	G	T	SNP	Heterozygous	ORF8	QHD43422.1	1	c.22G>T	p.Gly8*	stop_gained	HIGH	0.125	1414.73	42283
2019-nCoV	27998	C	T	SNP	Heterozygous	ORF8	QHD43422.1	1	c.105C>T	p.Asp35Asp	synonymous_variant	LOW	0.0675338	455.533	55831
2019-nCoV	28081	A	G	SNP	Heterozygous	ORF8	QHD43422.1	1	c.188A>G	p.Asp63Gly	missense_variant	MODERATE	0.0365183	110.054	53957
2019-nCoV	28094	T	C	SNP	Heterozygous	ORF8	QHD43422.1	1	c.201T>C	p.Ser67Ser	synonymous_variant	LOW	0.0511535	252.627	37689
2019-nCoV	28164	C	G	SNP	Heterozygous	ORF8	QHD43422.1	1	c.271C>G	p.Gln91Glu	missense_variant	MODERATE	0.0535	278.982	76233
2019-nCoV	28251	TTCA	GTTC	MNP	Heterozygous	ORF8	QHD43422.1	1	c.358_361delTTCAinsGTTC	p.PheIle120ValLeu	missense_variant	MODERATE	0.0330285	81.935	68214
2019-nCoV	28271	A	C	SNP	Heterozygous	N	QHD43423.2	-1	c.-3A>C	.	upstream_gene_variant	MODIFIER	0.0942356	30392.5	97294
2019-nCoV	28271	A	T	SNP	Heterozygous	N	QHD43423.2	-1	c.-3A>T	.	upstream_gene_variant	MODIFIER	0.86015	30392.5	97294
2019-nCoV	28311	C	T	SNP	Heterozygous	N	QHD43423.2	1	c.38C>T	p.Pro13Leu	missense_variant	MODERATE	0.502262	36227.3	97487
2019-nCoV	28311	CC	TT	MNP	Heterozygous	N	QHD43423.2	1	c.38_39delCCinsTT	p.Pro13Leu	missense_variant	MODERATE	0.497235	36227.3	97487
2019-nCoV	28330	A	G	SNP	Heterozygous	N	QHD43423.2	1	c.57A>G	p.Gly19Gly	synonymous_variant	LOW	0.175175	2462.09	94575
2019-nCoV	28361	GGAGAACGCA	G	DEL	Homozygous	N	QHD43423.2	1	c.90_98delAGAACGCAG	p.Glu31_Ser33del	disruptive_inframe_deletion	MODERATE	1.0	30677.8	21571
2019-nCoV	28681	G	T	SNP	Heterozygous	N	QHD43423.2	1	c.408G>T	p.Glu136Asp	missense_variant	MODERATE	0.498242	12154.4	100654
2019-nCoV	28881	GGG	AAC	MNP	Homozygous	N	QHD43423.2	1	c.608_610delGGGinsAAC	p.ArgGly203LysArg	missense_variant	MODERATE	1.0	33339.5	43240
2019-nCoV	29510	A	C	SNP	Homozygous	N	QHD43423.2	1	c.1237A>C	p.Ser413Arg	missense_variant	MODERATE	1.0	33732.5	11705
2019-nCoV	29625	C	T	SNP	Heterozygous	ORF10	QHI42199.1	1	c.68C>T	p.Ser23Phe	missense_variant	MODERATE	0.03	62.403	12286
2019-nCoV	29666	C	T	SNP	Heterozygous	ORF10	QHI42199.1	1	c.109C>T	p.Leu37Phe	missense_variant	MODERATE	0.068034	461.235	12211
2019-nCoV	29733	CGAGGCCACGCGGAGTACGATCGAGTG	C	DEL	Homozygous	S	QHD43416.1	-1	c.*4350_*4375delGAGGCCACGCGGAGTACGATCGAGTG	.	downstream_gene_variant	MODIFIER	1.0	35542.9	9697
2019-nCoV	29758	TG	CC	MNP	Homozygous	S	QHD43416.1	-1	c.*4374_*4375delTGinsCC	.	downstream_gene_variant	MODIFIER	0.99813	17509.7	24
