CHROM	POS	REF	ALT	VARTYPE	GEN[*].GT	ANN[*].GENE	ANN[*].FEATUREID	EFF[*].RANK	ANN[*].HGVS_C	ANN[*].HGVS_P	ANN[*].EFFECT	EFF[*].IMPACT	AF	QUAL	DP
2019-nCoV	44	C	T	SNP	Heterozygous	orf1ab	QHD43415.1	-1	c.-222C>T	.	upstream_gene_variant	MODIFIER	0.73	4583.94	57774
2019-nCoV	241	C	T	SNP	Homozygous	orf1ab	QHD43415.1	-1	c.-25C>T	.	upstream_gene_variant	MODIFIER	1.0	7853.57	6646
2019-nCoV	670	T	G	SNP	Heterozygous	orf1ab	QHD43415.1	1	c.405T>G	p.Ser135Arg	missense_variant	MODERATE	0.629073	3891.18	49191
2019-nCoV	2470	C	T	SNP	Heterozygous	orf1ab	QHD43415.1	1	c.2205C>T	p.Ala735Ala	synonymous_variant	LOW	0.1825	664.649	13938
2019-nCoV	2790	C	T	SNP	Heterozygous	orf1ab	QHD43415.1	1	c.2525C>T	p.Thr842Ile	missense_variant	MODERATE	0.640506	3219.88	39051
2019-nCoV	2832	A	G	SNP	Heterozygous	orf1ab	QHD43415.1	1	c.2567A>G	p.Lys856Arg	missense_variant	MODERATE	0.363409	1786.9	49237
2019-nCoV	3037	C	T	SNP	Homozygous	orf1ab	QHD43415.1	1	c.2772C>T	p.Phe924Phe	synonymous_variant	LOW	1.0	7336.31	40891
2019-nCoV	4184	G	A	SNP	Heterozygous	orf1ab	QHD43415.1	1	c.3919G>A	p.Gly1307Ser	missense_variant	MODERATE	0.6775	4320.19	15873
2019-nCoV	4321	C	T	SNP	Heterozygous	orf1ab	QHD43415.1	1	c.4056C>T	p.Ala1352Ala	synonymous_variant	LOW	0.655	4111.47	39722
2019-nCoV	5386	T	G	SNP	Heterozygous	orf1ab	QHD43415.1	1	c.5121T>G	p.Ala1707Ala	synonymous_variant	LOW	0.318296	1453.1	15108
2019-nCoV	8393	G	A	SNP	Heterozygous	orf1ab	QHD43415.1	1	c.8128G>A	p.Ala2710Thr	missense_variant	MODERATE	0.340852	1636.03	30785
2019-nCoV	9344	C	T	SNP	Heterozygous	orf1ab	QHD43415.1	1	c.9079C>T	p.Leu3027Phe	missense_variant	MODERATE	0.642132	3715.09	10592
2019-nCoV	9424	A	G	SNP	Heterozygous	orf1ab	QHD43415.1	1	c.9159A>G	p.Val3053Val	synonymous_variant	LOW	0.69	4461.16	6992
2019-nCoV	9534	C	T	SNP	Heterozygous	orf1ab	QHD43415.1	1	c.9269C>T	p.Thr3090Ile	missense_variant	MODERATE	0.1825	664.675	6340
2019-nCoV	9866	C	T	SNP	Heterozygous	orf1ab	QHD43415.1	1	c.9601C>T	p.Leu3201Phe	missense_variant	MODERATE	0.6525	3933.78	14121
2019-nCoV	10029	C	T	SNP	Homozygous	orf1ab	QHD43415.1	1	c.9764C>T	p.Thr3255Ile	missense_variant	MODERATE	1.0	7958.96	20641
2019-nCoV	10198	C	T	SNP	Heterozygous	orf1ab	QHD43415.1	1	c.9933C>T	p.Asp3311Asp	synonymous_variant	LOW	0.69	4455.99	17832
2019-nCoV	10447	GCC	ACA	MNP	Heterozygous	orf1ab	QHD43415.1	1	c.10182_10184delGCCinsACA	p.Pro3395His	missense_variant	MODERATE	0.674242	7880.85	4799
2019-nCoV	10449	C	A	SNP	Heterozygous	orf1ab	QHD43415.1	1	c.10184C>A	p.Pro3395His	missense_variant	MODERATE	0.325758	7880.85	4799
2019-nCoV	11282	AGTTTGTCTG	A	DEL	Heterozygous	orf1ab	QHD43415.1	1	c.11022_11030delGTCTGGTTT	p.Leu3674_Gly3676del	disruptive_inframe_deletion	MODERATE	0.319797	7716.79	41006
2019-nCoV	11287	GTCTGGTTTT	G	DEL	Heterozygous	orf1ab	QHD43415.1	1	c.11023_11031delTCTGGTTTT	p.Ser3675_Phe3677del	conservative_inframe_deletion	MODERATE	0.680203	7716.79	41006
2019-nCoV	11537	A	G	SNP	Heterozygous	orf1ab	QHD43415.1	1	c.11272A>G	p.Ile3758Val	missense_variant	MODERATE	0.3225	1511.73	23251
2019-nCoV	12880	C	T	SNP	Heterozygous	orf1ab	QHD43415.1	1	c.12615C>T	p.Ile4205Ile	synonymous_variant	LOW	0.5725	3349.02	31027
2019-nCoV	13195	T	C	SNP	Heterozygous	orf1ab	QHD43415.1	1	c.12930T>C	p.Val4310Val	synonymous_variant	LOW	0.3775	1890.23	57447
2019-nCoV	14408	C	T	SNP	Homozygous	orf1ab	QHD43415.1	2	c.14144C>T	p.Pro4715Leu	missense_variant	MODERATE	1.0	7854.3	8234
2019-nCoV	15240	C	T	SNP	Heterozygous	orf1ab	QHD43415.1	2	c.14976C>T	p.Asn4992Asn	synonymous_variant	LOW	0.3625	1782.0	41825
2019-nCoV	15714	C	T	SNP	Heterozygous	orf1ab	QHD43415.1	2	c.15450C>T	p.Leu5150Leu	synonymous_variant	LOW	0.58	3474.11	59873
2019-nCoV	17410	C	T	SNP	Heterozygous	orf1ab	QHD43415.1	2	c.17146C>T	p.Arg5716Cys	missense_variant	MODERATE	0.595	3610.7	48168
2019-nCoV	18163	A	G	SNP	Homozygous	orf1ab	QHD43415.1	2	c.17899A>G	p.Ile5967Val	missense_variant	MODERATE	0.994975	7860.52	18816
2019-nCoV	19955	C	T	SNP	Heterozygous	orf1ab	QHD43415.1	2	c.19691C>T	p.Thr6564Ile	missense_variant	MODERATE	0.521303	2963.42	50235
2019-nCoV	20055	A	G	SNP	Heterozygous	orf1ab	QHD43415.1	2	c.19791A>G	p.Glu6597Glu	synonymous_variant	LOW	0.503759	2811.99	39704
2019-nCoV	21618	C	T	SNP	Heterozygous	S	QHD43416.1	1	c.56C>T	p.Thr19Ile	missense_variant	MODERATE	0.551637	3208.09	18460
2019-nCoV	21632	TTACCCCCTG	T	DEL	Heterozygous	S	QHD43416.1	1	c.71_79delTACCCCCTG	p.Leu24_Ala27delinsSer	disruptive_inframe_deletion	MODERATE	0.568182	3327.36	18003
2019-nCoV	21762	CTATACATG	TTA	MIXED	Heterozygous	S	QHD43416.1	1	c.200_208delCTATACATGinsTTA	p.Ala67_Val70delinsValIle	missense_variant&disruptive_inframe_deletion	MODERATE	0.295455	1326.21	11890
2019-nCoV	21987	G	A	SNP	Homozygous	S	QHD43416.1	1	c.425G>A	p.Gly142Asp	missense_variant	MODERATE	0.995	7907.43	15197
2019-nCoV	22193	AATT	A	DEL	Heterozygous	S	QHD43416.1	1	c.632_634delATT	p.Asn211_Leu212delinsIle	disruptive_inframe_deletion	MODERATE	0.29397	1311.51	12623
2019-nCoV	22200	T	G	SNP	Heterozygous	S	QHD43416.1	1	c.638T>G	p.Val213Gly	missense_variant	MODERATE	0.705	4598.48	12613
2019-nCoV	22204	T	TGAGCCAGAA	INS	Heterozygous	S	QHD43416.1	1	c.644_645insGCCAGAAGA	p.Arg214_Asp215insGluProGlu	disruptive_inframe_insertion	MODERATE	0.263158	1119.79	12791
2019-nCoV	22578	G	A	SNP	Homozygous	S	QHD43416.1	1	c.1016G>A	p.Gly339Asp	missense_variant	MODERATE	0.995	7909.27	9611
2019-nCoV	22599	G	A	SNP	Heterozygous	S	QHD43416.1	1	c.1037G>A	p.Arg346Lys	missense_variant	MODERATE	0.4425	2374.02	424
2019-nCoV	22673	TC	CT	MNP	Heterozygous	S	QHD43416.1	1	c.1111_1112delTCinsCT	p.Ser371Leu	missense_variant	MODERATE	0.58396	7604.89	1530
2019-nCoV	22674	C	T	SNP	Heterozygous	S	QHD43416.1	1	c.1112C>T	p.Ser371Phe	missense_variant	MODERATE	0.39599	7604.89	1530
2019-nCoV	22679	T	C	SNP	Heterozygous	S	QHD43416.1	1	c.1117T>C	p.Ser373Pro	missense_variant	MODERATE	0.99	7787.67	1534
2019-nCoV	22686	C	T	SNP	Heterozygous	S	QHD43416.1	1	c.1124C>T	p.Ser375Phe	missense_variant	MODERATE	0.459391	6769.44	1002
2019-nCoV	22686	CCA	TCG	MNP	Heterozygous	S	QHD43416.1	1	c.1124_1126delCCAinsTCG	p.SerThr375PheAla	missense_variant	MODERATE	0.530457	6769.44	1002
2019-nCoV	22775	G	A	SNP	Heterozygous	S	QHD43416.1	1	c.1213G>A	p.Asp405Asn	missense_variant	MODERATE	0.5275	3029.65	1050
2019-nCoV	22786	A	C	SNP	Heterozygous	S	QHD43416.1	1	c.1224A>C	p.Arg408Ser	missense_variant	MODERATE	0.501259	2807.47	1037
2019-nCoV	22792	C	T	SNP	Heterozygous	S	QHD43416.1	1	c.1230C>T	p.Ile410Ile	synonymous_variant	LOW	0.496241	2783.33	1026
2019-nCoV	22813	G	T	SNP	Heterozygous	S	QHD43416.1	1	c.1251G>T	p.Lys417Asn	missense_variant	MODERATE	0.9875	7786.57	13377
2019-nCoV	22882	T	G	SNP	Heterozygous	S	QHD43416.1	1	c.1320T>G	p.Asn440Lys	missense_variant	MODERATE	0.984962	7729.78	21347
2019-nCoV	22898	G	A	SNP	Heterozygous	S	QHD43416.1	1	c.1336G>A	p.Gly446Ser	missense_variant	MODERATE	0.666667	4228.64	21614
2019-nCoV	22992	GCAC	ACAA	MNP	Homozygous	S	QHD43416.1	1	c.1430_1433delGCACinsACAA	p.SerThr477AsnLys	missense_variant	MODERATE	1.0	7919.16	8727
2019-nCoV	23013	A	C	SNP	Homozygous	S	QHD43416.1	1	c.1451A>C	p.Glu484Ala	missense_variant	MODERATE	0.992481	7790.16	8565
2019-nCoV	23040	A	G	SNP	Homozygous	S	QHD43416.1	1	c.1478A>G	p.Gln493Arg	missense_variant	MODERATE	1.0	7291.56	8252
2019-nCoV	23048	G	A	SNP	Heterozygous	S	QHD43416.1	1	c.1486G>A	p.Gly496Ser	missense_variant	MODERATE	0.29	1302.53	12
2019-nCoV	23202	C	A	SNP	Heterozygous	S	QHD43416.1	1	c.1640C>A	p.Thr547Lys	missense_variant	MODERATE	0.347607	1649.86	7260
2019-nCoV	23403	A	G	SNP	Homozygous	S	QHD43416.1	1	c.1841A>G	p.Asp614Gly	missense_variant	MODERATE	1.0	7841.89	52920
2019-nCoV	23525	C	T	SNP	Homozygous	S	QHD43416.1	1	c.1963C>T	p.His655Tyr	missense_variant	MODERATE	0.9925	7863.57	79105
2019-nCoV	23599	T	G	SNP	Homozygous	S	QHD43416.1	1	c.2037T>G	p.Asn679Lys	missense_variant	MODERATE	0.992443	7798.93	104417
2019-nCoV	23604	C	A	SNP	Heterozygous	S	QHD43416.1	1	c.2042C>A	p.Pro681His	missense_variant	MODERATE	0.987469	7773.67	104512
2019-nCoV	23854	C	A	SNP	Homozygous	S	QHD43416.1	1	c.2292C>A	p.Asn764Lys	missense_variant	MODERATE	0.992481	7689.38	11105
2019-nCoV	23948	G	T	SNP	Heterozygous	S	QHD43416.1	1	c.2386G>T	p.Asp796Tyr	missense_variant	MODERATE	0.985	7749.0	8762
2019-nCoV	24130	C	A	SNP	Heterozygous	S	QHD43416.1	1	c.2568C>A	p.Asn856Lys	missense_variant	MODERATE	0.386364	1919.98	26675
2019-nCoV	24424	A	T	SNP	Homozygous	S	QHD43416.1	1	c.2862A>T	p.Gln954His	missense_variant	MODERATE	0.9925	7828.87	21328
2019-nCoV	24469	T	A	SNP	Homozygous	S	QHD43416.1	1	c.2907T>A	p.Asn969Lys	missense_variant	MODERATE	0.9925	7571.19	44314
2019-nCoV	24503	C	T	SNP	Heterozygous	S	QHD43416.1	1	c.2941C>T	p.Leu981Phe	missense_variant	MODERATE	0.340852	1620.41	46920
2019-nCoV	25000	C	T	SNP	Homozygous	S	QHD43416.1	1	c.3438C>T	p.Asp1146Asp	synonymous_variant	LOW	0.997494	7851.37	41250
2019-nCoV	25584	C	T	SNP	Heterozygous	ORF3a	QHD43417.1	1	c.192C>T	p.Thr64Thr	synonymous_variant	LOW	0.984772	7624.06	107096
2019-nCoV	25624	C	T	SNP	Heterozygous	ORF3a	QHD43417.1	1	c.232C>T	p.His78Tyr	missense_variant	MODERATE	0.22807	916.105	45537
2019-nCoV	26060	C	T	SNP	Heterozygous	ORF3a	QHD43417.1	1	c.668C>T	p.Thr223Ile	missense_variant	MODERATE	0.6475	4067.58	50164
2019-nCoV	26270	C	T	SNP	Homozygous	E	QHD43418.1	1	c.26C>T	p.Thr9Ile	missense_variant	MODERATE	0.9975	7924.09	114529
2019-nCoV	26530	A	G	SNP	Heterozygous	M	QHD43419.1	1	c.8A>G	p.Asp3Gly	missense_variant	MODERATE	0.3725	1860.62	20487
2019-nCoV	26577	C	G	SNP	Homozygous	M	QHD43419.1	1	c.55C>G	p.Gln19Glu	missense_variant	MODERATE	0.9975	7948.56	10936
2019-nCoV	26709	G	A	SNP	Homozygous	M	QHD43419.1	1	c.187G>A	p.Ala63Thr	missense_variant	MODERATE	0.9975	7948.72	18490
2019-nCoV	26858	C	T	SNP	Heterozygous	M	QHD43419.1	1	c.336C>T	p.Phe112Phe	synonymous_variant	LOW	0.6425	4000.7	35006
2019-nCoV	27259	A	C	SNP	Homozygous	ORF6	QHD43420.1	1	c.58A>C	p.Arg20Arg	synonymous_variant	LOW	0.9925	7828.11	26178
2019-nCoV	27382	GAT	CTC	MNP	Heterozygous	ORF6	QHD43420.1	1	c.181_183delGATinsCTC	p.Asp61Leu	missense_variant	MODERATE	0.647208	4014.19	6324
2019-nCoV	27807	C	T	SNP	Homozygous	ORF8	QHD43422.1	-1	c.-87C>T	.	upstream_gene_variant	MODIFIER	0.9925	7872.64	31204
2019-nCoV	28271	A	T	SNP	Heterozygous	N	QHD43423.2	-1	c.-3A>T	.	upstream_gene_variant	MODIFIER	0.957393	7159.26	75507
2019-nCoV	28311	C	T	SNP	Heterozygous	N	QHD43423.2	1	c.38C>T	p.Pro13Leu	missense_variant	MODERATE	0.985	7723.99	76312
2019-nCoV	28361	GGAGAACGCA	G	DEL	Heterozygous	N	QHD43423.2	1	c.90_98delAGAACGCAG	p.Glu31_Ser33del	disruptive_inframe_deletion	MODERATE	0.989583	7480.28	20844
2019-nCoV	28881	GGG	AAC	MNP	Homozygous	N	QHD43423.2	1	c.608_610delGGGinsAAC	p.ArgGly203LysArg	missense_variant	MODERATE	1.0	7897.98	22515
2019-nCoV	29510	A	C	SNP	Heterozygous	N	QHD43423.2	1	c.1237A>C	p.Ser413Arg	missense_variant	MODERATE	0.308271	1414.34	11958
2019-nCoV	29733	CGAGGCCACGCGGAGTACGATCGAGTG	C	DEL	Heterozygous	S	QHD43416.1	-1	c.*4350_*4375delGAGGCCACGCGGAGTACGATCGAGTG	.	downstream_gene_variant	MODIFIER	0.608579	3470.63	6364
