CHROM	POS	REF	ALT	VARTYPE	GEN[*].GT	ANN[*].GENE	ANN[*].FEATUREID	EFF[*].RANK	ANN[*].HGVS_C	ANN[*].HGVS_P	ANN[*].EFFECT	EFF[*].IMPACT	AF	QUAL	DP
2019-nCoV	210	G	T	SNP	Heterozygous	orf1ab	QHD43415.1	-1	c.-56G>T	.	upstream_gene_variant	MODIFIER	0.1625	559.325	33714
2019-nCoV	241	C	T	SNP	Homozygous	orf1ab	QHD43415.1	-1	c.-25C>T	.	upstream_gene_variant	MODIFIER	1.0	7779.82	4069
2019-nCoV	245	C	T	SNP	Heterozygous	orf1ab	QHD43415.1	-1	c.-21C>T	.	upstream_gene_variant	MODIFIER	0.2225	888.935	4163
2019-nCoV	2470	C	T	SNP	Heterozygous	orf1ab	QHD43415.1	1	c.2205C>T	p.Ala735Ala	synonymous_variant	LOW	0.18797	692.524	5732
2019-nCoV	2832	A	G	SNP	Heterozygous	orf1ab	QHD43415.1	1	c.2567A>G	p.Lys856Arg	missense_variant	MODERATE	0.81407	5653.76	34335
2019-nCoV	3037	C	T	SNP	Homozygous	orf1ab	QHD43415.1	1	c.2772C>T	p.Phe924Phe	synonymous_variant	LOW	1.0	7358.01	30747
2019-nCoV	5386	T	G	SNP	Heterozygous	orf1ab	QHD43415.1	1	c.5121T>G	p.Ala1707Ala	synonymous_variant	LOW	0.695	4455.22	14391
2019-nCoV	6402	C	T	SNP	Heterozygous	orf1ab	QHD43415.1	1	c.6137C>T	p.Pro2046Leu	missense_variant	MODERATE	0.311558	1436.72	15188
2019-nCoV	6512	AGTT	A	DEL	Heterozygous	orf1ab	QHD43415.1	1	c.6248_6250delGTT	p.Ser2083_Leu2084delinsIle	disruptive_inframe_deletion	MODERATE	0.708122	4378.96	13233
2019-nCoV	7124	C	T	SNP	Heterozygous	orf1ab	QHD43415.1	1	c.6859C>T	p.Pro2287Ser	missense_variant	MODERATE	0.1875	691.019	4325
2019-nCoV	8393	G	A	SNP	Heterozygous	orf1ab	QHD43415.1	1	c.8128G>A	p.Ala2710Thr	missense_variant	MODERATE	0.86	6184.23	18478
2019-nCoV	10029	C	T	SNP	Homozygous	orf1ab	QHD43415.1	1	c.9764C>T	p.Thr3255Ile	missense_variant	MODERATE	1.0	7968.63	11830
2019-nCoV	10449	C	A	SNP	Heterozygous	orf1ab	QHD43415.1	1	c.10184C>A	p.Pro3395His	missense_variant	MODERATE	0.781955	5351.62	3641
2019-nCoV	11201	A	G	SNP	Heterozygous	orf1ab	QHD43415.1	1	c.10936A>G	p.Thr3646Ala	missense_variant	MODERATE	0.218045	856.311	17915
2019-nCoV	11282	AGTTTGTCTG	A	DEL	Heterozygous	orf1ab	QHD43415.1	1	c.11022_11030delGTCTGGTTT	p.Leu3674_Gly3676del	disruptive_inframe_deletion	MODERATE	0.812332	5161.88	22666
2019-nCoV	11332	A	G	SNP	Heterozygous	orf1ab	QHD43415.1	1	c.11067A>G	p.Val3689Val	synonymous_variant	LOW	0.218045	858.958	23373
2019-nCoV	11537	A	G	SNP	Heterozygous	orf1ab	QHD43415.1	1	c.11272A>G	p.Ile3758Val	missense_variant	MODERATE	0.859649	6168.51	15489
2019-nCoV	13195	T	C	SNP	Heterozygous	orf1ab	QHD43415.1	1	c.12930T>C	p.Val4310Val	synonymous_variant	LOW	0.91	6760.12	27681
2019-nCoV	14408	C	T	SNP	Heterozygous	orf1ab	QHD43415.1	2	c.14144C>T	p.Pro4715Leu	missense_variant	MODERATE	0.9875	7786.5	2849
2019-nCoV	15240	C	T	SNP	Heterozygous	orf1ab	QHD43415.1	2	c.14976C>T	p.Asn4992Asn	synonymous_variant	LOW	0.715	4691.37	37304
2019-nCoV	18163	A	G	SNP	Heterozygous	orf1ab	QHD43415.1	2	c.17899A>G	p.Ile5967Val	missense_variant	MODERATE	0.856423	6104.69	16254
2019-nCoV	19220	C	T	SNP	Heterozygous	orf1ab	QHD43415.1	2	c.18956C>T	p.Ala6319Val	missense_variant	MODERATE	0.215539	846.67	54177
2019-nCoV	19368	AT	A	DEL	Heterozygous	orf1ab	QHD43415.1	2	c.19109delT	p.Phe6370fs	frameshift_variant	HIGH	0.554156	570.188	55622
2019-nCoV	21762	CTATACATG	TTA	MIXED	Heterozygous	S	QHD43416.1	1	c.200_208delCTATACATGinsTTA	p.Ala67_Val70delinsValIle	missense_variant&disruptive_inframe_deletion	MODERATE	0.921717	6799.2	5672
2019-nCoV	21987	G	A	SNP	Heterozygous	S	QHD43416.1	1	c.425G>A	p.Gly142Asp	missense_variant	MODERATE	0.977273	7543.57	1013
2019-nCoV	22193	AATT	A	DEL	Heterozygous	S	QHD43416.1	1	c.632_634delATT	p.Asn211_Leu212delinsIle	disruptive_inframe_deletion	MODERATE	0.883905	6123.94	8616
2019-nCoV	22204	T	TGAGCCAGAA	INS	Heterozygous	S	QHD43416.1	1	c.644_645insGCCAGAAGA	p.Arg214_Asp215insGluProGlu	disruptive_inframe_insertion	MODERATE	0.815857	5500.4	9039
2019-nCoV	22578	G	A	SNP	Heterozygous	S	QHD43416.1	1	c.1016G>A	p.Gly339Asp	missense_variant	MODERATE	0.766917	5193.71	7048
2019-nCoV	22673	TC	CT	MNP	Heterozygous	S	QHD43416.1	1	c.1111_1112delTCinsCT	p.Ser371Leu	missense_variant	MODERATE	0.643216	4017.82	2422
2019-nCoV	22679	T	C	SNP	Heterozygous	S	QHD43416.1	1	c.1117T>C	p.Ser373Pro	missense_variant	MODERATE	0.595	3597.48	2408
2019-nCoV	22686	C	T	SNP	Heterozygous	S	QHD43416.1	1	c.1124C>T	p.Ser375Phe	missense_variant	MODERATE	0.974937	6665.79	506
2019-nCoV	22813	G	T	SNP	Heterozygous	S	QHD43416.1	1	c.1251G>T	p.Lys417Asn	missense_variant	MODERATE	0.794486	5475.51	43036
2019-nCoV	22882	T	G	SNP	Heterozygous	S	QHD43416.1	1	c.1320T>G	p.Asn440Lys	missense_variant	MODERATE	0.8225	5785.76	46663
2019-nCoV	22898	G	A	SNP	Heterozygous	S	QHD43416.1	1	c.1336G>A	p.Gly446Ser	missense_variant	MODERATE	0.7825	5364.37	46245
2019-nCoV	22917	T	G	SNP	Heterozygous	S	QHD43416.1	1	c.1355T>G	p.Leu452Arg	missense_variant	MODERATE	0.215	836.695	45757
2019-nCoV	22992	GCAC	ACAA	MNP	Homozygous	S	QHD43416.1	1	c.1430_1433delGCACinsACAA	p.SerThr477AsnLys	missense_variant	MODERATE	0.997175	6983.68	3220
2019-nCoV	23013	A	C	SNP	Heterozygous	S	QHD43416.1	1	c.1451A>C	p.Glu484Ala	missense_variant	MODERATE	0.83	5850.06	3156
2019-nCoV	23040	A	G	SNP	Heterozygous	S	QHD43416.1	1	c.1478A>G	p.Gln493Arg	missense_variant	MODERATE	0.886544	6118.37	2908
2019-nCoV	23202	C	A	SNP	Heterozygous	S	QHD43416.1	1	c.1640C>A	p.Thr547Lys	missense_variant	MODERATE	0.844612	5960.06	2875
2019-nCoV	23403	A	G	SNP	Homozygous	S	QHD43416.1	1	c.1841A>G	p.Asp614Gly	missense_variant	MODERATE	1.0	7861.81	38570
2019-nCoV	23525	C	T	SNP	Heterozygous	S	QHD43416.1	1	c.1963C>T	p.His655Tyr	missense_variant	MODERATE	0.681704	4370.42	49675
2019-nCoV	23599	T	G	SNP	Heterozygous	S	QHD43416.1	1	c.2037T>G	p.Asn679Lys	missense_variant	MODERATE	0.769424	5224.26	54631
2019-nCoV	23604	C	A	SNP	Heterozygous	S	QHD43416.1	1	c.2042C>A	p.Pro681His	missense_variant	MODERATE	0.7675	8002.83	54687
2019-nCoV	23604	C	G	SNP	Heterozygous	S	QHD43416.1	1	c.2042C>G	p.Pro681Arg	missense_variant	MODERATE	0.2325	8002.83	54687
2019-nCoV	23854	C	A	SNP	Heterozygous	S	QHD43416.1	1	c.2292C>A	p.Asn764Lys	missense_variant	MODERATE	0.867168	6159.01	5593
2019-nCoV	23948	G	T	SNP	Heterozygous	S	QHD43416.1	1	c.2386G>T	p.Asp796Tyr	missense_variant	MODERATE	0.895	6563.3	3048
2019-nCoV	24130	C	A	SNP	Heterozygous	S	QHD43416.1	1	c.2568C>A	p.Asn856Lys	missense_variant	MODERATE	0.821429	5615.08	11292
2019-nCoV	24424	A	T	SNP	Homozygous	S	QHD43416.1	1	c.2862A>T	p.Gln954His	missense_variant	MODERATE	0.9925	7835.99	11738
2019-nCoV	24469	T	A	SNP	Heterozygous	S	QHD43416.1	1	c.2907T>A	p.Asn969Lys	missense_variant	MODERATE	0.927136	6675.54	22607
2019-nCoV	24503	C	T	SNP	Heterozygous	S	QHD43416.1	1	c.2941C>T	p.Leu981Phe	missense_variant	MODERATE	0.8575	6111.91	24090
2019-nCoV	25000	C	T	SNP	Heterozygous	S	QHD43416.1	1	c.3438C>T	p.Asp1146Asp	synonymous_variant	LOW	0.954774	7289.75	27940
2019-nCoV	25584	C	T	SNP	Heterozygous	ORF3a	QHD43417.1	1	c.192C>T	p.Thr64Thr	synonymous_variant	LOW	0.81407	5628.98	37114
2019-nCoV	26270	C	T	SNP	Heterozygous	E	QHD43418.1	1	c.26C>T	p.Thr9Ile	missense_variant	MODERATE	0.8975	6615.38	76289
2019-nCoV	26530	A	G	SNP	Heterozygous	M	QHD43419.1	1	c.8A>G	p.Asp3Gly	missense_variant	MODERATE	0.669173	4263.8	12825
2019-nCoV	26577	C	G	SNP	Heterozygous	M	QHD43419.1	1	c.55C>G	p.Gln19Glu	missense_variant	MODERATE	0.814536	5686.87	6273
2019-nCoV	26709	G	A	SNP	Heterozygous	M	QHD43419.1	1	c.187G>A	p.Ala63Thr	missense_variant	MODERATE	0.7525	5068.58	16480
2019-nCoV	26767	T	C	SNP	Heterozygous	M	QHD43419.1	1	c.245T>C	p.Ile82Thr	missense_variant	MODERATE	0.2725	1191.01	16504
2019-nCoV	27259	A	C	SNP	Heterozygous	ORF6	QHD43420.1	1	c.58A>C	p.Arg20Arg	synonymous_variant	LOW	0.756281	5068.86	27511
2019-nCoV	27752	C	T	SNP	Heterozygous	ORF7a	QHD43421.1	1	c.359C>T	p.Thr120Ile	missense_variant	MODERATE	0.145	466.93	35395
2019-nCoV	27807	C	T	SNP	Heterozygous	ORF8	QHD43422.1	-1	c.-87C>T	.	upstream_gene_variant	MODIFIER	0.8025	5562.62	38615
2019-nCoV	27874	C	T	SNP	Heterozygous	ORF8	QHD43422.1	-1	c.-20C>T	.	upstream_gene_variant	MODIFIER	0.201005	721.901	32908
2019-nCoV	28270	TA	T	DEL	Heterozygous	N	QHD43423.2	-1	c.-3delA	.	upstream_gene_variant	MODIFIER	0.360406	6428.88	70367
2019-nCoV	28271	A	T	SNP	Heterozygous	N	QHD43423.2	-1	c.-3A>T	.	upstream_gene_variant	MODIFIER	0.639594	6428.88	70367
2019-nCoV	28311	C	T	SNP	Heterozygous	N	QHD43423.2	1	c.38C>T	p.Pro13Leu	missense_variant	MODERATE	0.721805	4756.74	70405
2019-nCoV	28361	GGAGAACGCA	G	DEL	Heterozygous	N	QHD43423.2	1	c.90_98delAGAACGCAG	p.Glu31_Ser33del	disruptive_inframe_deletion	MODERATE	0.748718	4862.98	17977
2019-nCoV	28461	A	G	SNP	Heterozygous	N	QHD43423.2	1	c.188A>G	p.Asp63Gly	missense_variant	MODERATE	0.379397	1884.97	4471
2019-nCoV	28881	GGG	AAC	MNP	Heterozygous	N	QHD43423.2	1	c.608_610delGGGinsAAC	p.ArgGly203LysArg	missense_variant	MODERATE	0.827848	7723.22	30226
2019-nCoV	28881	G	T	SNP	Heterozygous	N	QHD43423.2	1	c.608G>T	p.Arg203Met	missense_variant	MODERATE	0.16962	7723.22	30226
2019-nCoV	28916	G	T	SNP	Heterozygous	N	QHD43423.2	1	c.643G>T	p.Gly215Cys	missense_variant	MODERATE	0.197995	747.674	50714
2019-nCoV	29402	G	T	SNP	Heterozygous	N	QHD43423.2	1	c.1129G>T	p.Asp377Tyr	missense_variant	MODERATE	0.2475	1031.28	21048
2019-nCoV	29742	G	T	SNP	Heterozygous	S	QHD43416.1	-1	c.*4358G>T	.	downstream_gene_variant	MODIFIER	0.291339	1244.22	7064
