CHROM	POS	REF	ALT	VARTYPE	GEN[*].GT	ANN[*].GENE	ANN[*].FEATUREID	EFF[*].RANK	ANN[*].HGVS_C	ANN[*].HGVS_P	ANN[*].EFFECT	EFF[*].IMPACT	AF	QUAL	DP
2019-nCoV	44	C	T	SNP	Homozygous	orf1ab	QHD43415.1	-1	c.-222C>T	.	upstream_gene_variant	MODIFIER	0.981472	31554.0	59639
2019-nCoV	140	C	T	SNP	Heterozygous	orf1ab	QHD43415.1	-1	c.-126C>T	.	upstream_gene_variant	MODIFIER	0.0275	48.7219	63949
2019-nCoV	171	C	T	SNP	Heterozygous	orf1ab	QHD43415.1	-1	c.-95C>T	.	upstream_gene_variant	MODIFIER	0.0205617	16.8321	61776
2019-nCoV	180	C	T	SNP	Heterozygous	orf1ab	QHD43415.1	-1	c.-86C>T	.	upstream_gene_variant	MODIFIER	0.0180723	11.1098	60755
2019-nCoV	241	C	T	SNP	Homozygous	orf1ab	QHD43415.1	-1	c.-25C>T	.	upstream_gene_variant	MODIFIER	1.0	33394.4	4902
2019-nCoV	252	G	C	SNP	Heterozygous	orf1ab	QHD43415.1	-1	c.-14G>C	.	upstream_gene_variant	MODIFIER	0.0310155	69.1248	4999
2019-nCoV	670	T	G	SNP	Homozygous	orf1ab	QHD43415.1	1	c.405T>G	p.Ser135Arg	missense_variant	MODERATE	0.993985	33294.5	51596
2019-nCoV	988	C	T	SNP	Heterozygous	orf1ab	QHD43415.1	1	c.723C>T	p.Tyr241Tyr	synonymous_variant	LOW	0.02	14.9631	15437
2019-nCoV	1288	C	T	SNP	Heterozygous	orf1ab	QHD43415.1	1	c.1023C>T	p.Cys341Cys	synonymous_variant	LOW	0.0215	19.6733	21215
2019-nCoV	1547	A	G	SNP	Heterozygous	orf1ab	QHD43415.1	1	c.1282A>G	p.Ser428Gly	missense_variant	MODERATE	0.0245	32.9853	45000
2019-nCoV	1570	T	C	SNP	Heterozygous	orf1ab	QHD43415.1	1	c.1305T>C	p.His435His	synonymous_variant	LOW	0.0285143	23.5788	25971
2019-nCoV	1627	C	T	SNP	Heterozygous	orf1ab	QHD43415.1	1	c.1362C>T	p.Leu454Leu	synonymous_variant	LOW	0.536036	12175.5	33990
2019-nCoV	1782	G	A	SNP	Heterozygous	orf1ab	QHD43415.1	1	c.1517G>A	p.Cys506Tyr	missense_variant	MODERATE	0.112056	932.196	11466
2019-nCoV	1931	C	A	SNP	Heterozygous	orf1ab	QHD43415.1	1	c.1666C>A	p.Gln556Lys	missense_variant	MODERATE	0.298943	5569.58	6428
2019-nCoV	2786	A	G	SNP	Heterozygous	orf1ab	QHD43415.1	1	c.2521A>G	p.Ile841Val	missense_variant	MODERATE	0.0235	27.7394	33374
2019-nCoV	2790	C	T	SNP	Homozygous	orf1ab	QHD43415.1	1	c.2525C>T	p.Thr842Ile	missense_variant	MODERATE	0.998994	18612.3	33279
2019-nCoV	2954	T	C	SNP	Heterozygous	orf1ab	QHD43415.1	1	c.2689T>C	p.Leu897Leu	synonymous_variant	LOW	0.2845	5306.52	31955
2019-nCoV	2972	G	T	SNP	Heterozygous	orf1ab	QHD43415.1	1	c.2707G>T	p.Ala903Ser	missense_variant	MODERATE	0.0205103	16.6159	37955
2019-nCoV	3037	C	T	SNP	Homozygous	orf1ab	QHD43415.1	1	c.2772C>T	p.Phe924Phe	synonymous_variant	LOW	0.9985	33788.0	29717
2019-nCoV	3604	C	T	SNP	Heterozygous	orf1ab	QHD43415.1	1	c.3339C>T	p.His1113His	synonymous_variant	LOW	0.034	91.7826	36990
2019-nCoV	3796	C	T	SNP	Heterozygous	orf1ab	QHD43415.1	1	c.3531C>T	p.Val1177Val	synonymous_variant	LOW	0.0516809	243.578	22215
2019-nCoV	3927	C	T	SNP	Heterozygous	orf1ab	QHD43415.1	1	c.3662C>T	p.Ser1221Leu	missense_variant	MODERATE	0.0435653	174.387	10561
2019-nCoV	4184	G	A	SNP	Homozygous	orf1ab	QHD43415.1	1	c.3919G>A	p.Gly1307Ser	missense_variant	MODERATE	0.996495	35987.7	17014
2019-nCoV	4321	C	T	SNP	Homozygous	orf1ab	QHD43415.1	1	c.4056C>T	p.Ala1352Ala	synonymous_variant	LOW	0.999491	32395.3	43761
2019-nCoV	4343	A	G	SNP	Heterozygous	orf1ab	QHD43415.1	1	c.4078A>G	p.Ile1360Val	missense_variant	MODERATE	0.048024	217.087	44438
2019-nCoV	4586	C	T	SNP	Heterozygous	orf1ab	QHD43415.1	1	c.4321C>T	p.Leu1441Leu	synonymous_variant	LOW	0.028	51.826	44992
2019-nCoV	4595	A	G	SNP	Heterozygous	orf1ab	QHD43415.1	1	c.4330A>G	p.Thr1444Ala	missense_variant	MODERATE	0.0185185	10.5735	44970
2019-nCoV	4884	A	G	SNP	Heterozygous	orf1ab	QHD43415.1	1	c.4619A>G	p.Asn1540Ser	missense_variant	MODERATE	0.027	45.143	12837
2019-nCoV	5032	A	G	SNP	Heterozygous	orf1ab	QHD43415.1	1	c.4767A>G	p.Thr1589Thr	synonymous_variant	LOW	0.05	156.013	13747
2019-nCoV	5284	C	T	SNP	Heterozygous	orf1ab	QHD43415.1	1	c.5019C>T	p.Asn1673Asn	synonymous_variant	LOW	0.036036	107.837	15590
2019-nCoV	5812	C	T	SNP	Heterozygous	orf1ab	QHD43415.1	1	c.5547C>T	p.Asp1849Asp	synonymous_variant	LOW	0.022	22.1705	5022
2019-nCoV	6336	C	T	SNP	Heterozygous	orf1ab	QHD43415.1	1	c.6071C>T	p.Ser2024Leu	missense_variant	MODERATE	0.0445223	105.579	42154
2019-nCoV	6979	T	G	SNP	Heterozygous	orf1ab	QHD43415.1	1	c.6714T>G	p.Val2238Val	synonymous_variant	LOW	0.0755378	568.938	8853
2019-nCoV	7320	G	T	SNP	Heterozygous	orf1ab	QHD43415.1	1	c.7055G>T	p.Ser2352Ile	missense_variant	MODERATE	0.0290581	58.2401	3857
2019-nCoV	7528	C	T	SNP	Heterozygous	orf1ab	QHD43415.1	1	c.7263C>T	p.Val2421Val	synonymous_variant	LOW	0.178	2551.72	14530
2019-nCoV	8201	G	A	SNP	Heterozygous	orf1ab	QHD43415.1	1	c.7936G>A	p.Val2646Ile	missense_variant	MODERATE	0.028	51.5188	14940
2019-nCoV	9344	C	T	SNP	Homozygous	orf1ab	QHD43415.1	1	c.9079C>T	p.Leu3027Phe	missense_variant	MODERATE	1.0	32108.5	13254
2019-nCoV	9424	A	G	SNP	Homozygous	orf1ab	QHD43415.1	1	c.9159A>G	p.Val3053Val	synonymous_variant	LOW	0.994497	35938.7	11313
2019-nCoV	9532	CAC	TAT	MNP	Heterozygous	orf1ab	QHD43415.1	1	c.9267_9269delCACinsTAT	p.Thr3090Ile	missense_variant	MODERATE	0.0458199	22492.7	1243
2019-nCoV	9534	C	T	SNP	Heterozygous	orf1ab	QHD43415.1	1	c.9269C>T	p.Thr3090Ile	missense_variant	MODERATE	0.953376	22492.7	1243
2019-nCoV	9826	A	G	SNP	Heterozygous	orf1ab	QHD43415.1	1	c.9561A>G	p.Lys3187Lys	synonymous_variant	LOW	0.0375	66.244	5091
2019-nCoV	9866	C	T	SNP	Heterozygous	orf1ab	QHD43415.1	1	c.9601C>T	p.Leu3201Phe	missense_variant	MODERATE	0.061716	356.949	21528
2019-nCoV	10029	C	T	SNP	Homozygous	orf1ab	QHD43415.1	1	c.9764C>T	p.Thr3255Ile	missense_variant	MODERATE	0.992989	35695.4	26179
2019-nCoV	10198	C	T	SNP	Homozygous	orf1ab	QHD43415.1	1	c.9933C>T	p.Asp3311Asp	synonymous_variant	LOW	0.999499	36353.2	20595
2019-nCoV	10447	GCC	ACA	MNP	Homozygous	orf1ab	QHD43415.1	1	c.10182_10184delGCCinsACA	p.Pro3395His	missense_variant	MODERATE	1.0	35710.6	6096
2019-nCoV	11287	GTCTGGTTTT	G	DEL	Homozygous	orf1ab	QHD43415.1	1	c.11023_11031delTCTGGTTTT	p.Ser3675_Phe3677del	conservative_inframe_deletion	MODERATE	1.0	34712.7	41216
2019-nCoV	11654	T	C	SNP	Heterozygous	orf1ab	QHD43415.1	1	c.11389T>C	p.Phe3797Leu	missense_variant	MODERATE	0.0305611	30.8091	16550
2019-nCoV	11750	C	T	SNP	Heterozygous	orf1ab	QHD43415.1	1	c.11485C>T	p.Leu3829Phe	missense_variant	MODERATE	0.3465	7015.02	34915
2019-nCoV	11938	T	C	SNP	Heterozygous	orf1ab	QHD43415.1	1	c.11673T>C	p.Cys3891Cys	synonymous_variant	LOW	0.036018	107.05	35776
2019-nCoV	11956	C	T	SNP	Heterozygous	orf1ab	QHD43415.1	1	c.11691C>T	p.Asp3897Asp	synonymous_variant	LOW	0.0385193	128.24	42841
2019-nCoV	12061	A	G	SNP	Heterozygous	orf1ab	QHD43415.1	1	c.11796A>G	p.Glu3932Glu	synonymous_variant	LOW	0.031	32.9421	9805
2019-nCoV	12160	G	A	SNP	Heterozygous	orf1ab	QHD43415.1	1	c.11895G>A	p.Glu3965Glu	synonymous_variant	LOW	0.92639	31305.2	9502
2019-nCoV	12310	G	A	SNP	Heterozygous	orf1ab	QHD43415.1	1	c.12045G>A	p.Gln4015Gln	synonymous_variant	LOW	0.200801	2511.2	23292
2019-nCoV	12444	A	G	SNP	Heterozygous	orf1ab	QHD43415.1	1	c.12179A>G	p.Asn4060Ser	missense_variant	MODERATE	0.0435	168.374	22035
2019-nCoV	12469	C	T	SNP	Heterozygous	orf1ab	QHD43415.1	1	c.12204C>T	p.Ala4068Ala	synonymous_variant	LOW	0.0270406	18.8087	7982
2019-nCoV	12769	G	A	SNP	Heterozygous	orf1ab	QHD43415.1	1	c.12504G>A	p.Ala4168Ala	synonymous_variant	LOW	0.030015	64.1741	32376
2019-nCoV	12880	C	T	SNP	Homozygous	orf1ab	QHD43415.1	1	c.12615C>T	p.Ile4205Ile	synonymous_variant	LOW	0.9995	36196.3	34410
2019-nCoV	13860	C	T	SNP	Heterozygous	orf1ab	QHD43415.1	2	c.13596C>T	p.Asp4532Asp	synonymous_variant	LOW	0.0215108	18.5669	24179
2019-nCoV	14257	T	C	SNP	Heterozygous	orf1ab	QHD43415.1	2	c.13993T>C	p.Tyr4665His	missense_variant	MODERATE	0.107823	854.533	27184
2019-nCoV	14408	C	T	SNP	Homozygous	orf1ab	QHD43415.1	2	c.14144C>T	p.Pro4715Leu	missense_variant	MODERATE	0.997	33553.3	5084
2019-nCoV	14599	C	T	SNP	Heterozygous	orf1ab	QHD43415.1	2	c.14335C>T	p.Leu4779Leu	synonymous_variant	LOW	0.0290145	57.9185	14365
2019-nCoV	15451	G	A	SNP	Heterozygous	orf1ab	QHD43415.1	2	c.15187G>A	p.Gly5063Ser	missense_variant	MODERATE	0.0352645	49.6013	66628
2019-nCoV	15543	G	T	SNP	Heterozygous	orf1ab	QHD43415.1	2	c.15279G>T	p.Thr5093Thr	synonymous_variant	LOW	0.0275413	49.0603	27118
2019-nCoV	15714	C	T	SNP	Homozygous	orf1ab	QHD43415.1	2	c.15450C>T	p.Leu5150Leu	synonymous_variant	LOW	0.999499	36125.9	53859
2019-nCoV	16428	C	T	SNP	Heterozygous	orf1ab	QHD43415.1	2	c.16164C>T	p.Tyr5388Tyr	synonymous_variant	LOW	0.0565283	208.544	80265
2019-nCoV	16616	C	A	SNP	Heterozygous	orf1ab	QHD43415.1	2	c.16352C>A	p.Thr5451Asn	missense_variant	MODERATE	0.229229	3771.83	18171
2019-nCoV	16818	A	G	SNP	Heterozygous	orf1ab	QHD43415.1	2	c.16554A>G	p.Gln5518Gln	synonymous_variant	LOW	0.032	77.5911	31464
2019-nCoV	16935	G	A	SNP	Heterozygous	orf1ab	QHD43415.1	2	c.16671G>A	p.Met5557Ile	missense_variant	MODERATE	0.312156	6089.69	67549
2019-nCoV	17039	A	G	SNP	Heterozygous	orf1ab	QHD43415.1	2	c.16775A>G	p.Asn5592Ser	missense_variant	MODERATE	0.0970971	690.585	60830
2019-nCoV	17410	C	T	SNP	Homozygous	orf1ab	QHD43415.1	2	c.17146C>T	p.Arg5716Cys	missense_variant	MODERATE	0.997999	36263.8	42612
2019-nCoV	17913	C	T	SNP	Heterozygous	orf1ab	QHD43415.1	2	c.17649C>T	p.Asn5883Asn	synonymous_variant	LOW	0.0325	80.8687	19027
2019-nCoV	18163	A	G	SNP	Homozygous	orf1ab	QHD43415.1	2	c.17899A>G	p.Ile5967Val	missense_variant	MODERATE	0.9995	33710.3	16500
2019-nCoV	18700	T	A	SNP	Heterozygous	orf1ab	QHD43415.1	2	c.18436T>A	p.Ser6146Thr	missense_variant	MODERATE	0.0835836	690.292	4796
2019-nCoV	18703	G	C	SNP	Heterozygous	orf1ab	QHD43415.1	2	c.18439G>C	p.Asp6147His	missense_variant	MODERATE	0.0275	19.4076	4788
2019-nCoV	19896	T	C	SNP	Heterozygous	orf1ab	QHD43415.1	2	c.19632T>C	p.Ala6544Ala	synonymous_variant	LOW	0.0285285	55.1891	61143
2019-nCoV	19955	C	T	SNP	Homozygous	orf1ab	QHD43415.1	2	c.19691C>T	p.Thr6564Ile	missense_variant	MODERATE	0.996491	35886.9	53767
2019-nCoV	20055	A	G	SNP	Heterozygous	orf1ab	QHD43415.1	2	c.19791A>G	p.Glu6597Glu	synonymous_variant	LOW	0.972	31707.7	36498
2019-nCoV	20679	G	A	SNP	Heterozygous	orf1ab	QHD43415.1	2	c.20415G>A	p.Pro6805Pro	synonymous_variant	LOW	0.0248227	34.1512	39816
2019-nCoV	20774	G	A	SNP	Heterozygous	orf1ab	QHD43415.1	2	c.20510G>A	p.Gly6837Asp	missense_variant	MODERATE	0.0255128	37.8351	33768
2019-nCoV	21483	T	C	SNP	Heterozygous	orf1ab	QHD43415.1	2	c.21219T>C	p.Leu7073Leu	synonymous_variant	LOW	0.0795	626.749	16082
2019-nCoV	21618	C	T	SNP	Homozygous	S	QHD43416.1	1	c.56C>T	p.Thr19Ile	missense_variant	MODERATE	0.996985	35892.2	18729
2019-nCoV	21632	TTACCCCCTG	T	DEL	Homozygous	S	QHD43416.1	1	c.71_79delTACCCCCTG	p.Leu24_Ala27delinsSer	disruptive_inframe_deletion	MODERATE	0.99545	35418.1	18013
2019-nCoV	21764	ATACATG	A	DEL	Heterozygous	S	QHD43416.1	1	c.204_209delACATGT	p.His69_Val70del	disruptive_inframe_deletion	MODERATE	0.942627	33483.9	23715
2019-nCoV	21987	G	A	SNP	Homozygous	S	QHD43416.1	1	c.425G>A	p.Gly142Asp	missense_variant	MODERATE	0.990495	33114.5	27879
2019-nCoV	22001	A	G	SNP	Heterozygous	S	QHD43416.1	1	c.439A>G	p.Lys147Glu	missense_variant	MODERATE	0.035035	52.8271	27350
2019-nCoV	22016	T	C	SNP	Heterozygous	S	QHD43416.1	1	c.454T>C	p.Trp152Arg	missense_variant	MODERATE	0.0285	54.1851	28091
2019-nCoV	22104	G	T	SNP	Heterozygous	S	QHD43416.1	1	c.542G>T	p.Gly181Val	missense_variant	MODERATE	0.0810405	647.8	38224
2019-nCoV	22200	T	G	SNP	Homozygous	S	QHD43416.1	1	c.638T>G	p.Val213Gly	missense_variant	MODERATE	0.993428	35388.1	10333
2019-nCoV	22331	G	A	SNP	Heterozygous	S	QHD43416.1	1	c.769G>A	p.Gly257Ser	missense_variant	MODERATE	0.0395	77.1441	12772
2019-nCoV	22576	TGG	GA	MIXED	Heterozygous	S	QHD43416.1	1	c.1014_1016delTGGinsGA	p.Phe338fs	frameshift_variant&missense_variant	HIGH	0.970618	32957.6	13606
2019-nCoV	22577	GG	CA	MNP	Heterozygous	S	QHD43416.1	1	c.1015_1016delGGinsCA	p.Gly339His	missense_variant	MODERATE	0.026849	32957.6	13606
2019-nCoV	22599	G	C	SNP	Heterozygous	S	QHD43416.1	1	c.1037G>C	p.Arg346Thr	missense_variant	MODERATE	0.4615	11813.8	6960
2019-nCoV	22629	A	C	SNP	Heterozygous	S	QHD43416.1	1	c.1067A>C	p.Lys356Thr	missense_variant	MODERATE	0.0476429	212.446	7637
2019-nCoV	22674	C	T	SNP	Homozygous	S	QHD43416.1	1	c.1112C>T	p.Ser371Phe	missense_variant	MODERATE	0.998999	33548.0	7407
2019-nCoV	22679	T	C	SNP	Homozygous	S	QHD43416.1	1	c.1117T>C	p.Ser373Pro	missense_variant	MODERATE	0.9985	33406.5	7279
2019-nCoV	22686	CCA	TCG	MNP	Homozygous	S	QHD43416.1	1	c.1124_1126delCCAinsTCG	p.SerThr375PheAla	missense_variant	MODERATE	0.976471	9200.24	666
2019-nCoV	22775	G	A	SNP	Homozygous	S	QHD43416.1	1	c.1213G>A	p.Asp405Asn	missense_variant	MODERATE	1.0	9535.27	570
2019-nCoV	22786	A	C	SNP	Homozygous	S	QHD43416.1	1	c.1224A>C	p.Arg408Ser	missense_variant	MODERATE	0.996364	9718.02	549
2019-nCoV	22813	G	T	SNP	Homozygous	S	QHD43416.1	1	c.1251G>T	p.Lys417Asn	missense_variant	MODERATE	1.0	33860.3	31818
2019-nCoV	22882	T	G	SNP	Homozygous	S	QHD43416.1	1	c.1320T>G	p.Asn440Lys	missense_variant	MODERATE	0.998498	33702.2	40787
2019-nCoV	22893	A	C	SNP	Heterozygous	S	QHD43416.1	1	c.1331A>C	p.Lys444Thr	missense_variant	MODERATE	0.101158	973.137	40788
2019-nCoV	22898	G	A	SNP	Heterozygous	S	QHD43416.1	1	c.1336G>A	p.Gly446Ser	missense_variant	MODERATE	0.0356605	422.946	40623
2019-nCoV	22917	T	G	SNP	Heterozygous	S	QHD43416.1	1	c.1355T>G	p.Leu452Arg	missense_variant	MODERATE	0.935435	31984.0	39897
2019-nCoV	22942	T	A	SNP	Heterozygous	S	QHD43416.1	1	c.1380T>A	p.Asn460Lys	missense_variant	MODERATE	0.0906814	2071.3	38419
2019-nCoV	22992	GCAC	ACAA	MNP	Homozygous	S	QHD43416.1	1	c.1430_1433delGCACinsACAA	p.SerThr477AsnLys	missense_variant	MODERATE	1.0	36036.4	7568
2019-nCoV	23013	A	C	SNP	Homozygous	S	QHD43416.1	1	c.1451A>C	p.Glu484Ala	missense_variant	MODERATE	0.994952	35652.1	22237
2019-nCoV	23018	T	G	SNP	Heterozygous	S	QHD43416.1	1	c.1456T>G	p.Phe486Val	missense_variant	MODERATE	0.943415	32506.7	22387
2019-nCoV	23019	T	C	SNP	Heterozygous	S	QHD43416.1	1	c.1457T>C	p.Phe486Ser	missense_variant	MODERATE	0.032032	77.7699	22387
2019-nCoV	23031	T	C	SNP	Heterozygous	S	QHD43416.1	1	c.1469T>C	p.Phe490Ser	missense_variant	MODERATE	0.0435	173.914	22600
2019-nCoV	23055	A	G	SNP	Homozygous	S	QHD43416.1	1	c.1493A>G	p.Gln498Arg	missense_variant	MODERATE	0.996466	35682.8	15370
2019-nCoV	23063	A	T	SNP	Homozygous	S	QHD43416.1	1	c.1501A>T	p.Asn501Tyr	missense_variant	MODERATE	0.9945	33140.1	15699
2019-nCoV	23075	T	C	SNP	Homozygous	S	QHD43416.1	1	c.1513T>C	p.Tyr505His	missense_variant	MODERATE	0.996496	19632.5	16087
2019-nCoV	23191	C	T	SNP	Heterozygous	S	QHD43416.1	1	c.1629C>T	p.Phe543Phe	synonymous_variant	LOW	0.0790395	618.415	24371
2019-nCoV	23403	A	G	SNP	Homozygous	S	QHD43416.1	1	c.1841A>G	p.Asp614Gly	missense_variant	MODERATE	1.0	33369.6	49179
2019-nCoV	23525	C	T	SNP	Homozygous	S	QHD43416.1	1	c.1963C>T	p.His655Tyr	missense_variant	MODERATE	0.998998	33696.9	85389
2019-nCoV	23535	A	G	SNP	Heterozygous	S	QHD43416.1	1	c.1973A>G	p.Asn658Ser	missense_variant	MODERATE	0.0305	68.0789	85529
2019-nCoV	23599	T	G	SNP	Homozygous	S	QHD43416.1	1	c.2037T>G	p.Asn679Lys	missense_variant	MODERATE	0.993988	33285.3	126353
2019-nCoV	23604	C	A	SNP	Homozygous	S	QHD43416.1	1	c.2042C>A	p.Pro681His	missense_variant	MODERATE	0.996493	19647.2	126475
2019-nCoV	23707	C	T	SNP	Heterozygous	S	QHD43416.1	1	c.2145C>T	p.Pro715Pro	synonymous_variant	LOW	0.050025	238.844	80912
2019-nCoV	23854	C	A	SNP	Homozygous	S	QHD43416.1	1	c.2292C>A	p.Asn764Lys	missense_variant	MODERATE	0.993484	32824.6	28706
2019-nCoV	23948	GATTTTG	TATTT	MIXED	Heterozygous	S	QHD43416.1	1	c.2386_2392delGATTTTGinsTATTT	p.Asp796fs	frameshift_variant&missense_variant	HIGH	0.03916	29375.7	17920
2019-nCoV	23948	G	T	SNP	Heterozygous	S	QHD43416.1	1	c.2386G>T	p.Asp796Tyr	missense_variant	MODERATE	0.96084	29375.7	17920
2019-nCoV	23999	A	T	SNP	Heterozygous	S	QHD43416.1	1	c.2437A>T	p.Ser813Cys	missense_variant	MODERATE	0.0269036	229.358	9907
2019-nCoV	24133	C	T	SNP	Heterozygous	S	QHD43416.1	1	c.2571C>T	p.Gly857Gly	synonymous_variant	LOW	0.0303797	67.8453	17555
2019-nCoV	24424	AAA	TAAT	MIXED	Homozygous	S	QHD43416.1	1	c.2862_2864delAAAinsTAAT	p.Gln954fs	frameshift_variant&missense_variant	HIGH	0.998486	19575.9	28229
2019-nCoV	24469	T	A	SNP	Homozygous	S	QHD43416.1	1	c.2907T>A	p.Asn969Lys	missense_variant	MODERATE	0.992975	32019.2	50299
2019-nCoV	25000	C	T	SNP	Homozygous	S	QHD43416.1	1	c.3438C>T	p.Asp1146Asp	synonymous_variant	LOW	0.996	35878.2	43025
2019-nCoV	25350	C	A	SNP	Heterozygous	S	QHD43416.1	1	c.3788C>A	p.Pro1263Gln	missense_variant	MODERATE	0.06003	244.922	7424
2019-nCoV	25416	C	T	SNP	Heterozygous	ORF3a	QHD43417.1	1	c.24C>T	p.Phe8Phe	synonymous_variant	LOW	0.0475238	207.283	47592
2019-nCoV	25584	C	T	SNP	Homozygous	ORF3a	QHD43417.1	1	c.192C>T	p.Thr64Thr	synonymous_variant	LOW	0.990946	35433.0	115551
2019-nCoV	26060	C	T	SNP	Homozygous	ORF3a	QHD43417.1	1	c.668C>T	p.Thr223Ile	missense_variant	MODERATE	0.989985	35469.7	44745
2019-nCoV	26270	C	T	SNP	Homozygous	E	QHD43418.1	1	c.26C>T	p.Thr9Ile	missense_variant	MODERATE	0.990471	33063.4	116328
2019-nCoV	26275	A	G	SNP	Heterozygous	E	QHD43418.1	1	c.31A>G	p.Thr11Ala	missense_variant	MODERATE	0.054	285.609	115763
2019-nCoV	26459	A	G	SNP	Heterozygous	E	QHD43418.1	1	c.215A>G	p.Asp72Gly	missense_variant	MODERATE	0.0425213	98.5224	13312
2019-nCoV	26529	G	A	SNP	Heterozygous	M	QHD43419.1	1	c.7G>A	p.Asp3Asn	missense_variant	MODERATE	0.8925	29540.6	16220
2019-nCoV	26577	C	G	SNP	Homozygous	M	QHD43419.1	1	c.55C>G	p.Gln19Glu	missense_variant	MODERATE	0.994497	35946.3	7198
2019-nCoV	26709	G	A	SNP	Homozygous	M	QHD43419.1	1	c.187G>A	p.Ala63Thr	missense_variant	MODERATE	1.0	36385.3	29309
2019-nCoV	26858	C	T	SNP	Heterozygous	M	QHD43419.1	1	c.336C>T	p.Phe112Phe	synonymous_variant	LOW	0.116058	1226.68	50125
2019-nCoV	27002	C	T	SNP	Heterozygous	M	QHD43419.1	1	c.480C>T	p.Asp160Asp	synonymous_variant	LOW	0.0235118	28.4369	53915
2019-nCoV	27012	C	T	SNP	Heterozygous	M	QHD43419.1	1	c.490C>T	p.Leu164Leu	synonymous_variant	LOW	0.2195	3031.78	53727
2019-nCoV	27038	A	G	SNP	Heterozygous	M	QHD43419.1	1	c.516A>G	p.Thr172Thr	synonymous_variant	LOW	0.294795	5595.21	3023
2019-nCoV	27071	T	G	SNP	Heterozygous	M	QHD43419.1	1	c.549T>G	p.Ala183Ala	synonymous_variant	LOW	0.0260913	15.7311	2997
2019-nCoV	27259	A	C	SNP	Heterozygous	ORF6	QHD43420.1	1	c.58A>C	p.Arg20Arg	synonymous_variant	LOW	0.109774	892.972	29178
2019-nCoV	27382	GAT	CTC	MNP	Heterozygous	ORF6	QHD43420.1	1	c.181_183delGATinsCTC	p.Asp61Leu	missense_variant	MODERATE	0.142132	1738.74	14691
2019-nCoV	27438	T	C	SNP	Heterozygous	ORF7a	QHD43421.1	1	c.45T>C	p.Cys15Cys	synonymous_variant	LOW	0.1195	1034.22	42315
2019-nCoV	27513	C	T	SNP	Heterozygous	ORF7a	QHD43421.1	1	c.120C>T	p.Tyr40Tyr	synonymous_variant	LOW	0.229615	3815.01	47173
2019-nCoV	27788	G	T	SNP	Heterozygous	ORF8	QHD43422.1	-1	c.-106G>T	.	upstream_gene_variant	MODIFIER	0.0375752	121.61	51437
2019-nCoV	27807	C	T	SNP	Homozygous	ORF8	QHD43422.1	-1	c.-87C>T	.	upstream_gene_variant	MODIFIER	0.998998	36328.7	51700
2019-nCoV	27889	C	T	SNP	Heterozygous	ORF8	QHD43422.1	-1	c.-5C>T	.	upstream_gene_variant	MODIFIER	0.879	28860.6	41633
2019-nCoV	28271	A	T	SNP	Heterozygous	N	QHD43423.2	-1	c.-3A>T	.	upstream_gene_variant	MODIFIER	0.960566	30057.7	103698
2019-nCoV	28311	C	T	SNP	Heterozygous	N	QHD43423.2	1	c.38C>T	p.Pro13Leu	missense_variant	MODERATE	0.846076	36119.4	104160
2019-nCoV	28311	CC	TT	MNP	Heterozygous	N	QHD43423.2	1	c.38_39delCCinsTT	p.Pro13Leu	missense_variant	MODERATE	0.152918	36119.4	104160
2019-nCoV	28330	A	G	SNP	Heterozygous	N	QHD43423.2	1	c.57A>G	p.Gly19Gly	synonymous_variant	LOW	0.468373	11052.2	98720
2019-nCoV	28357	G	A	SNP	Heterozygous	N	QHD43423.2	1	c.84G>A	p.Gln28Gln	synonymous_variant	LOW	0.0389479	123.231	22886
2019-nCoV	28361	GGAGAACGCA	G	DEL	Heterozygous	N	QHD43423.2	1	c.90_98delAGAACGCAG	p.Glu31_Ser33del	disruptive_inframe_deletion	MODERATE	0.846564	34118.2	22344
2019-nCoV	28361	GGAGAACGCAG	TT	MIXED	Heterozygous	N	QHD43423.2	1	c.88_98delGGAGAACGCAGinsTT	p.Gly30_Ser33delinsPhe	missense_variant&disruptive_inframe_deletion	MODERATE	0.153436	34118.2	22344
2019-nCoV	28510	T	C	SNP	Heterozygous	N	QHD43423.2	1	c.237T>C	p.Ser79Ser	synonymous_variant	LOW	0.029	57.5562	18138
2019-nCoV	28681	G	T	SNP	Heterozygous	N	QHD43423.2	1	c.408G>T	p.Glu136Asp	missense_variant	MODERATE	0.266433	4769.16	102147
2019-nCoV	28724	C	T	SNP	Heterozygous	N	QHD43423.2	1	c.451C>T	p.Pro151Ser	missense_variant	MODERATE	0.029	24.954	102559
2019-nCoV	28881	GGG	AAC	MNP	Homozygous	N	QHD43423.2	1	c.608_610delGGGinsAAC	p.ArgGly203LysArg	missense_variant	MODERATE	1.0	33083.1	33123
2019-nCoV	29510	A	C	SNP	Homozygous	N	QHD43423.2	1	c.1237A>C	p.Ser413Arg	missense_variant	MODERATE	0.996481	35470.5	11891
2019-nCoV	29614	C	T	SNP	Heterozygous	ORF10	QHI42199.1	1	c.57C>T	p.Cys19Cys	synonymous_variant	LOW	0.024	30.0306	7233
2019-nCoV	29666	C	T	SNP	Heterozygous	ORF10	QHI42199.1	1	c.109C>T	p.Leu37Phe	missense_variant	MODERATE	0.1195	1306.99	7302
2019-nCoV	29733	CGAGGCCACGCGGAGTACGATCGAGTG	C	DEL	Heterozygous	S	QHD43416.1	-1	c.*4350_*4375delGAGGCCACGCGGAGTACGATCGAGTG	.	downstream_gene_variant	MODIFIER	0.976566	35692.5	5589
2019-nCoV	29734	GAGGCCACGCGGAGTACGATCGAGTGTAC	T	MIXED	Heterozygous	S	QHD43416.1	-1	c.*4350_*4378delGAGGCCACGCGGAGTACGATCGAGTGTACinsT	.	downstream_gene_variant	MODIFIER	0.0234335	35692.5	5589
2019-nCoV	29759	G	T	SNP	Homozygous	S	QHD43416.1	-1	c.*4375G>T	.	downstream_gene_variant	MODIFIER	0.998765	9224.14	60
